"First Name",Country,ga_first_name,ga_gender,ga_accuracy,ga_samples
Yves,Belgium,Yves,male,99,2714
Gerard,Germany,Gerard,male,100,126
David,"United Kingdom",David,male,99,38291
Sven,"United Kingdom",Sven,male,99,90
Thomas,"United Kingdom",Thomas,male,99,6745
Annika,Sweden,Annika,female,99,1300
Matthew,USA,Matthew,male,100,30646
John,"United Kingdom",John,male,99,46026
Franck,France,Franck,male,99,31285
Hideaki,Japan,Hideaki,male,100,299
Minkui,"United Kingdom",Minkui,male,75,4
E,"United Kingdom",,,,
Richard,UK,Richard,male,99,97659
Trevor,"United Kingdom",Trevor,male,99,2374
Christy,"United Kingdom",Christy,female,74,223
Boris,Spain,Boris,male,98,316
Ryan,"United Kingdom",Ryan,male,99,10230
Christian,Germany,Christian,male,100,86
K,Norway,,,,
Jeffrey,"United Kingdom",Jeffrey,male,99,562
Raquel,"United Kingdom",Raquel,female,96,307
David,"United Kingdom",David,male,99,38291
Jacques,Netherlands,Jacques,male,99,323
Paul,"United Kingdom",Paul,male,99,38578
Xiaoyuan,China,Xiaoyuan,male,53,17
Suzanne,"United Kingdom",Suzanne,female,98,1559
Nicole,"United Kingdom",Nicole,female,98,2624
John,"United Kingdom",John,male,99,46026
Thomas,"United Kingdom",Thomas,male,99,6745
Darren,"Republic of Korea",Darren,male,99,16621
Juan,Spain,Juan,male,100,65535
Shunyi,China,Shunyi,male,80,5
Uwe,"United Kingdom",Uwe,male,96,25
Rudi,"United Kingdom",Rudi,male,87,107
Daniel,"United Kingdom",Daniel,male,99,15246
Leila,"United Kingdom",Leila,female,98,322
Ratmir,Canada,Ratmir,male,75,4
Stefano,Italy,Stefano,male,99,51491
Haitao,"United Kingdom",Haitao,male,100,3
Mattheos,"United Kingdom",Mattheos,male,100,17
Xinyu,"United Kingdom",Xinyu,male,60,5
Thomas,USA,Thomas,male,100,20215
Po-Chiao,Taiwan,Chiao,female,80,44
Roberto,Italy,Roberto,male,99,53093
Andreas,Germany,Andreas,male,99,21215
Leonard,"United Kingdom",Leonard,male,99,360
Aaron,"United Kingdom",Aaron,male,99,4917
Ramnik,USA,Ramnik,male,100,4
William,"United Kingdom",William,male,99,6082
Jeanne,"United Kingdom",Jeanne,female,93,87
Barry,"United Kingdom",Barry,male,98,4352
Robert,"United Kingdom",Robert,male,99,14150
David,Australia,David,male,100,4352
Jianfeng,"United Kingdom",Jianfeng,male,100,3
Douglas,"United Kingdom",Douglas,male,99,983
Akihiro,Japan,Akihiro,male,100,349
Thomas,Denmark,Thomas,male,100,2294
Assaf,"United Kingdom",Assaf,male,100,8
Vincent,"United Kingdom",Vincent,male,99,1019
Christian,"United Kingdom",Christian,male,100,48300
Laura,"United Kingdom",Laura,female,98,10386
Renato,Switzerland,Renato,male,98,384
Pei,"United Kingdom",Pei,female,60,10
Stuart,Canada,Stuart,male,100,274
Eranthie,"United Kingdom",,,,
Dustin,"United Kingdom",Dustin,male,100,57
Pietro,Italy,Pietro,male,99,16269
Rolf,Germany,Rolf,male,99,3089
Hiroaki,Japan,Hiroaki,male,100,501
Adam,Israel,Adam,male,98,627
George,"United Kingdom",George,male,98,7513
Charles,"United Kingdom",Charles,male,93,3067
C,"United Kingdom",,,,
Corey,Canada,Corey,male,96,457
Ronald,Australia,Ronald,male,100,106
Suliana,Switzerland,Suliana,female,100,32
Max,Germany,Max,male,99,7527
John,"United Kingdom",John,male,99,46026
Timothy,"United Kingdom",Timothy,male,100,762
Shao,Singapore,Shao,male,100,10
Dean,"United Kingdom",Dean,male,99,5798
Mikiko,Japan,Mikiko,female,98,48
Chaitan,"United Kingdom",Chaitan,male,75,4
Christoph,Austria,Christoph,male,99,1835
Mayland,"United Kingdom",Mayland,female,100,4
David,"United Kingdom",David,male,99,38291
Neil,"United Kingdom",Neil,male,99,8508
Jason,"United Kingdom",Jason,male,99,9994
Zhilei,"United Kingdom",Zhilei,male,89,9
Thierry,France,Thierry,male,98,31969
Dan,Israel,Dan,male,98,450
Takeharu,Japan,Takeharu,male,100,15
Matthew,"United Kingdom",Matthew,male,100,9127
J,"United Kingdom",,,,
Floris,France,Floris,male,86,74
Mikko,Finland,Mikko,male,99,1754
Vickery,"New Zealand",Vickery,female,75,4
Gunter,Sweden,Gunter,male,100,3
Pavel,"United Kingdom",Pavel,male,99,374
Ernst,"United Kingdom",Ernst,male,94,17
Peter,Germany,Peter,male,99,21321
Adegboyega,"United Kingdom",Adegboyega,male,63,8
Philip,"United Kingdom",Philip,male,99,4122
Chu-Young,,Chu-Young,male,81,5501
Luigi,Italy,Luigi,male,99,35095
Anthony,"United Kingdom",Anthony,male,99,7155
Jürgen,USA,Jürgen,male,100,28
Richard,"United Kingdom",Richard,male,99,17032
Amy,"United Kingdom",Amy,female,98,6868
Pavel,"Czech Republic",Pavel,male,98,37392
Vilmos,"United Kingdom",Vilmos,male,100,7
Jun-ichi,Japan,Jun-Ichi,male,100,15
Susan,"United Kingdom",Susan,female,98,5498
Eddy,"United Kingdom",Eddy,male,97,677
Yi,"United Kingdom",Yi,male,55,44
Craig,USA,Craig,male,100,9154
Ponnusamy,,Ponnusamy,male,96,55
Toin,"United Kingdom",Toin,unknown,50,2
Everett,"United Kingdom",Everett,male,100,10
Maarten,Netherlands,Maarten,male,99,2087
Zhi-Shu,China,Zhi,male,80,154
Terry,"United Kingdom",Terry,male,95,4545
Graham,Canada,Graham,male,100,439
Bruce,"United Kingdom",Bruce,male,98,1159
Alla,Austria,Alla,female,67,3
Angela,"United Kingdom",Angela,female,97,4622
Feng,"United Kingdom",Feng,male,84,32
Maarten,Netherlands,Maarten,male,99,2087
Paul,"United Kingdom",Paul,male,99,38578
Joshua,"United Kingdom",Joshua,male,99,2549
Julian,UK,Julian,male,95,24021
Alexander,"United Kingdom",Alexander,male,99,1904
Ricardo,Germany,Ricardo,male,98,1176
Chris,"United Kingdom",Chris,male,96,31975
Klaus,UK,Klaus,male,98,13207
Nathanael,"United Kingdom",Nathanael,male,97,36
Christopher,UK,Christopher,male,99,55041
Christopher,UK,Christopher,male,99,55041
Deborah,"United Kingdom",Deborah,female,97,1811
Timothy,UK,Timothy,male,99,15778
Hirokazu,Japan,Hirokazu,male,100,209
Claudio,Italy,Claudio,male,99,28144
Thomas,"United Kingdom",Thomas,male,99,6745
Huawei,"United Kingdom",Huawei,female,75,4
Sylvie,France,Sylvie,female,98,32520
Alastair,Australia,Alastair,male,98,60
Walter,"United Kingdom",Walter,male,98,442
Carsten,Germany,Carsten,male,100,4032
Igor,"United Kingdom",Igor,male,99,382
James,,James,male,99,131879
Jean-Louis,Switzerland,Jean-Louis,male,97,62
Barry,"United Kingdom",Barry,male,98,4352
José,Spain,José,male,99,8211
Dalibor,"United Kingdom",Dalibor,male,96,24
José,Spain,José,male,99,8211
Seok,"United Kingdom",Seok,male,75,4
Aymeric,France,Aymeric,male,98,2102
Yan,"United Kingdom",Yan,male,70,162
Brent,"United Kingdom",Brent,male,100,207
Roberto,Italy,Roberto,male,99,53093
Kevan,"United Kingdom",Kevan,male,98,121
Elizabeth,"United Kingdom",Elizabeth,female,98,3122
Kristian,Denmark,Kristian,male,99,644
Paul,"United Kingdom",Paul,male,99,38578
Shiroh,Japan,Shiroh,male,75,4
Michael,UK,Michael,male,99,211741
Douglas,"United Kingdom",Douglas,male,99,983
Jason,USA,Jason,male,100,39059
Christian,Germany,Christian,male,100,86
Jean-Jacques,France,Jean-Jacques,male,98,2072
Brian,"United Kingdom",Brian,male,99,7691
Erin,"United Kingdom",Erin,female,95,660
Hendrik,"United Kingdom",Hendrik,male,100,32
Gisbert,Switzerland,Gisbert,male,98,96
Andrea,Australia,Andrea,female,74,364
Adrian,"United Kingdom",Adrian,male,99,4572
Kenneth,"United Kingdom",Kenneth,male,98,1241
Brett,Australia,Brett,male,99,686
Peter,Australia,Peter,male,100,3051
Philip,"United Kingdom",Philip,male,99,4122
Virginia,"United Kingdom",Virginia,female,98,220
Herwig,Sweden,Herwig,male,75,4
Daniel,"United Kingdom",Daniel,male,99,15246
Wenshe,"United Kingdom",,,,
Richard,"United Kingdom",Richard,male,99,17032
Bernd,Germany,Bernd,male,99,6529
Diana,Germany,Diana,female,98,3946
Darren,"Republic of Korea",Darren,male,99,16621
Andrea,Italy,Andrea,male,100,65535
Eriks,"United Kingdom",Eriks,male,100,21
Dirk,Germany,Dirk,male,99,8318
Donald,"United Kingdom",Donald,male,98,910
Alexander,Germany,Alexander,male,98,11884
Jillian,"United Kingdom",Jillian,female,99,180
Benjamin,Netherlands,Benjamin,male,98,461
Tetsuo,Japan,Tetsuo,male,100,112
Timothy,"United Kingdom",Timothy,male,100,762
Christopher,"United Kingdom",Christopher,male,99,4964
Robert,"United Kingdom",Robert,male,99,14150
Jeffrey,"United Kingdom",Jeffrey,male,99,562
Fred,"United Kingdom",Fred,male,94,2630
Philip,"United Kingdom",Philip,male,99,4122
Nathan,Switzerland,Nathan,male,99,158
Erin,"United Kingdom",Erin,female,95,660
Jon,"United Kingdom",Jon,male,99,7125
Jiantao,"United Kingdom",Jiantao,male,100,8
Yi,USA,Yi,male,56,263
Ygal,Australia,Ygal,male,100,18
Martin,Austria,Martin,male,99,3425
Ludovic,France,Ludovic,male,98,16991
Georgi,Bulgaria,Georgi,male,99,1351
Phillip,Australia,Phillip,male,99,335
Alexander,Germany,Alexander,male,98,11884
Zofia,Poland,Zofia,female,98,1713
Francesco,Italy,Francesco,male,100,65535
Rob,Netherlands,Rob,male,99,5824
Peter,"United Kingdom",Peter,male,99,17618
Kavirayani,India,Kavirayani,male,75,4
Yitzhak,"United Kingdom",Yitzhak,male,98,59
Peter,"United Kingdom",Peter,male,99,17618
Dennis,"United Kingdom",Dennis,male,99,1399
Balagurunathan,USA,Balagurunathan,male,100,5
Stanley,"United Kingdom",Stanley,male,99,403
N,Switzerland,,,,
Yuan,"United Kingdom",Yuan,male,68,31
Wansheng,China,Wansheng,male,75,4
Eric,"United Kingdom",Eric,male,98,2264
Jian,"United Kingdom",Jian,male,80,20
James,"United Kingdom",James,male,99,34517
Ester,UK,Ester,female,98,7612
Laura,"United Kingdom",Laura,female,98,10386
Nathanael,China,Nathanael,male,75,4
Celia,"United Kingdom",Celia,female,98,316
Shana,Canada,Shana,female,100,35
Julia,Germany,Julia,female,98,8793
Jean-Pierre,France,Jean-Pierre,male,99,6423
Tapas,India,Tapas,male,100,868
Siddhartha,India,Siddhartha,male,100,1327
Saulius,Lithuania,Saulius,male,99,572
Luke,"United Kingdom",Luke,male,99,8105
Raymond,Australia,Raymond,male,99,186
Kate,"United Kingdom",Kate,female,98,4719
Thomas,Norway,Thomas,male,100,1172
Ming,"United Kingdom",Ming,male,81,43
Darren,"Republic of Korea",Darren,male,99,16621
Paul,"United Kingdom",Paul,male,99,38578
Glenn,"United Kingdom",Glenn,male,98,1359
C,"United Kingdom",,,,
Patrick,"United Kingdom",Patrick,male,98,3771
Gerhard,Germany,Gerhard,male,99,2024
Ruth,UK,Ruth,female,98,20411
L,"United Kingdom",,,,
Paul,Australia,Paul,male,100,2694
K,Sweden,,,,
Jordan,USA,Jordan,male,76,12969
Jim,"United Kingdom",Jim,male,98,6116
Silvia,"United Kingdom",Silvia,female,98,499
Frauke,Belgium,Frauke,female,100,23
Hiroshi,Japan,Hiroshi,male,99,1448
Kim,"United Kingdom",Kim,female,89,3894
Mi,USA,Mi,female,66,113
G,"United Kingdom",,,,
Xuefei,"United Kingdom",Xuefei,female,57,23
Brent,USA,Brent,male,100,5285
Rik,Finland,Rik,male,75,4
Stephen,Canada,Stephen,male,100,1468
Adrian,"United Kingdom",Adrian,male,99,4572
Douglas,USA,Douglas,male,100,5371
Himangshu,USA,Himangshu,male,100,144
Brian,USA,Brian,male,100,40133
Kazunori,USA,Kazunori,male,100,6
John,USA,John,male,100,65535
Steven,USA,Steven,male,100,19562
Stuart,USA,Stuart,male,99,2086
William,USA,William,male,100,24483
Karsten,USA,Karsten,male,97,92
Elena,Switzerland,Elena,female,99,419
Brion,USA,Brion,male,99,84
Peter,USA,Peter,male,100,15502
Casim,USA,Casim,male,75,4
Pin,USA,Pin,male,62,26
Marek,USA,Marek,male,99,212
Eric,USA,Eric,male,100,31662
Takeo,USA,Takeo,male,100,9
Balagurunathan,USA,Balagurunathan,male,100,5
Souvik,India,Souvik,male,100,1032
Miriam,India,Miriam,female,95,37
Peter,USA,Peter,male,100,15502
William,USA,William,male,100,24483
Robert,USA,Robert,male,100,43118
Parayil,USA,Parayil,male,100,4
Robert,USA,Robert,male,100,43118
Gary,USA,Gary,male,100,13394
Chunming,USA,Chunming,male,75,4
Amy,USA,Amy,female,99,22405
Cynthia,USA,Cynthia,female,99,7679
Kenji,Japan,Kenji,male,99,1017
Philip,Japan,Philip,male,100,34
Deborah,USA,Deborah,female,99,7003
Christopher,USA,Christopher,male,100,26017
Joerg,Germany,Joerg,male,99,1129
David,USA,David,male,100,65535
Ming,"United Kingdom",Ming,male,81,43
René,Netherlands,René,male,99,1064
Nicholas,USA,Nicholas,male,100,10460
Gregory,USA,Gregory,male,100,6184
Rainer,Germany,Rainer,male,99,4309
Lindsay,Canada,Lindsay,female,92,586
Dustin,USA,Dustin,male,100,6507
Virginia,USA,Virginia,female,98,2778
Paola,France,Paola,female,97,835
Thomas,France,Thomas,male,98,35110
Douglas,USA,Douglas,male,100,5371
Dario,"United Kingdom",Dario,male,98,215
Huawei,USA,Huawei,unknown,50,2
Haitao,USA,Haitao,male,91,11
Joost,Netherlands,Joost,male,99,1873
Vasan,India,Vasan,male,99,84
Blake,USA,Blake,male,96,4483
Vsevolod,Russia,Vsevolod,male,98,111
Celia,USA,Celia,female,100,5359
Daniel,Germany,Daniel,male,99,22784
Carolyn,USA,Carolyn,female,99,5417
Kevin,USA,Kevin,male,100,35080
Thomas,USA,Thomas,male,100,20215
Elsa,USA,Elsa,female,100,3423
Sheldon,USA,Sheldon,male,100,6269
Brent,"United Kingdom",Brent,male,100,207
Patricia,USA,Patricia,female,98,10050
Gerard,Germany,Gerard,male,100,126
David,Singapore,David,male,99,875
Mathieu,Belgium,Mathieu,male,98,1315
Christian,Netherlands,Christian,male,100,48300
Jetze,USA,Jetze,male,75,4
Concepción,Spain,Concepción,female,98,97
Andrew,Australia,Andrew,male,100,3172
Jacob,Germany,Jacob,male,96,304
John,USA,John,male,100,65535
Markus,Germany,Markus,male,99,15230
Frank,Germany,Frank,male,98,16573
Joshua,"United Kingdom",Joshua,male,99,2549
Frank,USA,Frank,male,100,11178
Arthur,USA,Arthur,male,99,3128
Eranthie,USA,,,,
Peter,Australia,Peter,male,100,3051
Paulo,Portugal,Paulo,male,99,27079
Wenshe,USA,,,,
Ernesto,Cuba,Ernesto,male,100,127
Giorgio,Italy,Giorgio,male,99,22104
James,UK,James,male,99,131879
Bernhardt,,Bernhardt,male,93,42
Peter,Denmark,Peter,male,99,2333
John,"United Kingdom",John,male,99,46026
Peter,China,Peter,male,99,1605
Dehua,USA,Dehua,male,77,13
Danith,USA,Danith,female,75,4
Bert,Germany,Bert,male,98,402
Matthew,Australia,Matthew,male,100,1765
Chengguo,USA,Chengguo,male,96,23
Diana,"United Kingdom",Diana,female,97,1532
Giovanni,Italy,Giovanni,male,99,52893
R,Singapore,,,,
Nancy,"United Kingdom",Nancy,female,97,653
Danaboyina,"United Kingdom",,,,
Gavin,"United Kingdom",Gavin,male,99,3044
Aswin,Germany,Aswin,male,100,3
Trent,"United Kingdom",Trent,male,98,62
David,"United Kingdom",David,male,99,38291
Yves,"United Kingdom",Yves,male,97,102
Hang,"United Kingdom",,,,
Sean,"United Kingdom",Sean,male,99,7588
Jin,"United Kingdom",Jin,male,70,99
Eric,Canada,Eric,male,100,2616
Jean,Canada,Jean,male,80,986
Timothy,Canada,Timothy,male,100,387
George,USA,George,male,100,12253
Zeev,"United Kingdom",Zeev,male,75,4
Marta,Spain,Marta,female,98,27058
