"First Name",Country,ga_first_name,ga_gender,ga_accuracy,ga_samples
Bishnu,Germany,Bishnu,male,75,4
Yue,"United Kingdom",Yue,female,69,35
Claire,Germany,Claire,female,98,173
Fu,Germany,Fu,male,77,39
Christian,"United Kingdom",Christian,male,100,48300
Nicole,Australia,Nicole,female,99,747
Sung,China,Sung,male,88,42
Meredith,"United Kingdom",Meredith,female,94,50
Petr,"Czech Republic",Petr,male,98,58847
Michael,China,Michael,male,99,1989
Samantha,"United Kingdom",Samantha,female,98,5007
Jessica,Germany,Jessica,female,99,5913
Olga,Israel,Olga,female,95,278
Andrew,Switzerland,Andrew,male,99,140
Hans,Switzerland,Hans,male,95,1145
Sarah,Switzerland,Sarah,female,98,1502
Nathan,"United Kingdom",Nathan,male,99,5086
Raphael,Israel,Raphael,male,100,41
Dhanusha,"United Kingdom",Dhanusha,female,77,47
Abhishek,"United Kingdom",Abhishek,male,100,161
Emilee,"United Kingdom",Emilee,female,96,23
Aravind,"United Kingdom",Aravind,male,100,22
Narek,"United Kingdom",Narek,male,75,4
Mercedes,Germany,Mercedes,female,84,187
Yue,"United Kingdom",Yue,female,69,35
Silvia,Italy,Silvia,female,98,21472
Jessica,"United Kingdom",Jessica,female,98,4199
David,Australia,David,male,100,4352
Zilong,"United Kingdom",Zilong,male,97,34
Philip,"United Kingdom",Philip,male,99,4122
Yugang,"United Kingdom",Yugang,male,89,9
Janice,Canada,Janice,female,99,374
Michelle,"United Kingdom",Michelle,female,93,8398
Rodrigo,"New Zealand",Rodrigo,male,100,15
Kangway,"United Kingdom",,,,
Nils,Germany,Nils,male,99,2739
William,"United Kingdom",William,male,99,6082
Riley,"United Kingdom",Riley,male,78,173
Alescia,"New Zealand",Alescia,female,75,4
Andrew,"United Kingdom",Andrew,male,99,18361
Raphael,Russia,Raphael,male,100,27
David,China,David,male,99,2917
Natalie,"United Kingdom",Natalie,female,98,4360
Gabriel,France,Gabriel,male,98,4399
Xiaoting,China,Xiaoting,female,87,23
Birthe,Sweden,Birthe,female,100,11
Soohyun,"United Kingdom",Soohyun,unknown,50,2
Goran,France,Goran,male,98,149
Ian,"United Kingdom",Ian,male,99,14088
Yi-Fan,"United Kingdom",Fan,male,68,56
Cory,UK,Cory,male,89,6177
Gloria,China,Gloria,female,97,195
Maiada,Australia,Maiada,female,96,25
Huomiao,Germany,,,,
Jakub,Sweden,Jakub,male,100,30
Zachary,"United Kingdom",Zachary,male,99,160
John,"South Korea",John,male,99,853
Nicolas,"United Kingdom",Nicolas,male,99,485
Chayanid,"United Kingdom",Chayanid,female,83,6
Zuni,France,Zuni,female,81,116
Antonius,Italy,Antonius,male,100,13
Thomas,"United Kingdom",Thomas,male,99,6745
Tanja,"United Kingdom",Tanja,female,97,68
Hengqian,"United Kingdom",Hengqian,male,75,4
Jodie,"United Kingdom",Jodie,female,97,1859
Frank,Germany,Frank,male,98,16573
Greg,"United Kingdom",Greg,male,99,3273
Neri,"United Kingdom",Neri,male,67,12
Midori,Bangladesh,Midori,female,89,476
Tingting,China,Tingting,female,99,193
Benjamin,Germany,Benjamin,male,100,5256
Matthew,"United Kingdom",Matthew,male,100,9127
Thibault,"United Kingdom",Thibault,male,100,26
Dominic,"United Kingdom",Dominic,male,99,1623
Kelsey,"United Kingdom",Kelsey,female,94,374
Liberty,"United Kingdom",Liberty,female,100,5710
Helen,Germany,Helen,female,98,325
Mussa,UK,Mussa,male,97,811
Kristin,"United Kingdom",Kristin,female,88,102
Lin,"United Kingdom",Lin,female,87,348
Christine,"United Kingdom",Christine,female,97,3838
Janessa,"United Kingdom",Janessa,female,86,7
Manjuan,UK,Manjuan,male,75,4
Wes,"United Kingdom",Wes,male,100,227
Jana,Japan,Jana,female,100,19
Christian,"United Kingdom",Christian,male,100,48300
Vilja,Finland,Vilja,female,100,8
Michelle,"United Kingdom",Michelle,female,93,8398
Todd,"United Kingdom",Todd,male,99,286
Luca,"United Kingdom",Luca,male,97,678
Ryan,Canada,Ryan,male,99,2741
Quentin,"United Kingdom",Quentin,male,98,144
Jinhua,"United Kingdom",Jinhua,female,83,98
Joshua,"United Kingdom",Joshua,male,99,2549
Ashutosh,"New Zealand",Ashutosh,male,100,5643
Andreas,Germany,Andreas,male,99,21215
Alison,France,Alison,female,97,2838
Rehana,"United Kingdom",Rehana,female,98,61
Quentin,France,Quentin,male,99,11763
Janice,"United Kingdom",Janice,female,96,1055
Thomas,Australia,Thomas,male,100,779
Wei,Japan,Wei,male,70,53
Charikleia-Despoina,Russia,Charikleia-Despoina,female,99,626
Debayan,India,Debayan,male,99,173
Amaël,"United Kingdom",Amaël,male,93,29
Maureen,Canada,Maureen,female,99,253
Daniel,Germany,Daniel,male,99,22784
Kelly,"United Kingdom",Kelly,female,94,6244
Hyo,"United Kingdom",Hyo,male,100,3
Kohki,Japan,Kohki,male,100,19
Shinya,Japan,Shinya,male,100,492
Maria,Netherlands,Maria,female,98,1845
Judy,"United Kingdom",Judy,female,96,584
Andreas,Germany,Andreas,male,99,21215
Sajjad,"United Kingdom",Sajjad,male,99,137
Aaron,"United Kingdom",Aaron,male,99,4917
Ke,China,Ke,male,84,144
Joshua,China,Joshua,male,99,172
Venkatesh,"United Kingdom",Venkatesh,male,100,18
Maureen,Switzerland,Maureen,female,100,19
Alyson,Switzerland,Alyson,female,75,4
Daniel,"United Kingdom",Daniel,male,99,15246
Gesa,Germany,Gesa,female,97,119
Jonas,Germany,Jonas,male,99,2401
Julie,France,Julie,female,97,34461
Nicholas,"United Kingdom",Nicholas,male,99,1808
Jessica,"United Kingdom",Jessica,female,98,4199
David,Austria,David,male,100,1379
Antonio,"United Kingdom",Antonio,male,99,1575
Yongjun,"United Kingdom",Yongjun,male,75,4
Victor,UK,Victor,male,99,78043
Patrizia,Spain,Patrizia,female,98,115
Basusree,India,Basusree,female,75,4
Cedric,Italy,Cedric,male,96,52
Yoshiyuki,Japan,Yoshiyuki,male,100,258
Divya,India,Divya,female,95,7089
Michele,"United Kingdom",Michele,female,72,827
Kelly,"United Kingdom",Kelly,female,94,6244
Lucía,Italy,Lucía,female,100,7
Maryam,Germany,Maryam,female,97,151
Tatiana,"United Kingdom",Tatiana,female,99,365
Monika,Argentina,Monika,female,100,11
Cristina,Spain,Cristina,female,96,26181
Wen,"United Kingdom",Wen,female,61,28
Shefah,"United Kingdom",Shefah,female,100,3
Thomas,Germany,Thomas,male,99,27141
Md,"United Kingdom",Md,male,97,183
Samuel,China,Samuel,male,97,291
Dylan,"United Kingdom",Dylan,male,98,1211
Swantje,Germany,Swantje,female,96,96
Catherine,"United Kingdom",Catherine,female,98,2944
Maja,Germany,Maja,female,97,735
Sandeep,"United Kingdom",Sandeep,male,92,324
Expédite,"United Kingdom",,,,
Begoña,Spain,Begoña,female,99,2608
Andrew,"United Kingdom",Andrew,male,99,18361
Mariya,Germany,Mariya,female,98,51
Jonathan,"United Kingdom",Jonathan,male,99,5744
Mary,"United Kingdom",Mary,female,97,4232
Laura,Spain,Laura,female,98,36972
Sicong,China,Sicong,male,83,6
Wei-Chung,"United Kingdom",Chung,male,68,19
Barbara,Sweden,Barbara,female,99,104
Juntaek,Italy,Juntaek,male,100,4
Somanathapura,India,,,,
Weichao,Switzerland,Weichao,male,88,16
Bishnu,"United Kingdom",Bishnu,male,93,15
Fleur,Netherlands,Fleur,female,99,503
Mari,Austria,Mari,female,94,48
Christopher,"United Kingdom",Christopher,male,99,4964
Zhilin,"United Kingdom",Zhilin,male,91,113
Felix,Denmark,Felix,male,100,30
Christopher,Australia,Christopher,male,100,710
Ilaria,"United Kingdom",Ilaria,female,98,57
Jun-Yu,China,Jun,male,83,1190
Priscilla,Singapore,Priscilla,female,100,72
Daniel,"United Kingdom",Daniel,male,99,15246
Shanshan,China,Shanshan,female,97,163
Theodore,"United Kingdom",Theodore,male,99,67
Acacia,"United Kingdom",Acacia,female,93,15
Sneha,"United Kingdom",Sneha,female,98,50
Zhaojun,"United Kingdom",Zhaojun,male,77,13
Toshiyuki,Japan,Toshiyuki,male,100,261
Vaibhav,Canada,Vaibhav,male,100,20
Daniel,"United Kingdom",Daniel,male,99,15246
Alshaimaa,"United Kingdom",Alshaimaa,female,94,18
Mark,"United Kingdom",Mark,male,100,48064
Khaled,"United Kingdom",Khaled,male,99,370
Maximilian,Denmark,Maximilian,unknown,50,2
Shun-Ichi,"United Kingdom",Shun,male,94,17
Maria,France,Maria,female,97,6924
Nagaraja,India,Nagaraja,male,99,168
Charles,"United Kingdom",Charles,male,93,3067
Kim,"United Kingdom",Kim,female,89,3894
Mahsa,Australia,Mahsa,female,86,7
Charuta,"United Kingdom",Charuta,female,100,20
María,Argentina,María,female,100,309
Alyssa,"United Kingdom",Alyssa,female,98,137
Sang,"United Kingdom",Sang,male,82,11
Anouk,Netherlands,Anouk,female,98,949
Conan,Australia,Conan,male,100,6
Aaron,"United Kingdom",Aaron,male,99,4917
Jiangchuan,"United Kingdom",Jiangchuan,male,75,4
Xing,"United Kingdom",Xing,male,80,10
Brianna,"United Kingdom",Brianna,female,96,71
Meredith,"United Kingdom",Meredith,female,94,50
Sean,"New Zealand",Sean,male,100,161
Mauro,Australia,Mauro,male,100,22
Will,"United Kingdom",Will,male,100,3291
Thomas,Netherlands,Thomas,male,99,2042
Jun-Yu,China,Jun,male,83,1190
Bharath,China,Bharath,male,100,3748
Qi,"United Kingdom",Qi,male,62,34
Emily,"United Kingdom",Emily,female,98,4125
Tawatchai,Germany,Tawatchai,male,99,344
Madlen,France,Madlen,female,100,3
Anthony,"United Kingdom",Anthony,male,99,7155
Jens,Germany,Jens,male,99,9230
Laëtitia,Germany,Laëtitia,female,75,4
Sina,Germany,Sina,female,91,1580
Michael,"United Kingdom",Michael,male,99,21086
Bingbing,"United Kingdom",Bingbing,female,75,4
Vladimir,"United Kingdom",Vladimir,male,100,295
Anne,France,Anne,female,98,16310
Peter,Canada,Peter,male,100,2362
Matthew,"United Kingdom",Matthew,male,100,9127
Sunithi,Sweden,Sunithi,female,75,4
Jun,Japan,Jun,male,93,1455
Ida,Sweden,Ida,female,99,1432
Petru-Iulian,"United Kingdom",Petru,male,100,21
Jacob,"United Kingdom",Jacob,male,99,1513
Gopala,"United Kingdom",Gopala,male,75,4
Hui,China,Hui,male,54,700
Mohit,"United Kingdom",Mohit,male,100,81
Kamalpreet,Canada,Kamalpreet,male,60,5
Andreja,Finland,Andreja,female,86,855
Kazuyuki,Japan,Kazuyuki,male,100,202
James,"United Kingdom",James,male,99,34517
Mílton,Russia,Mílton,male,75,4
Peter,"United Kingdom",Peter,male,99,17618
K,"United Kingdom",,,,
Patrik,Germany,Patrik,male,99,588
Yunan,"United Kingdom",Yunan,female,75,4
Geng,China,Geng,male,76,49
James,"United Kingdom",James,male,99,34517
John,"United Kingdom",John,male,99,46026
Kelvin,Switzerland,Kelvin,male,97,38
Xinxing,"United Kingdom",Xinxing,male,71,14
Gayan,"United Kingdom",Gayan,male,100,24
Anastasia,"United Kingdom",Anastasia,female,99,263
Hailey,"United Kingdom",Hailey,female,98,85
Santanu,"United Kingdom",Santanu,male,90,10
Michael,Germany,Michael,male,100,30913
Elizabeth,USA,Elizabeth,female,99,20330
Jiasong,"United Kingdom",Jiasong,male,83,6
Simon,Canada,Simon,male,100,1161
Yogan,Germany,Yogan,male,100,36
Eric,"United Kingdom",Eric,male,98,2264
Md,Japan,Md,male,81,16
Michel,Canada,Michel,male,99,1562
Davide,Italy,Davide,male,99,42786
Chayanon,"United Kingdom",Chayanon,male,95,40
Drew,Switzerland,Drew,male,100,7
Jerry,"United Kingdom",Jerry,male,97,922
Jason,China,Jason,male,99,2270
Andrew,"United Kingdom",Andrew,male,99,18361
Zhigang,China,Zhigang,male,100,44
Yosuke,Japan,Yosuke,male,100,373
William,UK,William,male,99,67797
Christian,Norway,Christian,male,100,48300
Eisuke,Japan,Eisuke,male,100,50
Alyson,"United Kingdom",Alyson,female,98,170
Laura,"United Kingdom",Laura,female,98,10386
Stephen,"United Kingdom",Stephen,male,99,12067
Nidhi,USA,Nidhi,female,98,131
Shigeki,Japan,Shigeki,male,100,108
Luyun,China,Luyun,female,67,3
Hanna,Sweden,Hanna,female,98,1774
Steven,"United Kingdom",Steven,male,99,9790
Noreen,"United Kingdom",Noreen,female,95,142
Dustin,"United Kingdom",Dustin,male,100,57
Congliang,"United Kingdom",Congliang,male,75,4
Austin,"United Kingdom",Austin,male,98,475
Sanjna,"United Kingdom",Sanjna,female,100,3
Digvijay,"United Kingdom",Digvijay,male,100,6
Jessica,"United Kingdom",Jessica,female,98,4199
Alexander,Germany,Alexander,male,98,11884
Elysian,"United Kingdom",Elysian,male,100,4
Naoki,Japan,Naoki,male,100,826
Yuanyuan,China,Yuanyuan,female,92,144
Fei,China,Fei,male,69,629
Mario,Switzerland,Mario,male,99,1729
Tara,"United Kingdom",Tara,female,96,1134
Imre,Germany,Imre,male,98,102
Hannes,"United Kingdom",Hannes,male,95,22
Brianna,"United Kingdom",Brianna,female,96,71
Laura,"United Kingdom",Laura,female,98,10386
John,"United Kingdom",John,male,99,46026
Rakesh,"United Kingdom",Rakesh,male,97,185
Carrie,"United Kingdom",Carrie,female,97,758
Scott,"United Kingdom",Scott,male,99,9887
Bat-Erdene,Australia,Bat,male,67,3
Takeshi,Japan,Takeshi,male,100,1025
Weimin,"United Kingdom",Weimin,female,75,4
Gloria,"United Kingdom",Gloria,female,97,482
Christopher,"United Kingdom",Christopher,male,99,4964
Kateri,Germany,Kateri,female,99,92
Noelia,"Czech Republic",Noelia,female,100,6
Mette,"United Kingdom",Mette,female,100,11
Douglas,"United Kingdom",Douglas,male,99,983
Venkatesh,"United Kingdom",Venkatesh,male,100,18
Carmanah,Canada,,,,
Zsofia,Germany,Zsofia,female,100,6
Alexander,Germany,Alexander,male,98,11884
Kazuo,Japan,Kazuo,male,99,306
Jie-Mei,China,Mei,female,93,319
Miao,China,Miao,female,60,194
Thomas,"United Kingdom",Thomas,male,99,6745
Jonathan,"United Kingdom",Jonathan,male,99,5744
Chen,,Chen,male,63,5576
Jiahui,Canada,Jiahui,female,73,89
Michelle,"United Kingdom",Michelle,female,93,8398
Manoj,India,Manoj,male,100,18320
Emily,India,Emily,female,99,73
Isabel,,Isabel,female,98,35767
Franziska,"United Kingdom",Franziska,female,100,21
Jason,"United Kingdom",Jason,male,99,9994
Travis,"United Kingdom",Travis,male,99,240
Masato,Japan,Masato,male,100,530
Sheng,China,Sheng,male,91,230
Ethan,"United Kingdom",Ethan,male,99,773
Ashish,"United Kingdom",Ashish,male,98,169
Vanessa,Spain,Vanessa,female,98,7419
Yanhong,China,Yanhong,female,78,27
Jonathan,Germany,Jonathan,male,99,714
Marco,"United Kingdom",Marco,male,99,1731
Ganglin,China,,,,
Brandi,China,Brandi,female,100,5
David,France,David,male,98,65535
Yan,"United Kingdom",Yan,male,70,162
Mattia,"United Kingdom",Mattia,male,99,83
Thiago,"United Kingdom",Thiago,male,97,124
Xianyi,China,Xianyi,male,80,5
Frank,Germany,Frank,male,98,16573
Angie,"United Kingdom",Angie,female,98,1471
Shimrit,Israel,Shimrit,female,100,36
Adi,Israel,Adi,female,53,465
Katherine,"United Kingdom",Katherine,female,98,997
Poorna,"United Kingdom",Poorna,female,60,5
Baoli,China,Baoli,male,67,3
Weijing,"United Kingdom",Weijing,male,55,11
Jonathan,"United Kingdom",Jonathan,male,99,5744
Aamir,"United Kingdom",Aamir,male,100,220
Rania,"South Korea",Rania,female,100,5
Madeleine,Australia,Madeleine,female,98,92
Aaron,"United Kingdom",Aaron,male,99,4917
Stefan,Germany,Stefan,male,97,20127
Michael,"United Kingdom",Michael,male,99,21086
Zhengrong,"United Kingdom",Zhengrong,male,100,11
Bernhard,"United Kingdom",Bernhard,male,100,9
Montse,Spain,Montse,female,99,6686
Saima,"United Kingdom",Saima,female,96,180
Mónica,Spain,Mónica,female,98,2359
Mei-Ling,Australia,Mei,female,94,16
Rachel,Australia,Rachel,female,99,629
Lawrence,"New Zealand",Lawrence,male,100,31
Eshan,India,Eshan,male,100,170
David,"United Kingdom",David,male,99,38291
Dianne,Australia,Dianne,female,100,173
J,Japan,,,,
David,"United Kingdom",David,male,99,38291
Jessica,"United Kingdom",Jessica,female,98,4199
Aaron,"United Kingdom",Aaron,male,99,4917
Neena,"United Kingdom",Neena,female,97,33
Shang,"United Kingdom",Shang,male,75,4
Xiaoyang,"United Kingdom",Xiaoyang,male,63,51
Danielle,"United Kingdom",Danielle,female,89,3602
Paul,"United Kingdom",Paul,male,99,38578
Ross,"United Kingdom",Ross,male,99,3876
Renee,"United Kingdom",Renee,female,96,172
Alexis,"United Kingdom",Alexis,female,59,456
Xin,"United Kingdom",Xin,male,62,42
Eugene,"United Kingdom",Eugene,male,97,386
Alexey,Germany,Alexey,male,100,109
John,"United Kingdom",John,male,99,46026
Marie,"United Kingdom",Marie,female,96,3504
Jinyue,"United Kingdom",Jinyue,female,88,8
