"First Name",Country,ga_first_name,ga_gender,ga_accuracy,ga_samples
Pil,"United Kingdom",Pil,male,75,4
Sarah,"United Kingdom",Sarah,female,98,18608
Markus,"United Kingdom",Markus,male,99,237
Neal,"United Kingdom",Neal,male,100,446
Tadao,"United Kingdom",Tadao,male,99,142
Kou-San,"United Kingdom",San,male,64,245
Alison,"United Kingdom",Alison,female,98,3731
Dustin,"United Kingdom",Dustin,male,100,57
Antonio,"United Kingdom",Antonio,male,99,1575
James,"United Kingdom",James,male,99,34517
Adam,"United Kingdom",Adam,male,99,17532
Vinayak,"United Kingdom",Vinayak,male,100,6
Hening,"United Kingdom",Hening,female,81,52
Gunda,"United Kingdom",Gunda,male,75,4
Martin,"United Kingdom",Martin,male,99,12838
Sylvie,"United Kingdom",Sylvie,female,98,164
Brent,"United Kingdom",Brent,male,100,207
Erin,"United Kingdom",Erin,female,95,660
Jerry,Canada,Jerry,male,99,379
Xiao-Lian,China,Lian,female,57,131
Katharine,"United Kingdom",Katharine,female,98,145
Cynthia,Brazil,Cynthia,female,99,556
Helen,Brazil,Helen,female,98,823
Hanoch,"United Kingdom",Hanoch,male,97,30
Kenneth,"United Kingdom",Kenneth,male,98,1241
Edward,"United Kingdom",Edward,male,99,2511
Sara,Italy,Sara,female,98,37619
Paramjit,"United Kingdom",Paramjit,male,79,14
Xiang,China,Xiang,male,76,414
Makoto,Japan,Makoto,male,97,995
Gerald,"United Kingdom",Gerald,male,99,548
Adam,"United Kingdom",Adam,male,99,17532
Shenglong,"United Kingdom",Shenglong,male,100,11
Daniel,"United Kingdom",Daniel,male,99,15246
Eric,"United Kingdom",Eric,male,98,2264
Satish,"United Kingdom",Satish,male,100,76
Huimin,"United Kingdom",Huimin,male,75,4
Varghese,"United Kingdom",Varghese,male,100,5
Richard,"United Kingdom",Richard,male,99,17032
Loren,"United Kingdom",Loren,female,80,133
Bradley,"United Kingdom",Bradley,male,99,1200
Yoshiho,"United Kingdom",Yoshiho,female,75,4
Edward,"United Kingdom",Edward,male,99,2511
Bakhos,"United Kingdom",Bakhos,male,100,19
Eranthie,"United Kingdom",,,,
Joseph,"United Kingdom",Joseph,male,98,3184
Philippe,France,Philippe,male,98,44155
Conan,"United Kingdom",Conan,male,100,47
Yimon,Switzerland,Yimon,female,100,17
Christopher,Canada,Christopher,male,100,1301
Carmen,Spain,Carmen,female,98,26181
Erin,"United Kingdom",Erin,female,95,660
Pablo,Switzerland,Pablo,male,98,332
Wilfred,"United Kingdom",Wilfred,male,95,66
Adriaan,Japan,Adriaan,male,97,908
Jia,Japan,Jia,female,70,10
Yuhui,China,Yuhui,male,78,18
Peng,Japan,Peng,male,75,16
Weiping,"United Kingdom",Weiping,male,73,45
Michael,"United Kingdom",Michael,male,99,21086
Jordan,"United Kingdom",Jordan,male,92,4967
Samy,"United Kingdom",Samy,male,85,263
Rino,Italy,Rino,male,99,3004
Martin,Germany,Martin,male,99,14619
Jie,China,Jie,male,63,867
Tsutomu,Japan,Tsutomu,male,100,209
Michael,Germany,Michael,male,100,30913
Barry,"United Kingdom",Barry,male,98,4352
Charles,"United Kingdom",Charles,male,93,3067
Jae,"Republic of Korea",Jae,male,76,1609
David,Australia,David,male,100,4352
Pengfei,China,Pengfei,male,98,82
Luciana,"United Kingdom",Luciana,female,99,132
Jayanta,India,Jayanta,male,100,833
Benjamin,"United Kingdom",Benjamin,male,99,1595
Marie,France,Marie,female,97,56604
John,"United Kingdom",John,male,99,46026
Mohammad,"United Kingdom",Mohammad,male,99,841
Andrew,Denmark,Andrew,male,100,47
Matthew,"United Kingdom",Matthew,male,100,9127
Ming,"United Kingdom",Ming,male,81,43
Shinya,Japan,Shinya,male,100,492
Stefan,"United Kingdom",Stefan,male,99,1188
Rui,"United Kingdom",Rui,male,96,383
Michael,"United Kingdom",Michael,male,99,21086
Steven,"United Kingdom",Steven,male,99,9790
Benedikt,Austria,Benedikt,male,100,50
Marcos,"United Kingdom",Marcos,male,99,341
Jens,Germany,Jens,male,99,9230
Shinya,Japan,Shinya,male,100,492
John,"United Kingdom",John,male,99,46026
Jose,"United Kingdom",Jose,male,96,1810
Erin,"United Kingdom",Erin,female,95,660
Christina,"United Kingdom",Christina,female,97,1444
Brian,"United Kingdom",Brian,male,99,7691
Maurizio,Sweden,Maurizio,male,100,10
E,China,,,,
Sylvie,France,Sylvie,female,98,32520
Joanna,France,Joanna,female,97,1215
Neal,"United Kingdom",Neal,male,100,446
Paul,"United Kingdom",Paul,male,99,38578
Christina,"United Kingdom",Christina,female,97,1444
Changsheng,China,Changsheng,male,100,8
Isaac,"United Kingdom",Isaac,male,99,667
David,Canada,David,male,100,5841
Tohru,Japan,Tohru,male,96,77
James,Germany,James,male,98,1248
Pawel,Switzerland,Pawel,male,93,28
Albert,,Albert,male,98,31368
Anthony,Canada,Anthony,male,100,1145
Jon,"United Kingdom",Jon,male,99,7125
Howard,"United Kingdom",Howard,male,99,803
Jimmy,"United Kingdom",Jimmy,male,98,2805
Jason,"United Kingdom",Jason,male,99,9994
Shobhna,China,Shobhna,female,98,53
Sheila,"United Kingdom",Sheila,female,98,1436
Lu,Japan,Lu,female,61,44
E,"United Kingdom",,,,
M,India,,,,
Alison,India,Alison,female,65,31
James,"United Kingdom",James,male,99,34517
Jeroen,Netherlands,Jeroen,male,99,5953
Erin,"United Kingdom",Erin,female,95,660
Gerhard,Germany,Gerhard,male,99,2024
Laura,"United Kingdom",Laura,female,98,10386
Edward,"United Kingdom",Edward,male,99,2511
Karl,"United Kingdom",Karl,male,99,3199
Michael,"United Kingdom",Michael,male,99,21086
Kenneth,"United Kingdom",Kenneth,male,98,1241
Rahul,"United Kingdom",Rahul,male,100,453
Ryan,"United Kingdom",Ryan,male,99,10230
Andreas,"United Kingdom",Andreas,male,99,369
Shahriar,"United Kingdom",Shahriar,male,100,20
Uwe,Germany,Uwe,male,99,7562
Andreas,Switzerland,Andreas,male,99,1721
Matthew,"United Kingdom",Matthew,male,100,9127
Jeremy,"United Kingdom",Jeremy,male,99,1416
Zhiyong,"United Kingdom",Zhiyong,male,99,75
James,"United Kingdom",James,male,99,34517
Nikola,Netherlands,Nikola,male,77,35
David,"United Kingdom",David,male,99,38291
Thomas,"United Kingdom",Thomas,male,99,6745
Daniel,"United Kingdom",Daniel,male,99,15246
David,"United Kingdom",David,male,99,38291
Martin,Germany,Martin,male,99,14619
Anna,"United Kingdom",Anna,female,97,6951
Yukari,Saitama,Yukari,female,99,314
Paul,Austria,Paul,male,99,593
William,"United Kingdom",William,male,99,6082
Matthew,"United Kingdom",Matthew,male,100,9127
Keriann,"United Kingdom",Keriann,female,75,4
Mark,Canada,Mark,male,100,48064
Stephen,"United Kingdom",Stephen,male,99,12067
Gavin,"New Zealand",Gavin,male,100,57
D,"United Kingdom",,,,
Gabriel,"United Kingdom",Gabriel,male,98,860
Brent,"United Kingdom",Brent,male,100,207
Eranthie,"United Kingdom",,,,
Haslina,"United Kingdom",Haslina,female,100,43
Neil,"United Kingdom",Neil,male,99,8508
Sylvie,"United Kingdom",Sylvie,female,98,164
Bonnie,"United Kingdom",Bonnie,female,92,289
Shahriar,Spain,Shahriar,male,99,830
Darci,"United Kingdom",Darci,female,100,8
Jonathan,"United Kingdom",Jonathan,male,99,5744
Deepak,"United Kingdom",Deepak,male,99,219
Rafael,Spain,Rafael,male,99,11316
Michael,"United Kingdom",Michael,male,99,21086
Stephen,Belgium,Stephen,male,98,128
Celia,"United Kingdom",Celia,female,98,316
Dan,China,Dan,female,56,578
Jin,Germany,Jin,male,69,72
Min,China,Min,female,56,572
Stephen,"United Kingdom",Stephen,male,99,12067
Yonghao,"United Kingdom",Yonghao,male,100,3
Daisuke,Japan,Daisuke,male,100,1249
Martin,"United Kingdom",Martin,male,99,12838
Daniel,"United Kingdom",Daniel,male,99,15246
Ming,"United Kingdom",Ming,male,81,43
Stephan,Germany,Stephan,male,98,6568
Hening,"United Kingdom",Hening,female,81,52
Mohammad,"United Kingdom",Mohammad,male,99,841
Ralph,"United Kingdom",Ralph,male,98,574
Yit-Heng,Australia,Heng,male,75,4
Emily,"United Kingdom",Emily,female,98,4125
Ralph,"United Kingdom",Ralph,male,98,574
Christian,Germany,Christian,male,100,86
Monica,Switzerland,Monica,female,98,497
Kevin,"United Kingdom",Kevin,male,99,10366
Matthew,UK,Matthew,male,100,51412
Joseph,"United Kingdom",Joseph,male,98,3184
Casey,Canada,Casey,male,63,182
Marthe,Netherlands,Marthe,female,94,36
Richard,UK,Richard,male,99,97659
Jun,"United Kingdom",Jun,male,80,96
Sacha,Germany,Sacha,male,86,76
Nobuaki,Japan,Nobuaki,male,100,82
Marcey,"United Kingdom",Marcey,female,83,6
Li,"United Kingdom",Li,female,58,125
Derek,"United Kingdom",Derek,male,99,2995
Daniel,Germany,Daniel,male,99,22784
Robert,Germany,Robert,male,99,8458
