"First Name",Country,ga_first_name,ga_gender,ga_accuracy,ga_samples
Sofiane,Belgium,Sofiane,male,98,152
Antje,Germany,Antje,female,99,1735
Xuefei,"United Kingdom",Xuefei,female,57,23
Ogan,"United Kingdom",Ogan,male,100,3
Chandraiah,"United Kingdom",Chandraiah,male,100,4
Lars,Sweden,Lars,male,99,3227
Jessica,USA,Jessica,female,99,36554
Elizabeth,"United Kingdom",Elizabeth,female,98,3122
Vincent,France,Vincent,male,98,32067
Atsushi,Japan,Atsushi,male,100,843
Han,"United Kingdom",Han,female,64,166
Debasis,"United Kingdom",Debasis,male,75,4
Sarah,UK,Sarah,female,98,127402
Dustin,"United Kingdom",Dustin,male,100,57
Sarah,"United Kingdom",Sarah,female,98,18608
Fabrizio,Spain,Fabrizio,male,99,156
Glenn,"United Kingdom",Glenn,male,98,1359
Konstantinos,Germany,Konstantinos,male,100,140
Marta,Norway,Marta,female,99,73
Kaveri,"United Kingdom",Kaveri,female,75,4
Susan,"United Kingdom",Susan,female,98,5498
Ying,"United Kingdom",Ying,female,85,67
Harald,Netherlands,Harald,male,99,181
Daniel,"United Kingdom",Daniel,male,99,15246
Lei,China,Lei,male,77,1080
Yuriy,"United Kingdom",Yuriy,male,100,19
Linghui,"United Kingdom",Linghui,female,75,12
Vipender,"United Kingdom",Vipender,male,100,3
Todd,"United Kingdom",Todd,male,99,286
Da-Woon,"Republic of Korea",Da-Woon,male,75,4
Carlos,Spain,Carlos,male,99,64701
Bin,China,Bin,male,92,677
Lily,"United Kingdom",Lily,female,98,972
Joshua,"United Kingdom",Joshua,male,99,2549
Daniel,"United Kingdom",Daniel,male,99,15246
Benedetta,"United Kingdom",Benedetta,female,100,13
Mohammad,Canada,Mohammad,male,99,233
Marianna,Italy,Marianna,female,98,5541
Zheng,"United Kingdom",Zheng,male,71,24
Peng,"United Kingdom",Peng,male,88,34
Matthew,"United Kingdom",Matthew,male,100,9127
Kimberly,USA,Kimberly,female,99,13423
Yung-Lin,Taiwan,Yung,male,81,43
Graziano,Italy,Graziano,male,99,2600
Tobias,Germany,Tobias,male,100,9929
Michelle,"United Kingdom",Michelle,female,93,8398
Natalie,"United Kingdom",Natalie,female,98,4360
Stanley,USA,Stanley,male,99,1461
Geronda,"United Kingdom",Geronda,female,75,4
Muslum,"United Kingdom",Muslum,male,100,3
Thomas,"United Kingdom",Thomas,male,99,6745
Christopher,"United Kingdom",Christopher,male,99,4964
Conan,Australia,Conan,male,100,6
Yaqiong,"United Kingdom",Yaqiong,female,92,12
Gabriele,"United Kingdom",Gabriele,male,73,132
Mikako,Japan,Mikako,female,97,32
Morten,Denmark,Morten,male,100,1806
Amnon,"United Kingdom",Amnon,male,75,4
Ori,"United Kingdom",Ori,male,59,17
Tyler,"United Kingdom",Tyler,male,92,922
Adam,"United Kingdom",Adam,male,99,17532
Dragana,Switzerland,Dragana,female,89,75
Chul-Jin,"United Kingdom",Jin,male,70,99
Shan-Yu,Canada,Shan,male,61,57
Nicholas,"United Kingdom",Nicholas,male,99,1808
Sanjay,"United Kingdom",Sanjay,male,98,333
Rosa,Italy,Rosa,female,98,8323
Michael,Germany,Michael,male,100,30913
Yuki,Japan,Yuki,male,61,1797
Stanislav,Israel,Stanislav,male,100,31
Michael,"United Kingdom",Michael,male,99,21086
Harish,"United Kingdom",Harish,male,100,84
Jeffrey,"United Kingdom",Jeffrey,male,99,562
Elena,Canada,Elena,female,99,198
Hoan,Australia,Hoan,male,75,4
Lina,Switzerland,Lina,female,97,273
Stefanie,Germany,Stefanie,female,98,5659
Alissa,"United Kingdom",Alissa,female,100,27
David,"United Kingdom",David,male,99,38291
Jingyan,Singapore,Jingyan,female,75,4
Jason,"United Kingdom",Jason,male,99,9994
Shinji,Japan,Shinji,male,99,394
James,"United Kingdom",James,male,99,34517
Christoph,Austria,Christoph,male,99,1835
Major,"United Kingdom",Major,male,100,85
Charles,"United Kingdom",Charles,male,93,3067
Katie,"United Kingdom",Katie,female,98,5825
Corey,"United Kingdom",Corey,male,97,386
Rudo,"United Kingdom",Rudo,female,57,14
André,France,André,male,95,4859
Izhack,Israel,Izhack,male,75,4
Ayaka,Japan,Ayaka,female,99,271
Suzanne,"United Kingdom",Suzanne,female,98,1559
Leslie,"United Kingdom",Leslie,male,81,741
Eric,France,Eric,male,99,42701
Bastian,Finland,Bastian,male,75,4
Joanne,"New Zealand",Joanne,female,98,63
Cyprian,Sweden,Cyprian,male,75,4
Hazem,"United Kingdom",Hazem,male,96,23
Mathew,"United Kingdom",Mathew,male,98,926
Chakkumkal,Germany,,,,
Berkley,"United Kingdom",Berkley,male,100,4
Zhihong,"United Kingdom",Zhihong,male,72,43
Sathya,,Sathya,male,64,1909
Qi,Italy,Qi,male,100,3
Jackelyn,"United Kingdom",Jackelyn,female,97,112
Mary,USA,Mary,female,98,20629
Xuezheng,"United Kingdom",Xuezheng,male,100,4
Yan,"United Kingdom",Yan,male,70,162
Jindřich,"Czech Republic",Jindřich,male,99,714
Victoria,"United Kingdom",Victoria,female,97,2961
Hidehiko,Japan,Hidehiko,male,100,27
Simon,"United Kingdom",Simon,male,99,15104
Joseph,"United Kingdom",Joseph,male,98,3184
Ralph,"United Kingdom",Ralph,male,98,574
Taavi,USA,Taavi,male,100,5
Sonu,,Sonu,male,91,6622
Xander,"United Kingdom",Xander,male,99,107
Giulia,"United Kingdom",Giulia,female,99,207
Laurens,Netherlands,Laurens,male,99,544
Ying-Chun,China,Ying,female,86,923
Paul,"United Kingdom",Paul,male,99,38578
Malgorzata,Canada,Malgorzata,female,100,6
Yang,"United Kingdom",Yang,male,65,94
Daniel,Austria,Daniel,male,99,2748
Maura,"United Kingdom",Maura,female,96,70
Yong,"United Kingdom",Yong,male,85,27
Sambashiva,Netherlands,Sambashiva,male,100,12
Elizabeth,"United Kingdom",Elizabeth,female,98,3122
Brijesh,"United Kingdom",Brijesh,male,100,19
Fiona,UK,Fiona,female,98,12159
Jeane,"United Kingdom",Jeane,female,100,16
Daniel,Germany,Daniel,male,99,22784
Marco,"United Kingdom",Marco,male,99,1731
Rana,UK,Rana,female,51,9558
Hyung-Gu,"United Kingdom",Gu,male,83,12
Sander,UK,Sander,male,98,4407
Adrian,UK,Adrian,male,98,56140
Sarah,"United Kingdom",Sarah,female,98,18608
Paul,UK,Paul,male,99,140849
Wataru,Japan,Wataru,male,100,276
Sonia,Italy,Sonia,female,98,9030
Xiong,"United Kingdom",Xiong,male,75,4
Jiaquan,"United Kingdom",Jiaquan,male,100,3
Alexandre,France,Alexandre,male,98,27629
Karrera,Australia,Karrera,male,75,4
Kenneth,"United Kingdom",Kenneth,male,98,1241
Frank,Germany,Frank,male,98,16573
Dmitry,"United Kingdom",Dmitry,male,100,107
Anas,,Anas,male,97,13754
Rameshwar,Switzerland,Rameshwar,male,100,503
Wei,"United Kingdom",Wei,male,61,82
Benet,Spain,Benet,male,100,38
Gang,"United Kingdom",,,,
Laura,Spain,Laura,female,98,36972
Justin,"United Kingdom",Justin,male,98,2600
Julie,France,Julie,female,97,34461
Yonghua,"United Kingdom",Yonghua,male,72,18
Dahvid,"United Kingdom",Dahvid,male,100,3
Francesco,Italy,Francesco,male,100,65535
Chao,"United Kingdom",Chao,male,91,33
Yunfei,"United Kingdom",Yunfei,male,88,52
Niels,Denmark,Niels,male,99,800
Jakob,"United Kingdom",Jakob,male,100,60
Sílvia,Japan,Sílvia,female,75,4
Michael,UK,Michael,male,99,211741
Caitlin,"United Kingdom",Caitlin,female,98,639
Laura,USA,Laura,female,99,21696
Manuela,Germany,Manuela,female,98,5200
Judith,France,Judith,female,97,708
Joshua,"United Kingdom",Joshua,male,99,2549
Ashley,"United Kingdom",Ashley,male,71,4808
Rui,"United Kingdom",Rui,male,96,383
Christian,Switzerland,Christian,male,100,48300
Bianca,Australia,Bianca,female,99,192
Jianting,"United Kingdom",Jianting,male,71,7
Benjamin,"United Kingdom",Benjamin,male,99,1595
Sarah,Australia,Sarah,female,99,1568
Cong,Australia,Cong,male,100,4
Yangbo,"United Kingdom",Yangbo,male,88,16
Chaoran,"United Kingdom",Chaoran,male,88,17
Anders,Sweden,Anders,male,99,6318
Sviatoslav,"United Kingdom",Sviatoslav,male,100,78
Yan-Jiun,"United Kingdom",Yan,male,70,162
Zachary,"United Kingdom",Zachary,male,99,160
Miriam,Germany,Miriam,female,98,1900
Toni,Germany,Toni,male,97,3962
Jinho,"Republic of Korea",Jinho,male,99,280
Marcello,Italy,Marcello,male,99,8817
Oluwatoyosi,"United Kingdom",Oluwatoyosi,female,67,3
Till,Germany,Till,male,100,100
Wenzhi,"United Kingdom",Wenzhi,male,88,16
Dirk,Germany,Dirk,male,99,8318
Curt,"United Kingdom",Curt,male,99,100
Jae,Netherlands,Jae,male,75,4
Mitsuyasu,Japan,Mitsuyasu,male,100,4
Sujeong,"United Kingdom",Sujeong,female,75,4
Rasheduzzaman,"United Kingdom",Rasheduzzaman,male,100,13
Grace,"United Kingdom",Grace,female,100,25751
Ding,"United Kingdom",Ding,male,82,22
Seung-Hee,"United Kingdom",Hee,male,60,10
Ajay,"United Kingdom",Ajay,male,95,433
Balayeshwanth,Switzerland,,,,
Kathleen,"United Kingdom",Kathleen,female,98,864
Shanteri,"United Kingdom",,,,
Wei,"United Kingdom",Wei,male,61,82
Christopher,USA,Christopher,male,100,26017
Michael,Australia,Michael,male,100,3838
Sven,Austria,Sven,male,100,130
Ludovic,France,Ludovic,male,98,16991
Stefan,Bulgaria,Stefan,male,100,572
Andrew,Australia,Andrew,male,100,3172
Rita,Germany,Rita,female,98,1833
Joanna,Poland,Joanna,female,98,21216
Francesco,Italy,Francesco,male,100,65535
Loek,Netherlands,Loek,male,97,210
Jonathan,"United Kingdom",Jonathan,male,99,5744
Prashant,India,Prashant,male,100,13118
Makoto,"United Kingdom",Makoto,male,100,6
Jessica,"United Kingdom",Jessica,female,98,4199
Chris,"United Kingdom",Chris,male,96,31975
Thao,USA,Thao,female,85,178
Thazha,"United Kingdom",,,,
Heather,Switzerland,Heather,female,100,5
Ikenna,"United Kingdom",Ikenna,male,100,28
Peng,China,Peng,male,85,704
Thomas,"United Kingdom",Thomas,male,99,6745
Kyle,"United Kingdom",Kyle,male,99,3193
Cory,"United Kingdom",Cory,male,89,186
Cindy,UK,Cindy,female,98,42419
Kiri,"United Kingdom",Kiri,female,75,64
Feiyang,China,Feiyang,female,56,16
Akbar,"United Kingdom",Akbar,male,100,76
Graham,Canada,Graham,male,100,439
Michaela,Germany,Michaela,female,68,7010
Lauriane,France,Lauriane,female,98,1337
Rahul,India,Rahul,male,100,40928
Tapas,India,Tapas,male,100,868
Gražvydas,Lithuania,Gražvydas,male,100,12
Jonathan,"United Kingdom",Jonathan,male,99,5744
Zhihe,Australia,Zhihe,male,75,4
Jia,"United Kingdom",Jia,unknown,50,30
Håvard,Norway,Håvard,male,99,233
Yu,"United Kingdom",Yu,male,71,79
Da-Woon,"Republic of Korea",Da-Woon,male,75,4
Agustin,"United Kingdom",Agustin,male,100,29
Valer,"United Kingdom",Valer,male,60,5
Theresa,"United Kingdom",Theresa,female,97,836
Jennifer,"United Kingdom",Jennifer,female,98,3209
Florian,Germany,Florian,male,99,9022
Robert,UK,Robert,male,99,145540
Sebastian,"United Kingdom",Sebastian,male,99,1542
Thomas,Australia,Thomas,male,100,779
Sofie,Sweden,Sofie,female,99,1207
Annaliese,USA,Annaliese,female,100,39
Vance,"United Kingdom",Vance,male,93,30
Anders,"United Kingdom",Anders,male,99,72
Belete,Belgium,Belete,male,100,72
Takashi,Japan,Takashi,male,99,1549
Vladimir,"United Kingdom",Vladimir,male,100,295
Masha,USA,Masha,female,100,120
Vincenzo,"United Kingdom",Vincenzo,male,99,155
Zhaojun,"United Kingdom",Zhaojun,male,77,13
Reka,USA,Reka,female,97,34
Rajaram,Finland,Rajaram,male,98,396
Nathalie,Canada,Nathalie,female,99,685
Jianting,"United Kingdom",Jianting,male,71,7
Pei-i,USA,Pei,male,54,35
Maheshinie,USA,,,,
Dahlia,USA,Dahlia,female,100,4766
Yang,USA,Yang,male,69,340
Hassan,USA,Hassan,male,100,3885
Amin,USA,Amin,male,97,349
Drew,USA,Drew,male,97,5854
Bradley,USA,Bradley,male,99,3685
Jennifer,USA,Jennifer,female,99,41490
Aurélien,Switzerland,Aurélien,male,100,50
James,USA,James,male,100,47200
Lorenzo,USA,Lorenzo,male,100,1071
Pamela,USA,Pamela,female,99,6656
Liang,USA,Liang,male,87,106
Jakub,USA,Jakub,male,99,124
John,USA,John,male,100,65535
Takumi,USA,Takumi,male,100,30
Vy,USA,Vy,female,81,105
Debojit,India,Debojit,male,100,116
Carolin,India,Carolin,female,100,11
Rena,USA,Rena,female,98,530
Aram,USA,Aram,male,97,117
Jianlan,USA,Jianlan,female,75,4
Christopher,USA,Christopher,male,100,26017
Teklab,USA,,,,
Noemi,USA,Noemi,female,100,5023
Wen,USA,Wen,male,52,147
Sanjib,USA,Sanjib,male,100,15
Jasmine,USA,Jasmine,female,98,4954
Jiro,Japan,Jiro,male,99,110
Zhaohua,Japan,Zhaohua,male,85,13
Louise,USA,Louise,female,98,1349
Stuart,USA,Stuart,male,99,2086
Kristina,Germany,Kristina,female,97,1710
Sinisa,USA,Sinisa,male,100,16
Yaping,"United Kingdom",Yaping,female,75,4
Chien-Hung,Netherlands,Hung,male,100,6
Mitchell,USA,Mitchell,male,99,2606
Eunkyoung,USA,Eunkyoung,female,100,3
Min,Germany,Min,female,61,56
Rahul,Canada,Rahul,male,100,118
Jennifer,USA,Jennifer,female,99,41490
Allan,USA,Allan,male,100,1835
Alexandre,France,Alexandre,male,98,27629
Surajit,France,Surajit,male,75,4
Kyle,USA,Kyle,male,99,17235
Philip,"United Kingdom",Philip,male,99,4122
Jiaquan,USA,Jiaquan,male,100,3
Binxun,USA,Binxun,male,75,4
Patrick,Netherlands,Patrick,male,99,5097
Pravin,India,Pravin,male,100,4971
Aaron,USA,Aaron,male,100,19401
Dmitry,Russia,Dmitry,male,100,5310
Jennifer,USA,Jennifer,female,99,41490
Zhizhou,Germany,Zhizhou,male,75,4
M,USA,,,,
Yirui,USA,Yirui,female,75,4
Kristine,USA,Kristine,female,99,1826
Nivedita,USA,Nivedita,female,100,21
Jasdeep,USA,Jasdeep,male,75,20
Christopher,"United Kingdom",Christopher,male,99,4964
Austin,USA,Austin,male,98,8554
Isabelle,Germany,Isabelle,female,98,693
Christopher,Singapore,Christopher,male,100,222
Sofie,Belgium,Sofie,female,99,1653
Lech-Gustav,Netherlands,Lech,male,100,4
Theresa,USA,Theresa,female,99,4937
Emilio,Spain,Emilio,male,99,6668
Paul,Australia,Paul,male,100,2694
Changjiang,Germany,Changjiang,male,100,11
Shaleen,USA,Shaleen,female,80,20
Melisa,Germany,Melisa,female,98,392
Uschi,Germany,Uschi,female,97,1017
Jonathan,"United Kingdom",Jonathan,male,99,5744
Yevgeniy,USA,Yevgeniy,male,100,55
Gregory,USA,Gregory,male,100,6184
Nicholas,USA,Nicholas,male,100,10460
Toru,Australia,Toru,male,98,537
Sónia,Portugal,Sónia,female,98,2743
Yane-Shih,USA,Yane,female,100,3
Gertrudis,Cuba,Gertrudis,female,94,117
Claudio,Italy,Claudio,male,99,28144
Magnus,UK,Magnus,male,99,5496
Vincent,,Vincent,male,99,58501
Anubrata,Denmark,Anubrata,male,96,28
Kevin,"United Kingdom",Kevin,male,99,10366
Zhou,China,Zhou,male,60,609
Ziqing,USA,Ziqing,male,100,4
Sufi,USA,Sufi,male,61,18
Daniel,Germany,Daniel,male,99,22784
Bernd,Australia,Bernd,male,100,11
Sonia,USA,Sonia,female,98,2198
Jennifer,"United Kingdom",Jennifer,female,98,3209
Emmanuele,Italy,Emmanuele,male,100,333
A,Singapore,,,,
Molly,"United Kingdom",Molly,female,97,894
Suneesh,"United Kingdom",Suneesh,male,75,4
Irina,"United Kingdom",Irina,female,97,419
Oliver,Germany,Oliver,male,99,7903
Richard,"United Kingdom",Richard,male,99,17032
Masayuki,"United Kingdom",Masayuki,male,100,3
Mathieu,"United Kingdom",Mathieu,male,100,108
Leslie,"United Kingdom",Leslie,male,81,741
Zachary,"United Kingdom",Zachary,male,99,160
Vedangi,"United Kingdom",Vedangi,female,92,12
Maya,Canada,Maya,female,96,140
Erik,Canada,Erik,male,100,361
Jill,Canada,Jill,female,99,316
Sang,USA,Sang,male,92,174
Xia,"United Kingdom",Xia,female,60,15
M,Spain,,,,
