"First Name",Country,ga_first_name,ga_gender,ga_accuracy,ga_samples
Johannes,"United Kingdom",Johannes,male,97,59
Ye-Jin,"United Kingdom",Jin,male,70,99
Frederic,"United Kingdom",Frederic,male,99,84
Rahul,"United Kingdom",Rahul,male,100,453
Naresh,"United Kingdom",Naresh,male,97,93
Adam,"United Kingdom",Adam,male,99,17532
Brett,"United Kingdom",Brett,male,99,1108
Hanmin,China,Hanmin,male,75,4
Scott,"United Kingdom",Scott,male,99,9887
Fan,"United Kingdom",Fan,male,68,56
Douglas,"United Kingdom",Douglas,male,99,983
Emine,"United Kingdom",Emine,female,97,36
Wenlan,"United Kingdom",Wenlan,female,57,7
Jennifer,"United Kingdom",Jennifer,female,98,3209
Brian,"United Kingdom",Brian,male,99,7691
James,"United Kingdom",James,male,99,34517
Alexander,"United Kingdom",Alexander,male,99,1904
James,USA,James,male,100,47200
Robin,USA,Robin,female,83,8088
Gavin,USA,Gavin,male,99,1594
Alessia,UK,Alessia,female,98,21961
Hayden,"United Kingdom",Hayden,male,98,346
Sanofar,"United Kingdom",Sanofar,male,56,18
Pamela,USA,Pamela,female,99,6656
Zachary,USA,Zachary,male,100,6186
Cliff,"United Kingdom",Cliff,male,100,70
Sarah,"United Kingdom",Sarah,female,98,18608
Suk-Joon,"United Kingdom",Suk,male,100,10
Shu,"United Kingdom",Shu,male,64,22
Kirsty,"United Kingdom",Kirsty,female,98,4241
Marie-Lyn,Germany,Lyn,female,93,41
Le,China,Le,male,74,94
Jungjoon,USA,Jungjoon,male,100,7
Bifeng,USA,Bifeng,female,75,4
Yegor,USA,Yegor,male,100,13
Yongjun,USA,Yongjun,male,86,7
Davide,USA,Davide,male,99,241
Andrea,USA,Andrea,female,95,13332
Nicolas,USA,Nicolas,male,100,1619
Ted,Canada,Ted,male,99,334
Cliff,USA,Cliff,male,100,70
Daniel,USA,Daniel,male,100,35866
Martin,UK,Martin,male,98,139211
Karl-Magnus,Sweden,Karl-Magnus,male,100,3
Wenjiao,USA,Wenjiao,female,75,4
David,"United Kingdom",David,male,99,38291
Tracy,USA,Tracy,female,85,7943
Dagmar,Germany,Dagmar,female,98,1088
Thomas,USA,Thomas,male,100,20215
Shencheng,USA,,,,
Qunzhao,USA,,,,
Alexis,Russia,Alexis,male,74,97
Yun,USA,Yun,male,54,104
Danny,USA,Danny,male,98,7482
Benedetta,USA,Benedetta,female,100,14
James,USA,James,male,100,47200
Brian,USA,Brian,male,100,40133
Abhijit,USA,Abhijit,male,100,99
Jessica,USA,Jessica,female,99,36554
Boris,Germany,Boris,male,100,1099
Geneviève,Belgium,Geneviève,female,99,285
Vaishali,USA,Vaishali,female,98,54
Renee,USA,Renee,female,98,5554
Amit,USA,Amit,male,98,818
Shinichiro,USA,Shinichiro,male,100,3
Tapan,USA,Tapan,male,100,42
Susanne,USA,Susanne,female,99,452
Hailin,Israel,Hailin,male,67,46
Dominic,UK,Dominic,male,98,9763
Mark,USA,Mark,male,100,47989
Nikki,USA,Nikki,female,98,5182
Lydia,USA,Lydia,female,99,2260
Eun-Ang,UK,Eun-Ang,female,56,1872
J,USA,,,,
Jared,USA,Jared,male,100,7077
Laura,USA,Laura,female,99,21696
Damien,Switzerland,Damien,male,99,379
Kimberly,USA,Kimberly,female,99,13423
Junghyun,USA,Junghyun,male,57,7
Mark,USA,Mark,male,100,47989
Ching-Wen,Taiwan,Ching-Wen,female,67,3
Brad,USA,Brad,male,100,10173
Kanika,USA,Kanika,female,98,64
Joseph,USA,Joseph,male,100,21534
Teresa,USA,Teresa,female,99,6910
Simone,"United Kingdom",Simone,female,75,836
Liuhong,UK,Liuhong,male,67,3
Gregory,Australia,Gregory,male,99,146
Buyong,USA,Buyong,male,83,12
Erika,USA,Erika,female,99,4710
Jin,USA,Jin,male,68,337
Ranxin,USA,,,,
Jeffrey,USA,Jeffrey,male,100,10439
Sara,Italy,Sara,female,98,37619
T,UK,,,,
Joris,UK,Joris,male,98,3453
Everett,USA,Everett,male,100,4277
Daniel,USA,Daniel,male,100,35866
Shana,USA,Shana,female,99,1020
Ippei,Japan,Ippei,male,100,71
Paul,USA,Paul,male,100,28746
Ratika,USA,Ratika,female,100,3
Fabio,Italy,Fabio,male,99,47594
Meredith,USA,Meredith,female,99,2524
Angel,USA,Angel,male,100,26977
Claus,Germany,Claus,male,99,902
Varnika,USA,Varnika,female,100,5
Jijun,USA,Jijun,male,75,4
Aitziber,USA,Aitziber,female,75,4
Nawaporn,USA,Nawaporn,female,75,4
Xi,USA,Xi,female,61,98
Jiyoun,USA,Jiyoun,female,75,4
G,USA,,,,
Ari,USA,Ari,male,96,6380
Kevin,USA,Kevin,male,100,35080
Randy,USA,Randy,male,99,8560
Candice,USA,Candice,female,98,2162
