"First Name",Country,ga_first_name,ga_gender,ga_accuracy,ga_samples
Stephen,,Stephen,male,99,46085
Yong,Chengdu,Yong,male,87,2262
Henning,,Henning,male,97,1892
Simon,,Simon,male,98,57458
Matthias,,Matthias,male,100,17148
Bernhard,,Bernhard,male,98,4878
Peter,,Peter,male,99,146529
Wanbin,Shanghai,Wanbin,female,75,4
Steen,,Steen,male,98,641
Chunhai,Shanghai,Chunhai,male,67,6
Joulia,,Joulia,female,84,234
Martin,VIC,Martin,male,98,139211
Anthony,Bristol,Anthony,male,99,85303
Feng,USA,Feng,male,84,104
Rudi,USA,Rudi,male,85,127
Duncan,,Duncan,male,99,6587
Sanjay,,Sanjay,male,99,20065
David,,David,male,99,381770
Shelley,USA,Shelley,female,99,2125
Andriy,,Andriy,male,99,1458
Xiao-Bing,Dalian,Xiao-Bing,male,57,2829
Thomas,USA,Thomas,male,100,20215
Motonari,Kyoto,Motonari,male,100,18
Weiping,Fujian,Weiping,male,73,45
Kazuhiro,,Kazuhiro,male,100,419
Emily,USA,Emily,female,99,20625
Franz,,Franz,male,98,7069
Takeshi,Tokyo,Takeshi,male,99,1290
Hongyu,Singapore,Hongyu,male,67,6
René,,René,male,98,12079
Ross,USA,Ross,male,98,3102
Taolei,Wuhan,,,,
Chad,USA,Chad,male,100,9565
Bernd,Valladolid,Bernd,male,99,7628
Cláudio,USA,Cláudio,male,100,12
Ehud,,Ehud,male,100,93
Magnus,,Magnus,male,99,5496
Daniel,,Daniel,male,99,257742
Hua,Singapore,Hua,male,86,14
Lechosław,,Lechosław,male,100,19
Neil,Nottingham,Neil,male,99,16868
Gerhard,British,Gerhard,male,99,4931
Franziska,,Franziska,female,98,3237
Ognjen,USA,Ognjen,male,100,6
Franc,,Franc,male,96,2349
Jincai,Beijing,Jincai,male,80,10
Martin,,Martin,male,98,139211
Liming,"United Kingdom",Liming,female,75,4
Thomas,,Thomas,male,99,129177
Shi,SA,Shi,male,63,8
Xiong,,Xiong,male,79,207
Richard,,Richard,male,99,97659
David,USA,David,male,100,65535
Robert,USA,Robert,male,100,43118
Stefan,,Stefan,male,98,50890
Olav,,Olav,male,98,500
Cristian,,Cristian,male,99,46450
Keiichi,,Keiichi,male,100,196
Mark,,Mark,male,100,48064
Aiwen,Hubei,Aiwen,male,67,24
Matthew,,Matthew,male,100,51412
Kazuaki,Tokyo,Kazuaki,male,99,152
Itamar,Jerusalem,Itamar,male,95,804
Timo,,Timo,male,99,8332
Dong-Pyo,,Dong-Pyo,male,87,2266
Christian,,Christian,male,100,48300
Michael,USA,Michael,male,100,65535
Wen-Hua,,Wen-Hua,female,53,2876
Zhiyong,Beijing,Zhiyong,male,99,75
Xinliang,Shanghai,Xinliang,male,71,7
Gang,Anhui,,,,
Ben,USA,Ben,male,100,17026
Wen-Jing,USA,Jing,female,76,249
Masami,Nagoya,Masami,male,55,262
Frank,,Frank,male,99,66241
Xumu,Hubei,Xumu,male,75,4
Rolf,Standort,Rolf,male,99,5940
Andrei,Utrecht,Andrei,male,98,12349
A,,,,,
Andrew,ACT,Andrew,male,99,82448
Karl-Heinz,,Karl-Heinz,male,99,1217
Masayuki,Tokyo,Masayuki,male,99,597
Yiyun,Shanghai,Yiyun,female,81,31
Alois,,Alois,male,95,1863
Howard,Hubei,Howard,male,99,4996
Shu-Li,Shanghai,Shu-Li,female,50,5147
Su-Huai,Bath,Su-Huai,female,70,4270
Leslie,USA,Leslie,female,92,6857
Roderich,,Roderich,male,91,47
Rui,Beijing,Rui,male,98,25872
Fuwei,Lanzhou,Fuwei,male,83,6
Chuang-chuang,Shenzhen,Chuang-Chuang,male,72,158
Junhong,USA,Junhong,male,94,31
Xue-Long,Shanghai,Xue-Long,male,88,4930
Jun-ichi,,Jun-Ichi,male,100,16
Petra,,Petra,female,98,52588
Andrea,,Andrea,female,54,161059
K,USA,,,,
Jun,Fujian,Jun,male,88,6829
Frank,,Frank,male,99,66241
Wen-Jing,Hubei,Wen-Jing,female,67,4519
James,USA,James,male,100,47200
Jun,USA,Jun,male,86,387
Sun,Seoul,Sun,male,61,5099
K,,,,,
Masayuki,Tokyo,Masayuki,male,99,597
Elliot,USA,Elliot,male,100,8012
Xinping,Nanjing,Xinping,male,65,17
Bin,,Bin,male,89,2162
Hao,USA,Hao,male,91,219
Bernard,,Bernard,male,98,30260
Joanna,USA,Joanna,female,98,2930
Bert,Utrecht,Bert,male,98,7084
Jaideep,,Jaideep,male,99,628
Masahiro,Chiba,Masahiro,male,100,783
Chuan,USA,Chuan,male,87,23
Francois,Singapore,Francois,male,100,12
Timothy,,Timothy,male,99,15778
Michio,Osaka,Michio,male,93,92
You,Tianjin,You,male,83,3198
Kyoko,Tokyo,Kyoko,female,95,382
Nigel,Manchester,Nigel,male,99,9908
Kim,,Kim,female,68,48002
Xiaoming,Chengdu,Xiaoming,male,83,144
Paul,,Paul,male,99,140849
Christian,,Christian,male,100,48300
Quan,USA,Quan,male,93,216
Didier,,Didier,male,98,29191
Manolis,,Manolis,male,99,1324
Olivier,,Olivier,male,99,50237
Shuangyin,,,,,
Nobuo,Fukuoka,Nobuo,male,100,87
Kevin,,Kevin,male,99,140160
Wolfgang,,Wolfgang,male,99,10782
Andreas,,Andreas,male,99,44818
Aiwen,Henan,Aiwen,male,67,24
Jianlin,Shanghai,Jianlin,male,88,16
Ben,VIC,Ben,male,97,73526
Gonçalo,,Gonçalo,male,99,3137
Christian,,Christian,male,100,48300
Linda,USA,Linda,female,99,16312
Thomas,,Thomas,male,99,129177
Hong-Cai,USA,Hong,female,53,198
Milos,USA,Milos,male,99,92
Xiang,"Hong Kong",Xiang,male,60,5
Stephen,USA,Stephen,male,100,16681
A,USA,,,,
Erick,,Erick,male,99,15004
Susumu,Kyoto,Susumu,male,98,170
Stephen,USA,Stephen,male,100,16681
Lei,Beijing,Lei,male,59,2374
Gisbert,,Gisbert,male,98,96
Piotr,,Piotr,male,99,45729
Henry,Suzhou,Henry,male,99,32139
Marius,,Marius,male,99,15477
Paolo,,Paolo,male,99,60571
Stuart,,Stuart,male,99,12253
Matthias,,Matthias,male,100,17148
Vladimir,USA,Vladimir,male,100,690
Huan,Beijing,Huan,male,84,956
Ruth,,Ruth,female,98,20411
Timothy,USA,Timothy,male,100,9427
Thomas,USA,Thomas,male,100,20215
Sue-Lein,Hsinchu,Sue-Lein,female,97,14677
David,USA,David,male,100,65535
Jaephil,Ulsan,Jaephil,male,75,4
Xile,,Xile,male,64,14
Sebastian,,Sebastian,male,99,47850
Hua,Singapore,Hua,male,86,14
Wojciech,,Wojciech,male,100,8514
Dawei,Shanghai,Dawei,male,95,164
Chisato,Kanazawa,Chisato,female,82,92
Mingwei,Sendai,Mingwei,male,73,41
Naoki,Kobe,Naoki,male,98,944
Katsuhiko,Kyushu,Katsuhiko,male,100,104
Matthew,,Matthew,male,100,51412
Jianhua,"Hong Kong",Jianhua,male,75,4
Vivek,,Vivek,male,100,17801
Marco,,Marco,male,99,133237
Jiarui,Guangzhou,Jiarui,male,85,79
Xingang,Shanghai,Xingang,male,100,10
Cyril,,Cyril,male,98,21612
Jian,,Jian,male,89,1215
David,USA,David,male,100,65535
Thomas,,Thomas,male,99,129177
Jean-François,,Jean-François,male,99,4129
Karl,,Karl,male,98,18575
Uwe,Nice,Uwe,male,99,8221
Liming,Shaanxi,Liming,male,73,120
Michael,,Michael,male,99,211741
Roland,,Roland,male,99,22308
Sijbren,,Sijbren,male,100,4
Gary,USA,Gary,male,100,13394
Ayyappanpillai,,,,,
Arun,"New Zealand",Arun,male,95,21
Xiao-Ming,Ganzhou,Xiao-Ming,male,68,4464
Jieping,,Jieping,female,67,3
Michael,USA,Michael,male,100,65535
Chan,Daejeon,Chan,male,67,4404
Werner,,Werner,male,99,7865
Jarl,,Jarl,male,97,177
Yefeng,Beijing,Yefeng,male,100,13
Gerhard,,Gerhard,male,99,4931
Annie,,Annie,female,98,24785
Victoria,USA,Victoria,female,98,8761
Thisbe,,Thisbe,female,100,8
Fredrik,Göteborg,Fredrik,male,99,7147
Ashutosh,USA,Ashutosh,male,100,81
François,,François,male,99,16142
Prashant,USA,Prashant,male,100,233
Hongzheng,Hangzhou,Hongzheng,male,100,5
Xiaobing,Suzhou,Xiaobing,male,81,43
Katsuhiko,Ibaraki,Katsuhiko,male,100,104
Czesław,,Czesław,male,98,523
Hak-Sung,Daejeon,Hak-Sung,male,88,1504
Stephen,Dublin,Stephen,male,99,46085
Stefan,Zurich,Stefan,male,98,50890
Huanfeng,Guangzhou,,,,
Vy,USA,Vy,female,81,105
Xueyuan,Fujian,Xueyuan,male,57,7
Masayoshi,Yokohama,Masayoshi,male,100,173
François,USA,François,male,99,73
Steven,,Steven,male,99,59951
Yuxue,Shanghai,Yuxue,female,100,3
Yi,,Yi,male,61,1397
Sara,USA,Sara,female,99,13063
Jin-Quan,USA,Quan,male,93,216
Xiaogang,Jilin,Xiaogang,male,100,46
Jieping,,Jieping,female,67,3
Jinhua,Ibaraki,Jinhua,female,83,98
Yanli,Singapore,Yanli,female,75,4
Hanbin,USA,Hanbin,male,100,4
Mathias,USA,Mathias,male,100,3505
Markus,USA,Markus,male,100,4802
Geoffrey,,Geoffrey,male,99,11232
Kay,École,Kay,female,54,11472
Feng-Ling,Shanghai,Feng-Ling,female,56,3601
Jose,,Jose,male,97,148383
Gopalan,,Gopalan,male,97,98
Hanfeng,Hangzhou,Hanfeng,male,100,12
Steven,,Steven,male,99,59951
Ehud,,Ehud,male,100,93
Hung-wen,USA,Hung,male,98,264
Si-Dian,Taiyuan,Si-Dian,female,55,8488
Michael,USA,Michael,male,100,65535
Hiroshi,Kyoto,Hiroshi,male,99,1730
Henrik,,Henrik,male,99,7063
Peter,,Peter,male,99,146529
Modesto,Barcelona,Modesto,male,98,660
Hitoshi,Sendai,Hitoshi,male,98,379
Duncan,,Duncan,male,99,6587
Peter,,Peter,male,99,146529
Axel,,Axel,male,98,15264
Evamarie,,Evamarie,female,100,30
Shu-Li,Shanghai,Shu-Li,female,50,5147
Keiichi,,Keiichi,male,100,196
Varinder,,Varinder,male,94,496
Jun,,Jun,male,88,6829
Tomoaki,,Tomoaki,male,100,186
Kurt,,Kurt,male,99,11034
Kenichiro,Nagoya,Kenichiro,male,100,113
Kazuya,Osaka,Kazuya,male,100,609
Jingsong,Chengdu,Jingsong,male,88,8
Ilko,,Ilko,male,92,91
Thorsten,,Thorsten,male,99,5261
Alexey,,Alexey,male,100,7132
Keiji,Nagasaki,Keiji,male,99,237
Brooks,USA,Brooks,male,98,3083
Kristian,,Kristian,male,98,9945
Scott,,Scott,male,100,48262
Christoph,Leeds,Christoph,male,99,9324
Franc,,Franc,male,96,2349
Felix,,Felix,male,98,24864
Bradley,USA,Bradley,male,99,3685
Markus,,Markus,male,99,30782
Yi-Fang,Wuhan,Yi-Fang,female,100,6
James,USA,James,male,100,47200
Kei,Tokyo,Kei,male,74,1478
Johannes,,Johannes,male,99,7870
Jin-Heng,Changsha,Jin-Heng,male,73,5481
J,USA,,,,
Cristina,,Cristina,female,98,70974
Sheng,USA,Sheng,male,67,55
Liming,USA,Liming,male,69,13
Lutz,,Lutz,male,98,1744
Masahiro,Osaka,Masahiro,male,100,783
Christian,,Christian,male,100,48300
Alexander,,Alexander,male,99,56237
Haibo,Nanjing,Haibo,male,95,87
Junlin,,Junlin,male,86,28
Xile,,Xile,male,64,14
Syuzanna,Groningen,Syuzanna,female,98,50
Christoph,,Christoph,male,99,9324
Corrie,Wageningen,Corrie,female,84,1151
Horst,Lausanne,Horst,male,98,4102
William,"United Kingdom",William,male,99,6082
Craig,Brisbane,Craig,male,100,24286
Daniele,,Daniele,male,87,46369
Beat,,Beat,male,100,68
Guido,,Guido,male,99,10286
Fabio,,Fabio,male,99,72039
Banglin,USA,,,,
Jianwei,Guangzhou,Jianwei,male,97,65
Qichun,Singapore,Qichun,male,100,4
Jonas,USA,Jonas,male,100,2557
Benjamin,,Benjamin,male,99,50718
Norbert,,Norbert,male,99,12597
Jayaraman,USA,Jayaraman,male,100,4
Herbert,,Herbert,male,99,9602
Frank,,Frank,male,99,66241
Mao-Ping,Henan,Mao-Ping,male,66,3100
Chad,USA,Chad,male,100,9565
Jinbo,,Jinbo,male,93,27
Yusuke,Tokyo,Yusuke,male,99,1232
Jiří,,Jiří,male,99,10464
Annette,Jeddah,Annette,female,98,8428
Makoto,Sendai,Makoto,male,95,1208
Haifeng,Beijing,Haifeng,male,94,126
Chad,USA,Chad,male,100,9565
Vincent,USA,Vincent,male,100,4308
Linyong,,Linyong,male,100,3
Donald,,Donald,male,99,12793
Thomas,,Thomas,male,99,129177
Vladislav,Xiamen,Vladislav,male,99,3313
Guillermo,USA,Guillermo,male,99,1128
Vladimir,,Vladimir,male,99,21639
Jiangtao,Changzhou,Jiangtao,male,100,28
Rongbiao,HK,,,,
Hong-Cai,USA,Hong,female,53,198
Rienk,,Rienk,male,100,53
Peng,Tianjin,Peng,male,84,1353
Hideo,Yokohama,Hideo,male,100,254
Chris,USA,Chris,male,96,56027
Chia-Min,Hsinchu,Chia-Min,male,80,5
Janusz,,Janusz,male,99,6824
Shi,SA,Shi,male,63,8
François,,François,male,99,16142
Fritz,,Fritz,male,96,3044
Mari,,Mari,female,94,24990
Yong,Shanghai,Yong,male,87,2262
Xiaoming,Chengdu,Xiaoming,male,83,144
Brian,USA,Brian,male,100,40133
Yasumaru,Toyama,,,,
Paul,,Paul,male,99,140849
Michael,,Michael,male,99,211741
Bas,University,Bas,male,97,4840
Yong,Shanghai,Yong,male,87,2262
Makoto,Tokyo,Makoto,male,95,1208
Liangti,Beijing,,,,
Nicolai,,Nicolai,male,99,1109
Xiangfeng,Lanzhou,Xiangfeng,male,93,15
Stephen,USA,Stephen,male,100,16681
Nanping,Nanjing,Nanping,male,67,3
Andrew,,Andrew,male,99,82448
Nicholas,Fife,Nicholas,male,100,21206
Shana,ON,Shana,female,96,2786
Steven,,Steven,male,99,59951
Mark,Ontario,Mark,male,100,48064
Xuehai,Beijing,Xuehai,male,71,7
Amir,USA,Amir,male,99,1015
Robert,British,Robert,male,99,145540
Donghan,,Donghan,male,97,30
Sjoerd,,Sjoerd,male,99,949
Rei,Singapore,Rei,female,82,11
Jim,Singapore,Jim,male,96,137
Robert,USA,Robert,male,100,43118
G,,,,,
Javier,,Javier,male,99,67247
Li-Jun,Beijing,Li-Jun,male,73,10994
William,USA,William,male,100,24483
Jinfang,,Jinfang,unknown,50,4
Douglas,,Douglas,male,99,18529
Christoph,,Christoph,male,99,9324
Tadashi,Okayama,Tadashi,male,99,370
Shun,Hengyang,Shun,male,92,989
William,"United Kingdom",William,male,99,6082
Sylviane,,Sylviane,female,98,3390
Kurosch,Bremen,Kurosch,male,100,10
Dang,Shenyang,Dang,male,71,1588
Barbara,,Barbara,female,98,58381
Dirk,,Dirk,male,99,14847
Gernot,Shanghai,Gernot,male,99,579
Zhengtao,"Hong Kong",Zhengtao,male,100,6
Marcel,,Marcel,male,99,41885
Zhenfeng,Beijing,Zhenfeng,male,100,11
Yongan,USA,Yongan,male,75,4
Phil,USA,Phil,male,100,5283
Ben,Groningen,Ben,male,97,73526
Alfons,Utrecht,Alfons,male,96,1419
Hongjie,,Hongjie,male,69,29
Nicolai,,Nicolai,male,99,1109
Wolfgang,,Wolfgang,male,99,10782
Xue-Wei,Singapore,Wei,male,80,153
Cláudio,USA,Cláudio,male,100,12
Anita,USA,Anita,female,98,3169
Ben,"Hong Kong",Ben,male,99,351
Brant,USA,Brant,male,100,2241
Christopher,USA,Christopher,male,100,26017
Jie,Anhui,Jie,male,61,1651
Andreas,,Andreas,male,99,44818
Ashutosh,USA,Ashutosh,male,100,81
Xiaoming,Chengdu,Xiaoming,male,83,144
David,,David,male,99,381770
Thomas,USA,Thomas,male,100,20215
M,USA,,,,
Hans-Achim,,Hans-Achim,male,98,30970
Didier,,Didier,male,98,29191
Stephen,USA,Stephen,male,100,16681
Juan,Kyiv,Juan,male,98,106011
Xiaoguang,Beijing,Xiaoguang,male,100,38
Liangmin,Qingdao,Liangmin,male,75,4
Ming-Yu,USA,Ming,male,73,237
Huisheng,Shanghai,Huisheng,male,86,7
Ivan,,Ivan,male,99,80498
Kazunori,Ibaraki,Kazunori,male,100,208
Michael,USA,Michael,male,100,65535
Karl,,Karl,male,98,18575
Torsten,,Torsten,male,99,5046
Carol,Oxford,Carol,female,97,29790
Nan,,Nan,female,71,3704
Insung,Daejeon,Insung,male,96,55
Gerhard,,Gerhard,male,99,4931
Daniel,USA,Daniel,male,100,35866
Didier,,Didier,male,98,29191
Pablo,Milano,Pablo,male,99,51159
Chisato,Kanazawa,Chisato,female,82,92
Hong-Gang,Beijing,Hong-Gang,male,53,4355
Kosuke,Tokushima,Kosuke,male,99,286
Shengming,Shanghai,Shengming,male,100,5
Yousoo,Ibaraki,Yousoo,male,75,4
Michael,,Michael,male,99,211741
Ki-Bum,USA,Bum,male,69,13
Koichi,Toyama,Koichi,male,99,473
Benjamin,Mülheim,Benjamin,male,99,50718
Brooks,USA,Brooks,male,98,3083
Bengang,,,,,
Jian,,Jian,male,89,1215
Anders,,Anders,male,99,9660
Einar,,Einar,male,99,564
Gijsbert,,Gijsbert,male,100,75
Kenichiro,Nagoya,Kenichiro,male,100,113
Frank,,Frank,male,99,66241
Timothy,,Timothy,male,99,15778
Lynn,Cambridge,Lynn,female,92,11199
Zuowei,"Hong Kong",Zuowei,male,100,3
Guibin,Beijing,Guibin,male,100,6
Hisashi,Aichi,Hisashi,male,99,188
Tai-Chu,"Hong Kong",Tai,male,84,37
Timothy,USA,Timothy,male,100,9427
Hartmut,,Hartmut,male,99,1298
Marco,,Marco,male,99,133237
Tanja,,Tanja,female,98,13686
Alberto,Tsukuba,Alberto,male,99,73988
Ian,"New Zealand",Ian,male,99,213
Lei,Jinan,Lei,male,59,2374
Jean-Louis,,Jean-Louis,male,99,3815
Neil,USA,Neil,male,100,3353
Norman,USA,Norman,male,100,1447
Hendrik,,Hendrik,male,99,4118
Shu-Li,Shanghai,Shu-Li,female,50,5147
Abhik,,Abhik,male,100,320
Neal,USA,Neal,male,100,1543
Olivier,,Olivier,male,99,50237
Dennis,Kanazawa,Dennis,male,99,44146
DaWeon,USA,,,,
Wonhwa,USA,Wonhwa,male,75,4
G,,,,,
Georg,,Georg,male,99,4616
Robert,,Robert,male,99,145540
H-Jürgen,,H-Jürgen,male,100,3
Mukund,Fargo,Mukund,male,100,933
Lloyd,USA,Lloyd,male,100,1112
Stefan,USA,Stefan,male,100,1196
Piotr,,Piotr,male,99,45729
Hiroshi,,Hiroshi,male,99,1730
Yasuhiro,Tokyo,Yasuhiro,male,100,455
Chao-Jun,QC,Chao-Jun,male,88,7964
Kay,,Kay,female,54,11472
Thomas,,Thomas,male,99,129177
Jean-Luc,,Jean-Luc,male,99,6928
Carl,,Carl,male,98,18194
Li-Jun,Beijing,Li-Jun,male,73,10994
Kálmán,Stockholm,Kálmán,male,98,686
Michael,USA,Michael,male,100,65535
Jan,,Jan,male,92,104026
Vladimir,USA,Vladimir,male,100,690
Carsten,,Carsten,male,99,5153
Miaofang,USA,Miaofang,female,75,4
Marcel,Mansoura,Marcel,male,99,41885
Dipankar,British,Dipankar,male,100,1261
Shoujun,USA,Shoujun,male,75,4
Ishan,USA,Ishan,male,98,102
Xin-bo,,Xin-Bo,male,79,7048
Niren,Emory,Niren,male,94,49
Xing,Beijing,Xing,male,70,545
Hisashi,USA,Hisashi,male,100,6
Nicolas,,Nicolas,male,99,79977
Patrik,,Patrik,male,99,13539
Xiulin,Suzhou,Xiulin,female,100,4
Ashraf,Beer-Sheva,Ashraf,male,98,10005
Naohiko,Singapore,Naohiko,male,100,20
Frank,,Frank,male,99,66241
Yujie,Anhui,Yujie,female,63,96
Agustí,,Agustí,male,100,81
Kenneth,USA,Kenneth,male,100,7907
Peng-Fei,Lanzhou,Peng-Fei,male,74,2556
Martin,,Martin,male,98,139211
Ujjal,,Ujjal,male,99,342
Ullrich,,Ullrich,male,96,100
Paul,,Paul,male,99,140849
Yongshu,Shanghai,Yongshu,female,75,4
Steven,USA,Steven,male,100,19562
Shigeyoshi,,Shigeyoshi,male,100,20
Bruce,USA,Bruce,male,100,6899
M,Campus,,,,
Christopher,Huddersfield,Christopher,male,99,55041
He,Shanghai,He,male,71,769
Daniel,,Daniel,male,99,257742
Richard,Zürich,Richard,male,99,97659
Gottfried,ACT,Gottfried,male,100,354
Feng,"Hong Kong",Feng,male,100,14
Dongzhi,China,Dongzhi,male,75,4
Omar,USA,Omar,male,99,3202
Hong,USA,Hong,female,53,198
Takuji,Kyoto,Takuji,male,100,59
Jian,,Jian,male,89,1215
Eric,USA,Eric,male,100,31662
Yasushi,Okayama,Yasushi,male,99,226
Chi-Ming,"Hong Kong",Ming,male,89,338
John,USA,John,male,100,65535
Aiguo,,Aiguo,male,90,10
Louise,USA,Louise,female,98,1349
Horst,,Horst,male,98,4102
Bin,Singapore,Bin,male,88,25
Puru,USA,Puru,male,100,4
Chao-Jun,Jinggangshan,Chao-Jun,male,88,7964
Yi,,Yi,male,61,1397
John,,John,male,99,219085
Licheng,,Licheng,male,85,20
Wonyong,,Wonyong,male,100,28
Dawei,Shanghai,Dawei,male,95,164
Boris,,Boris,male,99,15168
Hongbin,,Hongbin,male,91,47
Stefan,,Stefan,male,98,50890
Jeffrey,ON,Jeffrey,male,100,19324
Roberto,"United Kingdom",Roberto,male,99,890
Steffen,Edinburgh,Steffen,male,99,6430
Jian,Shanghai,Jian,male,89,1215
James,"United Kingdom",James,male,99,34517
Xingyu,Beijing,Xingyu,male,84,37
Antje,USA,Antje,female,96,26
Tatsumi,Saitama,Tatsumi,male,90,51
Feng,,Feng,male,81,1386
Ang,Shanghai,Ang,female,53,1491
Juan,Kyoto,Juan,male,98,106011
Jean-François,,Jean-François,male,99,4129
Erick,Zürich,Erick,male,99,15004
Stefano,,Stefano,male,99,56062
Helma,,Helma,female,98,443
Matthias,,Matthias,male,100,17148
Toshiyuki,,Toshiyuki,male,100,285
R,,,,,
Mikael,,Mikael,male,99,11092
Peter,,Peter,male,99,146529
Ai-Lan,Edinburgh,Ai-Lan,female,75,5214
Françoise,Strasbourg,Françoise,female,98,9952
Tom,USA,Tom,male,100,19527
Yukihiro,Changchun,Yukihiro,male,99,143
Richard,,Richard,male,99,97659
Wolfgang,,Wolfgang,male,99,10782
Christian,,Christian,male,100,48300
Bernhard,,Bernhard,male,98,4878
María,,María,female,98,11821
Agnieszka,,Agnieszka,female,98,37758
David,,David,male,99,381770
Mei-Xiang,Beijing,Mei-Xiang,female,73,3092
Ewa,,Ewa,female,98,25452
Kenzo,Tokyo,Kenzo,male,93,1741
Tim,,Tim,male,99,52554
Jerry,USA,Jerry,male,99,8844
Seeram,,Seeram,male,75,12
Xumu,,Xumu,male,75,4
Shun,Tokyo,Shun,male,92,989
Nenad,USA,Nenad,male,96,48
Xinjing,Xueyuan,Xinjing,female,80,5
Masahiro,Sendai,Masahiro,male,100,783
Gerd,,Gerd,male,87,3758
Ali,,Ali,male,94,240857
Andrew,,Andrew,male,99,82448
Rolf,Location:,Rolf,male,99,5940
Konstantin,,Konstantin,male,99,5001
Stefan,"United Kingdom",Stefan,male,99,1188
Younan,USA,Younan,male,100,6
Makoto,,Makoto,male,95,1208
Markus,Göttingen,Markus,male,99,30782
Sensuke,Osaka,Sensuke,male,75,4
Jean'ne,USA,Jeanne,female,99,1930
Takayuki,Toyonaka,Takayuki,male,100,625
Dirk,,Dirk,male,99,14847
Roderick,York,Roderick,male,100,8107
Manfred,,Manfred,male,99,7550
Shengming,Shanghai,Shengming,male,100,5
Jing,Gansu,Jing,female,75,2534
Damien,Paris,Damien,male,99,30575
Matthew,,Matthew,male,100,51412
Jianrong,,Jianrong,male,82,11
Magnus,,Magnus,male,99,5496
Matthias,,Matthias,male,100,17148
Andrey,,Andrey,male,99,14894
Hiroaki,Osaka,Hiroaki,male,100,552
Gregory,USA,Gregory,male,100,6184
Eric,Daegu,Eric,male,99,121922
Andrew,Taipei,Andrew,male,99,82448
Ingo,,Ingo,male,99,3608
David,Queensland,David,male,99,381770
Hung-wen,Korea,Hung-Wen,male,100,6
Qiaobing,USA,,,,
Junqiu,Changchun,Junqiu,unknown,50,2
Jie,USA,Jie,male,55,176
Ichio,Tokyo,Ichio,male,75,4
Ivan,,Ivan,male,99,80498
Chuanbin,Guangzhou,Chuanbin,male,100,3
Wenhao,,Wenhao,male,97,76
Dietmar,,Dietmar,male,99,1635
Hidetoshi,Sendai,Hidetoshi,male,99,100
Sven,,Sven,male,99,19537
Russell,St,Russell,male,99,7800
Magnus,,Magnus,male,99,5496
Willem,Dreijenlaan,Willem,male,98,4919
Yonggui,Singapore,Yonggui,unknown,50,2
Gautam,Bangalore,Gautam,male,100,4304
Georgios,Crete,Georgios,male,99,1597
Dunwei,,,,,
Zheng,USA,Zheng,male,85,108
Marinella,,Marinella,female,98,1195
Shu-Hong,Hefei,Shu-Hong,female,50,4835
Martin,,Martin,male,98,139211
Beáta,,Beáta,female,99,1710
Minghua,,Minghua,female,71,70
Angelo,,Angelo,male,98,42678
Rei,,Rei,male,61,985
Dongsheng,Beijing,Dongsheng,male,97,30
Alexander,USA,Alexander,male,100,6939
Yulin,Hunan,Yulin,female,64,118
Qi-Lin,Tianjin,Qi-Lin,female,56,7013
Yair,,Yair,male,100,3538
Anders,ON,Anders,male,99,9660
Shana,,Shana,female,96,2786
Jean-François,Beijing,Jean-François,male,99,4129
Jianbo,ON,Jianbo,male,100,38
Guy,,Guy,male,98,20859
Cheuk-Wai,Madrid,Cheuk-Wai,male,78,1326
Bruno,Shaanxi,Bruno,male,99,87062
Zhichao,Beijing,Zhichao,male,87,38
Zheng,,Zheng,male,76,882
Allan,USA,Allan,male,100,1835
Huw,,Huw,male,99,360
Martin,Haifa,Martin,male,98,139211
Markus,,Markus,male,99,30782
Iain,,Iain,male,99,2910
Ruchir,Bangalore,Ruchir,male,100,272
Andrew,Tokyo,Andrew,male,99,82448
Noritaka,Edinburgh,Noritaka,male,100,38
Alan,Kyoto,Alan,male,99,44635
Rowan,,Rowan,male,97,12031
Atsuhiro,Tokyo,Atsuhiro,male,100,20
Mark,,Mark,male,100,48064
Takayoshi,,Takayoshi,male,100,93
Anne,,Anne,female,98,48855
Nicolai,,Nicolai,male,99,1109
Muriel,,Muriel,female,97,9177
Jun,USA,Jun,male,86,387
Ning,,Ning,female,74,1915
David,,David,male,99,381770
Michael,,Michael,male,99,211741
Martin,,Martin,male,98,139211
Carsten,Cambridge,Carsten,male,99,5153
Jairton,Kobe,Jairton,male,100,25
David,Jilin,David,male,99,381770
Tooru,,Tooru,male,96,72
Xuping,Hsinchu,Xuping,male,60,5
Viktor,,Viktor,male,98,14163
Rai-Shung,Bangalore,Rai-Shung,male,78,1557
Angelika,Bayer,Angelika,female,98,9509
Muthusamy,,Muthusamy,male,98,65
Guido,USA,Guido,male,100,184
Torleif,Madrid,Torleif,male,100,53
Lucio,Guangzhou,Lucio,male,99,7323
Andrés,,Andrés,male,99,6036
Ming-Liang,Shanghai,Ming-Liang,male,79,3979
Christian,,Christian,male,100,48300
Junliang,,Junliang,male,100,12
Berthold,,Berthold,male,100,302
Paul,USA,Paul,male,100,28746
Stijn,Nanjing,Stijn,male,99,1924
Paul,"Hong Kong",Paul,male,100,369
Zijian,,Zijian,male,89,37
Shihe,,Shihe,male,83,6
Kenichiro,USA,Kenichiro,male,100,8
Ralf,Shizuoka,Ralf,male,99,9994
David,Xi'an,David,male,99,381770
Kenji,Tianjin,Kenji,male,98,1939
Xiong,,Xiong,male,79,207
Jun,Kyoto,Jun,male,88,6829
Thorsten,,Thorsten,male,99,5261
Michinori,USA,Michinori,male,75,4
Sujoy,,Sujoy,male,100,518
Christopher,Aarhus,Christopher,male,99,55041
Nai-Feng,Sapporo,Nai-Feng,male,69,2121
Trolle,Dublin,Trolle,male,100,15
Akira,,Akira,female,73,7383
Christopher,Amsterdam,Christopher,male,99,55041
Andriy,,Andriy,male,99,1458
Koop,USA,Koop,male,75,4
Bart,,Bart,male,99,11007
Theodor,Xuzhou,Theodor,male,99,510
Magnus,,Magnus,male,99,5496
Guoyue,,Guoyue,male,75,4
Norbert,,Norbert,male,99,12597
Roeland,USA,Roeland,male,100,6
Sung-Min,,Sung-Min,male,100,27
Phil,,Phil,male,98,25391
Jeffrey,Osaka,Jeffrey,male,100,19324
Michael,Delft,Michael,male,99,211741
Vadim,Anhui,Vadim,male,99,5361
Bernard,,Bernard,male,98,30260
Yi,Guangzhou,Yi,male,61,1397
Johannes,,Johannes,male,99,7870
Zong-Wan,,Zong,male,82,79
Gerhard,Avenida,Gerhard,male,99,4931
Thibault,Shanghai,Thibault,male,98,5357
Paolo,,Paolo,male,99,60571
Shaoliang,,Shaoliang,male,100,5
Patrik,,Patrik,male,99,13539
Carlo,USA,Carlo,male,100,2765
Jeffrey,USA,Jeffrey,male,100,10439
Thomas,USA,Thomas,male,100,20215
Shaoyi,USA,Shaoyi,male,67,6
Neil,,Neil,male,99,16868
Chris,Ontario,Chris,male,93,163699
Beat,,Beat,male,100,68
Ya-Huei,,Ya-Huei,female,100,3
Oddur,Suzhou,Oddur,male,100,21
Jianrong,,Jianrong,male,82,11
Helge,Changchun,Helge,female,54,2126
Stephan,,Stephan,male,99,19941
Bai,Beijing,Bai,male,68,466
Francesc,Oviedo,Francesc,male,98,1852
Xiaoguang,USA,Xiaoguang,male,100,5
Alfredo,,Alfredo,male,99,21417
John,Dortmund,John,male,99,219085
Bert,USA,Bert,male,97,646
Herbert,USA,Herbert,male,100,4471
Marek,Jiangsu,Marek,male,99,46276
Christopher,Dalian,Christopher,male,99,55041
Pixu,Fuzhou,Pixu,male,71,17
Boshun,,,,,
Xinchen,Guangzhou,Xinchen,male,56,9
Ralf,,Ralf,male,99,9994
Chi-Ming,USA,Ming,male,73,237
Ulrich,,Ulrich,male,98,3912
William,Marseille,William,male,99,67797
Oliver,,Oliver,male,98,22853
Ling,Chengdu,Ling,female,79,2215
Michael,,Michael,male,99,211741
Jingsong,Qld,Jingsong,male,88,8
Joost,,Joost,male,99,2229
David,,David,male,99,381770
Liu-Zhu,USA,Liu,male,64,109
SonBinh,,Sonbinh,male,75,4
George,,George,male,99,63411
Thomas,Tokyo,Thomas,male,99,129177
Christian,Jinan,Christian,male,100,48300
Yoshiaki,USA,Yoshiaki,male,100,4
Bo,Institut,Bo,male,85,5389
James,USA,James,male,100,47200
Gerhard,,Gerhard,male,99,4931
Peter,Münster,Peter,male,99,146529
Tapas,Hefei,Tapas,male,99,1018
Ryan,,Ryan,male,99,64450
Shu-Hong,Chengdu,Shu-Hong,female,50,4835
Zhixian,,Zhixian,female,54,13
Lihua,USA,Lihua,female,100,5
Thomas,,Thomas,male,99,129177
Allen,Chengdu,Allen,male,96,10293
Yingfu,Hangzhou,Yingfu,male,60,5
Xiaoming,,Xiaoming,male,83,144
Bing-Feng,Shanghai,Bing-Feng,male,73,2443
Alfonso,Beijing,Alfonso,male,99,24668
Kim,USA,Kim,female,94,14095
Jianbo,Universität,Jianbo,male,100,38
Ramesh,,Ramesh,male,99,13662
Ivana,,Ivana,female,97,28763
Paul,Durham,Paul,male,99,140849
Haibo,USA,Haibo,male,100,6
Andrew,Coventry,Andrew,male,99,82448
Enrique,,Enrique,male,99,19657
Manuela,,Manuela,female,98,25705
Jean-Marie,USA,Jean-Marie,male,67,43
Sander,Guangzhou,Sander,male,98,4407
Daniel,Bristol,Daniel,male,99,257742
Wenjie,,Wenjie,male,67,155
Michael,Tokyo,Michael,male,99,211741
Hiroshi,,Hiroshi,male,99,1730
Makoto,USA,Makoto,male,85,41
Stefanie,Singapore,Stefanie,female,100,16
Donna,,Donna,female,98,18923
Choon-Hong,Dalian,Choon-Hong,female,52,3972
Ricardo,,Ricardo,male,99,70541
Kazunari,,Kazunari,male,100,93
Guillaume,,Guillaume,male,99,37030
Jörg-M,Shanghai,Jörg-M,male,99,6663
Hon,,Hon,male,85,486
Yuanhong,Guangzhou,Yuanhong,female,75,4
Gang,Irvine,,,,
Tong-Bu,Cambridge,Tong-Bu,male,78,2960
Markus,,Markus,male,99,30782
Erwin,India,Erwin,male,100,18
Norbert,Suwon,Norbert,male,99,12597
Debabrata,Singapore,Debabrata,male,75,4
Sang-Woo,,Sang-Woo,male,100,8
Xiaogang,,Xiaogang,male,100,46
Paul,Beijing,Paul,male,99,140849
Wen-Feng,,Wen-Feng,male,59,3371
Song,USA,Song,male,100,74
Xin-Yuan,,Xin-Yuan,male,58,3322
Christopher,,Christopher,male,99,55041
Rainer,Christchurch,Rainer,male,99,5435
Guntae,Kyoto,Guntae,male,100,5
Antony,"New Zealand",Antony,male,100,32
Koji,,Koji,male,98,1020
Jasna,,Jasna,female,98,1058
Bernhard,,Bernhard,male,98,4878
Bert,USA,Bert,male,97,646
Jan,USA,Jan,female,77,3645
Tim,,Tim,male,99,52554
Jonathan,,Jonathan,male,99,84386
Nobuko,USA,Nobuko,female,89,9
Jochen,,Jochen,male,99,2695
Hemamala,Sapporo,,,,
Peter,Bellaterra,Peter,male,99,146529
Shigeyuki,Qingdao,Shigeyuki,male,100,41
Alexandr,USA,Alexandr,male,100,67
Zhengwu,,Zhengwu,male,75,4
Pavel,Kgs,Pavel,male,98,48181
Thomas,USA,Thomas,male,100,20215
Søren,,Søren,male,100,1477
Carlos,,Carlos,male,99,174998
Ryo,Kyoto,Ryo,male,97,2815
Geoffrey,,Geoffrey,male,99,11232
Motonari,,Motonari,male,100,18
Nathalie,USA,Nathalie,female,98,4545
Stephan,Beijing,Stephan,male,99,19941
Paul,Madison,Paul,male,99,140849
Jianbo,,Jianbo,male,100,38
Roger,,Roger,male,99,34849
Richard,Nanjing,Richard,male,99,97659
Wolfgang,USA,Wolfgang,male,99,185
Ren-Gen,USA,Gen,female,72,141
James,,James,male,99,131879
Bruce,,Bruce,male,99,14681
David,Shanghai,David,male,99,381770
Shusen,L'Hospitalet,Shusen,male,100,5
Fan,Tokyo,Fan,male,63,1956
Rodolfo,Reading,Rodolfo,male,100,14519
Tomiki,,,,,
Richard,Avda/de,Richard,male,99,97659
Juan,Shanghai,Juan,male,98,106011
Hermenegildo,,Hermenegildo,male,99,444
Ran,,Ran,male,65,1586
Uli,USA,Uli,male,65,31
Koichi,,Koichi,male,99,473
R,USA,,,,
C,Jena,,,,
Mohammad,USA,Mohammad,male,99,1098
Daniel,USA,Daniel,male,100,35866
Derk,Biomateriales,Derk,male,96,321
Francesc,USA,Francesc,male,100,11
Knut,,Knut,male,99,1130
Eugene,,Eugene,male,97,9688
Andreas,Fujian,Andreas,male,99,44818
Kenso,Manchester,Kenso,male,100,14
Guo-Cong,Changsha,Guo-Cong,male,82,1547
Michael,USA,Michael,male,100,65535
Jin-Heng,USA,Jin,male,68,337
Yian,Pohang,Yian,male,55,80
Jacquelyn,USA,Jacquelyn,female,100,16056
Hyung,Beijing,Hyung,male,93,145
Venkat,,Venkat,male,100,4471
Shi-Gang,,Shi-Gang,male,69,1481
Melanie,,Melanie,female,98,35986
Mark,USA,Mark,male,100,47989
Wenhao,,Wenhao,male,97,76
Ji-Xin,Seoul,Ji-Xin,male,73,6291
Igor,ACT,Igor,male,99,31134
Jongheop,Tokyo,,,,
Thomas,,Thomas,male,99,129177
Makoto,Geneva,Makoto,male,95,1208
Nicolas,,Nicolas,male,99,79977
Stefan,,Stefan,male,98,50890
Sijbren,Shanghai,Sijbren,male,100,4
Kay,,Kay,female,54,11472
Yong,,Yong,male,87,2262
Lbachir,Singapore,Lbachir,male,100,14
Songi,,Songi,female,83,12
Xiaodong,USA,Xiaodong,male,89,18
David,Eindhoven,David,male,99,381770
Ali,Taiwan,Ali,male,63,54
Emiel,,Emiel,male,98,571
Tiow-Gan,Chongqing,Tiow-Gan,male,74,658
Guo-Xin,,Guo-Xin,male,60,2231
Marc,Kagoshima,Marc,male,99,77461
Oliver,USA,Oliver,male,99,1490
Hiroshi,USA,Hiroshi,male,100,56
Matthew,,Matthew,male,100,51412
Guihua,Oxford,Guihua,female,89,19
Dennis,,Dennis,male,99,44146
Christopher,,Christopher,male,99,55041
Markus,,Markus,male,99,30782
Yong,USA,Yong,male,82,158
Rainer,,Rainer,male,99,5435
Moritz,,Moritz,male,99,1782
Jörg,Bangalore,Jörg,male,99,6663
Sascha,,Sascha,male,97,13412
Kavirayani,Leiden,Kavirayani,male,75,4
David,USA,David,male,100,65535
Herman,,Herman,male,99,10036
Manjunath,Hiroshima,Manjunath,male,100,2523
Alejandro,,Alejandro,male,99,45618
Ken,,Ken,male,98,28348
Qian,,Qian,female,65,678
Quan-Ming,,Quan-Ming,male,83,4322
Azzedine,USA,Azzedine,male,100,5
Gong-Li,Shenzhen,Gong-Li,female,51,4429
Dong,,Dong,male,87,2212
Chi-Sing,FAMU-FSU,Chi-Sing,female,53,3389
F,USA,,,,
Biwu,,Biwu,male,75,4
Regan,Xiamen,Regan,female,92,6034
Magnus,,Magnus,male,99,5496
Eric,USA,Eric,male,100,31662
Varinder,Changsha,Varinder,male,94,496
David,,David,male,99,381770
Atsuhiro,,Atsuhiro,male,100,20
Luc,Tokyo,Luc,male,97,18065
Ruben,Maharashtra,Ruben,male,99,34120
Kenneth,USA,Kenneth,male,100,7907
Venkataramanarao,Changzhou,Venkataramanarao,male,100,4
Chaoyang,Kyoto,Chaoyang,male,100,17
Jiangtao,Shenyang,Jiangtao,male,100,28
Keiji,Anhui,Keiji,male,99,237
Dang,,Dang,male,71,1588
Yujie,USA,Yujie,female,53,17
William,USA,William,male,100,24483
Tehshik,,,,,
Shouheng,USA,Shouheng,male,75,4
Danielle,,Danielle,female,96,32183
David,,David,male,99,381770
Markus,,Markus,male,99,30782
Herbert,Beijing,Herbert,male,99,9602
Dominik,Shanghai,Dominik,male,98,21763
Huimin,,Huimin,female,85,87
Huisheng,USA,Huisheng,male,75,4
Lutz,,Lutz,male,98,1744
Bradley,,Bradley,male,99,6719
Tom,Qingdao,Tom,male,99,87429
José,,José,male,98,35243
Liangmin,,Liangmin,male,75,4
David,UP.,David,male,99,381770
Javier,USA,Javier,male,99,2984
Vinod,Beijing,Vinod,male,100,11430
George,,George,male,99,63411
Zhaoxia,USA,Zhaoxia,female,100,8
Boniface,Beijing,Boniface,male,98,1254
Wei,,Wei,male,73,4003
Lin,Shenzhen,Lin,female,58,6456
Walter,USA,Walter,male,99,3526
Chuang-chuang,,Chuang-Chuang,male,72,158
Joonil,,Joonil,male,100,5
Xavier,USA,Xavier,male,99,1665
Stefan,,Stefan,male,98,50890
Yuen,Singapore,Yuen,male,59,22
Zhong,,Zhong,male,73,314
Yu,,Yu,male,63,3415
Antonio,USA,Antonio,male,99,4554
Liu-Zhu,,Liu-Zhu,male,59,3695
Robert,USA,Robert,male,100,43118
Ulrich,Osaka,Ulrich,male,98,3912
Amadeu,,Amadeu,male,99,635
Masahiro,Catalonia,Masahiro,male,100,783
Jonathan,Shanghai,Jonathan,male,99,84386
Francesc,Daejeon,Francesc,male,98,1852
Min,Taichung,Min,male,65,4933
Insung,NSW,Insung,male,96,55
Ming-Hon,USA,Hon,male,100,14
Julie,USA,Julie,female,99,14484
Hak,,Hak,male,90,512
Guangbin,,Guangbin,male,91,11
Eric,,Eric,male,99,121922
Matvey,,Matvey,male,99,116
Philipp,,Philipp,male,99,8496
Armin,Manchester,Armin,male,98,5364
Oliver,,Oliver,male,98,22853
Elaine,Kyoto,Elaine,female,98,15147
Jürgen,Ottawa,Jürgen,male,99,9431
Kazuo,,Kazuo,male,99,362
John,Antwerp,John,male,99,219085
Ankan,,Ankan,male,87,267
Gustaaf,Yokohama,Gustaaf,male,100,104
Arjan,Shanghai,Arjan,male,98,2369
Hiroaki,USA,Hiroaki,male,100,14
Yongshu,USA,Yongshu,female,75,4
Roy,Hubei,Roy,male,98,19944
Martha,,Martha,female,97,13361
Chun,Fujian,Chun,male,73,905
Matthias,,Matthias,male,100,17148
Xueyuan,,Xueyuan,male,57,7
Engin,USA,Engin,male,100,40
Frank,Singapore,Frank,male,100,108
James,USA,James,male,100,47200
Peng,USA,Peng,male,91,133
G,Seoul,,,,
Daniel,Jinan,Daniel,male,99,257742
Seung,,Seung,male,93,447
Xingwei,USA,Xingwei,male,71,7
Shuangyin,Singapore,,,,
Mukund,,Mukund,male,100,933
Xiong,,Xiong,male,79,207
Wolfgang,,Wolfgang,male,99,10782
Sander,,Sander,male,98,4407
Frank,USA,Frank,male,100,11178
Kazuhiro,,Kazuhiro,male,100,419
Bruce,USA,Bruce,male,100,6899
Wolfgang,,Wolfgang,male,99,10782
Xianqin,Beijing,Xianqin,female,75,4
Manfred,Durham,Manfred,male,99,7550
Jianbo,USA,Jianbo,male,100,3
David,Kyoto,David,male,99,381770
Bradley,,Bradley,male,99,6719
Hiroshi,USA,Hiroshi,male,100,56
Dang,USA,Dang,male,89,65
Alexei,,Alexei,male,98,1403
Hirohisa,Nagoya,Hirohisa,male,100,30
Bert,Xiamen,Bert,male,98,7084
Masami,,Masami,male,55,262
Chaoyong,,Chaoyong,male,75,4
Frank,Singapore,Frank,male,100,108
Andrew,Lanzhou,Andrew,male,99,82448
Xue-Wei,,Xue-Wei,male,68,4497
Yu,USA,Yu,male,64,274
Klaus,,Klaus,male,98,13207
K,,,,,
Xuegong,,,,,
Erick,USA,Erick,male,100,2026
Lei,,Lei,male,59,2374
Patrick,Shanghai,Patrick,male,99,118290
Mike,Nagasaki,Mike,male,99,116286
Jin-Quan,USA,Quan,male,93,216
Masanari,Beijing,Masanari,male,94,18
Valery,,Valery,female,72,7257
Ning,,Ning,female,74,1915
Tobias,Jerusalem,Tobias,male,100,17675
Richard,,Richard,male,99,97659
Itamar,USA,Itamar,male,94,32
Andreas,USA,Andreas,male,100,2789
K,USA,,,,
Phil,,Phil,male,98,25391
Silas,USA,Silas,male,100,1583
Thomas,Beijing,Thomas,male,99,129177
Pingyun,,,,,
Xiang-Ping,,Xiang-Ping,male,61,2312
Xiaomei,Nanjing,Xiaomei,female,97,69
Stacey,,Stacey,female,95,9859
Zhen,"Hong Kong",Zhen,male,60,5
Thibault,,Thibault,male,98,5357
Jianwei,Scotland,Jianwei,male,97,65
Helma,Osaka,Helma,female,98,443
Leroy,USA,Leroy,male,100,6404
Kiyotomi,,,,,
Christopher,,Christopher,male,99,55041
Tomoyuki,Mülheim,Tomoyuki,male,98,303
Marc,,Marc,male,99,77461
Wonwoo,,Wonwoo,male,100,27
Jeroen,Chiba,Jeroen,male,99,7417
Donald,USA,Donald,male,100,6155
Takayoshi,USA,Takayoshi,male,75,4
Alexander,,Alexander,male,99,56237
Alanna,,Alanna,female,100,7012
Oliver,Mülheim,Oliver,male,98,22853
He,,He,male,71,769
Benjamin,Hangzhou,Benjamin,male,99,50718
Roderich,Victoria,Roderich,male,91,47
Bin,Vienna,Bin,male,89,2162
Richard,,Richard,male,99,97659
Christian,,Christian,male,100,48300
S,USA,,,,
Gunther,Norwich,Gunther,male,99,1122
Albert,Scotland,Albert,male,98,31368
Ive,,Ive,male,52,394
Christopher,,Christopher,male,99,55041
Leroy,"Hong Kong",Leroy,male,100,3
Stephen,,Stephen,male,99,46085
David,,David,male,99,381770
Dennis,,Dennis,male,99,44146
Matthias,Anhui,Matthias,male,100,17148
Stig,Shanghai,Stig,male,98,1053
Michael,,Michael,male,99,211741
Zhongping,Kolkata,Zhongping,male,100,5
Xingang,,Xingang,male,100,10
Berthold,,Berthold,male,100,302
Narayan,Tokyo,Narayan,male,99,1868
Marinella,,Marinella,female,98,1195
Pedro,Tokyo,Pedro,male,99,109853
Keisuke,,Keisuke,male,100,782
Matthias,,Matthias,male,100,17148
Shoji,,Shoji,male,99,191
Harald,,Harald,male,99,4998
Ullrich,,Ullrich,male,96,100
Volker,,Volker,male,99,3081
Gonçalo,,Gonçalo,male,99,3137
Hans-Jörg,,Hans-Jörg,male,100,116
Xun,Sendai,Xun,male,78,162
Pavel,USA,Pavel,male,100,322
Matthias,,Matthias,male,100,17148
Takeaki,,Takeaki,male,100,27
Aseem,Kyoto,Aseem,male,99,566
Marcella,,Marcella,female,98,7531
Michael,,Michael,male,99,211741
Kouichi,Dortmund,Kouichi,male,99,170
Guosheng,,Guosheng,male,100,10
Annette,,Annette,female,98,8428
Yao-Wen,,Yao-Wen,male,100,4
Christian,Shanghai,Christian,male,100,48300
Bert,Wuhan,Bert,male,98,7084
David,USA,David,male,100,65535
Yanna,NSW,Yanna,female,92,379
Wei-Hua,USA,Wei,male,75,391
Olafs,,Olafs,male,100,17
Cameron,Durgapur,Cameron,male,93,9233
Alan,,Alan,male,99,44635
Qinghui,USA,Qinghui,female,75,4
Apurba,,Apurba,male,95,438
Alke,Aberdeen,Alke,female,67,33
Michael,,Michael,male,99,211741
Philipp,USA,Philipp,male,100,91
Michiel,Cambridge,Michiel,male,99,1771
Yves,,Yves,male,98,19181
Peter,,Peter,male,99,146529
Oren,USA,Oren,male,98,184
Guido,Tokyo,Guido,male,99,10286
Matteo,Seoul,Matteo,male,99,45472
Xiaodong,Thuwal,Xiaodong,male,92,157
Shū,,,,,
Jaehoon,,Jaehoon,male,100,167
Klaus-Viktor,,Klaus-Viktor,male,98,27370
Hexing,BCH,,,,
Thomas,,Thomas,male,99,129177
Hon,,Hon,male,85,486
Jieping,Victoria,Jieping,female,67,3
Robert,Shanghai,Robert,male,99,145540
Patrick,Suzhou,Patrick,male,99,118290
Leone,Uttar,Leone,male,82,1488
Huisheng,USA,Huisheng,male,75,4
Yingsheng,,Yingsheng,male,100,3
Michael,,Michael,male,99,211741
Benny,,Benny,male,94,11422
Jian-Rong,Singapore,Jian,male,88,34
André-Jean,York,André-Jean,male,100,5
Stéphane,USA,Stéphane,male,96,48
Hua,Hangzhou,Hua,male,52,891
Muhammad,USA,Muhammad,male,100,5396
Viktor,,Viktor,male,98,14163
Zhen-Yuan,USA,Zhen,male,76,62
Annaliese,USA,Annaliese,female,100,39
Tobias,,Tobias,male,100,17675
Paul,,Paul,male,99,140849
Massimo,,Massimo,male,99,41321
Qian,,Qian,female,65,678
Miquel,USA,Miquel,male,88,42
Clemens,Nanjing,Clemens,male,99,1082
Rainer,Shanghai,Rainer,male,99,5435
Alison,,Alison,female,93,14178
Chaoyong,,Chaoyong,male,75,4
Yan-Qin,USA,Qin,female,67,33
Huailin,Shanghai,,,,
James,Sapporo,James,male,99,131879
James,,James,male,99,131879
Qilong,,Qilong,male,93,15
Hiroaki,,Hiroaki,male,100,552
Sylvie,,Sylvie,female,98,40082
Junwang,,Junwang,male,75,4
Reinhold,,Reinhold,male,99,736
Nicholas,,Nicholas,male,100,21206
Henning,,Henning,male,97,1892
Omar,,Omar,male,98,63048
Thomas,Shanghai,Thomas,male,99,129177
Rainer,USA,Rainer,male,100,60
Dörte,Singapore,Dörte,female,96,174
Shuanhu,,,,,
Ayan,USA,Ayan,male,67,75
Tamio,Fax:,Tamio,male,94,18
Armido,,Armido,male,100,20
Karl,"Hong Kong",Karl,male,100,46
Holger,Kyoto,Holger,male,99,4992
Anna,Beijing,Anna,female,98,184558
Chi-Ming,USA,Ming,male,73,237
Atsuhiro,USA,Atsuhiro,male,100,20
Sheng-Gui,Beijing,Sheng-Gui,male,86,2894
Robert,USA,Robert,male,100,43118
Peter,USA,Peter,male,100,15502
Otto,Hangzhou,Otto,male,97,4276
Richmond,,Richmond,male,97,1214
Lidong,USA,Lidong,male,100,18
Zhong,USA,Zhong,male,66,29
Albert,,Albert,male,98,31368
Shannon,Changchun,Shannon,female,88,16433
Karl,Beijing,Karl,male,98,18575
Olivier,Glasgow,Olivier,male,99,50237
Lehui,NS.W,Lehui,male,75,4
Xuping,USA,Xuping,male,60,5
Leroy,,Leroy,male,98,8423
Joel,USA,Joel,male,99,8032
Chad,USA,Chad,male,100,9565
Matthieu,USA,Matthieu,male,99,94
Robert,Beijing,Robert,male,99,145540
J,,,,,
Alexandra,"United Kingdom",Alexandra,female,96,1306
Walter,USA,Walter,male,99,3526
Max,,Max,male,98,69969
Donna,,Donna,female,98,18923
Liming,USA,Liming,male,69,13
Avelino,Sapporo,Avelino,male,97,1077
Lars,Seoul,Lars,male,99,13478
Punit,,Punit,male,99,1406
Jinhua,University,Jinhua,female,83,98
Byung-Soo,Wales,Byung-Soo,male,100,3
Hong-Bin,,Hong-Bin,male,62,6015
Nicolas,,Nicolas,male,99,79977
Kenneth,USA,Kenneth,male,100,7907
Nicolai,,Nicolai,male,99,1109
Jianmin,USA,Jianmin,male,83,30
Kevin,USA,Kevin,male,100,35080
Anne,,Anne,female,98,48855
Richard,,Richard,male,99,97659
Krzysztof,,Krzysztof,male,100,28969
Richard,Changchun,Richard,male,99,97659
José,USA,José,male,99,355
Ferdi,,Ferdi,male,97,9874
Junqiu,USA,Junqiu,female,75,4
Bartosz,,Bartosz,male,100,7087
Jean-Pierre,,Jean-Pierre,male,99,9874
Joanne,Saitama,Joanne,female,98,11769
Troels,,Troels,male,100,224
Gregory,USA,Gregory,male,100,6184
Yukishige,,,,,
Isabel,,Isabel,female,98,35767
Frieder,USA,Frieder,male,75,4
Luis,,Luis,male,99,120090
Paolo,,Paolo,male,99,60571
Anne,Tianjin,Anne,female,98,48855
Varinder,,Varinder,male,94,496
Stephen,,Stephen,male,99,46085
Xiaoguang,USA,Xiaoguang,male,100,5
Yunjie,Hsinchu,Yunjie,male,57,23
Armido,USA,Armido,male,100,20
Jeremy,USA,Jeremy,male,100,16054
Shang-Cheng,,Shang-Cheng,male,73,2127
Matthew,RU,Matthew,male,100,44
Kenneth,,Kenneth,male,99,20555
Luc,USA,Luc,male,98,257
Hans-Herbert,,Hans-Herbert,male,100,5
Jesse,USA,Jesse,male,95,10195
Eric,Seoul,Eric,male,99,121922
Haiping,,Haiping,male,65,26
Dmitri,Shanghai,Dmitri,male,99,1269
Injae,University,Injae,male,95,19
Paul,USA,Paul,male,100,28746
Xingang,,Xingang,male,100,10
Jinsang,Hsinchu,Jinsang,male,94,18
Seth,,Seth,male,99,7627
José,,José,male,98,35243
Chien-Hong,Netherlands,Chien,female,67,3
Xiaoyu,,Xiaoyu,female,56,275
Herbert,,Herbert,male,99,9602
Shihe,USA,Shihe,male,75,4
Kana,BC,Kana,female,70,745
Tomislav,"South Korea",Tomislav,male,100,1829
Liming,Chiba,Liming,male,73,120
Marco,USA,Marco,male,99,2827
Charlotte,Shanghai,Charlotte,female,96,27559
Takayoshi,USA,Takayoshi,male,75,4
Timothy,,Timothy,male,99,15778
Huisheng,Shanghai,Huisheng,male,86,7
Michael,Hsinchu,Michael,male,99,211741
Cedric,USA,Cedric,male,100,7680
Jian,USA,Jian,male,84,124
Eric,Taichung,Eric,male,99,121922
Ross,Quebec,Ross,male,91,10276
J,USA,,,,
Chi-Huey,USA,Huey,male,98,63
Adi,,Adi,male,92,13011
Omid,,Omid,male,99,5236
Andrew,Singapore,Andrew,male,100,502
Sylviane,Shanghai,Sylviane,female,98,3390
Petr,,Petr,male,98,61668
Qingyu,,Qingyu,male,82,28
Dongyuan,Utrecht,Dongyuan,male,80,5
Eric,USA,Eric,male,100,31662
Jean-François,,Jean-François,male,99,4129
Bert,USA,Bert,male,97,646
Brandon,,Brandon,male,100,29118
Bert,USA,Bert,male,97,646
Thomas,USA,Thomas,male,100,20215
Axel,,Axel,male,98,15264
Stephen,,Stephen,male,99,46085
Bradley,"New Zealand",Bradley,male,100,53
Mei-Hua,,Mei-Hua,female,100,8
Andreas,,Andreas,male,99,44818
Bhanu,,Bhanu,male,87,2371
Rai-Shung,USA,Rai,male,51,67
W,Rehovot,,,,
Wim,,Wim,male,99,5782
Jianghong,,Jianghong,male,60,10
Ron,,Ron,male,99,19779
David,Tokyo,David,male,99,381770
Paul,USA,Paul,male,100,28746
Thomas,Technische,Thomas,male,99,129177
Hiroyuki,Sapporo,Hiroyuki,male,100,1050
William,Chicago,William,male,99,67797
Hannes,,Hannes,male,96,3381
Hiroaki,Kyoto,Hiroaki,male,100,552
Vladimir,Seoul,Vladimir,male,99,21639
Atsushi,,Atsushi,male,100,935
Yasushi,,Yasushi,male,99,226
Chang,USA,Chang,male,66,132
Frank,,Frank,male,99,66241
Diego,USA,Diego,male,100,2217
Frieder,,Frieder,male,100,77
Karsten,Sapporo,Karsten,male,99,3416
Bruce,USA,Bruce,male,100,6899
Nicolai,Tokyo,Nicolai,male,99,1109
Tamotsu,Institution,Tamotsu,male,97,38
Tehshik,"Hong Kong",,,,
Akira,,Akira,female,73,7383
Linqi,Seoul,Linqi,female,86,7
Zuowei,USA,Zuowei,male,100,3
Jörg,Nagoya,Jörg,male,99,6663
Jeong-Yong,,Jeong-Yong,male,86,2725
Guy,USA,Guy,male,99,1664
Shuichi,USA,Shuichi,male,90,10
Matthias,USA,Matthias,male,100,3407
Teri,USA,Teri,female,98,1793
Xuefei,,Xuefei,female,57,23
Scott,,Scott,male,100,48262
Mark,Shenyang,Mark,male,100,48064
Jan-E,,Jan-E,male,92,104026
Nathan,,Nathan,male,99,29365
Matthew,Singapore,Matthew,male,99,156
Mark,USA,Mark,male,100,47989
Janine,,Janine,female,98,9033
Rei,Nankang,Rei,male,61,985
Joseph,,Joseph,male,99,63161
Koop,Singapore,Koop,male,84,51
Rong-Jie,,Rong-Jie,male,59,2254
Susumu,,Susumu,male,98,170
Hua,USA,Hua,male,65,57
Wolfgang,,Wolfgang,male,99,10782
Olga,,Olga,female,98,42388
Jeffrey,,Jeffrey,male,100,19324
Ina,Shanghai,Ina,female,96,6756
Gilbert,Tokyo,Gilbert,male,98,10398
Oliver,USA,Oliver,male,99,1490
Min,,Min,male,65,4933
Ken,ChangSha,Ken,male,98,28348
Seth,,Seth,male,99,7627
John,,John,male,99,219085
Shouzhuo,,,,,
Dirk,,Dirk,male,99,14847
Xiong,,Xiong,male,79,207
Michael,Oxford,Michael,male,99,211741
Haoshen,"Hong Kong",,,,
Reji,Edinburgh,Reji,male,89,457
Shik,Nagasaki,Shik,male,66,38
Tai-Chu,Changsha,Tai-Chu,male,68,3316
J,,,,,
Susumi,,Susumi,female,75,4
Chengde,,Chengde,male,100,5
Andreas,,Andreas,male,99,44818
Jean-Christophe,,Jean-Christophe,male,99,2163
Robert,Shanghai,Robert,male,99,145540
Paul,Tamil,Paul,male,99,140849
Mischa,,Mischa,male,74,981
Ang,,Ang,female,53,1491
Narayanan,,Narayanan,male,99,675
Richard,,Richard,male,99,97659
Roland,USA,Roland,male,100,1123
Teodor,,Teodor,male,98,1034
Benjamin,,Benjamin,male,99,50718
Nobuyoshi,USA,Nobuyoshi,male,75,4
Jurriaan,,Jurriaan,male,97,76
Frank,Singapore,Frank,male,100,108
Mark,Saitama,Mark,male,100,48064
Frank,USA,Frank,male,100,11178
Shao,USA,Shao,male,74,19
Mikiko,USA,Mikiko,female,100,14
Younan,USA,Younan,male,100,6
Timothy,Tokyo,Timothy,male,99,15778
Vincent,,Vincent,male,99,58501
Guy,Ontario,Guy,male,98,20859
Sungmin,,Sungmin,male,92,238
Jérôme,,Jérôme,male,99,5714
Eugenia,,Eugenia,female,97,4878
Liang,Shanghai,Liang,male,82,1287
András,,András,male,100,4982
Carlos,Edificio,Carlos,male,99,174998
Gang,USA,,,,
José,(USA),José,male,98,35243
Ramon,,Ramon,male,98,18857
Pinjing,USA,Pinjing,female,75,4
Musahid,USA,Musahid,male,75,4
Roland,,Roland,male,99,22308
François,Bristol,François,male,99,16142
Jonas,USA,Jonas,male,100,2557
Bernd,,Bernd,male,99,7628
M,Ontario,,,,
Grant,,Grant,male,100,19022
Vincent,,Vincent,male,99,58501
Suning,,Suning,female,57,14
Arjan,,Arjan,male,98,2369
Jörn,,Jörn,male,99,701
Avelino,Shizuoka,Avelino,male,97,1077
Thomas,USA,Thomas,male,100,20215
Birgit,,Birgit,female,99,4706
Kenji,,Kenji,male,98,1939
Xumu,,Xumu,male,75,4
Myunghyun,USA,Myunghyun,female,75,4
Carsten,,Carsten,male,99,5153
Andrey,Lanzhou,Andrey,male,99,14894
Paula,,Paula,female,98,51503
Christoph,USA,Christoph,male,100,156
Yong-Min,Tokyo,Yong-Min,male,90,10
Sven,Nagoya,Sven,male,99,19537
Ryan,Pohang,Ryan,male,99,64450
Motomu,USA,Motomu,male,75,4
Shigehiro,USA,Shigehiro,male,75,4
Suk,,Suk,male,82,226
Alexander,,Alexander,male,99,56237
Hanbin,,Hanbin,male,95,39
Santiago,Singapore,Santiago,male,100,5
Norbert,Changsha,Norbert,male,99,12597
Florian,USA,Florian,male,99,159
Cheuk-Wai,Chungbuk,Cheuk-Wai,male,78,1326
Jin-Heng,,Jin-Heng,male,73,5481
John,,John,male,99,219085
Nam,,Nam,male,79,5523
Alexander,Kyoto,Alexander,male,99,56237
Andreas,USA,Andreas,male,100,2789
Paul,,Paul,male,99,140849
Atsuhiro,USA,Atsuhiro,male,100,20
Virgil,USA,Virgil,male,100,2101
Martin,Osaka,Martin,male,98,139211
Michel,,Michel,male,97,68146
Wei,,Wei,male,73,4003
Yuji,Tsukuba,Yuji,male,97,825
Roberto,,Roberto,male,99,100721
David,,David,male,99,381770
Masayuki,Sheffield,Masayuki,male,99,597
Konstantin,,Konstantin,male,99,5001
John,USA,John,male,100,65535
Nicholas,Shanghai,Nicholas,male,100,21206
Karl,Alberta,Karl,male,98,18575
John,,John,male,99,219085
Hong,,Hong,female,53,3853
Erin,,Erin,female,96,16296
Shun,Shanghai,Shun,male,92,989
Alberto,USA,Alberto,male,100,1893
Paul,Oxford,Paul,male,99,140849
Chuan-Liang,,Chuan-Liang,male,82,1659
Emily,Edinburgh,Emily,female,98,36641
Harry,,Harry,male,98,24473
David,,David,male,99,381770
Perdita,Seoul,Perdita,female,98,47
Nicolai,USA,Nicolai,male,100,42
Michael,USA,Michael,male,100,65535
Wonwoo,Okayama,Wonwoo,male,100,27
Jinming,Oxford,Jinming,male,100,21
John,Ontario,John,male,99,219085
Masato,,Masato,male,99,603
Véronique,USA,Véronique,female,96,28
Mark,,Mark,male,100,48064
Jean-Jacques,Kowloon,Jean-Jacques,male,99,2917
Ralph,Chengdu,Ralph,male,99,8958
Frédéric,USA,Frédéric,male,100,42
Shihe,,Shihe,male,83,6
Jingsong,,Jingsong,male,88,8
Yong,Shanghai,Yong,male,87,2262
Loïc,Tokyo,Loïc,male,99,3211
Enrico,Beijing,Enrico,male,99,21620
Yong,SA,Yong,male,100,5
Kazuyuki,,Kazuyuki,male,100,219
Guoqiang,USA,Guoqiang,male,75,4
Andrew,Manchester,Andrew,male,99,82448
Jérôme,Shanghai,Jérôme,male,99,5714
Peng,Hangzhou,Peng,male,84,1353
David,Wuhu,David,male,99,381770
Huisheng,USA,Huisheng,male,75,4
Congmin,,Congmin,female,75,4
Baoyou,,,,,
Maurice,Tokyo,Maurice,male,97,13212
Reshef,,Reshef,male,100,5
Antonio,,Antonio,male,99,180825
Masanobu,,Masanobu,male,100,83
Andreas,Nanjing,Andreas,male,99,44818
Edward,VIC,Edward,male,99,24073
Christian,,Christian,male,100,48300
Lixiong,,Lixiong,male,100,3
Thomas,,Thomas,male,99,129177
René,,René,male,98,12079
Yunjie,,Yunjie,male,57,23
Dirk,USA,Dirk,male,99,483
Philippe,,Philippe,male,99,57297
Manfred,USA,Manfred,male,99,90
Karl,,Karl,male,98,18575
Hans-Ulrich,,Hans-Ulrich,male,100,77
Timothy,Daejeon,Timothy,male,99,15778
Dieter,,Dieter,male,98,7678
Stefan,,Stefan,male,98,50890
Insung,Fukuoka,Insung,male,96,55
Reinhard,,Reinhard,male,99,1973
Gisbert,,Gisbert,male,98,96
Seiji,,Seiji,male,99,362
Jonathan,,Jonathan,male,99,84386
Sumio,Hangzhou,Sumio,male,91,22
Friedrich,,Friedrich,male,98,955
Takuya,,Takuya,male,99,1101
Hanmin,Tianjin,Hanmin,male,94,31
Xiao-Feng,,Xiao-Feng,male,65,3158
Steven,USA,Steven,male,100,19562
Yongdan,Beijing,Yongdan,unknown,50,2
Takeharu,TU,Takeharu,male,100,17
Steven,,Steven,male,99,59951
Guo-Yu,China,Yu,male,73,664
Jeroen,,Jeroen,male,99,7417
Kilian,USA,Kilian,male,100,33
Liangcheng,Sendai,Liangcheng,male,75,4
Thorsten,,Thorsten,male,99,5261
Pu-Xian,,Pu-Xian,male,54,962
Kazushi,Dalian,Kazushi,male,99,69
Michal,,Michal,male,97,44099
Kamal,,Kamal,male,97,25183
Can,"Hong Kong",Can,female,56,18
Matthias,USA,Matthias,male,100,3407
Manfred,Jerusalem,Manfred,male,99,7550
Chung-Hang,USA,Chung,male,87,61
Anders,Montreal,Anders,male,99,9660
Itamar,USA,Itamar,male,94,32
T,,,,,
Tomislav,Tokyo,Tomislav,male,100,1829
Boyd,,Boyd,male,98,595
Karsten,,Karsten,male,99,3416
Mitsuhiko,,Mitsuhiko,male,100,19
Teck-Peng,,Teck-Peng,male,85,1460
Karsten,Singapore,Karsten,male,100,4
Javier,,Javier,male,99,67247
Andreas,cedex,Andreas,male,99,44818
Naohiko,Kanazawa,Naohiko,male,100,20
Haiteng,USA,Haiteng,male,75,4
Didier,,Didier,male,98,29191
Chisato,Changchun,Chisato,female,82,92
Rustem,,Rustem,male,98,669
Avelino,SA,Avelino,male,75,4
Xihe,Kyoto,Xihe,male,75,4
Matthias,,Matthias,male,100,17148
Shi,,Shi,male,55,979
Hiroshi,,Hiroshi,male,99,1730
Benjamin,,Benjamin,male,99,50718
Jeffrey,,Jeffrey,male,100,19324
Johan,USA,Johan,male,100,7297
Carsten,USA,Carsten,male,98,57
Thorsten,USA,Thorsten,male,98,61
Dorothea,,Dorothea,female,99,614
David,(Japan),David,male,99,381770
Mahdi,,Mahdi,male,98,11108
Nuno,Guangzhou,Nuno,male,99,22191
Itaru,,Itaru,male,100,35
Matthieu,,Matthieu,male,99,12012
Huanfeng,,,,,
Jürgen,,Jürgen,male,99,9431
Matthias,Yokohama,Matthias,male,100,17148
Alfredo,Tokyo,Alfredo,male,99,21417
Bernhard,,Bernhard,male,98,4878
Munetaka,Osaka,Munetaka,male,100,9
Makoto,USA,Makoto,male,85,41
Russell,,Russell,male,99,7800
Hiroaki,,Hiroaki,male,100,552
Reuben,USA,Reuben,male,100,3806
Remco,,Remco,male,99,2178
Julien,Pohang,Julien,male,98,72530
Geert-Jan,,Geert-Jan,male,100,78
Ingo,,Ingo,male,99,3608
Suk,,Suk,male,82,226
Matthias,Harbin,Matthias,male,100,17148
Bin,Shanghai,Bin,male,89,2162
Anny,BC,Anny,female,96,5261
Leone,,Leone,male,82,1488
Shu-Li,USA,Shu,female,57,74
Neil,,Neil,male,99,16868
Stephen,Manchester,Stephen,male,99,46085
Karl,Chiba,Karl,male,98,18575
Mercedes,,Mercedes,female,96,9867
Gareth,,Gareth,male,99,5798
Atsushi,Shanghai,Atsushi,male,100,935
Ye,,Ye,male,75,1057
Vincent,,Vincent,male,99,58501
Jie-Sheng,Pohang,Sheng,male,74,646
Stéphane,Jilin,Stéphane,male,98,16675
Franc,Seoul,Franc,male,96,2349
Jong-Bong,USA,Jong,male,98,41
Shilun,Kyushu,Shilun,male,67,3
Kyung,USA,Kyung,male,52,27
Shenqiang,Universität,,,,
Toshihiko,,Toshihiko,male,100,109
Gabriel,USA,Gabriel,male,99,5383
Frank,,Frank,male,99,66241
Markus,,Markus,male,99,30782
Dmitri,,Dmitri,male,99,1269
Bernhard,Wuhan,Bernhard,male,98,4878
Robert,,Robert,male,99,145540
Michal,,Michal,male,97,44099
Bi-Feng,Pune,Bi-Feng,male,71,2410
Markus,,Markus,male,99,30782
Peter,,Peter,male,99,146529
Santosh,,Santosh,male,99,13576
Olaf,,Olaf,male,98,4079
Han,USA,Han,male,67,259
Andrey,,Andrey,male,99,14894
Niyazi,Shanghai,Niyazi,male,96,2739
Xi,Tokyo,Xi,male,50,483
Stefano,Sydney,Stefano,male,99,56062
Wanbin,,Wanbin,female,75,4
Yasuteru,Changsha,Yasuteru,male,100,7
Luke,,Luke,male,99,21252
Malte,Amsterdam,Malte,male,99,1168
Jin-Heng,USA,Jin,male,68,337
André,Nanjing,André,male,99,25357
Saskia,Cardiff,Saskia,female,98,4671
Michael,,Michael,male,99,211741
Wanqin,Yokohama,Wanqin,female,100,6
Thomas,Jilin,Thomas,male,99,129177
Dirk,,Dirk,male,99,14847
Akira,,Akira,female,73,7383
Xuping,Nagoya,Xuping,male,60,5
Renhua,Seoul,Renhua,male,83,6
Stefan,"Hong Kong",Stefan,male,94,16
Kenichiro,,Kenichiro,male,100,113
Sang-gi,Singapore,Sang,male,75,8
Qian,Kolkata,Qian,female,65,678
Mateo,Nanjing,Mateo,male,100,19376
Wee,,Wee,male,74,826
Narayan,University,Narayan,male,99,1868
Ren-Gen,Beijing,Ren-Gen,male,70,3577
Stephen,,Stephen,male,99,46085
Bas,,Bas,male,97,4840
Huaping,,Huaping,male,100,3
Kimoon,,Kimoon,male,100,8
Hon,USA,Hon,male,100,14
Jin-Gang,USA,Jin,male,68,337
Hansjörg,Shanghai,Hansjörg,male,100,144
Scott,,Scott,male,100,48262
Nicholas,,Nicholas,male,100,21206
Jian-He,,Jian-He,male,82,1984
David,Nagoya,David,male,99,381770
Hugh,,Hugh,male,99,2949
Carsten,,Carsten,male,99,5153
Kazuaki,,Kazuaki,male,99,152
Franziska,University,Franziska,female,98,3237
X,USA,,,,
Robert,USA,Robert,male,100,43118
Gang,,,,,
Xiaohua,,Xiaohua,male,53,64
Jingguang,Fukuoka,Jingguang,male,75,4
Frank,,Frank,male,99,66241
Jian,Ibaraki,Jian,male,89,1215
Chihaya,Singapore,Chihaya,male,53,15
Min,,Min,male,65,4933
Junji,Jiangsu,Junji,male,95,157
Yonggui,USA,Yonggui,unknown,50,2
Jean-Marie,,Jean-Marie,male,98,4712
Hongjie,Xi'an,Hongjie,male,69,29
Gojko,USA,Gojko,male,100,144
Michael,,Michael,male,99,211741
Biao,USA,Biao,male,80,5
Kim,,Kim,female,68,48002
Juan,USA,Juan,male,99,7532
Georges,,Georges,male,98,13431
Roland,,Roland,male,99,22308
Guy,USA,Guy,male,99,1664
Yasumichi,Shanghai,Yasumichi,male,100,12
Louis,USA,Louis,male,99,3027
Shih-Yuan,,Shih-Yuan,male,100,4
Junliang,,Junliang,male,100,12
Marcus,,Marcus,male,99,25073
Tao,,Tao,male,87,1999
Mark,Beijing,Mark,male,100,48064
John,,John,male,99,219085
Matthias,Beijing,Matthias,male,100,17148
Xingyu,Seoul,Xingyu,male,84,37
Donald,USA,Donald,male,100,6155
Peng,,Peng,male,84,1353
Woo-Dong,Shanghai,Woo-Dong,male,86,2865
Jin-Quan,Atlanta,Jin-Quan,male,77,6369
Goran,Toronto,Goran,male,99,8120
Yong,,Yong,male,87,2262
David,Anhui,David,male,99,381770
Douglas,Beijing,Douglas,male,99,18529
Edward,QLD,Edward,male,99,24073
Jie,Fife,Jie,male,61,1651
Ning,Northwestern,Ning,female,74,1915
David,USA,David,male,100,65535
Peter,Maharashtra,Peter,male,99,146529
Michael,Shanghai,Michael,male,99,211741
Yitzhak,USA,Yitzhak,male,100,8
Venkataramanarao,Jerusalem,Venkataramanarao,male,100,4
Oliviero,Utrecht,Oliviero,male,96,267
Chunhai,,Chunhai,male,67,6
Brian,Xiamen,Brian,male,99,69588
Assaf,Tokyo,Assaf,male,99,398
Petra,Tokyo,Petra,female,98,52588
Christian,Uji,Christian,male,100,48300
Rong-Bin,USA,Bin,male,83,140
Motomu,,Motomu,male,100,16
Kyoko,USA,Kyoko,female,93,42
Shigeru,,Shigeru,male,100,216
Mingji,,Mingji,female,61,28
Russell,,Russell,male,99,7800
Bartosz,,Bartosz,male,100,7087
Luc,,Luc,male,97,18065
Xiong,Seoul,Xiong,male,79,207
Yongmei,USA,Yongmei,female,75,4
Stuart,USA,Stuart,male,99,2086
Alois,,Alois,male,95,1863
Wonwoo,,Wonwoo,male,100,27
Wendy,Nanjing,Wendy,female,96,26404
Bing,,Bing,male,63,1057
Koushik,Oxford,Koushik,male,100,1314
Majed,USA,Majed,male,100,85
Zhongfang,Anhui,Zhongfang,unknown,50,2
Erwan,,Erwan,male,98,4046
Mark,,Mark,male,100,48064
Karen,,Karen,female,96,51469
Feng,,Feng,male,81,1386
Antoni,USA,Antoni,male,92,53
Jun,Jiangxi,Jun,male,88,6829
Hans-Jörg,,Hans-Jörg,male,100,116
Manuel,,Manuel,male,99,96874
Michael,,Michael,male,99,211741
Guo-Cong,NSW,Guo-Cong,male,82,1547
Bernd,Kyoto,Bernd,male,99,7628
Hong-Cai,,Hong-Cai,female,51,4394
Vlasta,Groningen,Vlasta,female,86,4060
C,,,,,
Keiji,USA,Keiji,male,100,18
Jérôme,,Jérôme,male,99,5714
Marco,Groningen,Marco,male,99,133237
Alfredo,USA,Alfredo,male,99,1242
Frances,,Frances,female,94,3984
Benjamin,,Benjamin,male,99,50718
Ben,Tokyo,Ben,male,97,73526
Stephen,,Stephen,male,99,46085
Guy,,Guy,male,98,20859
Reiner,Dalian,Reiner,male,99,1526
Kenzo,Yokohama,Kenzo,male,93,1741
Gisbert,,Gisbert,male,98,96
Daniel,,Daniel,male,99,257742
Can,USA,Can,male,87,119
Yasuhiro,Zhejiang,Yasuhiro,male,100,455
Frank,USA,Frank,male,100,11178
Varinder,USA,Varinder,male,93,15
F,,,,,
Shengming,,Shengming,male,100,5
Junhong,,Junhong,male,94,31
Sherry,USA,Sherry,female,99,4198
Michael,Brisbane,Michael,male,99,211741
Joan,Princeton,Joan,male,56,19446
Carlos,,Carlos,male,99,174998
Matthew,,Matthew,male,100,51412
Craig,Tokyo,Craig,male,100,24286
Paul,Shanghai,Paul,male,99,140849
Antonello,Tianjin,Antonello,male,99,4830
José,USA,José,male,99,355
Masakatsu,Beijing,Masakatsu,male,97,32
Huisheng,Glasgow,Huisheng,male,86,7
Wenxin,,Wenxin,female,69,36
Feng,Osaka,Feng,male,81,1386
Zhimin,,Zhimin,male,57,49
Rein,,Rein,male,83,644
Frédéric,Xiamen,Frédéric,male,98,11476
Yoshio,Vancouver,Yoshio,male,99,291
Ying-Chun,,Ying-Chun,female,57,7
Ching-Wen,Nagoya,Ching-Wen,female,83,6
Haiping,USA,Haiping,unknown,50,2
Glenn,,Glenn,male,98,9914
Mary,,Mary,female,98,76726
Kazuaki,Vic,Kazuaki,male,99,152
Eric,USA,Eric,male,100,31662
Nagao,Rosario,Nagao,male,94,17
Alfons,,Alfons,male,96,1419
Paul,USA,Paul,male,100,28746
Sarah,,Sarah,female,98,127402
Alejandro,,Alejandro,male,99,45618
Martin,USA,Martin,male,100,5868
Lukas,Shanghai,Lukas,male,99,22120
Vincent,,Vincent,male,99,58501
Matthias,,Matthias,male,100,17148
Timothy,,Timothy,male,99,15778
Haiping,USA,Haiping,unknown,50,2
Eva,USA,Eva,female,99,2294
Mark,USA,Mark,male,100,47989
Daniel,USA,Daniel,male,100,35866
Brian,Saitama,Brian,male,99,69588
J,,,,,
Zhen,Beijing,Zhen,male,64,631
Neal,,Neal,male,99,2785
Hironori,Tianjin,Hironori,male,99,148
Jens,Ho,Jens,male,99,13599
Hongbing,USA,Hongbing,female,75,4
Carlos,Shanghai,Carlos,male,99,174998
Kang,USA,Kang,male,90,60
Jean-Marie,Aalto,Jean-Marie,male,98,4712
David,,David,male,99,381770
Qilong,,Qilong,male,93,15
David,USA,David,male,100,65535
Florian,Shanghai,Florian,male,99,31950
Krunoslav,,Krunoslav,male,100,158
Krzysztof,Tianjin,Krzysztof,male,100,28969
Jianghong,,Jianghong,male,60,10
Dongyuan,Álava,Dongyuan,male,80,5
Armido,USA,Armido,male,100,20
Pingping,,Pingping,female,69,131
Christof,USA,Christof,male,100,25
Michel,,Michel,male,97,68146
Erik,,Erik,male,96,31753
Jean-Marc,USA,Jean-Marc,male,100,55
R,USA,,,,
Varinder,,Varinder,male,94,496
Paul,USA,Paul,male,100,28746
Erik,,Erik,male,96,31753
Jaephil,Hsinchu,Jaephil,male,75,4
Robert,ACT,Robert,male,99,145540
Eric,Singapore,Eric,male,99,540
Ying-Chun,USA,Ying,female,85,200
Rai-Shung,Mumbai,Rai-Shung,male,78,1557
Michael,Sapporo,Michael,male,99,211741
Yu,USA,Yu,male,64,274
Karl,,Karl,male,98,18575
Sudipta,Beijing,Sudipta,male,82,1092
Hideaki,Changsha,Hideaki,male,99,343
Jonas,Dublin,Jonas,male,99,20200
Jeanne,,Jeanne,female,97,8933
Xing,USA,Xing,male,69,59
Weihong,Tokyo,Weihong,male,70,40
Aidan,Shanghai,Aidan,male,100,49291
Jean-Philip,,Jean-Philip,male,100,10
R,Tokyo,,,,
Noritaka,VIC,Noritaka,male,100,38
Huisheng,,Huisheng,male,86,7
Raffaele,Paris,Raffaele,male,99,16081
Masakatsu,Wuhan,Masakatsu,male,97,32
Richard,,Richard,male,99,97659
Nuno,,Nuno,male,99,22191
Ludwik,,Ludwik,male,99,213
Aiwen,,Aiwen,male,67,24
Daniel,USA,Daniel,male,100,35866
Nan,,Nan,female,71,3704
Matthias,,Matthias,male,100,17148
Can,,Can,male,95,36655
Jayaraman,,Jayaraman,male,97,185
Jae,Krasnoyarsk,Jae,male,76,1609
Ronald,,Ronald,male,99,20480
Trong-On,,Trong-On,male,87,1129
Eric,Singapore,Eric,male,99,540
Ilia,USA,Ilia,male,67,67
Benjamin,Jinju,Benjamin,male,99,50718
Jörg,,Jörg,male,99,6663
Yixin,,Yixin,male,52,73
Wei,,Wei,male,73,4003
Jagadese,USA,,,,
Fred,Ontario,Fred,male,96,49830
Robert,,Robert,male,99,145540
Philippe,,Philippe,male,99,57297
Raymond,,Raymond,male,99,20118
Douglas,AB,Douglas,male,99,18529
Tsubasa,Tianjin,Tsubasa,male,87,329
Emilio,Beijing,Emilio,male,99,21164
Steven,"Hong Kong",Steven,male,100,282
Ratmir,,Ratmir,male,100,39
Wen-Jing,,Wen-Jing,female,67,4519
Yefeng,Munich,Yefeng,male,100,13
Chi-Ming,,Chi-Ming,male,100,7
Wen-Cai,USA,Wen,male,52,147
Miguel,Osaka,Miguel,male,99,89766
Felix,USA,Felix,male,99,1537
Werner,,Werner,male,99,7865
Rob,Beijing,Rob,male,99,37066
Hidehito,USA,Hidehito,male,75,4
Christopher,,Christopher,male,99,55041
Carsten,USA,Carsten,male,98,57
Junliang,,Junliang,male,100,12
Xiaodong,,Xiaodong,male,92,157
Ivo,USA,Ivo,male,99,96
Darío,,Darío,male,99,556
Andrea,USA,Andrea,female,95,13332
Carole,,Carole,female,98,19118
David,Beijing,David,male,99,381770
Fabien,USA,Fabien,male,99,81
Jiantao,,Jiantao,male,100,8
Herbert,USA,Herbert,male,100,4471
Wei,Beijing,Wei,male,73,4003
F,,,,,
Philip,,Philip,male,99,21773
Christopher,,Christopher,male,99,55041
Xi,USA,Xi,female,61,98
Takeharu,,Takeharu,male,100,17
Jie,Raleigh,Jie,male,61,1651
Alfredo,,Alfredo,male,99,21417
Nicolai,,Nicolai,male,99,1109
Anthony,Beijing,Anthony,male,99,85303
Joshua,,Joshua,male,100,35201
Anthony,,Anthony,male,99,85303
Patrice,,Patrice,male,69,24498
Zhenfeng,USA,Zhenfeng,male,100,11
Guojun,,Guojun,male,100,19
Bernhard,USA,Bernhard,male,98,44
Andreas,Singapore,Andreas,male,100,20
Paul,,Paul,male,99,140849
Lehui,Guangzhou,Lehui,male,75,4
Robert,Victoria,Robert,male,99,145540
Hua,Espoo,Hua,male,52,891
Zhang-Jie,USA,Zhang,male,65,105
Changsheng,,Changsheng,male,100,11
David,,David,male,99,381770
Olli,Singapore,Olli,unknown,50,2
Ravi,USA,Ravi,male,99,851
Hyun-Kon,,Hyun-Kon,male,83,1754
Michael,,Michael,male,99,211741
Ying-Yeung,,Ying-Yeung,female,86,3470
Daniel,,Daniel,male,99,257742
Uwe,USA,Uwe,male,98,45
Martin,USA,Martin,male,100,5868
Min,,Min,male,65,4933
Mark,,Mark,male,100,48064
Yuriy,Victoria,Yuriy,male,100,2292
Craig,University,Craig,male,100,24286
Wolfram,,Wolfram,male,99,338
Jun,,Jun,male,88,6829
Frank,USA,Frank,male,100,11178
Henry,Beijing,Henry,male,99,32139
John,Anhui,John,male,99,219085
Sebastian,USA,Sebastian,male,99,1962
Carston,,Carston,male,100,10
Congyang,,,,,
Yujie,,Yujie,female,63,96
Lai-Sheng,Beijing,Lai-Sheng,male,61,2205
Roland,,Roland,male,99,22308
Raphaël,,Raphaël,male,99,2546
Stefan,,Stefan,male,98,50890
Fabing,USA,Fabing,female,75,4
Wilhelm,,Wilhelm,male,98,1428
Warren,Hefei,Warren,male,99,5767
Andreas,Okazaki,Andreas,male,99,44818
Edward,Seoul,Edward,male,99,24073
Jeremy,,Jeremy,male,99,45294
Weixin,Xiamen,Weixin,male,65,26
Donglin,,Donglin,male,88,16
Seung,,Seung,male,93,447
Jérôme,Geneva,Jérôme,male,99,5714
Shi-Gang,USA,Shi,female,54,81
Antonio,Singapore,Antonio,male,100,27
Manfred,USA,Manfred,male,99,90
Stefan,USA,Stefan,male,100,1196
Xiaodong,,Xiaodong,male,92,157
Xing,USA,Xing,male,69,59
Andrew,Cambridge,Andrew,male,99,82448
Zhiqun,Beijing,Zhiqun,male,100,5
Stephen,Nanjing,Stephen,male,99,46085
Angelika,,Angelika,female,98,9509
Vincent,Universität,Vincent,male,99,58501
Jonathan,,Jonathan,male,99,84386
Chuan-Feng,USA,Chuan,male,87,23
Ren-Gen,,Ren-Gen,male,70,3577
Berthold,,Berthold,male,100,302
Cristina,Daejeon,Cristina,female,98,70974
David,Sydney,David,male,99,381770
Daniel,USA,Daniel,male,100,35866
T,Daejeon,,,,
Nicholas,,Nicholas,male,100,21206
Chan,Sendai,Chan,male,67,4404
Cameron,,Cameron,male,93,9233
Yury,USA,Yury,male,85,87
Ryong,,Ryong,male,87,30
Nazario,Beijing,Nazario,male,98,383
Mingwei,Anhui,Mingwei,male,73,41
Xile,,Xile,male,64,14
Thomas,Shanghai,Thomas,male,99,129177
Walter,Kyushu,Walter,male,97,26732
Lei,,Lei,male,59,2374
Shu-Hong,Guangzhou,Shu-Hong,female,50,4835
Karsten,Quebec,Karsten,male,99,3416
Jun-Li,Quebec,Jun-Li,male,73,10994
Ken,USA,Ken,male,100,9888
Michael,USA,Michael,male,100,65535
Dai-Bin,USA,Bin,male,83,140
Hanadi,USA,Hanadi,female,100,9
Piotr,USA,Piotr,male,99,179
Wayne,USA,Wayne,male,100,5261
Ravi,Haifa,Ravi,male,99,28148
Stephen,QLD,Stephen,male,99,46085
Valery,QLD,Valery,female,72,7257
Matthew,,Matthew,male,100,51412
Brian,,Brian,male,99,69588
Sheng,Strasbourg,Sheng,male,74,646
Lianzhou,,Lianzhou,male,75,4
Michael,,Michael,male,99,211741
Michael,,Michael,male,99,211741
Stefanie,Tianjin,Stefanie,female,98,10626
Jean-Marie,Tianjin,Jean-Marie,male,98,4712
Jonathan,Tianjin,Jonathan,male,99,84386
Yasunori,Tianjin,Yasunori,male,99,126
Mang,"South Korea",Mang,male,90,20
Jun,"South Korea",Jun,male,96,1157
M,"South Korea",,,,
Scott,,Scott,male,100,48262
Armando,Osaka,Armando,male,99,17404
Huanfeng,Osaka,,,,
Bing,Groningen,Bing,male,63,1057
Xiao-Feng,Groningen,Xiao-Feng,male,65,3158
Ulrike,Groningen,Ulrike,female,88,3314
Hiroaki,Groningen,Hiroaki,male,100,552
Thomas,Groningen,Thomas,male,99,129177
Ben,Basel,Ben,male,97,73526
Michael,,Michael,male,99,211741
Prashant,USA,Prashant,male,100,233
Svetlana,Shanghai,Svetlana,female,98,12838
Ingo,Changchun,Ingo,male,99,3608
Matthias,Beijing,Matthias,male,100,17148
M,Sapporo,,,,
Alexander,,Alexander,male,99,56237
Weihong,Sapporo,Weihong,male,70,40
Xihe,,Xihe,male,75,4
Xuefeng,,Xuefeng,male,93,71
Satoshi,"Hong Kong",Satoshi,male,75,4
Eric,,Eric,male,99,121922
Masaya,USA,Masaya,male,89,9
Michael,Shanghai,Michael,male,99,211741
Matthias,,Matthias,male,100,17148
Ken,,Ken,male,98,28348
Paolo,British,Paolo,male,99,60571
Craig,,Craig,male,100,24286
Jianlin,Kyoto,Jianlin,male,88,16
Michael,,Michael,male,99,211741
J,USA,,,,
Robert,USA,Robert,male,100,43118
Chun-Jiang,USA,Chun,male,71,52
Shigeyoshi,,Shigeyoshi,male,100,20
Philippe,USA,Philippe,male,100,410
Qiu,Singapore,Qiu,female,63,8
Stephen,Singapore,Stephen,male,100,158
Vincent,USA,Vincent,male,100,4308
François,Changchun,François,male,99,16142
Wei,,Wei,male,73,4003
Jagadese,,,,,
Jianping,USA,Jianping,male,75,4
F,Gyeonggi-do,,,,
Tewodros,USA,Tewodros,male,100,15
Stefanie,USA,Stefanie,female,99,1439
Liviu,,Liviu,male,99,2234
Bo,Shanghai,Bo,male,85,5389
Youngnam,,Youngnam,male,82,17
Omar,USA,Omar,male,99,3202
Paul,Singapore,Paul,male,100,340
Andreas,Beijing,Andreas,male,99,44818
Junliang,Marseille,Junliang,male,100,12
Thorsten,,Thorsten,male,99,5261
Jun,,Jun,male,88,6829
Xiaodong,Rehovot,Xiaodong,male,92,157
Lei,,Lei,male,59,2374
Jean,,Jean,male,89,84089
Michael,Singapore,Michael,male,100,612
Stephen,,Stephen,male,99,46085
Jeroen,,Jeroen,male,99,7417
Boris,USA,Boris,male,100,559
Alois,,Alois,male,95,1863
Helma,,Helma,female,98,443
Shunsuke,Kyoto,Shunsuke,male,100,307
Matthias,,Matthias,male,100,17148
Stephen,,Stephen,male,99,46085
Joanna,,Joanna,female,98,34331
Tom,,Tom,male,99,87429
Richard,Mumbai,Richard,male,99,97659
Atsuhiro,Jiangsu,Atsuhiro,male,100,20
Rong-Ming,USA,Ming,male,73,237
Siegfried,ON,Siegfried,male,99,1551
Véronique,Toyama,Véronique,female,98,8797
Janez,,Janez,male,96,786
Raghavan,Cheongwon,Raghavan,male,99,282
Hao,USA,Hao,male,91,219
H,,,,,
Tomas,USA,Tomas,male,100,5103
Yasuhisa,,Yasuhisa,male,100,47
Paul,,Paul,male,99,140849
Jong,,Jong,male,92,676
Nicholas,Russia,Nicholas,male,100,60
Thalappil,,,,,
Bruce,Singapore,Bruce,male,100,51
Hubert,USA,Hubert,male,99,207
Varinder,USA,Varinder,male,93,15
María,Tokyo,María,female,98,11821
Benjamin,,Benjamin,male,99,50718
David,,David,male,99,381770
Andrew,,Andrew,male,99,82448
Steve,Tianjin,Steve,male,99,80009
Bartosz,,Bartosz,male,100,7087
Yoichiro,,Yoichiro,male,100,52
Elisabet,,Elisabet,female,98,1929
Yapei,,Yapei,female,75,4
Hanying,,Hanying,female,89,18
Baiquan,,Baiquan,male,75,4
Dario,,Dario,male,99,26444
Conchi,USA,Conchi,female,100,6
Günter,USA,Günter,male,100,5
Sanzhong,USA,Sanzhong,male,75,4
Qing,,Qing,female,58,728
Alois,,Alois,male,95,1863
Hon,Shizuoka,Hon,male,85,486
James,Ibaraki-ken,James,male,99,131879
Chengde,,Chengde,male,100,5
J,Glasgow,,,,
Hans-Ulrich,USA,Hans,male,99,791
Wolfgang,USA,Wolfgang,male,99,185
Hirokazu,Singapore,Hirokazu,male,100,225
Hiroshi,,Hiroshi,male,99,1730
Steffen,,Steffen,male,99,6430
Leroy,USA,Leroy,male,100,6404
Roald,,Roald,male,100,214
Michael,USA,Michael,male,100,65535
Yugen,USA,Yugen,male,75,4
Herbert,,Herbert,male,99,9602
Gisbert,BC,Gisbert,male,98,96
John,Nagoya,John,male,99,219085
Axel,Sapporo,Axel,male,98,15264
Bruce,Kyoto,Bruce,male,99,14681
Jon,,Jon,male,99,32478
Stefan,,Stefan,male,98,50890
Michael,Sydney,Michael,male,99,211741
Hisanori,,Hisanori,male,100,37
Tatsufumi,USA,Tatsufumi,male,100,6
Norihiro,USA,Norihiro,male,75,4
Peter,,Peter,male,99,146529
Kai,Tokyo,Kai,male,96,28964
Chris,,Chris,male,93,163699
Friedrich,,Friedrich,male,98,955
Kendall,,Kendall,female,55,2082
G,,,,,
P,"United Kingdom",,,,
Motomu,Torino,Motomu,male,100,16
A,USA,,,,
Marco,Changsha,Marco,male,99,133237
Philippe,Beijing,Philippe,male,99,57297
Ullrich,Beijing,Ullrich,male,96,100
Jochen,,Jochen,male,99,2695
Silvio,Dublin,Silvio,male,99,10308
Amir,,Amir,male,98,33635
Jin-Heng,,Jin-Heng,male,73,5481
Jianbo,,Jianbo,male,100,38
Babil,Oxford,Babil,male,94,71
Edwin,USA,Edwin,male,100,2541
Gerard,Beijing,Gerard,male,98,24838
Nadrian,,,,,
Dirk,Oxford,Dirk,male,99,14847
Andreas,,Andreas,male,99,44818
Darren,,Darren,male,99,16621
John,Enschede,John,male,99,219085
Zhiping,,Zhiping,male,78,32
Christian,NSW,Christian,male,100,48300
Christopher,Seoul,Christopher,male,99,55041
Atsuhiro,,Atsuhiro,male,100,20
Christian,,Christian,male,100,48300
Jurriaan,,Jurriaan,male,97,76
Henning,,Henning,male,97,1892
Richard,USA,Richard,male,100,24609
Sihyun,USA,Sihyun,female,75,4
Rei,USA,Rei,male,55,84
Andrea,USA,Andrea,female,95,13332
Jan,USA,Jan,female,77,3645
Wolfgang,,Wolfgang,male,99,10782
Lei,Bangkok,Lei,male,59,2374
Adam,,Adam,male,99,101742
Simon,USA,Simon,male,99,2413
Jon,USA,Jon,male,100,12707
Craig,,Craig,male,100,24286
Johann,,Johann,male,95,7868
Alexander,China,Alexander,male,98,199
Takashi,QLD,Takashi,male,99,1807
Jonathan,,Jonathan,male,99,84386
David,,David,male,99,381770
Robert,USA,Robert,male,100,43118
Lechosław,,Lechosław,male,100,19
Jean'ne,Nagoya,Jeanne,female,97,8933
Haishun,Newcastle,Haishun,female,75,4
Paul,,Paul,male,99,140849
Quan-Ming,,Quan-Ming,male,83,4322
Yushan,,Yushan,female,57,60
Sundargopal,,,,,
Yoshihito,,Yoshihito,male,100,77
Wolfgang,,Wolfgang,male,99,10782
Joerg,Jinan,Joerg,male,99,1356
Armin,USA,Armin,male,96,123
Gustaaf,Beijing,Gustaaf,male,100,104
Xingfu,,Xingfu,male,70,23
Akira,Guangzhou,Akira,female,73,7383
A,Beijing,,,,
Hongxiang,USA,Hongxiang,male,100,6
Hanbin,Seoul,Hanbin,male,95,39
Chengqi,,Chengqi,male,75,4
Zhang-Jie,Daejeon,Zhang-Jie,male,61,4169
Krzysztof,USA,Krzysztof,male,100,111
Guangtao,USA,Guangtao,male,100,4
George,Tianjin,George,male,99,63411
Kisuk,Tianjin,Kisuk,male,94,17
Qun,,Qun,male,56,100
Insung,,Insung,male,96,55
Jon,,Jon,male,99,32478
Mingji,University,Mingji,female,61,28
Qi-Lin,,Qi-Lin,female,56,7013
Wen-Jing,,Wen-Jing,female,67,4519
Katsuhiko,USA,Katsuhiko,male,100,104
Lutz,Anhui,Lutz,male,98,1744
Su,,Su,female,70,4242
Pavel,,Pavel,male,98,48181
Bin,,Bin,male,89,2162
Manfred,,Manfred,male,99,7550
Hien,USA,Hien,male,56,118
Shu-Hong,,Shu-Hong,female,50,4835
Elke,USA,Elke,female,100,65
Stephen,,Stephen,male,99,46085
Mingwen,Madhya,Mingwen,male,100,3
Ulrich,,Ulrich,male,98,3912
Kevin,USA,Kevin,male,100,35080
Arne,,Arne,male,98,2733
David,USA,David,male,100,65535
Xiong,Yokohama,Xiong,male,79,207
Sreenivas,Wuhan,Sreenivas,male,100,474
Jonas,,Jonas,male,99,20200
Conor,,Conor,male,100,8140
Loic,,Loic,male,98,13674
Haibo,,Haibo,male,95,87
Michito,,Michito,male,100,11
Junliang,,Junliang,male,100,12
Lechosław,,Lechosław,male,100,19
Manfred,,Manfred,male,99,7550
Nuno,Belfast,Nuno,male,99,22191
Fosong,,,,,
Martin,,Martin,male,98,139211
Bo,,Bo,male,85,5389
Anouk,,Anouk,female,97,1634
Alois,,Alois,male,95,1863
A,,,,,
Mark,USA,Mark,male,100,47989
David,Leiden,David,male,99,381770
Joulia,,Joulia,female,84,234
Marius,,Marius,male,99,15477
Markus,,Markus,male,99,30782
Rik,,Rik,male,98,3136
Patrick,Tokyo,Patrick,male,99,118290
Patrick,,Patrick,male,99,118290
Wolfgang,Dublin,Wolfgang,male,99,10782
Jong-Beom,Chiyoda-ku,Jong-Beom,male,93,729
Jesper,,Jesper,male,99,4264
Joerg,Singapore,Joerg,male,75,4
Shuji,,Shuji,male,100,154
Suhrit,Aichi,Suhrit,male,100,14
Stephen,,Stephen,male,99,46085
Frank,,Frank,male,99,66241
A,USA,,,,
Zhi,USA,Zhi,male,81,58
Michael,,Michael,male,99,211741
Hisashi,,Hisashi,male,99,188
Andrew,,Andrew,male,99,82448
Frank,USA,Frank,male,100,11178
Michael,USA,Michael,male,100,65535
Robert,Kaiserslautern,Robert,male,99,145540
Stefan,USA,Stefan,male,100,1196
Thomas,USA,Thomas,male,100,20215
Nicolai,,Nicolai,male,99,1109
R,,,,,
Timothy,USA,Timothy,male,100,9427
Frederic,Ulsan,Frederic,male,98,26835
Carolyn,,Carolyn,female,99,7827
V,Zhejiang,,,,
Malek,,Malek,male,90,5181
Martin,USA,Martin,male,100,5868
William,,William,male,99,67797
Sang,,Sang,male,88,2448
Hiroshi,Changchun,Hiroshi,male,99,1730
Shengming,Sendai,Shengming,male,100,5
Yury,,Yury,male,84,1687
Lara,USA,Lara,female,98,1397
Igor,USA,Igor,male,99,720
Liu-Zhu,Tsukuba,Liu-Zhu,male,59,3695
Qingfeng,Tsukuba,Qingfeng,male,86,42
Yoshiharu,Tsukuba,Yoshiharu,male,99,77
Karl,Tsukuba,Karl,male,98,18575
Walter,Tsukuba,Walter,male,97,26732
Gabor,Tsukuba,Gabor,male,98,2242
Hiroki,USA,Hiroki,male,96,28
Michael,,Michael,male,99,211741
Lei,,Lei,male,59,2374
Xiangfeng,,Xiangfeng,male,93,15
John,University,John,male,99,219085
Greg,Singapore,Greg,male,98,60
Webster,,Webster,male,95,380
Davit,,Davit,male,99,715
Alexander,Beijing,Alexander,male,99,56237
Anna,Stuttgart,Anna,female,98,184558
H,"Hong Kong",,,,
Yixin,USA,Yixin,unknown,50,12
Anton,,Anton,male,99,24300
Frank,Osaka,Frank,male,99,66241
Shutao,Ontario,Shutao,male,100,6
Bernhard,Anhui,Bernhard,male,98,4878
Chi-Ming,Fuzhou,Chi-Ming,male,100,7
Isabelle,,Isabelle,female,99,85994
Reinhard,USA,Reinhard,male,96,24
Hiromi,USA,Hiromi,female,70,40
Eugenia,,Eugenia,female,97,4878
Yujie,,Yujie,female,63,96
Ling,,Ling,female,79,2215
Dirk,USA,Dirk,male,99,483
John,,John,male,99,219085
Qiaobing,,,,,
Michael,USA,Michael,male,100,65535
Olivier,,Olivier,male,99,50237
Alain,Anhui,Alain,male,98,53597
Thomas,Singapore,Thomas,male,100,332
Robert,Fukuoka,Robert,male,99,145540
Nicolai,,Nicolai,male,99,1109
Vinothan,,Vinothan,male,100,27
Tobias,,Tobias,male,100,17675
Shiyong,University,Shiyong,male,100,16
Teck-Peng,Sevilla,Teck-Peng,male,85,1460
Tsutomu,,Tsutomu,male,100,220
Christian,VIC,Christian,male,100,48300
Thibault,USA,Thibault,male,100,25
Wolfgang,,Wolfgang,male,99,10782
Jeff,,Jeff,male,99,46165
Shahzada,,Shahzada,male,98,163
Hansgeorg,,Hansgeorg,male,100,8
Dongyuan,USA,Dongyuan,male,75,4
Regan,Kobe,Regan,female,92,6034
F,Taiyuan,,,,
Patrick,USA,Patrick,male,100,18462
Xile,Taipei,Xile,male,64,14
Harald,,Harald,male,99,4998
Aaron,Shanghai,Aaron,male,99,36714
Hatsumi,,Hatsumi,female,100,20
Xiang-Yun,,Xiang-Yun,male,60,2277
J,,,,,
Tsung-Lin,,Tsung-Lin,male,100,3
Edward,USA,Edward,male,100,7932
Wanbin,Nagoya,Wanbin,female,75,4
Andreas,,Andreas,male,99,44818
Guosheng,,Guosheng,male,100,10
Christophe,,Christophe,male,98,60690
Guozhen,Lyon,Guozhen,male,80,15
Luis,,Luis,male,99,120090
Norio,Tianjin,Norio,male,99,143
Pengfei,Tokyo,Pengfei,male,98,120
Frank,,Frank,male,99,66241
Christopher,,Christopher,male,99,55041
Olivier,Qc,Olivier,male,99,50237
Paolo,USA,Paolo,male,99,430
Gion,,Gion,male,97,197
Ken,Anhui,Ken,male,98,28348
Tom,Tianjin,Tom,male,99,87429
Michael,,Michael,male,99,211741
Dmitrii,,Dmitrii,male,100,611
Yu,,Yu,male,63,3415
Armido,Shanghai,Armido,male,100,20
Guan-Wu,Mianyang,Guan-Wu,male,70,1426
Qi-Lin,USA,Lin,female,73,465
Yasuhiro,,Yasuhiro,male,100,455
Simona,,Simona,female,98,30359
Gilles,Nanjing,Gilles,male,99,18113
Zheng,Nanjing,Zheng,male,76,882
Jean'ne,,Jeanne,female,97,8933
Shengqian,USA,Shengqian,male,75,4
Carlos,USA,Carlos,male,100,10179
Robert,,Robert,male,99,145540
Xinping,Assam,Xinping,male,65,17
Ren-Gen,,Ren-Gen,male,70,3577
Jean-François,USA,Jean-François,male,100,21
Guangbin,Beijing,Guangbin,male,91,11
Michel,,Michel,male,97,68146
Klaus,,Klaus,male,98,13207
Arun,Kanazawa,Arun,male,99,24419
Dieter,,Dieter,male,98,7678
Valery,,Valery,female,72,7257
Dongsheng,,Dongsheng,male,97,30
Frank,,Frank,male,99,66241
Georgii,,Georgii,male,78,79
Tsuyoshi,Hsinchu,Tsuyoshi,male,99,458
Jens,,Jens,male,99,13599
Raymond,,Raymond,male,99,20118
Christoph,USA,Christoph,male,100,156
Andreas,Nagoya,Andreas,male,99,44818
Bernd,Wuhan,Bernd,male,99,7628
Shang-Cheng,,Shang-Cheng,male,73,2127
Lutz,,Lutz,male,98,1744
Thomas,Shanghai,Thomas,male,99,129177
François,USA,François,male,99,73
Kazuyuki,Tokyo,Kazuyuki,male,100,219
Kai-Fu,,Kai-Fu,male,90,11735
Stephen,,Stephen,male,99,46085
Debabrata,USA,Debabrata,male,100,8
Dawei,,Dawei,male,95,164
Subha,,Subha,female,61,664
Hideo,USA,Hideo,male,100,14
Oliver,USA,Oliver,male,99,1490
Dietmar,Xiamen,Dietmar,male,99,1635
Jin-Quan,,Jin-Quan,male,77,6369
Stephen,USA,Stephen,male,100,16681
Herbert,USA,Herbert,male,100,4471
Michael,,Michael,male,99,211741
Yi,USA,Yi,male,56,263
Zhong-Qun,Irvine,Zhong-Qun,male,69,414
Stefan,Bangkok,Stefan,male,98,50890
Barbara,,Barbara,female,98,58381
László,Sendai,László,male,99,12109
Marco,,Marco,male,99,133237
Eric,Kyoto,Eric,male,99,121922
Elizabeth,USA,Elizabeth,female,99,20330
Manat,Shanghai,Manat,male,93,108
Xun,,Xun,male,78,162
Nagao,,Nagao,male,94,17
Vy,,Vy,female,84,954
Masato,Beijing,Masato,male,99,603
Lidong,USA,Lidong,male,100,18
Jie,Anhui,Jie,male,61,1651
Siegfried,,Siegfried,male,99,1551
Nicholas,Hefei,Nicholas,male,100,21206
Akira,,Akira,female,73,7383
Liming,"Hong Kong",Liming,male,73,120
Lai-Sheng,,Lai-Sheng,male,61,2205
Rongchao,Dublin,Rongchao,male,75,4
Peter,USA,Peter,male,100,15502
Sergey,Shenzhen,Sergey,male,100,16316
Hiroshi,USA,Hiroshi,male,100,56
Jianwei,(P,Jianwei,male,97,65
Edward,,Edward,male,99,24073
Declan,USA,Declan,male,100,10579
Amir,USA,Amir,male,99,1015
Zhen,,Zhen,male,64,631
Amir,,Amir,male,98,33635
Aiwen,,Aiwen,male,67,24
Hartmut,,Hartmut,male,99,1298
Qiu,Nanjing,Qiu,female,51,255
Inaki,Singapore,Inaki,male,97,173
Graham,,Graham,male,99,10110
Tad,,Tad,male,96,655
Otto,,Otto,male,97,4276
Herbert,USA,Herbert,male,100,4471
Jun-Jie,Daejeon,Jun-Jie,male,100,3
Daiwen,Beijing,Daiwen,male,75,4
Michael,Anhui,Michael,male,99,211741
Michel,Shanghai,Michel,male,97,68146
Qing-Dong,,Qing-Dong,male,76,2940
Younan,Beijing,Younan,male,98,40
Sukbok,,,,,
Li-Zhu,USA,Zhu,male,52,31
Lei,,Lei,male,59,2374
Shu-Li,Singapore,Shu,female,79,29
Werner,,Werner,male,99,7865
Jinghong,,Jinghong,male,67,12
Knut,,Knut,male,99,1130
Craig,Singapore,Craig,male,100,34
Klaus,Singapore,Klaus,male,100,3
Jagadese,,,,,
Nico,Singapore,Nico,male,67,24
Uwe,Fukuoka,Uwe,male,99,8221
Paul,,Paul,male,99,140849
Hua,,Hua,male,52,891
Yu,,Yu,male,63,3415
Jesper,USA,Jesper,male,100,52
Dan,USA,Dan,male,100,20473
Yoshiko,,Yoshiko,female,94,262
Leonard,,Leonard,male,98,7077
Jim,,Jim,male,99,40318
Horst,Wuhan,Horst,male,98,4102
Uttam,,Uttam,male,99,1667
Jun,,Jun,male,88,6829
David,,David,male,99,381770
Alceo,USA,Alceo,male,98,55
Arne,Beijing,Arne,male,98,2733
Taolei,Kyoto,,,,
Sakya,Tenerife,Sakya,male,68,28
Yuguang,,Yuguang,male,88,16
Max,,Max,male,98,69969
Martin,Beijing,Martin,male,98,139211
Jianbo,,Jianbo,male,100,38
Kazuo,,Kazuo,male,99,362
Romen,,Romen,male,98,156
Paolo,"United Kingdom",Paolo,male,100,413
Takashi,,Takashi,male,99,1807
Shouheng,Shanghai,Shouheng,male,75,4
Beatrice,"New Zealand",Beatrice,female,100,3
Nazario,USA,Nazario,male,95,21
Hansjörg,,Hansjörg,male,100,144
Charlotte,,Charlotte,female,96,27559
Ingo,USA,Ingo,male,100,30
Xingang,Alberta,Xingang,male,100,10
Frank,Rehovot,Frank,male,99,66241
David,,David,male,99,381770
Barbara,,Barbara,female,98,58381
Christian,USA,Christian,male,100,48214
James,,James,male,99,131879
David,Wuhan,David,male,99,381770
Michael,,Michael,male,99,211741
Michael,,Michael,male,99,211741
Klaus,Beijing,Klaus,male,98,13207
Shanta,USA,Shanta,female,97,119
Matthias,,Matthias,male,100,17148
Quan,,Quan,male,93,1630
Ali,,Ali,male,94,240857
Jieping,Shanghai,Jieping,female,67,3
Yan-Mei,,Yan-Mei,male,60,10929
Lei,,Lei,male,59,2374
Miquel,Cape,Miquel,male,98,2554
Chuluo,,,,,
Yves,,Yves,male,98,19181
Dominic,USA,Dominic,male,99,2040
Magnus,Shanghai,Magnus,male,99,5496
Magnus,,Magnus,male,99,5496
Michael,,Michael,male,99,211741
Xiaoyuan,,Xiaoyuan,female,57,28
François,,François,male,99,16142
Sheng,,Sheng,male,74,646
Kuiling,Seoul,,,,
Eva,Seoul,Eva,female,98,79421
Mohamed,,Mohamed,male,98,173033
Oren,,Oren,male,96,678
Bernhard,Sendai,Bernhard,male,98,4878
Boris,,Boris,male,99,15168
Seung,University,Seung,male,93,447
Kazuya,USA,Kazuya,male,92,13
Joachim,USA,Joachim,male,100,83
Andreas,USA,Andreas,male,100,2789
Yuichi,USA,Yuichi,male,100,16
Hilal,USA,Hilal,male,52,23
Christopher,,Christopher,male,99,55041
Shaoyi,,Shaoyi,male,67,6
Yu,Beijing,Yu,male,63,3415
Rajendra,,Rajendra,male,100,4696
Guangbin,,Guangbin,male,91,11
Alexander,,Alexander,male,99,56237
Carlos,Braunschweig,Carlos,male,99,174998
Andreas,,Andreas,male,99,44818
Xueyuan,Singapore,Xueyuan,male,57,7
Jean-Marc,,Jean-Marc,male,99,6278
Didier,Taiwan,Didier,male,98,29191
Hee,Osaka,Hee,male,55,489
Markus,"Hong Kong",Markus,male,100,8
Todd,Milano,Todd,male,100,11557
Shunsuke,TU,Shunsuke,male,100,307
Rui,,Rui,male,98,25872
Hsin-Chieh,Chengdu,Hsin-Chieh,male,100,3
Takumi,USA,Takumi,male,100,30
Wa-Hung,,Wa-Hung,male,93,5572
Piero,Shizuoka,Piero,male,99,12229
Michael,USA,Michael,male,100,65535
Michael,Tokyo,Michael,male,99,211741
Xiaoming,Glasgow,Xiaoming,male,83,144
Timothy,,Timothy,male,99,15778
Christian,,Christian,male,100,48300
Hirokazu,,Hirokazu,male,100,225
Andrew,Daejeon,Andrew,male,99,82448
Takashi,,Takashi,male,99,1807
Jonathan,,Jonathan,male,99,84386
Carsten,,Carsten,male,99,5153
Thomas,Shanghai,Thomas,male,99,129177
Peter,Cambridge,Peter,male,99,146529
Soon,,,,,
Marie-Noëlle,USA,Noëlle,female,100,3
Henning,USA,Henning,male,95,38
Chuan-De,,Chuan-De,male,71,5523
Zheng,,Zheng,male,76,882
Frank,USA,Frank,male,100,11178
Xiong,USA,Xiong,male,100,4
Bart,,Bart,male,99,11007
Lyle,University,Lyle,male,99,3865
Harald,,Harald,male,99,4998
Ivan,Tokyo,Ivan,male,99,80498
Christopher,University,Christopher,male,99,55041
Srikanth,USA,Srikanth,male,99,174
Suhrit,Buenos,Suhrit,male,100,14
Wilfred,,Wilfred,male,99,1812
Jonathan,,Jonathan,male,99,84386
Keisuke,Av,Keisuke,male,100,782
Fabio,Shanghai,Fabio,male,99,72039
Amos,USA,Amos,male,100,2497
Luis,,Luis,male,99,120090
Audrey,,Audrey,female,97,33454
Sujit,Jerusalem,Sujit,male,99,2207
Alain,Shanghai,Alain,male,98,53597
Peng,Manchester,Peng,male,84,1353
T,USA,,,,
Tanja,Singapore,Tanja,female,75,4
Sonja,Tokyo,Sonja,female,98,10955
Daniel,USA,Daniel,male,100,35866
Shengming,,Shengming,male,100,5
Jonathan,,Jonathan,male,99,84386
Marina,Jinan,Marina,female,98,57740
Anh,USA,Anh,female,54,333
Keisuke,,Keisuke,male,100,782
Regan,Beijing,Regan,female,92,6034
Gerhard,,Gerhard,male,99,4931
Emmanuel,,Emmanuel,male,99,43639
Jianbo,Nanjing,Jianbo,male,100,38
Lai-Sheng,,Lai-Sheng,male,61,2205
Paul,Ibaraki,Paul,male,99,140849
Xiang-Ping,,Xiang-Ping,male,61,2312
Luis,,Luis,male,99,120090
Frank,USA,Frank,male,100,11178
Xinping,,Xinping,male,65,17
Ghassan,Kyoto,Ghassan,male,98,2069
Akira,USA,Akira,female,98,5084
Gustavo,,Gustavo,male,99,27768
Jacob,Vic,Jacob,male,99,25605
Christopher,Daejeon,Christopher,male,99,55041
Ullrich,,Ullrich,male,96,100
Atsuhiro,,Atsuhiro,male,100,20
Eric,Crespina,Eric,male,99,121922
Karl,Tokyo,Karl,male,98,18575
Spencer,Hangzhou,Spencer,male,97,5490
Sang,,Sang,male,88,2448
F,,,,,
B,Singapore,,,,
Massimiliano,Fuzhou,Massimiliano,male,99,13500
Motomu,Nagasaki,Motomu,male,100,16
Liming,,Liming,male,73,120
Harald,,Harald,male,99,4998
Uwe,,Uwe,male,99,8221
Shunsuke,,Shunsuke,male,100,307
Xinchen,USA,Xinchen,male,56,9
Susumi,,Susumi,female,75,4
Sylvestre,,Sylvestre,male,97,1007
Kai,,Kai,male,96,28964
A,,,,,
A,USA,,,,
G,,,,,
Feliu,Jinju,Feliu,male,94,17
Gerhard,Bangalore,Gerhard,male,99,4931
Xiao-Feng,Queensland,Xiao-Feng,male,65,3158
Rolf,USA,Rolf,male,99,112
Peter,,Peter,male,99,146529
Marie-Paule,,Marie-Paule,female,98,780
Jagadese,,,,,
Santanu,,Santanu,male,100,1272
Thomas,,Thomas,male,99,129177
Jonas,,Jonas,male,99,20200
Tanja,Shanghai,Tanja,female,98,13686
Kimoon,USA,Kimoon,male,100,8
Bengang,,,,,
Angela,Bristol,Angela,female,98,69937
Cyril,Glasgow,Cyril,male,98,21612
Jiayin,,Jiayin,female,82,38
Lixin,USA,Lixin,male,60,15
Matthew,,Matthew,male,100,51412
Marinella,Seoul,Marinella,female,98,1195
M,,,,,
John,Hsinchu,John,male,99,219085
Melanie,,Melanie,female,98,35986
Hemamala,,,,,
Nicolai,Daejeon,Nicolai,male,99,1109
David,Suzhou,David,male,99,381770
Sarah,,Sarah,female,98,127402
Yuan-Pern,USA,Yuan,male,57,152
Jinbo,,Jinbo,male,93,27
Yunjie,,Yunjie,male,57,23
Soon,,,,,
Jian,(P,Jian,male,89,1215
Uwe,Nagoya,Uwe,male,99,8221
Gojko,,Gojko,male,100,144
Didier,Sapporo,Didier,male,98,29191
Leif,,Leif,male,99,2426
Burkhard,,Burkhard,male,99,552
Bo,,Bo,male,85,5389
Cathleen,,Cathleen,female,97,659
Michael,,Michael,male,99,211741
Yoshihiro,,Yoshihiro,male,100,383
Konrad,,Konrad,male,100,7427
Rainer,,Rainer,male,99,5435
Masood,,Masood,male,99,1729
Chu-Young,,Chu-Young,male,81,5501
Matthew,,Matthew,male,100,51412
Klaus,Hsinchu,Klaus,male,98,13207
Thomas,Beijing,Thomas,male,99,129177
Timothy,Yokohama,Timothy,male,99,15778
Rik,,Rik,male,98,3136
Peter,USA,Peter,male,100,15502
Ivan,Sapporo,Ivan,male,99,80498
Bing-Ming,USA,Ming,male,73,237
Tierui,,Tierui,female,75,4
Noritaka,USA,Noritaka,male,100,38
Felix,Tokyo,Felix,male,98,24864
Klavs,,Klavs,male,100,46
Takanori,USA,Takanori,male,100,10
Ming,,Ming,male,77,2692
Gregor,Saitama,Gregor,male,99,3274
Jin-Quan,,Jin-Quan,male,77,6369
Noritaka,Wuhan,Noritaka,male,100,38
Berthold,University,Berthold,male,100,302
Vytas,USA,Vytas,male,100,4
Michael,"Hong Kong",Michael,male,100,647
Masaichi,,Masaichi,male,100,7
Jik,USA,Jik,male,65,115
Taolei,,,,,
Robert,,Robert,male,99,145540
John,,John,male,99,219085
Chi-Ming,,Chi-Ming,male,100,7
Alois,Tianjin,Alois,male,95,1863
David,USA,David,male,100,65535
Xun,USA,Xun,male,75,12
Tamio,,Tamio,male,94,18
Lukas,,Lukas,male,99,22120
Gisbert,USA,Gisbert,male,98,96
Xian-He,,Xian-He,male,67,1174
Mahdi,USA,Mahdi,male,99,147
Lynden,Beijing,Lynden,male,80,81
Wolfgang,Chiba,Wolfgang,male,99,10782
Nicola,Chicago,Nicola,male,81,36692
Johannes,,Johannes,male,99,7870
Faycal,,Faycal,male,98,1972
Tehshik,USA,,,,
Ning,Sendai,Ning,female,74,1915
Yasuaki,USA,Yasuaki,male,100,3
Tom,,Tom,male,99,87429
Thomas,,Thomas,male,99,129177
Walther,Marseille,Walther,male,98,445
Joseph,Beijing,Joseph,male,99,63161
Yasunori,USA,Yasunori,male,100,8
Patrick,Zhejiang,Patrick,male,99,118290
Carsten,Wuhan,Carsten,male,99,5153
Manuel,USA,Manuel,male,99,3096
Patrice,USA,Patrice,female,98,6966
Shu,,Shu,male,60,982
Paul,USA,Paul,male,100,28746
Jianping,,Jianping,male,75,48
Aiwen,,Aiwen,male,67,24
Yongjian,USA,Yongjian,male,75,4
Jaswinder,Kyeonggi-do,Jaswinder,male,88,513
Antoni,Singapore,Antoni,male,75,4
Nathanael,,Nathanael,male,100,5312
Kathrin,,Kathrin,female,98,3502
Sylvie,Nijmegen,Sylvie,female,98,40082
Aaron,USA,Aaron,male,100,19401
Eun,,Eun,female,69,381
Kian,,Kian,male,99,5648
Haoshen,USA,,,,
Eric,,Eric,male,99,121922
Sébastien,,Sébastien,male,99,18623
Peter,Saitama,Peter,male,99,146529
Bernard,USA,Bernard,male,99,1250
Carsten,Victoria,Carsten,male,99,5153
Thuc-Quyen,USA,Thuc,male,83,18
Alexander,,Alexander,male,99,56237
Andreas,Seoul,Andreas,male,99,44818
Yasuhiro,USA,Yasuhiro,male,100,14
Monica,,Monica,female,98,56741
Bayden,,Bayden,male,100,16
Luis,,Luis,male,99,120090
Manfred,USA,Manfred,male,99,90
Robert,USA,Robert,male,100,43118
Wenjun,Hsinchu,Wenjun,male,52,119
Uwe,,Uwe,male,99,8221
R,Quebec,,,,
Henning,USA,Henning,male,95,38
Jeffrey,USA,Jeffrey,male,100,10439
Hong-Cai,,Hong-Cai,female,51,4394
