"First Name",Country,ga_first_name,ga_gender,ga_accuracy,ga_samples
Johann,Austria,Johann,male,98,732
Samuel,USA,Samuel,male,100,6468
James,USA,James,male,100,47200
Helge,Germany,Helge,female,71,1604
Steven,UK,Steven,male,99,59951
Martin,Germany,Martin,male,99,14619
Wilfred,USA,Wilfred,male,99,133
Tamejiro,Japan,,,,
Luisa,Germany,Luisa,female,98,824
Ahmed,USA,Ahmed,male,99,2824
Erick,Switzerland,Erick,male,100,42
Frédéric,France,Frédéric,male,98,8946
Julius,USA,Julius,male,100,7130
Herbert,Germany,Herbert,male,98,1663
Karl,Denmark,Karl,male,99,84
Tomislav,USA,Tomislav,male,100,27
Rainer,Germany,Rainer,male,99,4309
David,USA,David,male,100,65535
Ludovic,Germany,Ludovic,male,100,27
Stephen,"Czech Republic",Stephen,male,100,16
Jérôme,Switzerland,Jérôme,male,100,202
Manfred,Germany,Manfred,male,99,5121
Derrick,Canada,Derrick,male,100,191
So-Jung,USA,So,male,60,93
Sukanya,USA,Sukanya,female,100,29
Peter,UK,Peter,male,99,146529
Michael,Denmark,Michael,male,100,2587
Minoru,Germany,Minoru,male,100,3
Liviu,France,Liviu,male,100,23
Vincenzo,Italy,Vincenzo,male,99,31988
Horst,Germany,Horst,male,98,3472
Daniel,Canada,Daniel,male,100,3264
Trolle,Denmark,Trolle,male,75,4
Younan,USA,Younan,male,100,6
Gerard,Netherlands,Gerard,male,99,2714
Haridas,India,Haridas,male,99,153
Juan,Spain,Juan,male,100,65535
Yasuhiro,Japan,Yasuhiro,male,100,425
Anthony,USA,Anthony,male,100,21929
Rik,Canada,Rik,male,100,24
Thomas,Italy,Thomas,male,99,3053
Hans-Jörg,Germany,Hans-Jörg,male,100,93
Luis,Spain,Luis,male,99,43667
Tetsuo,Spain,Tetsuo,male,100,7
Antoine,France,Antoine,male,99,20093
Michaele,UK,Michaele,female,82,119
Hans,Germany,Hans,male,97,10718
Yi,USA,Yi,male,56,263
Daniel,USA,Daniel,male,100,35866
Guochen,"Hong Kong",Guochen,male,100,4
Juan,Spain,Juan,male,100,65535
Joseph,USA,Joseph,male,100,21534
Anna,USA,Anna,female,99,11850
Naomi,USA,Naomi,female,98,2034
Joachim,Korea,Joachim,male,99,6027
Yoshinori,Japan,Yoshinori,male,100,243
Luis,USA,Luis,male,100,8179
Gerhard,Germany,Gerhard,male,99,2024
Martin,France,Martin,male,90,5965
Wei,USA,Wei,male,75,391
Ian,Canada,Ian,male,100,1369
Myongsoo,Korea,Myongsoo,male,75,4
Wolfgang,Thailand,Wolfgang,male,100,39
Hiroshi,Japan,Hiroshi,male,99,1448
Ross,USA,Ross,male,98,3102
Bert,Netherlands,Bert,male,98,3144
Bernhard,Austria,Bernhard,male,99,1108
Seungjoo,Korea,Seungjoo,male,60,15
Hubert,Germany,Hubert,male,99,695
Neville,USA,Neville,male,98,109
Christopher,Germany,Christopher,male,99,3075
Johan,Belgium,Johan,male,99,3277
Michael,Israel,Michael,male,100,862
Paul,Germany,Paul,male,99,5117
Shinya,Japan,Shinya,male,100,492
Shin-Ichiro,Japan,Shin-Ichiro,male,100,11
Bengang,Singapore,,,,
Lester,China,Lester,male,100,21
Dietmar,Germany,Dietmar,male,99,1199
Milan,USA,Milan,male,84,332
Wolfgang,Germany,Wolfgang,male,99,7880
Sijbren,UK,Sijbren,male,100,4
M,Spain,,,,
Ingo,Austria,Ingo,male,98,96
Carsten,Germany,Carsten,male,100,4032
Heloise,Italy,Heloise,female,100,7
Angela,Germany,Angela,female,98,2556
Karl,USA,Karl,male,100,2609
Jinwoo,Korea,Jinwoo,male,99,293
Christian,Germany,Christian,male,100,86
Bernhard,Germany,Bernhard,male,98,3134
Matthias,Germany,Matthias,male,100,9451
Timo,Germany,Timo,male,100,4802
John,Switzerland,John,male,99,1369
Karl,Germany,Karl,male,96,3903
Mark,USA,Mark,male,100,47989
E,Netherlands,,,,
Gerard,Netherlands,Gerard,male,99,2714
James,USA,James,male,100,47200
Samuel,USA,Samuel,male,100,6468
Matthew,UK,Matthew,male,100,51412
Didier,France,Didier,male,98,20949
Sergey,USA,Sergey,male,100,435
Kenneth,USA,Kenneth,male,100,7907
Christian,Germany,Christian,male,100,86
Maurizio,Italy,Maurizio,male,99,22992
Enrique,USA,Enrique,male,100,1544
Chengzhong,China,,,,
Matthias,Germany,Matthias,male,100,9451
Kazuo,Japan,Kazuo,male,99,306
Joost,Netherlands,Joost,male,99,1873
Lutz,Germany,Lutz,male,99,1566
Tamejiro,Japan,,,,
Didier,France,Didier,male,98,20949
Hans-Georg,Germany,Hans-Georg,male,100,101
Hiroyuki,Japan,Hiroyuki,male,100,955
Lawrence,USA,Lawrence,male,99,2880
Masaaki,Japan,Masaaki,male,100,226
Gernot,Germany,Gernot,male,98,221
Patrick,USA,Patrick,male,100,18462
Hans-Joachim,Germany,Hans-Joachim,male,100,359
Oliver,Germany,Oliver,male,99,7903
Adam,UK,Adam,male,99,101742
Diego,Spain,Diego,male,99,17909
Kazuhiro,Japan,Kazuhiro,male,100,388
Andreas,Netherlands,Andreas,male,100,231
Sine,Denmark,Sine,female,98,49
Andrew,USA,Andrew,male,100,34858
Albert,USA,Albert,male,99,3175
Andreas,Australia,Andreas,male,99,74
Joseph,UK,Joseph,male,99,63161
Karl,Switzerland,Karl,male,100,230
Richard,Australia,Richard,male,100,1308
Isabelle,France,Isabelle,female,98,32922
Motoo,Japan,Motoo,male,100,11
Mihail,France,Mihail,male,100,24
Antoine,France,Antoine,male,99,20093
Andreas,Germany,Andreas,male,99,21215
Johann,Austria,Johann,male,98,732
Lan-Sun,China,Lan,female,82,345
Jean-Marie,France,Jean-Marie,male,99,2871
Gérald,Switzerland,Gérald,male,99,68
Chad,USA,Chad,male,100,9565
Tomás,Spain,Tomás,male,99,887
Zoltán,Germany,Zoltán,male,100,161
Manfred,Germany,Manfred,male,99,5121
E,USA,,,,
Helmut,Turkey,Helmut,male,100,4
Chad,USA,Chad,male,100,9565
Toshikazu,Japan,Toshikazu,male,100,69
G,Netherlands,,,,
Marcos,France,Marcos,male,98,372
Reinhart,Germany,Reinhart,male,100,23
Martina,Germany,Martina,female,98,4282
Wei,USA,Wei,male,75,391
Timothy,USA,Timothy,male,100,9427
Silvia,Spain,Silvia,female,98,15336
Uwe,Germany,Uwe,male,99,7562
Jun,Germany,Jun,male,85,52
François,Switzerland,François,male,99,355
Stephen,USA,Stephen,male,100,16681
Bartosz,USA,Bartosz,male,100,26
Roman,USA,Roman,male,100,7028
Gerhard,Germany,Gerhard,male,99,2024
Dirk,Germany,Dirk,male,99,8318
Kazunobu,Japan,Kazunobu,male,100,21
Makoto,Japan,Makoto,male,97,995
Koji,Japan,Koji,male,99,780
Martin,USA,Martin,male,100,5868
Marc,USA,Marc,male,100,6334
Paul,USA,Paul,male,100,28746
Jonas,Germany,Jonas,male,99,2401
Andrew,UK,Andrew,male,99,82448
Viktoria,Germany,Viktoria,female,98,602
Christian,USA,Christian,male,100,48214
Martin,Germany,Martin,male,99,14619
François,Switzerland,François,male,99,355
Stefan,Germany,Stefan,male,97,20127
Stephan,Germany,Stephan,male,98,6568
John,USA,John,male,100,65535
Gottfried,Switzerland,Gottfried,male,100,10
Zhaoda,USA,Zhaoda,male,75,4
Sanghee,Korea,Sanghee,male,53,75
Xianhui,USA,Xianhui,unknown,50,2
Santiago,Spain,Santiago,male,99,5295
Jeremy,UK,Jeremy,male,99,45294
Peter,USA,Peter,male,100,15502
Peter,USA,Peter,male,100,15502
Stuart,USA,Stuart,male,99,2086
Ilan,Israel,Ilan,male,99,329
John,Switzerland,John,male,99,1369
Yunqing,USA,Yunqing,female,75,4
Matthias,Germany,Matthias,male,100,9451
Hilkka,USA,Hilkka,female,75,4
Jörn,Germany,Jörn,male,99,640
Heino,Germany,Heino,male,98,225
Hiromi,Japan,Hiromi,female,79,363
Stephen,USA,Stephen,male,100,16681
Régis,France,Régis,male,99,2008
Rainer,USA,Rainer,male,100,60
Andreas,Switzerland,Andreas,male,99,1721
Lawrence,USA,Lawrence,male,99,2880
Carlos,Portugal,Carlos,male,99,25203
Jay,Switzerland,Jay,male,84,283
Jochen,Germany,Jochen,male,99,2148
Jerry,USA,Jerry,male,99,8844
Charles,USA,Charles,male,100,15822
Sason,China,Sason,male,77,26
Albertus,Netherlands,Albertus,male,100,40
Giovanni,Italy,Giovanni,male,99,52893
Daniel,USA,Daniel,male,100,35866
E,Netherlands,,,,
Frances,USA,Frances,female,98,1727
Thomas,USA,Thomas,male,100,20215
Peter,Germany,Peter,male,99,21321
J,USA,,,,
Wolfgang,Argentina,Wolfgang,male,75,4
John,USA,John,male,100,65535
Roderich,Germany,Roderich,male,100,19
George,Canada,George,male,100,995
Yadong,China,Yadong,male,94,18
Colin,USA,Colin,male,100,3986
Nuria,Germany,Nuria,female,96,24
Eiichi,Japan,Eiichi,male,99,86
Konrad,Germany,Konrad,male,99,692
Michael,UK,Michael,male,99,211741
Samuel,USA,Samuel,male,100,6468
Beate,Germany,Beate,female,98,1700
Olivier,France,Olivier,male,99,36743
Bernard,Belgium,Bernard,male,98,2302
Robert,Germany,Robert,male,99,8458
Stuart,USA,Stuart,male,99,2086
Susumu,Japan,Susumu,male,98,154
Dang,Germany,Dang,male,88,8
Akihide,Japan,Akihide,male,100,17
Gopalan,Germany,Gopalan,male,100,3
John,USA,John,male,100,65535
Martin,UK,Martin,male,98,139211
Hideki,Japan,Hideki,male,100,517
Oddur,Iceland,Oddur,male,100,18
Johann,Austria,Johann,male,98,732
Ilan,Israel,Ilan,male,99,329
Edward,USA,Edward,male,100,7932
Carol,UK,Carol,female,97,29790
Enrico,Italy,Enrico,male,99,16401
Neil,Canada,Neil,male,99,601
John,UK,John,male,99,219085
Siegfried,Germany,Siegfried,male,99,899
Christopher,Norway,Christopher,male,100,128
Daniel,Spain,Daniel,male,99,25559
Tetsuhiko,Japan,Tetsuhiko,male,100,4
Andrei,USA,Andrei,male,99,322
Linhong,China,Linhong,unknown,50,4
Enrique,Spain,Enrique,male,99,9527
L,USA,,,,
Mark,Canada,Mark,male,100,48064
Karl,USA,Karl,male,100,2609
Takashi,Japan,Takashi,male,99,1549
Dongyuan,China,Dongyuan,unknown,50,2
Maolin,China,Maolin,male,100,4
Siegfried,Germany,Siegfried,male,99,899
David,USA,David,male,100,65535
Zhuo,China,Zhuo,male,77,64
Steven,UK,Steven,male,99,59951
G,USA,,,,
Félix,Spain,Félix,male,99,672
Samuel,USA,Samuel,male,100,6468
Robert,USA,Robert,male,100,43118
Rodolfo,Spain,Rodolfo,male,97,814
Kwang,Korea,Kwang,female,62,754
Enrique,USA,Enrique,male,100,1544
Stefan,Germany,Stefan,male,97,20127
Neil,UK,Neil,male,99,16868
Andrew,UK,Andrew,male,99,82448
Mark,Australia,Mark,male,100,48064
Cathleen,Canada,Cathleen,female,100,16
Jiong,USA,Jiong,male,80,5
Andrew,USA,Andrew,male,100,34858
Fabian,Germany,Fabian,male,99,4595
John,USA,John,male,100,65535
Russell,UK,Russell,male,99,7800
Thomas,USA,Thomas,male,100,20215
Krzysztof,Germany,Krzysztof,male,99,464
Fabian,Germany,Fabian,male,99,4595
Martin,Germany,Martin,male,99,14619
Werner,Germany,Werner,male,99,4257
Carsten,Germany,Carsten,male,100,4032
Renato,Switzerland,Renato,male,98,384
David,UK,David,male,99,381770
Alexander,UK,Alexander,male,99,56237
John,USA,John,male,100,65535
Kazuhiko,Japan,Kazuhiko,male,99,170
Christof,Germany,Christof,male,99,501
Takuzo,Japan,Takuzo,male,100,3
Jiang,USA,Jiang,male,68,40
Xiaoming,China,Xiaoming,male,84,105
Ying-Chun,China,Ying,female,86,923
Dominic,UK,Dominic,male,98,9763
Shū,Japan,,,,
Philip,USA,Philip,male,100,5264
Hansjörg,Netherlands,Hansjörg,male,75,4
Christine,USA,Christine,female,99,11335
Daoben,China,,,,
Carsten,Germany,Carsten,male,100,4032
Sebastian,Germany,Sebastian,male,100,13809
Joachim,"Czech Republic",Joachim,male,100,27
Takeshi,Japan,Takeshi,male,100,1025
Eiji,Japan,Eiji,male,100,298
Bérangère,UK,Bérangère,female,97,419
Shoji,Japan,Shoji,male,99,146
Bert,Netherlands,Bert,male,98,3144
Rüdiger,Germany,Rüdiger,male,100,1081
Peter,USA,Peter,male,100,15502
Leroy,UK,Leroy,male,98,8423
Haichao,China,Haichao,male,100,11
F,USA,,,,
Makoto,Japan,Makoto,male,97,995
Olli,Finland,Olli,male,100,505
Karl,Denmark,Karl,male,99,84
Herbert,Germany,Herbert,male,98,1663
Phil,Germany,Phil,male,99,1398
Paul,Germany,Paul,male,99,5117
Mark,UK,Mark,male,100,48064
Rutger,Netherlands,Rutger,male,99,510
Pierluigi,Italy,Pierluigi,male,99,2782
Yi,USA,Yi,male,56,263
Wim,Switzerland,Wim,male,80,5
Takeaki,Japan,Takeaki,male,100,23
Yitzhak,Israel,Yitzhak,male,100,22
Georges,France,Georges,male,97,6641
René,Switzerland,René,male,99,817
Tahei,Japan,Tahei,male,75,4
John,USA,John,male,100,65535
Torsten,Germany,Torsten,male,99,4534
Gerhard,Germany,Gerhard,male,99,2024
Elena,Russia,Elena,female,98,9358
Xiu-Ping,China,Xiu,female,80,35
Marinella,France,Marinella,female,98,50
Cécile,Germany,Cécile,female,100,19
Stephen,USA,Stephen,male,100,16681
Andrew,USA,Andrew,male,100,34858
Tamio,Japan,Tamio,male,100,12
Stephen,USA,Stephen,male,100,16681
Kimoon,"Republic of Korea",Kimoon,male,100,8
Craig,USA,Craig,male,100,9154
Fritz,Germany,Fritz,male,97,1280
Ulrich,Canad,Ulrich,male,98,3912
Rasmita,UK,Rasmita,female,99,81
Song,China,Song,male,100,74
Eun,Korea,Eun,female,69,381
Teodor,Spain,Teodor,male,100,37
Muhammad,USA,Muhammad,male,100,5396
Bing,China,Bing,male,71,379
Guy,USA,Guy,male,99,1664
Kazuhiko,Japan,Kazuhiko,male,99,170
Qi-Lin,China,Qi,male,73,234
Fabrice,France,Fabrice,male,98,18240
Andreas,Germany,Andreas,male,99,21215
Gerhard,Germany,Gerhard,male,99,2024
Jan,Netherlands,Jan,male,96,13276
Armen,USA,Armen,male,98,120
Henk,Netherlands,Henk,male,98,7166
Luis,Spain,Luis,male,99,43667
Masatake,Japan,Masatake,male,100,13
Jean,USA,Jean,female,75,3982
David,USA,David,male,100,65535
Paultheo,Germany,,,,
Patrick,Switzerland,Patrick,male,99,3272
Hagan,UK,Hagan,male,84,55
Olga,Spain,Olga,female,98,5284
Laurence,Canada,Laurence,female,65,155
Udo,Germany,Udo,male,99,2375
Qiuchang,China,,,,
Alexandre,Switzerland,Alexandre,male,99,706
Yasuyuki,Japan,Yasuyuki,male,100,153
Jean-François,France,Jean-François,male,99,3014
Douglas,Canada,Douglas,male,100,411
Pavel,USA,Pavel,male,100,322
Cheng-Yong,China,Yong,male,95,502
Lyle,USA,Lyle,male,100,3456
Piotr,Poland,Piotr,male,99,40427
Michael,USA,Michael,male,100,65535
Claus,Germany,Claus,male,99,902
Scott,USA,Scott,male,100,30644
Ana,France,Ana,female,95,3098
Lawrence,USA,Lawrence,male,99,2880
Samuel,USA,Samuel,male,100,6468
Zhaoxiang,China,Zhaoxiang,male,80,5
Shoichi,Japan,Shoichi,male,100,125
Peter,USA,Peter,male,100,15502
Jennifer,UK,Jennifer,female,98,88317
Christian,Germany,Christian,male,100,86
Benjamin,Australia,Benjamin,male,100,493
Vincent,France,Vincent,male,98,32067
Geoffrey,USA,Geoffrey,male,100,1478
Omar,USA,Omar,male,99,3202
Masahiro,Japan,Masahiro,male,100,703
Reinhold,Germany,Reinhold,male,100,527
Taeghwan,Korea,,,,
Peter,USA,Peter,male,100,15502
Bruno,France,Bruno,male,98,25603
Matthias,Deutschland,Matthias,male,100,17148
Jian,China,Jian,male,93,610
Stefan,USA,Stefan,male,100,1196
Jaheon,Korea,Jaheon,male,75,4
Yong-Min,China,Yong,male,95,502
Gilles,France,Gilles,male,99,14418
Konstantin,Spain,Konstantin,male,98,61
Zhen,China,Zhen,male,68,311
Alex,UK,Alex,male,92,247706
Koji,Japan,Koji,male,99,780
Jürgen,Germany,Jürgen,male,99,7863
Helma,Switzerland,Helma,female,75,4
Stephen,USA,Stephen,male,100,16681
Paolo,Italy,Paolo,male,99,54131
François,USA,François,male,99,73
Dongwhan,USA,Dongwhan,male,75,4
Piet,Spain,Piet,male,93,14
Ralph,Germany,Ralph,male,99,1304
Bong,Korea,Bong,male,86,832
Younan,USA,Younan,male,100,6
Nicolas,France,Nicolas,male,99,55561
F,Russia,,,,
Hans-Dieter,Germany,Hans-Dieter,male,99,132
Jean-Pierre,France,Jean-Pierre,male,99,6423
Jianghong,USA,Jianghong,male,60,10
Norbert,Germany,Norbert,male,99,3231
Craig,USA,Craig,male,100,9154
Huan-Tsung,Taiwan,Tsung,male,90,20
Takayoshi,China,Takayoshi,male,100,93
Harry,UK,Harry,male,98,24473
José,Spain,José,male,99,8211
Myongsoo,Korea,Myongsoo,male,75,4
Richard,USA,Richard,male,100,24609
Xiao-Zeng,China,Xiao,male,56,757
Walter,China,Walter,male,100,103
Yuri,Germany,Yuri,male,87,70
Martin,China,Martin,male,99,466
Akira,Japan,Akira,male,97,1276
Kálmán,Stockholm,Kálmán,male,98,686
Klaus,USA,Klaus,male,100,135
Otto,Germany,Otto,male,96,943
Can,China,Can,male,71,107
Yoshihiro,Japan,Yoshihiro,male,100,350
Werner,Germany,Werner,male,99,4257
Serge,Russia,Serge,male,99,584
Kyoko,Japan,Kyoko,female,97,225
Sheng-Hsien,Taiwan,Sheng,male,94,67
Alan,UK,Alan,male,99,44635
Christopher,USA,Christopher,male,100,26017
Teresa,Spain,Teresa,female,98,6422
Steven,UK,Steven,male,99,59951
Edward,UK,Edward,male,99,24073
Hidetoshi,Japan,Hidetoshi,male,100,81
Andreas,USA,Andreas,male,100,2789
Tetsuro,Japan,Tetsuro,male,100,83
Paul,Germany,Paul,male,99,5117
Susan,Sweden,Susan,female,97,146
Hak-Sung,Korea,Hak-Sung,male,88,1504
Josef,Germany,Josef,male,99,1788
Masahiro,Japan,Masahiro,male,100,703
Steven,UK,Steven,male,99,59951
Ahmad,Israel,Ahmad,male,95,1344
Susumi,Japan,Susumi,female,75,4
Xiao,Germany,Xiao,male,57,21
Byung-Kook,"South Korea",Byung,male,99,89
Karol,Poland,Karol,male,95,10953
Darryl,USA,Darryl,male,100,1647
Guy,USA,Guy,male,99,1664
Frank,Germany,Frank,male,98,16573
Michel,USA,Michel,male,83,715
Slavi,USA,Slavi,male,75,4
Ferdi,Germany,Ferdi,male,99,526
Yadong,China,Yadong,male,94,18
Christian,Germany,Christian,male,100,86
Varinder,UK,Varinder,male,94,496
François,Switzerland,François,male,99,355
James,USA,James,male,100,47200
Janine,France,Janine,female,97,1081
Vitaly,Iran,Vitaly,male,99,1738
Paula,USA,Paula,female,99,5334
John,USA,John,male,100,65535
Miguel,USA,Miguel,male,99,4616
Wilhelm,UK,Wilhelm,male,98,1428
Malcolm,UK,Malcolm,male,99,4821
Markus,Finland,Markus,male,99,732
Chao-Jun,China,Chao,male,88,554
Bakthan,USA,,,,
Hansgeorg,Germany,Hansgeorg,male,100,6
Armido,Germany,Armido,male,100,20
Makoto,Japan,Makoto,male,97,995
Shi-Lun,China,Lun,male,84,38
Reinhard,Germany,Reinhard,male,99,1146
Kazuhiko,Japan,Kazuhiko,male,99,170
Christian,Switzerland,Christian,male,100,48300
Eckhard,Germany,Eckhard,male,99,294
Angelo,Italy,Angelo,male,98,29676
Richard,USA,Richard,male,100,24609
Armin,Germany,Armin,male,100,1621
Xianhui,USA,Xianhui,unknown,50,2
Na,Japan,Na,male,51,73
Thomas,UK,Thomas,male,99,129177
David,USA,David,male,100,65535
Sheng-Ze,UK,Ze,male,93,2135
Mark,UK,Mark,male,100,48064
Shouheng,USA,Shouheng,male,75,4
Viresh,USA,Viresh,male,100,10
Chengde,USA,Chengde,male,100,5
Ludger,France,Ludger,male,100,8
Jian-Dong,China,Jian,male,93,610
Reiner,Norway,Reiner,male,75,4
Alvaro,France,Alvaro,male,99,230
Ming,China,Ming,male,83,826
Yutaka,Japan,Yutaka,male,100,415
Steven,Spain,Steven,male,99,608
Paul,UK,Paul,male,99,140849
Simone,Germany,Simone,female,93,4099
Panayiotis,UK,Panayiotis,male,99,504
Ralf,USA,Ralf,male,100,101
Tetsuaki,Japan,Tetsuaki,male,100,11
Hiroshi,Japan,Hiroshi,male,99,1448
Paula,Germany,Paula,female,97,725
Paul,USA,Paul,male,100,28746
Karl,Germany,Karl,male,96,3903
Ulrich,Germany,Ulrich,male,99,1577
Andrei,USA,Andrei,male,99,322
Andrew,USA,Andrew,male,100,34858
Manfred,Germany,Manfred,male,99,5121
Thomas,Germany,Thomas,male,99,27141
Yong,China,Yong,male,95,502
Ulrich,Germany,Ulrich,male,99,1577
S,Germany,,,,
Gian,Italy,Gian,male,99,2622
Armido,Germany,Armido,male,100,20
Qing-Bin,Canada,Bin,male,94,16
Meilin,USA,Meilin,female,90,10
William,USA,William,male,100,24483
Takuzo,Japan,Takuzo,male,100,3
Oliver,Germany,Oliver,male,99,7903
T,Canada,,,,
Remi,France,Remi,male,98,4550
Pierre,France,Pierre,male,98,41192
Kunlun,China,Kunlun,male,100,6
Martin,Switzerland,Martin,male,98,2426
Michael,UK,Michael,male,99,211741
Jean-Marie,France,Jean-Marie,male,99,2871
Molly,Canada,Molly,female,99,149
Achim,Germany,Achim,male,99,1756
Jacek,UK,Jacek,male,99,16849
Jean-Marie,Italy,Jean-Marie,male,100,7
Peter,USA,Peter,male,100,15502
Kazunori,Japan,Kazunori,male,100,192
Hao,USA,Hao,male,91,219
Jan,Denmark,Jan,male,99,1585
Kohtaro,Japan,Kohtaro,male,100,6
Robbert,Canada,Robbert,male,100,5
Andrei,USA,Andrei,male,99,322
Herbert,Germany,Herbert,male,98,1663
Matthias,Germany,Matthias,male,100,9451
Reinhold,Germany,Reinhold,male,100,527
Niall,UK,Niall,male,96,1793
Stefania,Netherlands,Stefania,female,100,19
Ralf,USA,Ralf,male,100,101
Young,Korea,Young,male,100,51
Robert,USA,Robert,male,100,43118
Andriy,Germany,Andriy,male,100,28
John,Canada,John,male,100,4453
M,Germany,,,,
Dylan,USA,Dylan,male,97,5887
Takashi,Japan,Takashi,male,99,1549
Junbai,China,Junbai,male,75,4
Scott,USA,Scott,male,100,30644
Jonathan,UK,Jonathan,male,99,84386
Fredric,USA,Fredric,male,99,67
Yunjie,Canada,Yunjie,male,57,23
Gary,China,Gary,male,99,498
Geert-Jan,USA,Geert,male,100,14
Eluvathingal,Germany,,,,
Federico,Canada,Federico,male,100,23
Nobuaki,Japan,Nobuaki,male,100,82
Eric,USA,Eric,male,100,31662
John,USA,John,male,100,65535
Kazuhiro,Japan,Kazuhiro,male,100,388
Yadong,USA,Yadong,male,88,26
Lanny,USA,Lanny,male,90,140
Armin,Germany,Armin,male,100,1621
Robert,UK,Robert,male,99,145540
Jiangyu,China,Jiangyu,male,67,3
Gérard,France,Gérard,male,98,4766
Avelino,USA,Avelino,male,100,17
Antoni,Spain,Antoni,male,99,1320
Luisa,Germany,Luisa,female,98,824
Michael,Germany,Michael,male,100,30913
Manfred,Germany,Manfred,male,99,5121
Samuel,USA,Samuel,male,100,6468
Ludmiła,Poland,Ludmiła,female,99,100
Chi-Huey,USA,Huey,male,98,63
Subi,India,Subi,male,56,96
Muthusamy,India,Muthusamy,male,98,50
Kyung,Korea,Kyung,male,72,240
René,France,René,male,98,2855
Pascal,Franc,Pascal,male,98,53481
Jacqueline,USA,Jacqueline,female,98,4330
Sung-Kee,Korea,Sung-Kee,male,80,1520
Gisbert,Germany,Gisbert,male,98,87
Szilvia,France,Szilvia,female,100,6
H,USA,,,,
Thomas,Germany,Thomas,male,99,27141
Moriyuki,Japan,Moriyuki,male,100,3
Jonas,USA,Jonas,male,100,2557
David,Singapore,David,male,99,875
Melanie,USA,Melanie,female,99,6458
Burjor,USA,Burjor,male,75,4
Carl,Korea,Carl,male,98,18194
Ick,Korea,Ick,male,79,56
Sijbren,UK,Sijbren,male,100,4
Maya,Israel,Maya,female,97,370
Tohru,Japan,Tohru,male,96,77
David,Germany,David,male,99,10714
David,UK,David,male,99,381770
Sigurd,Germany,Sigurd,male,100,37
Johann,Austria,Johann,male,98,732
John,USA,John,male,100,65535
Hansgeorg,Germany,Hansgeorg,male,100,6
Xiaoguang,,Xiaoguang,male,100,38
Take-aki,Japan,Aki,male,60,628
Daisuke,Japan,Daisuke,male,100,1249
Guy,USA,Guy,male,99,1664
Bert,Netherlands,Bert,male,98,3144
Kenneth,USA,Kenneth,male,100,7907
Makoto,Japan,Makoto,male,97,995
F,Portugal,,,,
Eric,France,Eric,male,99,42701
Klaus,Switzerland,Klaus,male,99,168
Larry,UK,Larry,male,98,17344
Kenneth,Ireland,Kenneth,male,99,134
Simone,Switzerland,Simone,female,55,618
Eiji,Japan,Eiji,male,100,298
Jieping,France,Jieping,female,67,3
Matthias,Germany,Matthias,male,100,9451
Ian,UK,Ian,male,99,34076
Shouheng,USA,Shouheng,male,75,4
Koji,Japan,Koji,male,99,780
Bradley,USA,Bradley,male,99,3685
Jens,Germany,Jens,male,99,9230
Joachim,Germany,Joachim,male,99,2809
Manos,USA,Manos,male,78,18
Qi-Lin,China,Qi,male,73,234
Samuel,USA,Samuel,male,100,6468
Günter,Germany,Günter,male,99,1803
Gleb,Germany,Gleb,male,100,21
Wolfgang,Germany,Wolfgang,male,99,7880
He,China,He,male,74,204
Vincent,USA,Vincent,male,100,4308
Yong,China,Yong,male,95,502
Klaus,Germany,Klaus,male,98,10045
Chien-Hong,Taiwan,Chien-Hong,male,100,4
Atsuhiro,Japan,Atsuhiro,male,100,17
Susanne,Germany,Susanne,female,98,5764
Tamio,Japan,Tamio,male,100,12
Klavs,USA,Klavs,male,75,4
Frank,Germany,Frank,male,98,16573
Shigeru,Japan,Shigeru,male,100,190
Ilhyong,Japan,,,,
Dennis,Canada,Dennis,male,100,600
Pedro,Spain,Pedro,male,98,41613
Fritz,Germany,Fritz,male,97,1280
Andreas,Germany,Andreas,male,99,21215
Yang,Beijing,Yang,male,67,4256
Christof,Germany,Christof,male,99,501
Richard,UK,Richard,male,99,97659
Emmanuel,Switzerland,Emmanuel,male,99,182
Masaya,Japan,Masaya,male,100,274
Shū,Japan,,,,
Peter,Germany,Peter,male,99,21321
Kunio,Japan,Kunio,male,100,62
Robert,USA,Robert,male,100,43118
Fernando,Spain,Fernando,male,99,22528
Jagadese,Singapore,,,,
Pedro,Italy,Pedro,male,99,1091
Carlos,USA,Carlos,male,100,10179
John,UK,John,male,99,219085
Kazuyuki,Japan,Kazuyuki,male,100,202
Hiroyuki,Japan,Hiroyuki,male,100,955
Yasuhiro,Japan,Yasuhiro,male,100,425
Hideo,Japan,Hideo,male,100,210
Andreas,Switzerland,Andreas,male,99,1721
Mikiko,Japan,Mikiko,female,98,48
Ingo,Germany,Ingo,male,99,3119
David,USA,David,male,100,65535
Jared,USA,Jared,male,100,7077
Wolfram,Germany,Wolfram,male,100,256
Lei,USA,Lei,male,57,231
Martin,Germany,Martin,male,99,14619
Heribert,Germany,Heribert,male,99,94
Stephen,USA,Stephen,male,100,16681
Jennifer,UK,Jennifer,female,98,88317
Moniek,UK,Moniek,female,98,313
Darren,UK,Darren,male,99,16621
Christine,France,Christine,female,98,21820
Klaus,Germany,Klaus,male,98,10045
John,UK,John,male,99,219085
Shankar,UK,Shankar,male,100,3938
David,Singapore,David,male,99,875
Han-Mou,Taiwan,Han,male,66,143
Emma,UK,Emma,female,91,44680
Yibing,China,Yibing,male,78,9
Tharmalingam,India,Tharmalingam,male,100,12
Yutaka,Japan,Yutaka,male,100,415
Bert,Netherlands,Bert,male,98,3144
Eiji,Japan,Eiji,male,100,298
Byung-Gee,Korea,Byung-Gee,male,66,2042
John,Canada,John,male,100,4453
André,Canada,André,male,99,399
Birgit,Germany,Birgit,female,99,3122
Véronique,UK,Véronique,female,98,8797
Yoshiaki,Japan,Yoshiaki,male,99,286
Robert,USA,Robert,male,100,43118
Robert,USA,Robert,male,100,43118
Atsuhiro,Japan,Atsuhiro,male,100,17
Dominic,UK,Dominic,male,98,9763
Atsuhiro,Japan,Atsuhiro,male,100,17
Horst,Germany,Horst,male,98,3472
Yasushi,Japan,Yasushi,male,99,197
Jhonny,UK,Jhonny,male,99,4070
Kai,Germany,Kai,male,99,5784
Leonard,UK,Leonard,male,98,7077
Frank,Netherlands,Frank,male,99,4319
Ulrich,Germany,Ulrich,male,99,1577
Tristram,Canada,Tristram,male,75,4
David,USA,David,male,100,65535
Katsuji,USA,Katsuji,male,75,4
T,USA,,,,
Liming,USA,Liming,male,69,13
George,Germany,George,male,97,1386
Nicola,USA,Nicola,female,68,487
René,Switzerland,René,male,99,817
Venugopal,Germany,Venugopal,male,75,4
Henri,Austria,Henri,male,89,9
Patrik,Netherlands,Patrik,male,100,47
Henning,Germany,Henning,male,96,1022
James,USA,James,male,100,47200
Jürg,Switzerland,Jürg,male,99,399
Fabian,Germany,Fabian,male,99,4595
Makoto,Japan,Makoto,male,97,995
Chuan,USA,Chuan,male,87,23
Bernard,France,Bernard,male,97,17293
Oliver,Germany,Oliver,male,99,7903
George,USA,George,male,100,12253
Ulli,Germany,Ulli,male,66,600
Noritaka,Japan,Noritaka,male,100,34
Luisa,Spain,Luisa,female,97,3829
Raquel,Spain,Raquel,female,99,15035
Mitchell,Canada,Mitchell,male,99,255
Jun,Germany,Jun,male,85,52
Jinsang,USA,Jinsang,male,94,18
Armido,Germany,Armido,male,100,20
Youqing,USA,Youqing,female,75,4
Douglas,Canada,Douglas,male,100,411
Vladimir,USA,Vladimir,male,100,690
Paul,UK,Paul,male,99,140849
Teruyuki,Japan,Teruyuki,male,100,22
Akira,Japan,Akira,male,97,1276
Peter,UK,Peter,male,99,146529
Alexander,USA,Alexander,male,100,6939
Jean-Marie,France,Jean-Marie,male,99,2871
Tatsuo,Japan,Tatsuo,male,99,117
Keiji,Japan,Keiji,male,100,185
Karl,Denmark,Karl,male,99,84
Taeghwan,Korea,,,,
David,USA,David,male,100,65535
Martin,Germany,Martin,male,99,14619
Thomas,Switzerland,Thomas,male,99,3106
Xavier,Spain,Xavier,male,99,3551
Karl,Denmark,Karl,male,99,84
Kenneth,USA,Kenneth,male,100,7907
Younan,USA,Younan,male,100,6
Hideo,Japan,Hideo,male,100,210
Dominik,Germany,Dominik,male,99,5255
George,USA,George,male,100,12253
Yoshinori,Japan,Yoshinori,male,100,243
A,Switzerland,,,,
Damien,Japan,Damien,male,100,22
André,Canada,André,male,99,399
Russell,UK,Russell,male,99,7800
Can,China,Can,male,71,107
Wendelin,Switzerland,Wendelin,male,100,4
Hiroaki,Japan,Hiroaki,male,100,501
Athanassios,Germany,Athanassios,male,100,11
Detlev,Germany,Detlev,male,99,348
Gerhard,Germany,Gerhard,male,99,2024
Dominik,Germany,Dominik,male,99,5255
Valeria,UK,Valeria,female,98,27526
Erick,Switzerland,Erick,male,100,42
David,USA,David,male,100,65535
Luca,Germany,Luca,male,97,1351
Frédéric-Georges,Canada,Frédéric,male,99,189
Dieter,Germany,Dieter,male,98,5789
Helmut,Germany,Helmut,male,98,3338
Susumu,Japan,Susumu,male,98,154
Shuji,Australia,Shuji,male,100,154
Rai-Shung,Taiwan,Shung,male,100,6
Euan,UK,Euan,male,99,469
Robert,Switzerland,Robert,male,99,830
Wolfgang,Germany,Wolfgang,male,99,7880
Kahee,Japan,Kahee,female,90,10
Ok-Sang,Korea,Ok-Sang,male,84,3482
Tamio,Japan,Tamio,male,100,12
Mark,Canada,Mark,male,100,48064
David,USA,David,male,100,65535
Dexing,USA,Dexing,male,75,4
Robert,Belgium,Robert,male,98,1991
Markus,Germany,Markus,male,99,15230
Maolin,USA,Maolin,male,75,4
Ning,China,Ning,male,61,378
Mitsuru,Japan,Mitsuru,male,96,152
Thorsten,Germany,Thorsten,male,99,4876
Matthew,USA,Matthew,male,100,30646
Keykavous,USA,,,,
Laxman,USA,Laxman,male,100,25
Dario,Switzerland,Dario,male,99,746
Paolo,Italy,Paolo,male,99,54131
Andrey,Germany,Andrey,male,99,179
Armando,Sweden,Armando,male,95,59
Deukjoon,Korea,,,,
Tomislav,USA,Tomislav,male,100,27
Vladimir,USA,Vladimir,male,100,690
Tsutomu,Japan,Tsutomu,male,100,209
J,USA,,,,
Sebastian,Germany,Sebastian,male,100,13809
Amir,USA,Amir,male,99,1015
Richard,Canada,Richard,male,100,2403
Paul,Germany,Paul,male,99,5117
Karen,USA,Karen,female,99,17594
Arie,France,Arie,male,87,31
Shigeki,Japan,Shigeki,male,100,108
Matthew,UK,Matthew,male,100,51412
Sheo,USA,Sheo,male,91,33
Andrew,USA,Andrew,male,100,34858
Natalie,Canada,Natalie,female,99,576
Amir,USA,Amir,male,99,1015
Otto,Germany,Otto,male,96,943
Oleg,Germany,Oleg,male,99,393
Aidan,Germany,Aidan,male,100,22
Fabrizio,Italy,Fabrizio,male,99,18218
Lai-Sheng,USA,Sheng,male,67,55
Akella,USA,Akella,female,75,4
Randall,USA,Randall,male,99,2263
Axel,Germany,Axel,male,99,2526
Michel,USA,Michel,male,83,715
Uli,Germany,Uli,male,83,1006
Donald,Switzerland,Donald,male,100,29
Laurent,France,Laurent,male,96,46385
Viktoria,Germany,Viktoria,female,98,602
Paolo,Italy,Paolo,male,99,54131
Erick,Switzerland,Erick,male,100,42
Sara,Sweden,Sara,female,98,4260
Jiri,Germany,Jiri,male,96,79
Matthias,Germany,Matthias,male,100,9451
Yasuhiro,Japan,Yasuhiro,male,100,425
Georgii,Canada,Georgii,male,78,79
Tsutomu,Japan,Tsutomu,male,100,209
Zeev,Israel,Zeev,male,100,132
Michael,UK,Michael,male,99,211741
Dirk,Belgium,Dirk,male,99,3034
Georgy,Russia,Georgy,male,99,182
Klaus,Germany,Klaus,male,98,10045
Christine,UK,Christine,female,98,55857
Rainer,Germany,Rainer,male,99,4309
Krijn,Netherlands,Krijn,male,100,75
Oliver,Germany,Oliver,male,99,7903
W,USA,,,,
Neil,Poland,Neil,male,100,6
Venkat,USA,Venkat,male,100,196
Stephen,Ireland,Stephen,male,99,1236
Yushan,USA,Yushan,female,67,9
Shengming,China,Shengming,male,100,4
Takashi,Japan,Takashi,male,99,1549
Cristina,Italy,Cristina,female,99,16304
Gregory,USA,Gregory,male,100,6184
Remi,France,Remi,male,98,4550
Andreas,Germany,Andreas,male,99,21215
Takeshi,Japan,Takeshi,male,100,1025
Sven,Germany,Sven,male,99,13636
Michael,USA,Michael,male,100,65535
Shouheng,USA,Shouheng,male,75,4
David,UK,David,male,99,381770
Alban,France,Alban,male,98,2325
James,UK,James,male,99,131879
Alexander,USA,Alexander,male,100,6939
Kai,Switzerland,Kai,male,97,118
Victor,USA,Victor,male,100,6752
Jianghong,USA,Jianghong,male,60,10
Yadong,USA,Yadong,male,88,26
Geoffrey,Italy,Geoffrey,male,100,5
Miguel,Spain,Miguel,male,99,40797
Chad,USA,Chad,male,100,9565
Yu,USA,Yu,male,64,274
Malcolm,UK,Malcolm,male,99,4821
Alexander,Germany,Alexander,male,98,11884
Matthew,USA,Matthew,male,100,30646
Kenji,Japan,Kenji,male,99,1017
Peter,UK,Peter,male,99,146529
Alexander,USA,Alexander,male,100,6939
Andrei,Singapore,Andrei,male,100,5
Thomas,Germany,Thomas,male,99,27141
Ernö,USA,Ernö,male,98,47
John,UK,John,male,99,219085
Alexander,USA,Alexander,male,100,6939
Tien-Yau,Taiwan,Tien,male,84,43
Kalevi,Finland,Kalevi,male,98,83
Steven,USA,Steven,male,100,19562
Gideon,UK,Gideon,male,100,8529
Donald,Switzerland,Donald,male,100,29
Chryssostomos,Italy,,,,
Sukbok,Korea,,,,
Riccardo,Italy,Riccardo,male,99,20457
Carlos,USA,Carlos,male,100,10179
Teresa,Spain,Teresa,female,98,6422
Peter,UK,Peter,male,99,146529
Zhiqun,USA,Zhiqun,male,75,4
Nazario,Spain,Nazario,male,98,40
R,Canada,,,,
Albertus,Netherlands,Albertus,male,100,40
Makoto,Japan,Makoto,male,97,995
Luc,Germany,Luc,male,96,148
Ming,Germany,Ming,unknown,50,16
François,Switzerland,François,male,99,355
Selma,USA,Selma,female,98,134
Koji,USA,Koji,male,98,61
Teruyuki,Japan,Teruyuki,male,100,22
Deyue,China,Deyue,male,75,4
Gregory,USA,Gregory,male,100,6184
Ivan,France,Ivan,male,97,1422
G,USA,,,,
Norbert,Germany,Norbert,male,99,3231
Carlo,Germany,Carlo,male,100,639
Christof,Germany,Christof,male,99,501
Yoshinori,UK,Yoshinori,male,100,262
Ralf,Germany,Ralf,male,99,7883
Alfons,Switzerland,Alfons,male,100,26
Haridas,India,Haridas,male,99,153
Bing,China,Bing,male,71,379
Klaus,Germany,Klaus,male,98,10045
Makoto,Japan,Makoto,male,97,995
Brian,USA,Brian,male,100,40133
Piet,Belgium,Piet,male,97,460
Jin-Shun,China,Shun,male,78,36
Jurriaan,Netherlands,Jurriaan,male,97,67
John,Germany,John,male,98,3765
Ken,Japan,Ken,male,99,1450
Craig,USA,Craig,male,100,9154
Peter,UK,Peter,male,99,146529
Sean,USA,Sean,male,99,17810
Siegfried,Germany,Siegfried,male,99,899
John,UK,John,male,99,219085
Josefa,Spain,Josefa,female,97,949
Jieping,France,Jieping,female,67,3
Lei,China,Lei,male,77,1080
Jose,Spain,Jose,male,100,65535
Yoshihiko,Japan,Yoshihiko,male,100,102
Peter,Austria,Peter,male,99,3201
Yong,China,Yong,male,95,502
Hansgeorg,China,Hansgeorg,male,100,8
Andrew,UK,Andrew,male,99,82448
Chung-Hsuan,Taiwan,Hsuan,female,79,77
Shi,USA,Shi,female,54,81
Matthias,Germany,Matthias,male,100,9451
Christophe,France,Christophe,male,97,51368
Joseph,Germany,Joseph,male,99,432
Tsutomu,Japan,Tsutomu,male,100,209
Kurt,Austria,Kurt,male,99,572
Katharina,Germany,Katharina,female,98,3998
Wei,USA,Wei,male,75,391
Noritaka,Japan,Noritaka,male,100,34
Leroy,UK,Leroy,male,98,8423
Yuji,Japan,Yuji,male,99,665
David,USA,David,male,100,65535
M,USA,,,,
Paul,Germany,Paul,male,99,5117
Sunil,USA,Sunil,male,99,449
Michael,Germany,Michael,male,100,30913
Jaume,Spain,Jaume,male,99,2841
Glenn,USA,Glenn,male,99,3709
Michael,USA,Michael,male,100,65535
Wenbin,USA,Wenbin,unknown,50,6
Abdessadek,USA,Abdessadek,male,75,4
Muhammad,USA,Muhammad,male,100,5396
Dazhan,Canada,Dazhan,male,100,4
Amir,USA,Amir,male,99,1015
Christophe,France,Christophe,male,97,51368
Pavel,UK,Pavel,male,98,48181
Christof,Germany,Christof,male,99,501
Joseph,USA,Joseph,male,100,21534
Jeremy,UK,Jeremy,male,99,45294
Shik,UK,Shik,male,66,38
Eduardo,Spain,Eduardo,male,99,10309
Masood,Canada,Masood,male,100,10
Kevin,USA,Kevin,male,100,35080
Enrique,USA,Enrique,male,100,1544
Meir,Israel,Meir,male,97,228
Ben,Netherlands,Ben,male,98,2395
Ewald,Germany,Ewald,male,99,327
Manoel,Germany,Manoel,male,100,17
Gerhard,Germany,Gerhard,male,99,2024
Martin,Canada,Martin,male,100,1726
Michael,Singapore,Michael,male,100,612
Hideo,Japan,Hideo,male,100,210
Bert,Netherlands,Bert,male,98,3144
Tamio,Japan,Tamio,male,100,12
Young,"South Korea",Young,male,100,51
Rustem,USA,Rustem,male,100,5
Young-Tae,USA,Young,male,100,51
Eric,USA,Eric,male,100,31662
Dominik,India,Dominik,male,100,6
Reinhold,Germany,Reinhold,male,100,527
Dirk-Peter,Germany,Dirk,male,99,8318
Jim,UK,Jim,male,99,40318
Thomas,Germany,Thomas,male,99,27141
Matteo,Italy,Matteo,male,99,37171
Jieping,France,Jieping,female,67,3
Carlo,Italy,Carlo,male,99,26160
Bong,Korea,Bong,male,86,832
Keiji,Japan,Keiji,male,100,185
Klavs,USA,Klavs,male,75,4
Sukbok,Korea,,,,
Qun,China,Qun,male,54,48
François,USA,François,male,99,73
Chris,USA,Chris,male,96,56027
Masayuki,Japan,Masayuki,male,99,556
Dirk,Belgium,Dirk,male,99,3034
G,Netherlands,,,,
D,USA,,,,
Yukikazu,Japan,Yukikazu,male,100,3
Kevin,USA,Kevin,male,100,35080
Juan,Spain,Juan,male,100,65535
Stephen,USA,Stephen,male,100,16681
Peter,Germany,Peter,male,99,21321
Dieter,Germany,Dieter,male,98,5789
Andreas,Germany,Andreas,male,99,21215
Herfried,Austria,Herfried,male,100,5
Terry,Canada,Terry,male,87,804
Hansjörg,Switzerland,Hansjörg,male,100,63
Maurizio,Italy,Maurizio,male,99,22992
John,"South Korea",John,male,99,853
Jean-Pierre,France,Jean-Pierre,male,99,6423
Yoshinori,Japan,Yoshinori,male,100,243
Shunichi,Japan,Shunichi,male,100,63
Scott,USA,Scott,male,100,30644
Shū,Japa,,,,
Klaus,Germany,Klaus,male,98,10045
Honghui,China,Honghui,male,67,9
Toshio,Japan,Toshio,male,99,188
Paul,Australia,Paul,male,100,2694
Horst,Germany,Horst,male,98,3472
Oliver,Germany,Oliver,male,99,7903
Herbert,Russia,Herbert,male,67,3
Vivian,China,Vivian,female,98,1098
Venkat,USA,Venkat,male,100,196
Jerzy,China,Jerzy,male,100,3
Gerhard,Germany,Gerhard,male,99,2024
Jieping,France,Jieping,female,67,3
Rafal,UK,Rafal,male,99,6077
Jens-Peter,UK,Jens-Peter,male,100,39
Vincent,France,Vincent,male,98,32067
Sung,Korea,Sung,male,87,992
Antonio,USA,Antonio,male,99,4554
Juan,Spain,Juan,male,100,65535
Kazuhiko,Japan,Kazuhiko,male,99,170
Bettina,Australia,Bettina,female,100,25
Francesco,Italy,Francesco,male,100,65535
Joel,USA,Joel,male,99,8032
Robert,USA,Robert,male,100,43118
Michikazu,Japan,Michikazu,male,100,5
Samuel,USA,Samuel,male,100,6468
Samuel,USA,Samuel,male,100,6468
Samuel,USA,Samuel,male,100,6468
Jeffrey,USA,Jeffrey,male,100,10439
Yoshihito,Japan,Yoshihito,male,100,68
R,USA,,,,
Eiichi,Japan,Eiichi,male,99,86
Chad,USA,Chad,male,100,9565
Masayoshi,Japan,Masayoshi,male,100,156
Lawrence,USA,Lawrence,male,99,2880
Myongsoo,Korea,Myongsoo,male,75,4
Kazuyoshi,Japan,Kazuyoshi,male,100,97
Jeffrey,Japan,Jeffrey,male,100,49
Corwin,USA,Corwin,male,96,80
John,UK,John,male,99,219085
Marcella,Italy,Marcella,female,98,2037
Hubert,Germany,Hubert,male,99,695
Andrew,USA,Andrew,male,100,34858
Knut,Germany,Knut,male,99,411
Ruud,Switzerland,Ruud,male,100,8
Shie-Ming,France,Ming,male,67,39
Mohamed,USA,Mohamed,male,99,2583
Xiao-Ming,China,Ming,male,83,826
Pulickel,USA,,,,
Victor,UK,Victor,male,99,78043
Jin,USA,Jin,male,68,337
Jeffrey,USA,Jeffrey,male,100,10439
Jin-Shun,China,Shun,male,78,36
Yoshinori,Japan,Yoshinori,male,100,243
Jean-Marie,France,Jean-Marie,male,99,2871
Sylviane,UK,Sylviane,female,98,3390
Didier,France,Didier,male,98,20949
Joseph,USA,Joseph,male,100,21534
David,Germany,David,male,99,10714
Gottfried,Australia,Gottfried,male,100,354
Shigehiro,Japan,Shigehiro,male,100,19
Kiyotomi,Japan,,,,
Li-June,USA,June,female,90,1249
Tianbo,China,Tianbo,male,100,3
Jiacong,China,Jiacong,male,75,4
Thomas,Australia,Thomas,male,100,779
Reiner,Norway,Reiner,male,75,4
Carlos,Spain,Carlos,male,99,64701
Shū,Japan,,,,
Buxing,China,,,,
Rhett,Germany,Rhett,male,100,6
Karl,USA,Karl,male,100,2609
Uwe,Germany,Uwe,male,99,7562
Fernando,USA,Fernando,male,99,3208
Klaus,Germany,Klaus,male,98,10045
Bernhard,Germany,Bernhard,male,98,3134
Mónica,Mexico,Mónica,female,98,325
Dieter,Germany,Dieter,male,98,5789
Klaus,Germany,Klaus,male,98,10045
Bärbel,Germany,Bärbel,female,99,1290
Jacques,France,Jacques,male,98,13502
Sheng,Germany,Sheng,male,67,6
Willem,Netherlands,Willem,male,98,3339
Leroy,UK,Leroy,male,98,8423
Michael,Japan,Michael,male,99,446
Karl,USA,Karl,male,100,2609
Regan,USA,Regan,female,98,5541
Tom,USA,Tom,male,100,19527
Shin-Ichiro,Japan,Shin-Ichiro,male,100,11
Piero,Italy,Piero,male,99,10657
Milan,USA,Milan,male,84,332
Takashi,Japan,Takashi,male,99,1549
Helge,Germany,Helge,female,71,1604
Andreas,Germany,Andreas,male,99,21215
Volkhard,Germany,Volkhard,male,100,21
Eric,France,Eric,male,99,42701
Andrew,UK,Andrew,male,99,82448
Joao,Australia,Joao,male,100,19
Robert,USA,Robert,male,100,43118
John,USA,John,male,100,65535
Martin,Germany,Martin,male,99,14619
Marcus,Germany,Marcus,male,99,4940
Taeghwan,Korea,,,,
Masahiko,Japan,Masahiko,male,100,226
Michael,Ireland,Michael,male,100,1768
Manfred,Germany,Manfred,male,99,5121
Guy,USA,Guy,male,99,1664
Rodolfo,Spain,Rodolfo,male,97,814
Erik,USA,Erik,male,100,6437
Guo-Yu,China,Yu,male,73,664
Martin,Germany,Martin,male,99,14619
Jörg,UK,Jörg,male,99,6663
Tewodros,USA,Tewodros,male,100,15
Thomas,Germany,Thomas,male,99,27141
Hiroshi,USA,Hiroshi,male,100,56
Erick,Switzerland,Erick,male,100,42
Lai-Sheng,USA,Sheng,male,67,55
Christopher,USA,Christopher,male,100,26017
Jean-Pierre,India,Jean-Pierre,male,100,4
Michael,Canada,Michael,male,100,4889
Thomas,USA,Thomas,male,100,20215
Takehiko,Japan,Takehiko,male,100,54
John,UK,John,male,99,219085
Mauro,USA,Mauro,male,99,367
Yuan-Zhu,Japan,Zhu,male,83,6
Yoshinori,Japan,Yoshinori,male,100,243
Steven,Spain,Steven,male,99,608
Manfred,Germany,Manfred,male,99,5121
Brian,USA,Brian,male,100,40133
Peter,France,Peter,male,98,2446
Antony,UK,Antony,male,99,13253
Karl,USA,Karl,male,100,2609
Juntao,China,Juntao,male,83,12
Edwin,Germany,Edwin,male,99,240
Steven,Spain,Steven,male,99,608
Dawei,China,Dawei,male,99,91
Jun,China,Jun,male,83,1190
Xi,China,Xi,male,58,149
Alexandre,Switzerland,Alexandre,male,99,706
Takeshi,Japan,Takeshi,male,100,1025
Kazuhito,Japan,Kazuhito,male,100,57
Colin,USA,Colin,male,100,3986
Peter,Australia,Peter,male,100,3051
Makoto,Japan,Makoto,male,97,995
Kazuhiro,Japan,Kazuhiro,male,100,388
Antonio,Spain,Antonio,male,99,60132
Sylviane,France,Sylviane,female,98,2725
Eiichi,Japan,Eiichi,male,99,86
Xumu,USA,Xumu,male,75,4
Steven,Belgium,Steven,male,99,2648
Mathias,Germany,Mathias,male,98,2842
Peter,UK,Peter,male,99,146529
Rafael,USA,Rafael,male,99,2923
Weston,USA,Weston,male,100,7012
Hans-Dieter,Germany,Hans-Dieter,male,99,132
Rolf,Germany,Rolf,male,99,3089
Jean-Cyrille,France,Jean-Cyrille,male,100,5
Kazuaki,Germany,Kazuaki,male,75,4
Dave,Canada,Dave,male,100,2112
Joachim,Germany,Joachim,male,99,2809
Koichiro,Japan,Koichiro,male,100,122
Yamuna,India,Yamuna,female,93,226
Donald,UK,Donald,male,99,12793
René,Switzerland,René,male,99,817
Robert,USA,Robert,male,100,43118
David,USA,David,male,100,65535
Kyung,Korea,Kyung,male,72,240
Dominic,UK,Dominic,male,98,9763
Oliver,Germany,Oliver,male,99,7903
Manfred,Switzerland,Manfred,male,100,172
Markus,Germany,Markus,male,99,15230
Lester,USA,Lester,male,100,3503
Frank,Australia,Frank,male,100,378
Sung,Korea,Sung,male,87,992
Johann,Austria,Johann,male,98,732
Helmut,Germany,Helmut,male,98,3338
Helgard,"South Korea",Helgard,male,60,20
Junbai,China,Junbai,male,75,4
Richard,USA,Richard,male,100,24609
Eliane,France,Eliane,female,98,2447
Ole,Denmark,Ole,male,99,950
Eugene,USA,Eugene,male,99,2015
Peidong,USA,Peidong,male,100,7
Jinbo,China,Jinbo,male,89,19
Makoto,Japan,Makoto,male,97,995
John,USA,John,male,100,65535
Jürgen,Germany,Jürgen,male,99,7863
Goutam,Germany,Goutam,male,100,1010
Otto,Germany,Otto,male,96,943
Jieping,France,Jieping,female,67,3
Angelo,Italy,Angelo,male,98,29676
Chung-Chih,Taiwan,Chih,male,84,64
Stephen,UK,Stephen,male,99,46085
Harry,UK,Harry,male,98,24473
Dongsheng,China,Dongsheng,male,96,23
Matthias,Germany,Matthias,male,100,9451
Hong-Cai,USA,Hong,female,53,198
Jackie,Singapore,Jackie,male,55,76
Matthias,Germany,Matthias,male,100,9451
Takashi,Japan,Takashi,male,99,1549
Jerry,USA,Jerry,male,99,8844
Michel,France,Michel,male,97,38124
Peter,"New Zealand",Peter,male,99,523
Pablo,Spain,Pablo,male,99,25211
Biao,China,Biao,male,96,45
Ludovic,France,Ludovic,male,98,16991
Thomas,Germany,Thomas,male,99,27141
Helge,Germany,Helge,female,71,1604
Ravi,USA,Ravi,male,99,851
Per,Sweden,Per,male,99,2986
Krzysztof,USA,Krzysztof,male,100,111
Raoul,USA,Raoul,male,99,84
David,Spain,David,male,100,65535
Piet,Belgium,Piet,male,97,460
Xi,USA,Xi,female,61,98
Miguel,Spain,Miguel,male,99,40797
Jeremy,UK,Jeremy,male,99,45294
Atsuhiro,Japan,Atsuhiro,male,100,17
Takumi,Japan,Takumi,male,99,389
Chang-Hee,Korea,Chang-Hee,male,100,5
Snorri,USA,Snorri,male,75,4
Eiji,Japan,Eiji,male,100,298
Sachiko,Japan,Sachiko,female,99,154
Robert,USA,Robert,male,100,43118
Robert,USA,Robert,male,100,43118
Ulrich,Germany,Ulrich,male,99,1577
Akira,Japan,Akira,male,97,1276
Wonwoo,Korea,Wonwoo,male,100,27
Benjamin,UK,Benjamin,male,99,50718
Samuel,USA,Samuel,male,100,6468
John,UK,John,male,99,219085
Gerhard,Germany,Gerhard,male,99,2024
Rolf,Germany,Rolf,male,99,3089
Jean-Pierre,France,Jean-Pierre,male,99,6423
Cheon-Gyu,Korea,Cheon-Gyu,male,84,196
Helmut,Germany,Helmut,male,98,3338
Bernd,Germany,Bernd,male,99,6529
Nobutaka,Japan,Nobutaka,male,100,36
Erick,Switzerland,Erick,male,100,42
Cameron,Australia,Cameron,male,99,616
Walter,Germany,Walter,male,81,2941
David,UK,David,male,99,381770
Luis,Portugal,Luis,male,99,21351
Ferdi,Germany,Ferdi,male,99,526
Glenn,USA,Glenn,male,99,3709
Paul,UK,Paul,male,99,140849
Mary,"South Korea",Mary,female,94,71
Andreas,China,Andreas,male,100,46
Masahiro,USA,Masahiro,male,100,29
Chad,USA,Chad,male,100,9565
Paul,Germany,Paul,male,99,5117
Horst,Japan,Horst,male,75,4
Mikiji,Greece,,,,
Eftychia,USA,Eftychia,female,75,4
Venkat,Japan,Venkat,male,100,4471
Takuzo,USA,Takuzo,male,100,4
Hongjie,Japan,Hongjie,male,75,4
Hiroyuki,Singapore,Hiroyuki,male,100,3
Zhiqiang,Denmark,Zhiqiang,male,100,105
Karl,USA,Karl,male,100,2609
Chammi,India,Chammi,female,75,4
Sandeep,India,Sandeep,male,99,21857
Eringathodi,Spain,,,,
Richard,Canada,Richard,male,100,2403
John,USA,John,male,100,65535
Roald,Italy,Roald,male,75,4
Philippe,Korea,Philippe,male,99,57297
Seung,USA,Seung,male,94,35
Robert,USA,Robert,male,100,43118
Andrew,ROC,Andrew,male,99,82448
Sheng-Hsien,France,Sheng,male,85,13
Michel,Germany,Michel,male,98,1371
Chuan,Germany,Chuan,male,100,6
Rainer,USA,Rainer,male,100,60
Matthew,Italy,Matthew,male,100,316
Claudio,Switzerland,Claudio,male,99,969
Jérôme,Japan,Jérôme,male,75,4
Nobuaki,Switzerland,Nobuaki,male,100,88
Bernd,Germany,Bernd,male,99,6529
Boris,UK,Boris,male,99,15168
Varinder,Australia,Varinder,unknown,50,4
Dennis,Germany,Dennis,male,99,12843
Ferdi,Germany,Ferdi,male,99,526
Rainer,Japan,Rainer,male,100,5
Hiroyuki,"Republic of Korea",Hiroyuki,male,100,1050
Michael,Canada,Michael,male,100,4889
Douglas,Israel,Douglas,male,100,4
David,Japan,David,male,100,604
Zhaomin,China,Zhaomin,female,60,5
Jianbo,Germany,Jianbo,male,100,38
Teresa,Italy,Teresa,female,98,6475
Maurizio,Switzerland,Maurizio,male,99,281
Roman,Netherlands,Roman,male,100,7094
Martien,France,Martien,male,57,7
Max,USA,Max,male,98,5582
Nils,USA,Nils,male,100,153
Gregory,China,Gregory,male,97,36
Xiao-Ming,France,Ming,male,67,39
Janick,Germany,Janick,male,100,32
Matthias,UK,Matthias,male,100,17148
Duncan,Germany,Duncan,male,100,30
Xiao-Wei,USA,Wei,male,75,391
David,Germany,David,male,99,10714
Jens,Germany,Jens,male,99,9230
Helmut,Germany,Helmut,male,98,3338
Krzysztof,Germany,Krzysztof,male,99,464
Hansgeorg,Germany,Hansgeorg,male,100,6
Thomas,Spain,Thomas,male,99,642
Félix,UK,Félix,male,99,2244
Graham,Japan,Graham,male,100,11
Kazuaki,UK,Kazuaki,male,99,152
Jonathan,Germany,Jonathan,male,99,714
Jens,Japan,Jens,male,100,8
Kenji,France,Kenji,male,95,110
Charles,Germany,Charles,male,76,613
Hans-Jürgen,Germany,Hans-Jürgen,male,100,553
Franziska,China,Franziska,female,75,4
Wenzhong,Korea,Wenzhong,male,89,9
Joon,USA,Joon,male,96,91
Jonathan,Sweden,Jonathan,male,100,1101
Laura,Germany,Laura,female,98,4794
Matthias,UK,Matthias,male,100,17148
Harry,France,Harry,male,97,1029
Stéphane,Spain,Stéphane,male,100,37
Fernando,China,Fernando,male,97,79
Shuittong,Korea,,,,
Soo,Finland,Soo,female,75,4
Pekka,India,Pekka,male,75,4
Hari,Netherlands,Hari,male,86,21
Johannes,"Republic of Korea",Johannes,male,99,7870
Kimoon,Japan,Kimoon,male,100,8
Wataru,Canada,Wataru,male,75,4
Mark,Germany,Mark,male,100,75
Reinhard,Germany,Reinhard,male,99,1146
Norbert,USA,Norbert,male,99,157
Noel,USA,Noel,male,74,1460
Glenn,"South Korea",Glenn,male,94,16
Chulhee,Germany,Chulhee,male,91,11
Peter,Germany,Peter,male,99,21321
Benjamin,Germany,Benjamin,male,100,5256
Hans-Ulrich,Japan,Hans,male,95,22
Yanlei,Germany,Yanlei,male,67,6
Ehud,USA,Ehud,male,100,14
Joseph,USA,Joseph,male,100,21534
Eric,Germany,Eric,male,99,2580
Lothar,Germany,Lothar,male,99,1441
Jutta,Germany,Jutta,female,98,1328
Rudolf,Germany,Rudolf,male,99,1256
Andreas,Netherlands,Andreas,male,100,231
Bert,USA,Bert,male,97,646
Christopher,Switzerland,Christopher,male,99,135
Charles,Germany,Charles,male,76,613
Peter,USA,Peter,male,100,15502
Gregory,USA,Gregory,male,100,6184
Julie,Germany,Julie,female,98,436
Nina,Germany,Nina,female,98,4496
Nanotechnology,USA,Nanotechnology,male,75,4
Yoshito,Sweden,Yoshito,male,98,63
Roman,France,Roman,male,100,7094
Anne,USA,Anne,female,99,5550
George,Switzerland,George,male,99,209
René,Japan,René,male,80,5
Takeshi,France,Takeshi,male,92,13
Xavier,Germany,Xavier,male,100,132
Werner,USA,Werner,male,100,105
Manuel,Spain,Manuel,male,99,38516
Ernesto,USA,Ernesto,male,99,1080
Matthew,Japan,Matthew,male,100,136
Makoto,USA,Makoto,male,85,41
T,Germany,,,,
Markus,Spain,Markus,male,99,294
José,Netherlands,José,female,79,355
Ben,Belgium,Ben,male,97,1814
Michel,Germany,Michel,male,98,1371
Aphrodite,China,Aphrodite,female,100,5
Qi-Lin,Denmark,Lin,female,57,7
Bo,USA,Bo,male,91,1184
Daniel,China,Daniel,male,99,1130
Wenhao,USA,Wenhao,male,90,10
Amir,China,Amir,male,100,60
Lixiang,Japan,Lixiang,male,56,25
Shunichi,Germany,Shunichi,male,75,4
Richard,USA,Richard,male,100,24609
Kevin,UK,Kevin,male,99,140160
Robert,Denmark,Robert,male,100,215
Karl,Japan,Karl,male,96,28
Nagao,Japan,Nagao,male,100,10
Tomokazu,Germany,Tomokazu,male,100,90
Herbert,Spain,Herbert,male,93,45
Neus,France,Neus,female,100,3
Yoann,China,Yoann,male,100,3
Lixin,France,Lixin,male,66,90
Lyndon,UK,Lyndon,male,98,673
A,Germany,,,,
Wolfgang,France,Wolfgang,male,99,81
Takeshi,Korea,Takeshi,male,99,1290
Armelle,China,Armelle,female,100,3
Seung,USA,Seung,male,94,35
Xingyu,Sweden,Xingyu,male,84,37
Lutgard,USA,Lutgard,female,88,17
Devens,Japan,Devens,male,75,4
Jon,China,Jon,male,99,150
Masaji,Germany,Masaji,male,100,19
Dongyuan,Taiwan,Dongyuan,male,80,5
Reinhard,UK,Reinhard,male,99,1973
Tien-Yau,Japan,Tien,male,63,8
Richard,China,Richard,male,99,833
Susumu,USA,Susumu,male,100,7
Tomiki,Japan,,,,
Wenbin,USA,Wenbin,unknown,50,6
Takehiko,USA,Takehiko,male,100,4
Robert,Japan,Robert,male,100,230
Younan,France,Younan,female,75,4
Nobuharu,Canada,Nobuharu,male,100,11
Jean-François,UK,Jean-François,male,99,4129
Chao-Jun,USA,Chao,male,91,112
David,Japan,David,male,100,604
George,USA,George,male,100,12253
Shu,Sweden,Shu,male,75,4
Jayachandra,Australia,Jayachandra,male,100,78
Olof,Germany,Olof,male,100,11
Michael,USA,Michael,male,100,65535
Harald,UK,Harald,male,99,4998
Kazunari,USA,Kazunari,male,75,4
José,France,José,male,97,3349
Paul,Italy,Paul,male,97,1637
Jean-Pierre,USA,Jean-Pierre,male,100,104
Silvio,Germany,Silvio,male,99,968
F,Japan,,,,
Heng-Wei,USA,Wei,male,75,391
Keiji,Japan,Keiji,male,100,185
Steven,USA,Steven,male,100,19562
Shigeo,Japan,Shigeo,male,100,85
Shannon,Australia,Shannon,female,53,320
Atsushi,Germany,Atsushi,male,100,6
Hua-Kun,France,Kun,male,95,43
Benjamin,Canada,Benjamin,male,100,548
Fabien,China,Fabien,male,97,29
George,China,George,male,98,445
Jinbo,Japan,Jinbo,male,93,27
Hanfa,Sweden,Hanfa,female,57,7
Yasuhiro,USA,Yasuhiro,male,100,14
Armando,Germany,Armando,male,99,253
Ross,Germany,Ross,male,77,35
Elisabeth,Germany,Elisabeth,female,99,1848
Gotthard,Switzerland,Gotthard,male,97,37
Benjamin,UK,Benjamin,male,99,50718
François,USA,François,male,99,73
Steven,Spain,Steven,male,99,608
Timothy,China,Timothy,male,98,80
Eduardo,USA,Eduardo,male,100,2615
Jimmy,USA,Jimmy,male,99,5671
Shannon,USA,Shannon,female,88,11948
Kenneth,USA,Kenneth,male,100,7907
Risheng,Germany,Risheng,male,100,9
Filisaty,China,,,,
Klaus,Germany,Klaus,male,98,10045
Jin-Gen,Japan,Gen,male,98,123
Bianca,"Republic of Korea",Bianca,female,98,21575
Tatsuki,Sweden,Tatsuki,male,93,71
Soonho,USA,Soonho,male,75,4
Anders,France,Anders,male,97,38
Robert,Germany,Robert,male,99,8458
Max,Germany,Max,male,99,7527
Bernhard,Germany,Bernhard,male,98,3134
Jürgen,Switzerland,Jürgen,male,97,107
Horst,Japan,Horst,male,75,4
Antonio,USA,Antonio,male,99,4554
Yoshiyuki,USA,Yoshiyuki,male,75,4
Marc,France,Marc,male,98,27772
John,Japan,John,male,99,665
Olivier,USA,Olivier,male,98,304
Kazuo,Germany,Kazuo,male,75,4
John,Germany,John,male,98,3765
Eva-Kathrin,UK,Eva-Kathrin,female,98,82923
Stefan,Italy,Stefan,male,97,808
Jason,Spain,Jason,male,99,481
Fabrizio,Australia,Fabrizio,male,100,26
A,Spain,,,,
Mark,UK,Mark,male,100,48064
Manuel,Germany,Manuel,male,99,5956
Varinder,UK,Varinder,male,94,496
Shengwei,China,Shengwei,male,60,5
Ian,USA,Ian,male,100,8095
Guobao,USA,Guobao,male,100,5
Julius,USA,Julius,male,100,7130
John,USA,John,male,100,65535
Bin,China,Bin,male,92,677
Lai-Sheng,Germany,Sheng,male,67,6
Shilun,Japan,Shilun,male,67,3
Michael,UK,Michael,male,99,211741
Mohammad,Italy,Mohammad,male,98,120
Geoff,Japan,Geoff,male,100,6
Massimo,Canada,Massimo,male,100,31
Masakatsu,UK,Masakatsu,male,97,32
Mark,Switzerland,Mark,male,100,48064
Luca,Germany,Luca,male,97,1351
László,USA,László,male,94,33
Heinrich,USA,Heinrich,male,98,46
Ching-Hsuan,Denmark,Ching-Hsuan,female,100,4
Craig,Spain,Craig,male,100,84
Gautam,France,Gautam,male,100,5
Michael,USA,Michael,male,100,65535
Mir,Switzerland,Mir,male,82,17
Andrew,Germany,Andrew,male,99,574
François,USA,François,male,99,73
Thomas,USA,Thomas,male,100,20215
George,UK,George,male,99,63411
Daniel,Germany,Daniel,male,99,22784
Francesco,UK,Francesco,male,99,74458
Rochus,USA,Rochus,male,75,4
Paul,India,Paul,male,99,1344
Andreas,USA,Andreas,male,100,2789
Sunil,China,Sunil,male,100,24
Thomas,France,Thomas,male,98,35110
Haoqing,Germany,Haoqing,male,75,4
Rinaldo,Korea,Rinaldo,male,99,1088
Max,USA,Max,male,98,5582
Wonwoo,Germany,Wonwoo,male,100,27
David,Italy,David,male,99,6501
Frank,Denmark,Frank,male,100,502
Paolo,Spain,Paolo,male,99,658
Gautam,Japan,Gautam,male,100,7
J,Israel,,,,
Kenji,Germany,Kenji,male,100,17
Leeor,USA,Leeor,male,100,7
Volker,USA,Volker,male,100,30
Albert,Canada,Albert,male,99,282
Albert,USA,Albert,male,99,3175
Yunjie,India,Yunjie,male,57,23
J,Italy,,,,
Reji,Spain,Reji,male,75,4
Vincenzo,Germany,Vincenzo,male,99,587
Sofía,"Republic of Korea",Sofía,female,97,1216
Helmut,UK,Helmut,male,98,4881
Kimoon,Switzerland,Kimoon,male,100,8
Jeremy,Germany,Jeremy,male,98,342
Renato,Germany,Renato,male,100,162
Christoph,France,Christoph,male,99,77
Martin,Spain,Martin,male,98,4634
Ivan,USA,Ivan,male,100,3082
Javier,Spain,Javier,male,99,46053
Tarek,France,Tarek,male,98,1186
David,Spain,David,male,100,65535
Gwilherm,France,Gwilherm,male,100,18
Javier,Germany,Javier,male,99,229
Didier,Canada,Didier,male,98,62
Fritz,Germany,Fritz,male,97,1280
