"First Name",Country,ga_first_name,ga_gender,ga_accuracy,ga_samples
Kana,India,Kana,male,85,26
Yi,Anhui,Yi,male,61,1397
Oleg,,Oleg,male,100,12219
John,,John,male,99,219085
David,,David,male,99,381770
Xiangfeng,USA,Xiangfeng,male,93,15
Xinru,Beijing,Xinru,female,88,17
Stefano,,Stefano,male,99,56062
Qing,Sussex,Qing,female,58,728
Jianbo,Shanghai,Jianbo,male,100,38
Wei,USA,Wei,male,75,391
Hiromi,Sendai,Hiromi,female,79,490
Michal,,Michal,male,97,44099
Hao,Beijing,Hao,male,84,2105
Jyotirmayee,,Jyotirmayee,female,100,46
William,,William,male,99,67797
Kyle,USA,Kyle,male,99,17235
Karl,USA,Karl,male,100,2609
Changle,,Changle,male,100,5
Rey-Ting,Taiwan,Rey,male,92,13
David,Cambridge,David,male,99,381770
Xinjun,,Xinjun,male,100,6
Didier,,Didier,male,98,29191
Pedro,SP,Pedro,male,99,109853
Wei-Hua,Wuhan,Wei-Hua,male,70,4894
John,Wuhan,John,male,99,219085
Guangshan,Wuhan,Guangshan,male,100,3
Christophe,Switzerland,Christophe,male,95,986
Hon,UK,Hon,male,85,486
Patrick,USA,Patrick,male,100,18462
Jun,China,Jun,male,83,1190
Timothy,USA,Timothy,male,100,9427
Zhenhua,China,Zhenhua,male,77,44
Hyunjoo,"Republic of Korea",Hyunjoo,female,82,77
Xinjing,China,Xinjing,female,75,4
Huanting,Australia,Huanting,male,75,4
Zhuang,China,Zhuang,male,74,69
Paul,China,Paul,male,99,805
Liming,China,Liming,male,78,81
Ki-Whan,"Republic of Korea",Ki-Whan,male,65,1255
Gerard,Canada,Gerard,male,100,126
Song,China,Song,male,100,74
Thomas,China,Thomas,male,99,449
Ming,China,Ming,male,83,826
Peter,Australia,Peter,male,100,3051
Andrew,UK,Andrew,male,99,82448
Jeffery,USA,Jeffery,male,99,1552
Max,Germany,Max,male,99,7527
Wei,USA,Wei,male,75,391
Jeffrey,Korea,Jeffrey,male,100,19324
Rodolphe,France,Rodolphe,male,99,2506
Paula,USA,Paula,female,99,5334
S,Austria,,,,
Peter,USA,Peter,male,100,15502
Jerry,China,Jerry,male,95,1104
Yi,Switzerland,Yi,female,60,5
Kay,Deutschland,Kay,female,54,11472
Martin,Germany,Martin,male,99,14619
Matthias,Switzerland,Matthias,male,100,748
Donald,Korea,Donald,male,99,12793
Sukbok,"South Korea",,,,
Catharine,USA,Catharine,female,96,116
Daesung,Germany,Daesung,male,87,47
Andrea,UK,Andrea,female,54,161059
Barry,USA,Barry,male,100,3714
Joseph,China,Joseph,male,99,328
Nan,USA,Nan,female,87,420
Natalia,China,Natalia,female,98,63
Xiaoming,China,Xiaoming,male,84,105
Shiyong,Switzerland,Shiyong,male,100,16
Hansjörg,France,Hansjörg,male,75,4
Marc,Canada,Marc,male,100,1432
Jean-François,USA,Jean-François,male,100,21
Ivan,Denmark,Ivan,male,99,368
Ib,China,Ib,male,89,683
Honggang,Israel,Honggang,male,100,6
Amnon,China,Amnon,male,100,118
Chi-Ming,UK,Chi-Ming,male,100,7
Sabine,China,Sabine,female,100,14
Jianwei,Canada,Jianwei,male,75,4
Curtis,Japan,Curtis,male,100,15
Norio,Japan,Norio,male,99,125
Shinsuke,Germany,Shinsuke,male,100,155
Hans-Achim,Netherlands,Achim,male,100,12
Daan,China,Daan,male,88,8
Xinchen,China,Xinchen,male,75,4
Xiaoqing,China,Xiaoqing,female,74,50
Yiyun,Germany,Yiyun,female,75,4
Stefan,Germany,Stefan,male,97,20127
Claudia,France,Claudia,female,94,2548
Matteo,USA,Matteo,male,100,5513
Ashok,Italy,Ashok,male,100,16
Pier,Estonia,Pier,male,97,2999
Peter,Germany,Peter,male,99,21321
Dieter,France,Dieter,male,96,48
Nuno,Canada,Nuno,male,100,27
Yingfu,Singapore,Yingfu,male,60,5
Young-Tae,Germany,Tae,female,75,4
Peter,Germany,Peter,male,99,21321
Thomas,USA,Thomas,male,100,20215
Stephen,Sweden,Stephen,male,78,50
Sascha,China,Sascha,male,100,4
Haibo,China,Haibo,male,97,66
Feng-Ling,P R,Feng-Ling,female,56,3601
Yi,USA,Yi,male,56,263
Alexander,Germany,Alexander,male,98,11884
Bastian,Canada,Bastian,male,100,3
Guojun,Germany,Guojun,male,100,19
Richard,"Republic of Korea",Richard,male,99,97659
Seung,USA,Seung,male,94,35
John,Belgium,John,male,98,2303
Bruno,Netherlands,Bruno,male,97,231
Rint,USA,Rint,male,92,12
Michael,China,Michael,male,99,1989
Shaojun,China,Shaojun,male,77,13
Zidong,"Hong Kong",Zidong,male,93,14
Chi-Ming,China,Ming,male,83,826
Quan-Zhong,Portugal,Quan-Zhong,male,89,1944
José,Canada,José,male,98,40
Douglas,Germany,Douglas,male,97,105
Horst,Germany,Horst,male,98,3472
Lutz,Germany,Lutz,male,99,1566
Tobias,Germany,Tobias,male,100,9929
Horst,USA,Horst,male,97,31
Christopher,India,Christopher,male,100,429
Govindasamy,France,Govindasamy,male,95,44
Nathan,Japan,Nathan,male,100,64
Hiroshi,Germany,Hiroshi,male,100,7
Christopher,Germany,Christopher,male,99,3075
Michael,China,Michael,male,99,1989
Zhi-Xiang,China,Zhi,male,80,154
Lixiang,Japan,Lixiang,male,56,25
Masami,Sweden,Masami,male,55,262
Kálmán,UK,Kálmán,male,98,686
Derek,Germany,Derek,male,99,105
Carlos,,Carlos,male,99,174998
Ilan,Korea,Ilan,male,97,1086
Ji-Woong,Switzerland,Ji,male,60,5
Jeffrey,Germany,Jeffrey,male,99,238
Bernd,Japan,Bernd,male,75,4
Kiyotaka,Germany,Kiyotaka,male,100,74
Alois,Germany,Alois,male,96,303
Jörg,France,Jörg,male,92,13
Jean,Japan,Jean,male,84,127
Yuichi,Germany,Yuichi,male,75,4
Dirk,Japan,Dirk,male,100,11
Makoto,India,Makoto,male,95,1208
Manikandan,Germany,Manikandan,male,75,4
Stefan,USA,Stefan,male,100,1196
James,USA,James,male,100,47200
Bruce,,Bruce,male,99,14681
Oliver,Germany,Oliver,male,99,7903
Gerhard,China,Gerhard,male,100,3
Zhiyong,"South Korea",Zhiyong,male,99,75
Dong-Pyo,Australia,Dong,male,83,12
Huanting,Germany,Huanting,male,75,4
Stefanie,Netherlands,Stefanie,female,98,359
Frederick,USA,Frederick,male,99,1236
Stephen,Germany,Stephen,male,99,331
Jürgen,Deutschland,Jürgen,male,99,9431
Jens,USA,Jens,male,97,183
Leonard,USA,Leonard,male,99,1472
Luke,USA,Luke,male,100,6187
Timothy,UK,Timothy,male,99,15778
Scott,USA,Scott,male,100,30644
Carolyn,Japan,Carolyn,female,100,7
Sachiko,UK,Sachiko,female,98,259
Edina,China,Edina,female,98,2854
Jin-Pei,USA,Jin,male,68,337
Shaowei,Canada,Shaowei,male,75,4
Alex,USA,Alex,male,89,28322
Yuen,UK,Yuen,male,52,223
Richard,Germany,Richard,male,99,2147
Luisa,Poland,Luisa,female,100,16
Lechosław,Canada,Lechosław,male,100,19
Shana,Singapore,Shana,female,78,9
Shao,Germany,Shao,male,75,4
Roland,China,Roland,male,97,59
Zhengkun,,Zhengkun,male,100,4
Christof,Deutschland,Christof,male,99,1226
Nadja,Japan,Nadja,female,98,3728
Kazushi,Denmark,Kazushi,male,99,69
Thomas,Trieste,Thomas,male,99,129177
Davide,China,Davide,male,97,29
Aiwen,France,Aiwen,male,67,24
Bertrand,Israel,Bertrand,male,75,4
Norman,UK,Norman,male,99,6533
Gareth,USA,Gareth,male,97,303
Tamio,China,Tamio,male,94,18
Ayusman,Denmark,Ayusman,male,100,6
Hongbing,,Hongbing,male,71,14
Karl,Germany,Karl,male,96,3903
Raffaele,USA,Raffaele,male,96,81
Doris,P R,Doris,female,96,10158
Sotiris,Japan,Sotiris,male,99,1308
Guoliang,Germany,Guoliang,male,75,4
Masahiro,Netherlands,Masahiro,male,100,783
Andreas,USA,Andreas,male,100,2789
Sander,USA,Sander,male,99,74
David,Germany,David,male,99,10714
Daesung,Germany,Daesung,male,87,47
Dominik,Israel,Dominik,unknown,50,2
Peter,China,Peter,male,99,1605
Yoram,China,Yoram,male,99,247
Tierui,Germany,Tierui,female,75,4
Xingwen,USA,Xingwen,male,75,4
Markus,Australia,Markus,male,100,37
Hongjun,,Hongjun,male,98,48
Cyrille,China,Cyrille,male,100,10
Christine,Germany,Christine,female,98,3190
Chen,Italy,Chen,male,72,39
Thomas,UK,Thomas,male,99,129177
Kevin,,Kevin,male,99,140160
Scott,Germany,Scott,male,99,208
Armido,UK,Armido,male,100,20
Johannes,China,Johannes,male,100,18
David,USA,David,male,100,65535
Junbai,USA,Junbai,male,75,4
Elizabeth,India,Elizabeth,female,97,295
Steven,USA,Steven,male,100,19562
Sankar,UK,Sankar,male,100,1738
Scott,Australia,Scott,male,100,1287
Peter,China,Peter,male,99,1605
Elizabeth,India,Elizabeth,female,97,295
Yinhua,,Yinhua,female,93,41
A,France,,,,
Andreas,Australia,Andreas,male,99,74
Peter,Tokyo,Peter,male,99,146529
Shi,Germany,Shi,female,59,17
Kazunori,Xiamen,Kazunori,male,100,208
Thomas,USA,Thomas,male,100,20215
Eric,China,Eric,male,99,1948
Jean'ne,China,Jeanne,female,100,40
Kenneth,,Kenneth,male,99,20555
Buxing,,,,,
Kaspar,,Kaspar,male,99,286
Carsten,USA,Carsten,male,98,57
Gerrit,USA,Gerrit,male,100,98
Eric,,Eric,male,99,121922
Andrew,UK,Andrew,male,99,82448
Françoise,,Françoise,female,98,9952
Paul,USA,Paul,male,100,28746
Yi-Tao,USA,Tao,male,90,147
K,,,,,
Jin-Quan,"Saudi Arabia",Jin,male,100,12
Anastasios,Shanghai,Anastasios,male,99,608
Osman,,Osman,male,96,41863
Zhenghu,,Zhenghu,male,100,5
Erick,Kyoto,Erick,male,99,15004
Koop,,Koop,male,84,51
Hiroshi,"Saudi Arabia",Hiroshi,male,99,1730
Frank,,Frank,male,99,66241
A,Kyoto,,,,
Guido,Germany,Guido,male,99,1620
Susumu,USA,Susumu,male,100,7
Stephan,Beijing,Stephan,male,99,19941
Chao-I,,Chao-I,male,86,1135
Liquan,Canada,Liquan,male,83,6
Frank,,Frank,male,99,66241
Jonathan,USA,Jonathan,male,100,21578
Petri,Tianjin,Petri,male,86,1465
Reuben,Beijing,Reuben,male,100,5671
Shu-Li,Canada,Shu,male,67,9
Buxing,,,,,
James,China,James,male,98,1570
Hermenegildo,,Hermenegildo,male,99,444
Su-Huai,USA,Su,female,77,170
Michael,,Michael,male,99,211741
Mark,Germany,Mark,male,100,75
Kilian,Oxford,Kilian,male,98,1438
Johannes,Spain,Johannes,male,98,54
Carol,,Carol,female,97,29790
Luis,Hefei,Luis,male,99,120090
Martin,Switzerland,Martin,male,98,2426
Weixin,,Weixin,male,65,26
Michal,USA,Michal,male,63,360
John,Urbana,John,male,99,219085
Craig,USA,Craig,male,100,9154
Yi,USA,Yi,male,56,263
Hyun-Suk,,Hyun-Suk,male,100,7
Hao,,Hao,male,84,2105
Patrik,China,Patrik,male,100,7
Judy,China,Judy,female,97,481
Xiaoguang,USA,Xiaoguang,male,100,5
Chengjian,Reading,Chengjian,male,100,5
Gary,Tokyo,Gary,male,99,34244
Alex,,Alex,male,92,247706
Shinsuke,USA,Shinsuke,male,100,5
László,,László,male,99,12109
John,Germany,John,male,98,3765
Hans-Jürgen,Dalian,Hans-Jürgen,male,100,606
Klaus,USA,Klaus,male,100,135
Jie,Beer-Sheva,Jie,male,61,1651
Amos,,Amos,male,98,5926
N,,,,,
David,,David,male,99,381770
Paul,Seoul,Paul,male,99,140849
Ye-Zi,Ontario,Ye-Zi,male,71,1466
Soo,,Soo,male,51,1087
Mark,,Mark,male,100,48064
Dirk,Beijing,Dirk,male,99,14847
Nicolas,Gansu,Nicolas,male,99,79977
Xiaoming,,Xiaoming,male,83,144
Zhong-Quan,,Zhong-Quan,male,89,1944
James,USA,James,male,100,47200
Helmut,Chongqing,Helmut,male,98,4881
Theodore,,Theodore,male,100,15900
Hailong,"Hong Kong",Hailong,male,98,64
Paul,Tianjin,Paul,male,99,140849
Thomas,USA,Thomas,male,100,20215
Hui,,Hui,female,52,1684
Alastair,USA,Alastair,male,100,70
Richard,Amherst,Richard,male,99,97659
Aaron,USA,Aaron,male,100,19401
Thomas,Tokyo,Thomas,male,99,129177
Carolyn,Ulsan,Carolyn,female,99,7827
Ichio,Shenyang,Ichio,male,75,4
Hyun-Kon,,Hyun-Kon,male,83,1754
Dangsheng,,,,,
Mark,,Mark,male,100,48064
Evgenii,Singapore,Evgenii,male,100,355
Stephan,Sapporo,Stephan,male,99,19941
Bernd,Nanchang,Bernd,male,99,7628
Ghim,,Ghim,male,67,6
Masaya,Kyoto,Masaya,male,95,317
Aiwen,,Aiwen,male,67,24
Stefan,,Stefan,male,98,50890
Keiji,Kyoto,Keiji,male,99,237
Attila,P R,Attila,male,99,14128
Emmanuel,,Emmanuel,male,99,43639
Hironori,,Hironori,male,99,148
Yi,USA,Yi,male,56,263
Dorian,Singapore,Dorian,male,75,4
Wei,USA,Wei,male,75,391
Berl,,Berl,male,68,25
Anh,Singapore,Anh,female,64,14
Shigeru,,Shigeru,male,100,216
Richard,Seoul,Richard,male,99,97659
James,Ramat-Gan,James,male,99,131879
Michael,USA,Michael,male,100,65535
Seung,,Seung,male,93,447
Yitzhak,,Yitzhak,male,98,59
Joseph,Hefei,Joseph,male,99,63161
Junliang,,Junliang,male,100,12
Markus,USA,Markus,male,100,4802
Weixin,,Weixin,male,65,26
Ernesto,Singapore,Ernesto,male,100,5
Zhihong,USA,Zhihong,male,80,10
Matthias,"Hong Kong",Matthias,male,75,4
Naohiko,,Naohiko,male,100,20
Jingguang,USA,Jingguang,male,75,4
Tai-Chu,USA,Chu,male,67,39
André,,André,male,99,25357
Bradley,Rehovot,Bradley,male,99,6719
Matthias,,Matthias,male,100,17148
Michael,,Michael,male,99,211741
Boris,Deajeon,Boris,male,99,15168
Robert,,Robert,male,99,145540
Bernhard,,Bernhard,male,98,4878
Sukbok,,,,,
Oliver,,Oliver,male,98,22853
David,Fujian,David,male,99,381770
Max,,Max,male,98,69969
Manfred,,Manfred,male,99,7550
Guo-Cong,Pune,Guo-Cong,male,82,1547
Andriy,China,Andriy,male,100,4
Marc-Olivier,,Marc-Olivier,male,99,114
Angshuman,Fritz-Haber-Institut,Angshuman,male,100,174
Jian,,Jian,male,89,1215
Chun-Hsien,Japan,Chun,male,58,12
Hans-Joachim,USA,Joachim,male,100,83
Klaus,Beijing,Klaus,male,98,13207
Ikuro,British,Ikuro,male,100,7
Jean'ne,,Jeanne,female,97,8933
Wen-Fu,,Wen-Fu,male,51,2463
Robert,Chengdu,Robert,male,99,145540
He,USA,He,male,70,60
Sebastian,,Sebastian,male,99,47850
Feng-Peng,Fax:,Feng-Peng,male,82,2739
David,,David,male,99,381770
Simon,,Simon,male,98,57458
Magnus,,Magnus,male,99,5496
Walter,,Walter,male,97,26732
Oliver,Coventry,Oliver,male,98,22853
Kurt,,Kurt,male,99,11034
Christian,,Christian,male,100,48300
Józef,,Józef,male,99,1234
Matthew,,Matthew,male,100,51412
Carsten,Osaka,Carsten,male,99,5153
Edvinas,,Edvinas,male,99,236
Hermann,,Hermann,male,97,4973
Hiroaki,,Hiroaki,male,100,552
Christian,Quebec,Christian,male,100,48300
Alois,,Alois,male,95,1863
Frank,Shanghai,Frank,male,99,66241
Chao-Jun,,Chao-Jun,male,88,7964
Pei,,Pei,female,66,514
Bing,Singapore,Bing,female,70,23
Krzysztof,Nagoya,Krzysztof,male,100,28969
Kari,USA,Kari,female,98,2261
Teck-Peng,,Teck-Peng,male,85,1460
Hisanori,Saitama,Hisanori,male,100,37
Shannon,,Shannon,female,88,16433
Félix,,Félix,male,99,2244
Takuzo,,Takuzo,male,100,4
Pik,,Pik,male,65,291
Xiong,,Xiong,male,79,207
Philipp,,Philipp,male,99,8496
Huisheng,,Huisheng,male,86,7
Junliang,,Junliang,male,100,12
Yoshio,Tianjin,Yoshio,male,99,291
David,,David,male,99,381770
Zhang-Jie,USA,Zhang,male,65,105
Jianhui,Birmingham,Jianhui,male,90,30
Yong,,Yong,male,87,2262
Kenneth,,Kenneth,male,99,20555
Paul,Dalian,Paul,male,99,140849
Philip,UK,Philip,male,99,21773
Roland,Shanghai,Roland,male,99,22308
Weishen,,Weishen,male,100,9
Richard,Osaka,Richard,male,99,97659
Huisheng,Japan,Huisheng,male,86,7
Mark,,Mark,male,100,48064
Sensuke,USA,Sensuke,male,75,4
Tatsuya,Scotland,Tatsuya,male,99,739
Stéphane,,Stéphane,male,98,16675
Aaron,Netherlands,Aaron,male,100,143
Leroy,Italy),Leroy,male,98,8423
Sven,USA,Sven,male,99,212
Herman,Kyoto,Herman,male,99,10036
Placido,Shanghai,Placido,male,100,540
Angela,USA,Angela,female,99,15262
Seijiro,Kyoto,Seijiro,male,100,11
Dawei,USA,Dawei,male,91,22
Jie,Nanjing,Jie,male,61,1651
Atsuhiro,,Atsuhiro,male,100,20
Conor,Bangalore,Conor,male,100,8140
Qin,,Qin,female,64,454
Stephen,,Stephen,male,99,46085
Kanishka,Hubei,Kanishka,male,72,504
Bernd,Kyoto,Bernd,male,99,7628
Marta,,Marta,female,98,84333
Wen-Jing,Fukuoka,Wen-Jing,female,67,4519
Tetsuya,,Tetsuya,male,98,570
Marc,Groningen,Marc,male,99,77461
Seiji,Belfast,Seiji,male,99,362
Yukikazu,,Yukikazu,male,100,3
Ben,,Ben,male,97,73526
A,,,,,
Christopher,USA,Christopher,male,100,26017
Peter,Shanghai,Peter,male,99,146529
Vladimir,Changchun,Vladimir,male,99,21639
Uzi,Dalian,Uzi,male,90,258
Ning,,Ning,female,74,1915
Kaixi,Tokyo,Kaixi,female,88,8
Feng,USA,Feng,male,84,104
Jonathan,Tokyo,Jonathan,male,99,84386
Kenso,Nagoya,Kenso,male,100,14
Hong-Cai,Sendai,Hong-Cai,female,51,4394
Shigeru,,Shigeru,male,100,216
Shigehiro,Jeddah,Shigehiro,male,100,22
Hidetoshi,,Hidetoshi,male,99,100
Guillaume,Tokyo,Guillaume,male,99,37030
Horst,,Horst,male,98,4102
Kimoon,USA,Kimoon,male,100,8
Masayuki,,Masayuki,male,99,597
Małgorzata,Beijing,Małgorzata,female,98,15429
Chad,PO,Chad,male,99,11863
Meritxell,,Meritxell,female,99,664
Lei,,Lei,male,59,2374
Adam,,Adam,male,99,101742
John,Shanghai,John,male,99,219085
Ian,Gainesville,Ian,male,99,34076
Sander,,Sander,male,98,4407
Xigeng,Taiwan,,,,
Alexander,,Alexander,male,99,56237
Carsten,,Carsten,male,99,5153
Tiow-Gan,Western,Tiow-Gan,male,74,658
Lutz,Taiwan,Lutz,male,98,1744
Klaus,,Klaus,male,98,13207
Damien,,Damien,male,99,30575
Po-Yuan,,Po-Yuan,male,62,2486
Shunai,,Shunai,female,100,6
Norio,,Norio,male,99,143
Toshiro,,Toshiro,male,97,140
Wolfgang,Higashi-Hiroshima,Wolfgang,male,99,10782
Wolfgang,,Wolfgang,male,99,10782
Akkattu,USA,,,,
Takeharu,Shanghai,Takeharu,male,100,17
Kai,Russia,Kai,male,89,28
Guangbin,,Guangbin,male,91,11
Pradeepta,,Pradeepta,male,81,42
Yang,USA,Yang,male,69,340
Artem,Xiangtan,Artem,male,100,5353
Gisbert,Ontario,Gisbert,male,98,96
Matthias,Shaanxi,Matthias,male,100,17148
Chris,USA,Chris,male,96,56027
Guo-Jun,Seoul,Guo-Jun,male,86,7401
Zheng-Hong,,Zheng-Hong,male,52,4735
Zhengping,USA,Zhengping,male,75,4
Yiying,,Yiying,female,88,40
Myoung-Ryul,,Ryul,male,93,14
James,,James,male,99,131879
Felix,Australia,Felix,male,99,87
Tsuyoshi,Sendai,Tsuyoshi,male,99,458
Costanza,USA,Costanza,female,100,4
Jieping,,Jieping,female,67,3
Justin,USA,Justin,male,100,25338
Masahiro,Seoul,Masahiro,male,100,783
Robert,,Robert,male,99,145540
Ilan,Dalian,Ilan,male,97,1086
Zachary,USA,Zachary,male,100,6186
Kyung,,Kyung,male,72,240
Yue,,Yue,female,58,1014
Xingwei,,Xingwei,male,71,7
Sanford,USA,Sanford,male,93,107
Nadia,Victoria,Nadia,female,98,44698
Hansjörg,USA,Hansjörg,male,100,144
Marat,USA,Marat,male,100,46
Damon,,Damon,male,99,3121
Richard,,Richard,male,99,97659
Tom,,Tom,male,99,87429
Weiping,,Weiping,male,73,45
Xuefeng,,Xuefeng,male,93,71
Rhett,,Rhett,male,100,2096
Ramkrishna,China,Ramkrishna,male,99,326
Yasuteru,,Yasuteru,male,100,7
Delia,,Delia,female,99,6848
Jang,,Jang,male,63,1020
Zuowei,Tokyo,Zuowei,male,100,3
Uwe,,Uwe,male,99,8221
Nick,Saitama,Nick,male,98,55264
Till,USA,Till,male,100,100
Hidenori,Daejeon,Hidenori,male,100,91
Christiane,Shanghai,Christiane,female,98,10974
Mingwei,USA,Mingwei,male,86,7
Wei,Sendai,Wei,male,73,4003
Sukbok,,,,,
Jiacheng,,Jiacheng,male,97,31
Corey,Shanghai,Corey,male,94,7614
Tienan,Kyoto,Tienan,male,100,7
Ronald,,Ronald,male,99,20480
Liming,"Hong Kong",Liming,male,73,120
Jun,,Jun,male,88,6829
Yasujiro,USA,Yasujiro,male,75,4
Eva-Kathrin,Bologna,Eva-Kathrin,female,98,82923
Ben,Shanghai,Ben,male,97,73526
Jieping,Japan,Jieping,female,67,3
Marion,USA,Marion,female,74,857
Marco,Nottingham,Marco,male,99,133237
Guo-Qiang,,Guo-Qiang,male,81,1103
Naoki,,Naoki,male,98,944
Markus,Valencia,Markus,male,99,30782
Christopher,Bath,Christopher,male,99,55041
Petr,Beijing,Petr,male,98,61668
Tilmann,USA,Tilmann,male,75,4
Jose,Gwangju,Jose,male,97,148383
Mary,,Mary,female,98,76726
Xuedong,Karnataka,Xuedong,male,93,15
Klaus,Germany,Klaus,male,98,10045
Jaeyoung,,Jaeyoung,male,86,148
Annette,,Annette,female,98,8428
Jayanta,,Jayanta,male,100,992
Siegfried,,Siegfried,male,99,1551
Michael,Cambridge,Michael,male,99,211741
Andreas,,Andreas,male,99,44818
Bai,,Bai,male,68,466
Herbert,,Herbert,male,99,9602
Jason,USA,Jason,male,100,39059
Helge,Jena,Helge,female,54,2126
Lukas,Jena,Lukas,male,99,22120
Matthias,Jena,Matthias,male,100,17148
Yuriy,Jena,Yuriy,male,100,2292
Christian,Jena,Christian,male,100,48300
Uwe,Anhui,Uwe,male,99,8221
Kyoko,Shanghai,Kyoko,female,95,382
Kou,China,Kou,male,73,15
Paul,,Paul,male,99,140849
Yujie,Tamsui,Yujie,female,63,96
Shu-Li,,Shu-Li,female,50,5147
Zuowei,Ruprecht-Karls-Universität,Zuowei,male,100,3
Corinne,Muttenz,Corinne,female,98,26655
Axel,,Axel,male,98,15264
Andreas,,Andreas,male,99,44818
Uwe,,Uwe,male,99,8221
Patrick,USA,Patrick,male,100,18462
Johanna,Shanghai,Johanna,female,98,15895
Nuno,USA,Nuno,male,97,88
Andreas,Manchester,Andreas,male,99,44818
Hongjie,Bristol,Hongjie,male,69,29
Huisheng,,Huisheng,male,86,7
Dennis,USA,Dennis,male,99,8742
Richard,USA,Richard,male,100,24609
Gareth,Cambridge,Gareth,male,99,5798
Ingo,USA,Ingo,male,100,30
Michal,,Michal,male,97,44099
Paul,,Paul,male,99,140849
Clare,USA,Clare,female,100,4710
Christopher,USA,Christopher,male,100,26017
Daniel,,Daniel,male,99,257742
Viktor,,Viktor,male,98,14163
Chengde,Beijing,Chengde,male,100,5
Samuel,,Samuel,male,99,59149
Karl,,Karl,male,98,18575
Hans-Joachim,USA,Joachim,male,100,83
Liangti,,,,,
Jean-Louis,USA,Jean-Louis,male,100,25
X,,,,,
Trevor,USA,Trevor,male,100,4700
Kari,Nottingham,Kari,female,68,6088
Janet,,Janet,female,98,16535
Renhua,ROC),Renhua,male,83,6
Ralf,,Ralf,male,99,9994
William,USA,William,male,100,24483
Jean-Michel,USA,Jean-Michel,male,100,30
Rai-Shung,Tsukuba,Rai-Shung,male,78,1557
Thomas,,Thomas,male,99,129177
Guy,USA,Guy,male,99,1664
Richard,Strasbourg,Richard,male,99,97659
Hideo,Glasgow,Hideo,male,100,254
Alison,USA,Alison,female,99,3804
George,Haifa,George,male,99,63411
Jean-Marie,,Jean-Marie,male,98,4712
Leroy,,Leroy,male,98,8423
Elisa,,Elisa,female,98,32786
Ilan,Nova,Ilan,male,97,1086
Jörg,Huazhong,Jörg,male,99,6663
Giulia,,Giulia,female,99,29392
Akira,Singapore,Akira,male,57,14
Laura,,Laura,female,98,163073
Qian,USA,Qian,female,61,95
Alessandro,,Alessandro,male,99,79631
Swaine,,Swaine,male,100,4
Hui,,Hui,female,52,1684
Jon,,Jon,male,99,32478
Luca,USA,Luca,male,100,12754
Rong-Ming,,Rong-Ming,male,73,3295
Chunyan,USA,Chunyan,female,100,5
Kai,,Kai,male,96,28964
Jean'ne,,Jeanne,female,97,8933
Matthias,,Matthias,male,100,17148
Nancy,USA,Nancy,female,99,11346
Shi-Xia,Montréal,Shi-Xia,female,51,1501
Wen-Feng,Shanghai,Wen-Feng,male,59,3371
Karl-Heinz,Limerick,Karl-Heinz,male,99,1217
Thomas,,Thomas,male,99,129177
Steve,"Hong Kong",Steve,male,100,231
Jie-Sheng,,Sheng,male,74,646
Michael,,Michael,male,99,211741
Frédéric,,Frédéric,male,98,11476
Ben,Cambridge,Ben,male,97,73526
Andreas,Anhui,Andreas,male,99,44818
Jian,Iasi,Jian,male,89,1215
Cristina,,Cristina,female,98,70974
Jonathan,USA,Jonathan,male,100,21578
Yi,,Yi,male,61,1397
Alexandru,,Alexandru,male,99,5316
Timo,Rehovot,Timo,male,99,8332
Moungi,,Moungi,female,75,4
Marco,,Marco,male,99,133237
Michael,Hefei,Michael,male,99,211741
David,,David,male,99,381770
Clemens,USA,Clemens,male,100,25
Clemens,Osaka,Clemens,male,99,1082
Shu-Hong,,Shu-Hong,female,50,4835
Louise,Hangzhou,Louise,female,97,19170
Feng,Thuwal,Feng,male,81,1386
Kazuya,Ramat,Kazuya,male,100,609
Sergey,,Sergey,male,100,16316
Zhan,USA,Zhan,male,64,14
Mohamed,,Mohamed,male,98,173033
Lior,USA,Lior,male,87,54
Xile,,Xile,male,64,14
Matthew,,Matthew,male,100,51412
Manfred,Noria,Manfred,male,99,7550
Etsuko,,Etsuko,female,98,106
Erick,USA,Erick,male,100,2026
Patrik,Guangzhou,Patrik,male,99,13539
Jan,Nagoya,Jan,male,92,104026
Bernhard,USA,Bernhard,male,98,44
Mark,,Mark,male,100,48064
Marcel,,Marcel,male,99,41885
Eiji,,Eiji,male,98,358
Oleg,USA,Oleg,male,99,328
Stephen,Fuzhou,Stephen,male,99,46085
Andreas,USA,Andreas,male,100,2789
Pavel,,Pavel,male,98,48181
Rajendra,,Rajendra,male,100,4696
Xinchen,USA,Xinchen,male,56,9
Ognjen,Berlin,Ognjen,male,99,406
Norbert,,Norbert,male,99,12597
Karl,USA,Karl,male,100,2609
Don,,Don,male,98,23550
Biprajit,USA,Biprajit,male,100,16
Wolfgang,Osaka,Wolfgang,male,99,10782
Jason,Karnataka,Jason,male,99,76567
Luisa,Anhui,Luisa,female,98,22222
F,,,,,
Kazushi,,Kazushi,male,99,69
Akhil,,Akhil,male,100,5624
Yi,,Yi,male,61,1397
Berend,Okazaki,Berend,male,98,416
André,Yokohama,André,male,99,25357
Lutz,Amsterdam,Lutz,male,98,1744
Micha,University,Micha,male,79,4409
Donglin,,Donglin,male,88,16
Masaaki,,Masaaki,male,100,256
Tom,,Tom,male,99,87429
Gang,USA,,,,
Nicolas,Tianjin,Nicolas,male,99,79977
Martin,USA,Martin,male,100,5868
Ullrich,,Ullrich,male,96,100
David,,David,male,99,381770
Yong-Gui,Sapporo,Yong-Gui,male,88,4510
Phil,,Phil,male,98,25391
Bernhard,,Bernhard,male,98,4878
Charles,Oxford,Charles,male,98,52754
Shigeki,,Shigeki,male,100,118
Shin-Hyun,USA,Hyun,male,74,61
Daniele,,Daniele,male,87,46369
Simon,,Simon,male,98,57458
Carl,Japan,Carl,male,92,37
Donghai,USA,Donghai,male,75,4
Pablo,,Pablo,male,99,51159
Manfred,USA,Manfred,male,99,90
Tadao,,Tadao,male,99,142
Simon,Daejeon,Simon,male,98,57458
Eelco,,Eelco,male,99,277
Xiao-Dong,,Xiao-Dong,male,100,4
Hon,USA,Hon,male,100,14
Sukbok,,,,,
Jose,São,Jose,male,97,148383
Marc,Fujian,Marc,male,99,77461
Paul,Martinsried,Paul,male,99,140849
Dirk,Davis,Dirk,male,99,14847
Carlos,,Carlos,male,99,174998
Pei-Qiang,,Pei-Qiang,male,66,1045
Heinrich,,Heinrich,male,98,1609
William,,William,male,99,67797
Dietmar,Singapore,Dietmar,male,75,4
Richard,USA,Richard,male,100,24609
Christopher,USA,Christopher,male,100,26017
Christopher,USA,Christopher,male,100,26017
Martin,USA,Martin,male,100,5868
Martin,,Martin,male,98,139211
Sergiy,"Hong Kong",Sergiy,male,75,4
Mary,,Mary,female,98,76726
Robert,Cedex,Robert,male,99,145540
Sanjib,Chengdu,Sanjib,male,99,942
Jianwei,,Jianwei,male,97,65
Renhua,,Renhua,male,83,6
Christophe,,Christophe,male,98,60690
Jingsong,Lancaster,Jingsong,male,88,8
Heinz,Tianjin,Heinz,male,98,3977
Igor,,Igor,male,99,31134
F,,,,,
Colin,Lanzhou,Colin,male,99,15399
Shu-Li,USA,Shu,female,57,74
Carl-Johan,Frankfurt,Carl-Johan,male,100,89
Muriel,Shanghai,Muriel,female,97,9177
Xiaoming,Oviedo,Xiaoming,male,83,144
Peter,,Peter,male,99,146529
Jens,,Jens,male,99,13599
Junliang,,Junliang,male,100,12
Carlos,,Carlos,male,99,174998
Norbert,Tianjin,Norbert,male,99,12597
Annie,Thuwal,Annie,female,98,24785
Alfredo,,Alfredo,male,99,21417
Dangsheng,,,,,
Jinhua,,Jinhua,female,83,98
Klaus-Viktor,,Klaus-Viktor,male,98,27370
Todd,USA,Todd,male,100,9824
Gary,USA,Gary,male,100,13394
Arumugam,,Arumugam,male,98,356
Stephen,Hualien,Stephen,male,99,46085
Steven,,Steven,male,99,59951
Jennifer,,Jennifer,female,98,88317
Andrew,,Andrew,male,99,82448
C,,,,,
Qian,USA,Qian,female,61,95
Claudio,USA,Claudio,male,99,582
Carmen,,Carmen,female,98,54029
Alexander,Singapore,Alexander,male,99,70
Clifford,Kyoto,Clifford,male,100,10228
Jonathan,NSW,Jonathan,male,99,84386
Arjan,Singapore,Arjan,male,100,3
François,Chengdu,François,male,99,16142
Takeo,USA,Takeo,male,100,9
Richard,,Richard,male,99,97659
Yu,,Yu,male,63,3415
Jian,,Jian,male,89,1215
Aaron,,Aaron,male,99,36714
Harald,,Harald,male,99,4998
Andreas,,Andreas,male,99,44818
Tobias,,Tobias,male,100,17675
Lei,USA,Lei,male,57,231
Sabine,Dhahran,Sabine,female,98,22561
Benjamin,Osaka,Benjamin,male,99,50718
Tobias,,Tobias,male,100,17675
Raffaele,,Raffaele,male,99,16081
Ming,,Ming,male,77,2692
Avelino,,Avelino,male,97,1077
Satoshi,Kyoto,Satoshi,male,99,1177
Matthias,,Matthias,male,100,17148
Andreas,USA,Andreas,male,100,2789
Christopher,USA,Christopher,male,100,26017
Kimoon,Cambridge,Kimoon,male,100,8
Takuji,USA,Takuji,male,100,7
Jesús,,Jesús,male,99,7086
James,,James,male,99,131879
Natalia,,Natalia,female,98,51221
Peter,USA,Peter,male,100,15502
Allen,(Switzerland),Allen,male,96,10293
Eun,Saitama,Eun,female,69,381
Harun,Rehovoth,Harun,male,96,17937
Eric,,Eric,male,99,121922
Serena,,Serena,female,98,17022
Kay,"South Korea",Kay,male,73,150
Takuzo,USA,Takuzo,male,100,4
Leeor,,Leeor,male,75,16
Stephan,University,Stephan,male,99,19941
Frank,,Frank,male,99,66241
Christian,USA,Christian,male,100,48214
Jeffrey,,Jeffrey,male,100,19324
Grégory,Shanghai,Grégory,male,99,3814
Christian,Tokyo,Christian,male,100,48300
Carlos,USA,Carlos,male,100,10179
Lee,USA,Lee,male,83,7014
Harald,Shanghai,Harald,male,99,4998
Hong,Jena,Hong,female,53,3853
Noritaka,USA,Noritaka,male,100,38
Christopher,Tokyo,Christopher,male,99,55041
John,Wiener,John,male,99,219085
Yanxing,,Yanxing,male,75,4
Christian,USA,Christian,male,100,48214
Bing,,Bing,male,63,1057
Masahiro,Beijing,Masahiro,male,100,783
Wolfgang,USA,Wolfgang,male,99,185
Peter,,Peter,male,99,146529
Michael,Bath,Michael,male,99,211741
Jeroen,USA,Jeroen,male,100,32
Congyang,Yokohama,,,,
Sheng,,Sheng,male,74,646
Véronique,Singapore,Véronique,female,98,8797
Andrew,,Andrew,male,99,82448
David,Singapore,David,male,99,875
Munetaka,,Munetaka,male,100,9
Christian,,Christian,male,100,48300
Xiaogang,,Xiaogang,male,100,46
Xavier,,Xavier,male,99,27038
Jianrong,Sussex,Jianrong,male,82,11
Adam,Edinburgh,Adam,male,99,101742
Clemens,USA,Clemens,male,100,25
Herbert,,Herbert,male,99,9602
Axel,Beijing,Axel,male,98,15264
Alfredo,Tokyo,Alfredo,male,99,21417
Stephen,Xiamen,Stephen,male,99,46085
Tomislav,,Tomislav,male,100,1829
Gareth,,Gareth,male,99,5798
Jianbo,USA,Jianbo,male,100,3
Ikuro,,Ikuro,male,100,7
Eric,,Eric,male,99,121922
Alexander,Sendai,Alexander,male,99,56237
Milko,USA,Milko,male,100,5
William,USA,William,male,100,24483
Reinhard,USA,Reinhard,male,96,24
Wolfgang,Shanghai,Wolfgang,male,99,10782
Masahiro,Riyadh,Masahiro,male,100,783
Kenneth,USA,Kenneth,male,100,7907
Frieder,USA,Frieder,male,75,4
Richard,Chengdu,Richard,male,99,97659
Huisheng,USA,Huisheng,male,75,4
Omar,USA,Omar,male,99,3202
G,USA,,,,
Andrzej,Tokyo,Andrzej,male,99,22799
Lihua,Beijing,Lihua,female,85,128
Matthew,,Matthew,male,100,51412
Marcetta,,Marcetta,female,75,4
James,,James,male,99,131879
Yusuke,USA,Yusuke,male,100,39
Qiang,,Qiang,male,97,531
Harald,,Harald,male,99,4998
Tao,,Tao,male,87,1999
Bernhard,Changzhou,Bernhard,male,98,4878
Eric,USA,Eric,male,100,31662
Jason,,Jason,male,99,76567
Hermann,Sendai,Hermann,male,97,4973
Francesca,USA,Francesca,female,99,7161
Alexey,USA,Alexey,male,98,182
Jiangtao,,Jiangtao,male,100,28
S,Geesthacht,,,,
Frank,USA,Frank,male,100,11178
Yujiro,,Yujiro,male,100,101
Xiong,USA,Xiong,male,100,4
Severin,,Severin,male,96,1191
Chad,Rehovot,Chad,male,99,11863
Bert,USA,Bert,male,97,646
Jörg,Lanzhou,Jörg,male,99,6663
Scott,,Scott,male,100,48262
Filip,,Filip,male,98,15100
Courtney,Hefei,Courtney,female,92,11331
Stephen,R,Stephen,male,99,46085
David,,David,male,99,381770
Shawn,,Shawn,male,93,15227
Jincai,,Jincai,male,80,10
Jeffrey,Beijing,Jeffrey,male,100,19324
Jan,,Jan,male,92,104026
Yao,,Yao,male,74,1982
Kuo,,Kuo,male,74,281
Edward,,Edward,male,99,24073
Manfred,,Manfred,male,99,7550
Guo-Qiang,Rome,Guo-Qiang,male,81,1103
Jinghong,USA,Jinghong,male,75,4
Sanzhong,,Sanzhong,male,75,4
Chloé,,Chloé,female,97,6051
Lukas,USA,Lukas,male,100,4368
Manfred,Wuhan,Manfred,male,99,7550
Abraham,Bangalore,Abraham,male,99,10411
Francesco,USA,Francesco,male,100,2172
Joseph,Sendai,Joseph,male,99,63161
Aphrodite,,Aphrodite,female,95,253
Gonen,USA,Gonen,male,75,4
Meilin,,Meilin,female,90,80
Yonghui,Beijing,Yonghui,male,89,37
Subi,Akita,Subi,male,66,246
M,USA,,,,
Hiroyuki,Kyoto,Hiroyuki,male,100,1050
Paola,Liaoning,Paola,female,98,34326
Guangbin,,Guangbin,male,91,11
Seth,,Seth,male,99,7627
Yadong,USA,Yadong,male,88,26
Masafumi,Shanghai,Masafumi,male,99,150
David,Dalian,David,male,99,381770
Masahiro,USA,Masahiro,male,100,29
Weishen,USA,Weishen,male,75,4
Alois,Tsukuba,Alois,male,95,1863
Liang,,Liang,male,82,1287
John,,John,male,99,219085
Zhang-Jie,Japan,Jie,male,74,19
An-Hui,,An-Hui,female,52,7273
Philip,Haifa,Philip,male,99,21773
Akshay,Shanghai,Akshay,male,100,11824
Takao,Shanghai,Takao,male,98,238
Manfred,USA,Manfred,male,99,90
Barth-J,USA,Barth,male,100,10
Takafumi,,Takafumi,male,100,208
Claus,,Claus,male,96,2644
Ilan,Incheon,Ilan,male,97,1086
Yue-Ming,Beijing,Yue-Ming,male,68,3706
Chen,USA,Chen,male,61,302
Boris,USA,Boris,male,100,559
Karen,Seoul,Karen,female,96,51469
Christopher,Kanagawa,Christopher,male,99,55041
Alois,,Alois,male,95,1863
Sungjin,,Sungjin,male,97,185
Jungui,Kerala,Jungui,male,75,4
Zhiqun,,Zhiqun,male,100,5
Joshua,Campus,Joshua,male,100,35201
Dongho,,Dongho,male,99,106
Tomokazu,USA,Tomokazu,male,75,4
Jeremy,USA,Jeremy,male,100,16054
Zhenhua,Jilin,Zhenhua,male,79,67
Kana,USA,Kana,female,83,54
Thomas,,Thomas,male,99,129177
Christian,Shenzhen,Christian,male,100,48300
Yanli,Osaka,Yanli,female,81,54
Neal,Daejeon,Neal,male,99,2785
David,USA,David,male,100,65535
Guangshan,Chengdu,Guangshan,male,100,3
Caleb,,Caleb,male,100,6757
Peter,,Peter,male,99,146529
Feng,,Feng,male,81,1386
Sensuke,,Sensuke,male,75,4
Hak-Sung,,Hak-Sung,male,88,1504
Rodrigo,"Hong Kong",Rodrigo,male,100,8
Liansuo,,,,,
Armido,Daejeon,Armido,male,100,20
Yu-Long,,Yu-Long,male,100,4
He,USA,He,male,70,60
Karl,Aichi,Karl,male,98,18575
Heng,,Heng,male,82,742
Ying-Yeung,USA,Ying,female,85,200
Stefan,ROC.).,Stefan,male,98,50890
Hee-Seung,USA,Seung,male,94,35
Nicolai,Beijing,Nicolai,male,99,1109
Zhen,Edinburgh,Zhen,male,64,631
Shinji,Harbin,Shinji,male,98,563
Richard,,Richard,male,99,97659
Steven,,Steven,male,99,59951
Sheng-Hsien,Shanghai,Sheng-Hsien,male,74,687
Hongjie,USA,Hongjie,male,67,3
Shu,,Shu,male,60,982
J,,,,,
Qiang,,Qiang,male,97,531
Xinliang,Pohang,Xinliang,male,71,7
Christof,USA,Christof,male,100,25
Yuanchao,Daejeon,Yuanchao,male,100,14
Bruce,Zhejiang,Bruce,male,99,14681
Markus,USA,Markus,male,100,4802
Rubén,,Rubén,male,99,4550
Sheng,Haifa,Sheng,male,74,646
Kimoon,"Hong Kong",Kimoon,male,100,8
Floyd,,Floyd,male,99,4067
Ryong,USA,Ryong,male,87,30
Ruikang,Jerusalem,Ruikang,male,75,4
Deirdre,Guangzhou,Deirdre,female,100,3327
Theodore,USA,Theodore,male,100,14541
Yitzhak,,Yitzhak,male,98,59
Paul,,Paul,male,99,140849
Peter,,Peter,male,99,146529
Michael,,Michael,male,99,211741
Itamar,USA,Itamar,male,94,32
Tong-Bu,,Tong-Bu,male,78,2960
Ki-Bum,,Ki-Bum,male,100,4
Jean-Marc,Haifa,Jean-Marc,male,99,6278
Hua,Fukuoka,Hua,male,52,891
Christof,,Christof,male,99,1226
Frank,,Frank,male,99,66241
K,China,,,,
Jieping,Guangzhou,Jieping,female,67,3
Mike,Tokyo,Mike,male,99,116286
Yitzhak,,Yitzhak,male,98,59
Nobuo,,Nobuo,male,100,87
Michael,Nijmegen,Michael,male,99,211741
Haoshen,USA,,,,
Thomas,Anhui,Thomas,male,99,129177
Yuliang,USA,Yuliang,male,100,3
Ping-Ping,USA,Ping,male,56,90
Tamejiro,USA,,,,
Paul,,Paul,male,99,140849
Helmut,Singapore,Helmut,male,98,4881
Daniela,Jinan,Daniela,female,97,67491
Karl,Ulsan,Karl,male,98,18575
Shu-Hong,,Shu-Hong,female,50,4835
Paul,USA,Paul,male,100,28746
Alexander,Seoul,Alexander,male,99,56237
Jeffrey,,Jeffrey,male,100,19324
Yunjie,Groningen,Yunjie,male,57,23
Rei,Tianjin,Rei,male,61,985
Peng,,Peng,male,84,1353
Christopher,Netherlands,Christopher,male,100,136
Jeroen,,Jeroen,male,99,7417
Benjamin,,Benjamin,male,99,50718
Wonwoo,Tokyo,Wonwoo,male,100,27
Nicolai,Nagoya,Nicolai,male,99,1109
Ben,USA,Ben,male,100,17026
Jinhua,,Jinhua,female,83,98
De-Xian,Guangzhou,De-Xian,male,70,5556
Christopher,,Christopher,male,99,55041
Lukasz,,Lukasz,male,99,6789
Ekambaram,,Ekambaram,male,97,31
Feng-Ling,,Feng-Ling,female,56,3601
Takuzo,,Takuzo,male,100,4
Hisanori,USA,Hisanori,male,100,37
Robert,Singapore,Robert,male,99,155
Martin,,Martin,male,98,139211
Tong-Mei,Beijing,Tong-Mei,female,57,4489
Janez,,Janez,male,96,786
Adam,,Adam,male,99,101742
Katja,Victoria,Katja,female,98,6843
F,Shanghai,,,,
Andrew,Henan,Andrew,male,99,82448
Liming,,Liming,male,73,120
Qichun,,Qichun,male,100,4
Fabian,,Fabian,male,99,25659
Jun,,Jun,male,88,6829
Roland,,Roland,male,99,22308
Peter,,Peter,male,99,146529
David,USA,David,male,100,65535
Yiyun,USA,Yiyun,female,75,4
Yan-Feng,Kyoto,Yan-Feng,male,75,9973
Petra,,Petra,female,98,52588
Joachim,USA,Joachim,male,100,83
Dirk,USA,Dirk,male,99,483
Kyoko,,Kyoko,female,95,382
Thomas,,Thomas,male,99,129177
Gion,"United Kingdom",Gion,male,100,4
Charles,,Charles,male,98,52754
Hidde,USA,Hidde,male,75,4
Tatsuya,,Tatsuya,male,99,739
Andreas,Hangzhou,Andreas,male,99,44818
Louise,Pohang,Louise,female,97,19170
Miao,Beijing,Miao,female,61,531
Helge,,Helge,female,54,2126
Stephan,USA,Stephan,male,100,7199
Zoltan,,Zoltan,male,99,2799
Gernot,,Gernot,male,99,579
Scott,,Scott,male,100,48262
Gilles,USA,Gilles,male,100,108
Yi-Xia,Queensland,Yi-Xia,male,55,1929
Suk,USA,Suk,male,75,12
Song,,Song,male,100,74
Roland,,Roland,male,99,22308
Jin-Quan,,Jin-Quan,male,77,6369
Michael,Haifa,Michael,male,99,211741
Maurizio,Anhui,Maurizio,male,99,24776
Michael,Anhui,Michael,male,99,211741
Todd,,Todd,male,100,11557
Craig,,Craig,male,100,24286
Martha,Okazaki,Martha,female,97,13361
Emily,,Emily,female,98,36641
Jan,USA,Jan,female,77,3645
Yi,Seoul,Yi,male,61,1397
Hossam,,Hossam,male,98,6243
Yi,Tianjin,Yi,male,61,1397
Antonio,Illkirch,Antonio,male,99,180825
Jonathan,Singapore,Jonathan,male,99,382
Julien,USA,Julien,male,99,1741
Donglin,Nottingham,Donglin,male,88,16
Janez,USA,Janez,male,60,5
Brian,,Brian,male,99,69588
Sanghee,,Sanghee,male,53,75
Stefanie,USA,Stefanie,female,99,1439
Liu-Zhu,USA,Liu,male,64,109
Guy,,Guy,male,98,20859
Naohiko,,Naohiko,male,100,20
Carolyn,USA,Carolyn,female,99,5417
William,Seoul,William,male,99,67797
Brian,USA,Brian,male,100,40133
Erick,Tokyo,Erick,male,99,15004
Javier,Saitama,Javier,male,99,67247
Jon,China,Jon,male,99,150
Irina,Berlin,Irina,female,98,21136
Qian,,Qian,female,65,678
Jianlin,Tokyo,Jianlin,male,88,16
Vahe,,Vahe,male,97,397
Won-Gun,Manchester,Won-Gun,male,74,1674
Nan,,Nan,female,71,3704
Shū,,,,,
Kazuhide,University,Kazuhide,male,100,34
Jinlong,,Jinlong,male,100,79
Peter,Oxford,Peter,male,99,146529
Wolfgang,USA,Wolfgang,male,99,185
Motomu,USA,Motomu,male,75,4
Niko,,Niko,male,96,14107
Richard,Nanjing,Richard,male,99,97659
Hon,Chengdu,Hon,male,85,486
Andres,,Andres,male,98,33708
Modesto,,Modesto,male,98,660
Günter,USA,Günter,male,100,5
Stephen,,Stephen,male,99,46085
Jack,,Jack,male,97,59917
Jianghong,Bath,Jianghong,male,60,10
Olivier,Kyoto,Olivier,male,99,50237
Haibo,Qingdao,Haibo,male,95,87
Xiaoming,USA,Xiaoming,male,79,14
Peter,,Peter,male,99,146529
Christopher,,Christopher,male,99,55041
Steven,USA,Steven,male,100,19562
Albrecht,USA,Albrecht,male,75,4
Ville,Shanghai,Ville,male,97,1534
Mary,Manchester,Mary,female,98,76726
Takahiro,USA,Takahiro,male,100,29
Liangmin,,Liangmin,male,75,4
Henry,,Henry,male,99,32139
Maik,USA,Maik,male,90,42
Derek,Saga,Derek,male,99,15838
Kyle,USA,Kyle,male,99,17235
Abigail,,Abigail,female,98,7631
Guozhu,Kyoto,Guozhu,male,100,7
David,,David,male,99,381770
Michael,Wellington,Michael,male,99,211741
Xin-bo,Nagoya,Xin-Bo,male,79,7048
Monique,USA,Monique,female,98,2506
Jay,,Jay,male,93,45116
Scott,Am,Scott,male,100,48262
Masashi,Ulsan,Masashi,male,100,493
Geert-Jan,,Geert-Jan,male,100,78
Axel,,Axel,male,98,15264
Atsuhiro,,Atsuhiro,male,100,20
Louis,,Louis,male,97,22473
Martyn,Anhui,Martyn,male,99,2133
Hideki,,Hideki,male,99,634
Jingguang,Yokohama,Jingguang,male,75,4
Sanjay,,Sanjay,male,99,20065
Dietrich,Shanghai,Dietrich,male,95,365
Frank,USA,Frank,male,100,11178
Bartosz,Changchun,Bartosz,male,100,7087
Eric,,Eric,male,99,121922
Ru-Shi,Tianjin,Ru-Shi,male,59,1451
Oliver,USA,Oliver,male,99,1490
C,,,,,
Zhongping,,Zhongping,male,100,5
Juan,,Juan,male,98,106011
Kimihisa,,Kimihisa,male,75,4
Govindasamy,,Govindasamy,male,95,44
Ran,,Ran,male,65,1586
David,Ulsan,David,male,99,381770
Xiaoxin,Beijng,Xiaoxin,male,51,43
Zhiyong,Anhui,Zhiyong,male,99,75
Xihe,,Xihe,male,75,4
Biwu,USA,Biwu,male,75,4
David,Cambridge,David,male,99,381770
Jeffrey,,Jeffrey,male,100,19324
Matthias,Odisha,Matthias,male,100,17148
Richard,Shanghai,Richard,male,99,97659
Johann,Hyogo,Johann,male,95,7868
Jerome,,Jerome,male,99,35619
Kyoung,,Kyoung,male,80,121
Liangti,Standort,,,,
Shu-Hong,Israel,Shu-Hong,female,50,4835
Peter,Geneva,Peter,male,99,146529
Martin,USA,Martin,male,100,5868
Stefano,,Stefano,male,99,56062
Sascha,Aberdeen,Sascha,male,97,13412
A,Chengdu,,,,
Jinbo,,Jinbo,male,93,27
Katsuhisa,Singapore,Katsuhisa,male,100,20
Stéphane,UP,Stéphane,male,98,16675
Frank,Yokohama,Frank,male,99,66241
Rolf,"New Zealand",Rolf,male,75,4
David,USA,David,male,100,65535
Alexander,,Alexander,male,99,56237
Wei,,Wei,male,73,4003
André,USA,André,male,99,251
Hai,,Hai,male,84,3492
Jin-Song,Cambridge,Jin-Song,male,73,6538
Jianfeng,,Jianfeng,male,97,95
Shao,"Hong Kong",Shao,unknown,50,2
Gouriprasanna,"Hong Kong",,,,
Kazunobu,Kyoto,Kazunobu,male,100,24
Jimmy,Tokyo,Jimmy,male,98,36002
David,,David,male,99,381770
Gisbert,Seoul,Gisbert,male,98,96
Yixin,,Yixin,male,52,73
Nicholas,,Nicholas,male,100,21206
Robert,,Robert,male,99,145540
Erwin,,Erwin,male,99,8787
Hanmin,,Hanmin,male,94,31
Zuowei,Universitaetsstrasse,Zuowei,male,100,3
Beáta,,Beáta,female,99,1710
Atsuhiro,Alberta,Atsuhiro,male,100,20
Hiroshi,,Hiroshi,male,99,1730
Jaephil,USA,Jaephil,male,75,4
Xiong,USA,Xiong,male,100,4
Moonhyun,Quebec,Moonhyun,male,67,3
Gernot,,Gernot,male,99,579
Richard,,Richard,male,99,97659
Miaofang,,Miaofang,female,75,4
Matthias,USA,Matthias,male,100,3407
Claus,,Claus,male,96,2644
Sebastian,,Sebastian,male,99,47850
Christian,Beijing,Christian,male,100,48300
Eric,Jeddah,Eric,male,99,121922
Thomas,,Thomas,male,99,129177
Lidong,USA,Lidong,male,100,18
Frieder,Shanghai,Frieder,male,100,77
Jeanne,Kyoto,Jeanne,female,97,8933
Andreas,Belfast,Andreas,male,99,44818
Paul,Xiamen,Paul,male,99,140849
Bernd,,Bernd,male,99,7628
Danny,,Danny,male,94,41156
Matthias,"Hong Kong",Matthias,male,75,4
Romain,Singapore,Romain,male,100,5
Jinlong,Zhengzhou,Jinlong,male,100,79
Mohammad,Richardson,Mohammad,male,99,47588
Axel,Singapore,Axel,male,100,21
Dunwei,USA,,,,
Jinxing,,Jinxing,male,81,26
Atsuhiro,,Atsuhiro,male,100,20
A,,,,,
Chaoyong,,Chaoyong,male,75,4
Dominic,Singapore,Dominic,male,100,97
Roxanne,USA,Roxanne,female,99,1365
Vivian,Queensland,Vivian,female,93,12465
Choon-Hong,Nanjing,Choon-Hong,female,52,3972
Mao-Ping,,Mao-Ping,male,66,3100
James,USA,James,male,100,47200
Shao,,Shao,male,72,229
Jeremy,Shanghai,Jeremy,male,99,45294
Loïc,,Loïc,male,99,3211
Martin,Chengdu,Martin,male,98,139211
Karl,,Karl,male,98,18575
Daniel,,Daniel,male,99,257742
Jianrong,USA,Jianrong,male,82,11
Sheng,Daejeon,Sheng,male,74,646
Christopher,Aichi,Christopher,male,99,55041
Zhen,Toronto,Zhen,male,64,631
Gérard,Guangdong,Gérard,male,98,5971
Karl,Ontario,Karl,male,98,18575
Lorenz,,Lorenz,male,97,1133
Huisheng,,Huisheng,male,86,7
Bjørn,,Bjørn,male,100,1045
Jingsong,Beijing,Jingsong,male,88,8
Simon,USA,Simon,male,99,2413
Gregor,Dalian,Gregor,male,99,3274
Gary,,Gary,male,99,34244
Chan,Kyoto,Chan,male,67,4404
Hideo,,Hideo,male,100,254
Douglas,,Douglas,male,99,18529
Dan,,Dan,male,97,61524
Lewis,,Lewis,male,99,7500
Sebastian,Hefei,Sebastian,male,99,47850
Martin,Taiyuan,Martin,male,98,139211
Sébastien,Hubei,Sébastien,male,99,18623
Buxing,,,,,
Donald,,Donald,male,99,12793
Boshun,USA,,,,
Angelika,Dalian,Angelika,female,98,9509
Masahiro,,Masahiro,male,100,783
Rui,,Rui,male,98,25872
Paul,Seoul,Paul,male,99,140849
Yong,,Yong,male,87,2262
Santosh,,Santosh,male,99,13576
Yao,,Yao,male,74,1982
Yong,,Yong,male,87,2262
Wen-Jing,Osaka,Wen-Jing,female,67,4519
Matthias,,Matthias,male,100,17148
Bijoy,USA,Bijoy,male,100,19
Jonathan,,Jonathan,male,99,84386
YuYe,Guangzhou,Yuye,female,64,28
Can,Beijing,Can,male,95,36655
Christian,,Christian,male,100,48300
Kenichiro,Nagoya,Kenichiro,male,100,113
Kisuk,,Kisuk,male,94,17
Shi-Gang,,Shi-Gang,male,69,1481
J,Jhongli,,,,
Olaf,USA,Olaf,male,99,75
Andrew,USA,Andrew,male,100,34858
Kenji,,Kenji,male,98,1939
Markus,,Markus,male,99,30782
Suzanne,University,Suzanne,female,98,11294
Véronique,,Véronique,female,98,8797
Huanfeng,,,,,
Yu-Wu,,Yu-Wu,male,65,4580
Qi,,Qi,male,63,557
Takashi,USA,Takashi,male,98,49
Nuno,Rehovot,Nuno,male,99,22191
Frederick,USA,Frederick,male,99,1236
Jih,,Jih,male,67,42
Yuriy,Tokyo,Yuriy,male,100,2292
Richmond,,Richmond,male,97,1214
Thomas,USA,Thomas,male,100,20215
Andrew,,Andrew,male,99,82448
Jennifer,Kanazawa,Jennifer,female,98,88317
Wolfgang,"Hong Kong",Wolfgang,male,75,4
Marc,Jeddah,Marc,male,99,77461
Gilles,,Gilles,male,99,18113
Wolfgang,,Wolfgang,male,99,10782
Dean,,Dean,male,98,14854
Lucio,Hokkaido,Lucio,male,99,7323
Mao-sheng,,Mao-Sheng,male,77,2184
Helmut,Beijing,Helmut,male,98,4881
Motomu,,Motomu,male,100,16
Fumitoshi,,Fumitoshi,male,100,8
Chengde,,Chengde,male,100,5
Jeremy,USA,Jeremy,male,100,16054
Tada-aki,,Tada-Aki,male,72,2651
Jianwei,Taiwan,Jianwei,male,75,4
Xuping,USA,Xuping,male,60,5
Bin,,Bin,male,89,2162
Marcelo,,Marcelo,male,100,33306
Horst,Haifa,Horst,male,98,4102
Yasunori,Osaka,Yasunori,male,99,126
Florian,USA,Florian,male,99,159
Zhenfeng,USA,Zhenfeng,male,100,11
Hongbin,USA,Hongbin,male,71,7
Alexander,USA,Alexander,male,100,6939
Nediljko,USA,Nediljko,male,100,8
Aaron,Fujian,Aaron,male,99,36714
Peter,,Peter,male,99,146529
Hsing-Wen,,Hsing-Wen,female,55,2010
Rongchao,,Rongchao,male,75,4
Allan,Tianjin,Allan,male,99,15490
Markus,Singapore,Markus,male,100,11
Ilan,,Ilan,male,97,1086
Hiroaki,,Hiroaki,male,100,552
Andrei,,Andrei,male,98,12349
Armen,USA,Armen,male,98,120
Daesung,,Daesung,male,87,47
David,Goethe-Universität,David,male,99,381770
Alexandra,,Alexandra,female,98,53680
Qing-Fu,,Qing-Fu,male,56,1206
Menny,Singapore,Menny,male,70,80
Hong-yu,,Hong-Yu,male,100,3
Zhiqiang,USA,Zhiqiang,male,100,9
Pedro,,Pedro,male,99,109853
Helen,Oxford,Helen,female,98,23138
Cameron,,Cameron,male,93,9233
Anniina,Jeddah,Anniina,female,96,131
Xiaoming,,Xiaoming,male,83,144
Xing,Haifa,Xing,male,70,545
Andreas,,Andreas,male,99,44818
Tom,USA,Tom,male,100,19527
Gisbert,USA,Gisbert,male,98,96
Frieder,,Frieder,male,100,77
Roland,Lanzhou,Roland,male,99,22308
Harald,,Harald,male,99,4998
Xin-Yuan,,Xin-Yuan,male,58,3322
Peter,,Peter,male,99,146529
Samir,Ulsan,Samir,male,98,46586
Yingfu,,Yingfu,male,60,5
Paul,Kyoto,Paul,male,99,140849
Quan-Ming,,Quan-Ming,male,83,4322
Simon,,Simon,male,98,57458
Yan,Hsinchu,Yan,male,73,8519
Omid,,Omid,male,99,5236
Torsten,,Torsten,male,99,5046
Zeev,Qingdao,Zeev,male,100,184
Changle,Tokyo,Changle,male,100,5
Mary,,Mary,female,98,76726
Jeffrey,Anhui,Jeffrey,male,100,19324
Wolfgang,,Wolfgang,male,99,10782
Jin-Heng,Beijing,Jin-Heng,male,73,5481
Jik,,Jik,male,65,115
Michael,Universidad,Michael,male,99,211741
Didier,USA,Didier,male,96,136
Jaephil,USA,Jaephil,male,75,4
René,USA,René,male,72,97
Norihiro,,Norihiro,male,100,49
Ola,Anhui,Ola,female,69,17733
Hans-Dieter,Hefei,Hans-Dieter,male,99,151
Yi-Chou,,Yi-Chou,male,50,2754
Dietmar,USA,Dietmar,male,100,14
Francisco,USA,Francisco,male,100,2954
Guanglei,,Guanglei,male,100,12
Keisuke,USA,Keisuke,male,100,11
Volker,Abu,Volker,male,99,3081
Gaolin,,,,,
Stefan,USA,Stefan,male,100,1196
Liying,Nanjing,Liying,female,93,72
Franziska,,Franziska,female,98,3237
Daniel,,Daniel,male,99,257742
Blake,,Blake,male,96,5952
Lawrence,Beijing,Lawrence,male,98,9892
Shouheng,,Shouheng,male,75,4
Yong,,Yong,male,87,2262
Yi,USA,Yi,male,56,263
Yue,Tianjin,Yue,female,58,1014
Theresa,,Theresa,female,98,8961
Mercouri,,,,,
Christopher,,Christopher,male,99,55041
Andrei,USA,Andrei,male,99,322
Babak,,Babak,male,99,3371
Panče,USA,Panče,male,100,5
Daniel,USA,Daniel,male,100,35866
Raymond,,Raymond,male,99,20118
Xiao-Zeng,,Xiao-Zeng,male,54,2035
Michael,Stuttgart,Michael,male,99,211741
Reinhard,Shanghai,Reinhard,male,99,1973
Klaus,USA,Klaus,male,100,135
Xue,Kobe,Xue,female,74,494
Stephan,,Stephan,male,99,19941
Nam,,Nam,male,79,5523
Zhongwu,Dublin,Zhongwu,male,100,3
Yongjun,ON,Yongjun,male,97,90
Philipp,Shanghai,Philipp,male,99,8496
Benjamin,USA,Benjamin,male,100,9079
Uli,Nottingham,Uli,male,74,1537
Michael,Nottingham,Michael,male,99,211741
Michael,,Michael,male,99,211741
Julio,Osaka,Julio,male,96,31126
Nicola,University,Nicola,male,81,36692
Linquan,,Linquan,male,100,3
Andrea,USA,Andrea,female,95,13332
Michael,,Michael,male,99,211741
Junliang,Beijing,Junliang,male,100,12
Yi,,Yi,male,61,1397
Akihiko,USA,Akihiko,male,100,8
Ruben,,Ruben,male,99,34120
Haoshen,Tokyo,,,,
Stefan,,Stefan,male,98,50890
John,Busan,John,male,99,219085
Dwight,Suwon,Dwight,male,99,1685
Xingang,,Xingang,male,100,10
Philip,Kyoto,Philip,male,99,21773
Christopher,Okazaki,Christopher,male,99,55041
Pixu,,Pixu,male,71,17
Johan,,Johan,male,99,38619
Nobuaki,Hokkaido,Nobuaki,male,100,88
A,,,,,
Andrea,USA,Andrea,female,95,13332
Michael,,Michael,male,99,211741
Emmanuel,USA,Emmanuel,male,99,1782
Ernesto,,Ernesto,male,99,12667
Feng,,Feng,male,81,1386
Manfred,USA,Manfred,male,99,90
Andrei,Shanghai,Andrei,male,98,12349
Andreas,,Andreas,male,99,44818
Shū,USA,,,,
E,,,,,
Hak,USA,Hak,male,84,19
Sungho,,Sungho,male,100,185
Andrew,Russia,Andrew,male,100,1853
Michinori,Kyoto,Michinori,male,100,11
Donglin,,Donglin,male,88,16
Holger,Aichi,Holger,male,99,4992
Frank,Hefei,Frank,male,99,66241
Hajime,Göttingen,Hajime,male,98,359
Michelle,,Michelle,female,97,66957
Jaswinder,USA,Jaswinder,male,85,20
Kurt,Tokyo,Kurt,male,99,11034
Peter,Exeter,Peter,male,99,146529
Daniel,Tianjin,Daniel,male,99,257742
Jörg,Nijmegen,Jörg,male,99,6663
Nicholas,,Nicholas,male,100,21206
Xingang,Kyoto,Xingang,male,100,10
Bin,,Bin,male,89,2162
Yugang,Pusan,Yugang,male,89,9
Viktoria,Shanghai,Viktoria,female,98,4545
George,USA,George,male,100,12253
Andrey,USA,Andrey,male,99,414
Ilia,Kyoto,Ilia,male,83,1214
Hiroshi,,Hiroshi,male,99,1730
Gerhard,,Gerhard,male,99,4931
Hisashi,,Hisashi,male,99,188
Shiqiang,USA,Shiqiang,male,100,8
Markus,,Markus,male,99,30782
Bill,,Bill,male,100,1354
Christopher,,Christopher,male,99,55041
Kyoko,Shanghai,Kyoko,female,95,382
Faliang,USA,,,,
Yu,,Yu,male,63,3415
Jan,Tartu,Jan,male,92,104026
Govindasamy,Kyoto,Govindasamy,male,95,44
Keiji,Pohang,Keiji,male,99,237
Hui-Bi,Pohang,Hui-Bi,male,52,2708
Ok-Sang,,Ok-Sang,male,84,3482
Dongyuan,,Dongyuan,male,80,5
Jean'ne,Bath,Jeanne,female,97,8933
Douglas,USA,Douglas,male,100,5371
Atsuhiro,Jeddah,Atsuhiro,male,100,20
Tapan,USA,Tapan,male,100,42
David,,David,male,99,381770
Moris,Manchester,Moris,male,96,910
Andrei,Sakyo-ku,Andrei,male,98,12349
Marcus,,Marcus,male,99,25073
Guosheng,,Guosheng,male,100,10
Chun-hsien,USA,Chun,male,71,52
Bin,USA,Bin,male,83,140
Ei-ichi,,Ei-Ichi,female,61,676
René,,René,male,98,12079
Jaan,,Jaan,male,91,725
Yasujiro,,Yasujiro,male,75,4
Jinwoo,,Jinwoo,male,99,293
Moon,,Moon,female,100,3763
Stephen,Wuhan,Stephen,male,99,46085
Herbert,Jeddah,Herbert,male,99,9602
David,,David,male,99,381770
Conor,USA,Conor,male,100,5996
Omar,,Omar,male,98,63048
Craig,Genève,Craig,male,100,24286
Lei,USA,Lei,male,57,231
Jonathan,Tokyo,Jonathan,male,99,84386
Ryohei,Beijing,Ryohei,male,100,200
Magnus,,Magnus,male,99,5496
Dirk,,Dirk,male,99,14847
Haifeng,USA,Haifeng,male,92,12
G,USA,,,,
Akira,Tokyo,Akira,female,73,7383
Hiroshi,USA,Hiroshi,male,100,56
Jan-E,Ibaraki,Jan-E,male,92,104026
Armido,USA,Armido,male,100,20
Jinying,,Jinying,female,94,16
Rudolf,,Rudolf,male,99,5465
Wei-Hua,USA,Wei,male,75,391
Jiaguo,USA,Jiaguo,male,75,4
Frank,USA,Frank,male,100,11178
John,Tokyo,John,male,99,219085
Ashraf,,Ashraf,male,98,10005
Stefan,University,Stefan,male,98,50890
Xiang,,Xiang,male,77,750
Atsuo,Stockholm,Atsuo,male,100,40
Zheng,,Zheng,male,76,882
Martin,,Martin,male,98,139211
Tom,Singapore,Tom,male,98,178
Jeremy,,Jeremy,male,99,45294
Philip,Nottingham,Philip,male,99,21773
Katsuhiko,,Katsuhiko,male,100,104
Gregory,Kyoto,Gregory,male,99,21213
Li-Biao,,Li-Biao,female,52,4246
Jie,USA,Jie,male,55,176
Nicolas,Tianjin,Nicolas,male,99,79977
Klaus,,Klaus,male,98,13207
Seth,,Seth,male,99,7627
Andrew,,Andrew,male,99,82448
Karl,,Karl,male,98,18575
Makoto,(Japan),Makoto,male,95,1208
Ruibo,,Ruibo,male,80,5
Andrew,Singapore,Andrew,male,100,502
Gisbert,Singapore,Gisbert,male,98,96
Kálmán,Singapore,Kálmán,male,98,686
Andrew,Singapore,Andrew,male,100,502
Olga,USA,Olga,female,98,1278
Thomas,Xi'an,Thomas,male,99,129177
Marie,USA,Marie,female,99,4870
Christopher,,Christopher,male,99,55041
Hongmin,Pohang,Hongmin,male,88,24
Keiji,,Keiji,male,99,237
Tomislav,Ithaca,Tomislav,male,100,1829
Shih-Yuan,Beijing,Shih-Yuan,male,100,4
Qi-Lin,,Qi-Lin,female,56,7013
Qian,Edmonton,Qian,female,65,678
Debabrata,USA,Debabrata,male,100,8
Matthias,,Matthias,male,100,17148
Pavel,,Pavel,male,98,48181
Yasuyuki,,Yasuyuki,male,100,164
Hisashi,Meguro-ku,Hisashi,male,99,188
Hagan,Seoul,Hagan,male,84,55
Naohiko,USA,Naohiko,male,100,20
Yongzhong,,Yongzhong,male,100,4
Robert,,Robert,male,99,145540
Christophe,Shanghai,Christophe,male,98,60690
Xiaodong,,Xiaodong,male,92,157
Biao,,Biao,male,95,81
Jeff,Changchun,Jeff,male,99,46165
Ludovic,Sendai,Ludovic,male,98,20045
Nam,USA,Nam,male,90,205
Sebastian,,Sebastian,male,99,47850
Roald,Edinburgh,Roald,male,100,214
Mei-Xiang,,Mei-Xiang,female,73,3092
Douglas,,Douglas,male,99,18529
Robert,,Robert,male,99,145540
Gregory,USA,Gregory,male,100,6184
Xiqun,,Xiqun,female,67,3
Thomas,,Thomas,male,99,129177
Can,ROC.).,Can,male,95,36655
Jonathan,,Jonathan,male,99,84386
Eunkyoung,,Eunkyoung,female,100,29
Vladimir,USA,Vladimir,male,100,690
Hans-Günther,Toronto,Hans-Günther,male,100,11
Harald,,Harald,male,99,4998
Shu-Li,,Shu-Li,female,50,5147
Mark,,Mark,male,100,48064
Vladimir,Hefei,Vladimir,male,99,21639
Yue,Victoria,Yue,female,58,1014
Masahiro,Bangalore,Masahiro,male,100,783
Richard,,Richard,male,99,97659
Jason,Shanghai,Jason,male,99,76567
Dušan,,Dušan,male,98,3879
Roland,USA,Roland,male,100,1123
Klaus-Richard,USA,Klaus,male,100,135
Frank,Kyoto,Frank,male,99,66241
Weiping,USA,Weiping,male,75,8
Georges,,Georges,male,98,13431
Helma,,Helma,female,98,443
Wenwei,Aichi,Wenwei,male,74,35
Karl,Tokyo,Karl,male,98,18575
Hiroshi,Fuzhou,Hiroshi,male,99,1730
Stephen,,Stephen,male,99,46085
Douglas,,Douglas,male,99,18529
Lifeng,,Lifeng,male,80,56
Ken,,Ken,male,98,28348
Govindasamy,Shanghai,Govindasamy,male,95,44
Yao,USA,Yao,male,65,88
Douglas,,Douglas,male,99,18529
C,,,,,
Chang-Lin,"United Kingdom",Lin,female,87,348
Lei,USA,Lei,male,57,231
Mark,Shanghai,Mark,male,100,48064
F,Singapore,,,,
Joel,Tokyo,Joel,male,99,40697
Michael,Anhui,Michael,male,99,211741
Kiyosei,Nagoya,Kiyosei,male,75,4
Ramesh,Suwon,Ramesh,male,99,13662
Kilian,,Kilian,male,98,1438
Karl,,Karl,male,98,18575
Shigeyuki,USA,Shigeyuki,male,75,4
Makoto,Taiyuan,Makoto,male,95,1208
Xinchen,,Xinchen,male,56,9
Peter,Dresden,Peter,male,99,146529
Benjamin,Geneva,Benjamin,male,99,50718
Renato,USA,Renato,male,100,300
Gilles,Xiamen,Gilles,male,99,18113
Yiyun,,Yiyun,female,81,31
Eric,,Eric,male,99,121922
Shū,,,,,
Sijbren,,Sijbren,male,100,4
Saif,Cambridge,Saif,male,99,7698
Justin,,Justin,male,98,43826
Mingwei,,Mingwei,male,73,41
Xianmao,USA,,,,
Kazunari,Glasgow,Kazunari,male,100,93
Shu-Hong,,Shu-Hong,female,50,4835
Shuichi,,Shuichi,male,99,160
Yong,Saitama,Yong,male,87,2262
Rein,USA,Rein,male,69,16
Henning,,Henning,male,97,1892
Dietmar,,Dietmar,male,99,1635
Michael,Kyoto,Michael,male,99,211741
Si-Dian,,Si-Dian,female,55,8488
Mary,Beijing,Mary,female,98,76726
Yixin,,Yixin,male,52,73
Eric,Gunma,Eric,male,99,121922
David,USA,David,male,100,65535
Long-Wu,Fujian,Long-Wu,male,89,5601
Xin-Yuan,Shanghai,Xin-Yuan,male,58,3322
Jürgen,Kyoto,Jürgen,male,99,9431
Simon,Osaka,Simon,male,98,57458
Uri,,Uri,male,93,1154
Steven,Qingdao,Steven,male,99,59951
Sung-Yoon,Shenzhen,Sung-Yoon,male,100,3
Dirk,Kitakyushu,Dirk,male,99,14847
Barbara,Tokyo,Barbara,female,98,58381
Yulia,,Yulia,female,98,4784
Leroy,,Leroy,male,98,8423
François,,François,male,99,16142
Holger,University,Holger,male,99,4992
Hiroko,,Hiroko,female,99,367
Rafael,,Rafael,male,99,52197
Yann,Shanghai,Yann,male,98,17007
Stéphane,,Stéphane,male,98,16675
Kazuyoshi,USA,Kazuyoshi,male,75,4
Stéphane,Norwich,Stéphane,male,98,16675
Youcai,,Youcai,male,100,4
Sergei,,Sergei,male,99,4212
Soichiro,Fukuoka,Soichiro,male,100,85
Ye,,Ye,male,75,1057
Xueyuan,,Xueyuan,male,57,7
Jianlin,USA,Jianlin,male,88,16
Hiroaki,,Hiroaki,male,100,552
Hironobu,,Hironobu,male,100,77
Andrew,Shandong,Andrew,male,99,82448
Zonghua,,Zonghua,unknown,50,2
Zhouguang,,Zhouguang,male,75,4
Katsutoshi,USA,Katsutoshi,male,75,4
Makoto,USA,Makoto,male,85,41
Matthew,,Matthew,male,100,51412
Robin,,Robin,male,75,32295
Manzhou,Nagoya,Manzhou,male,75,4
Hans-Joachim,Pohang,Hans-Joachim,male,100,380
C,Warsaw,,,,
Jye-Shane,,Jye-Shane,male,93,15654
Jianbo,Tianjin,Jianbo,male,100,38
Moshe,Granada,Moshe,male,100,3555
Pingyun,USA,,,,
Andrew,,Andrew,male,99,82448
Yoshiaki,,Yoshiaki,male,99,304
Christian,Tianjin,Christian,male,100,48300
Nobuo,,Nobuo,male,100,87
Antonio,,Antonio,male,99,180825
Joachim,USA,Joachim,male,100,83
Scott,Beijing,Scott,male,100,48262
Nathan,Seoul,Nathan,male,99,29365
Gerhard,SP,Gerhard,male,99,4931
Xutang,USA,Xutang,male,75,4
Antje,,Antje,female,98,2054
Paul,Shanghai,Paul,male,99,140849
Abhaya,USA,Abhaya,female,75,4
Euan,Beijing,Euan,male,99,469
Lutz,USA,Lutz,male,90,10
Erick,Melbourne,Erick,male,99,15004
Shigehiro,,Shigehiro,male,100,22
Hyung,,Hyung,male,93,145
Slawomir,Singapore,Slawomir,male,99,988
Stefan,,Stefan,male,98,50890
Shu-Li,,Shu-Li,female,50,5147
Isik,,Isik,male,64,128
Tao,,Tao,male,87,1999
Roderich,USA,Roderich,male,67,3
M,York,,,,
Zhen,,Zhen,male,64,631
Govindasamy,"Hong Kong",Govindasamy,male,95,44
Sabine,USA,Sabine,female,99,174
Piotr,Rehovot,Piotr,male,99,45729
Junhua,Baltimore,Junhua,male,78,23
Heon,,Heon,male,100,37
Márcio,Nagoya,Márcio,male,99,2451
Kent,,Kent,male,98,5723
Anker,Cambridge,Anker,male,98,40
Qilong,Jülich,Qilong,male,93,15
Xiao,Tianjin,Xiao,male,53,1772
Hai-Chen,Dalian,Hai-Chen,male,71,9068
Ive,Bengaluru,Ive,male,52,394
Christoph,,Christoph,male,99,9324
Iñigo,,Iñigo,male,99,1763
Robert,,Robert,male,99,145540
Qichun,,Qichun,male,100,4
Alexander,,Alexander,male,99,56237
Kenichiro,Tallinn,Kenichiro,male,100,113
Christof,,Christof,male,99,1226
Jeroen,,Jeroen,male,99,7417
Hanbin,Fukuoka,Hanbin,male,95,39
William,,William,male,99,67797
Itamar,,Itamar,male,95,804
Zuowei,,Zuowei,male,100,3
Wei,Singapore,Wei,male,80,153
Rafal,Jeddah,Rafal,male,99,6077
Sarah,"Saudi Arabia",Sarah,female,96,838
Hanmin,,Hanmin,male,94,31
Tohru,USA,Tohru,male,83,6
Hon,,Hon,male,85,486
Jonathan,Groningen,Jonathan,male,99,84386
Dirk,,Dirk,male,99,14847
Wei,USA,Wei,male,75,391
Xingwei,,Xingwei,male,71,7
Jayant,,Jayant,male,100,1714
Stefan,,Stefan,male,98,50890
Peer,Kyoto,Peer,male,100,83
Herbert,Tianjin,Herbert,male,99,9602
Jae-Hyung,Baleares,Jae-Hyung,male,100,9
Jérôme,USA,Jérôme,male,100,40
Merle,,Merle,female,76,829
Thomas,Rehovot,Thomas,male,99,129177
Herbert,USA,Herbert,male,100,4471
Hiroyuki,Shanghai,Hiroyuki,male,100,1050
Frederik,,Frederik,male,98,2443
Yi,Pohang,Yi,male,61,1397
Werner,Jilin,Werner,male,99,7865
Jagadese,Shanghai,,,,
Omar,,Omar,male,98,63048
A,,,,,
Alexander,Yamagata,Alexander,male,99,56237
Kendall,Xiamen,Kendall,female,55,2082
Jorge,Kyoto,Jorge,male,99,88545
Ben,Chinese,Ben,male,97,73526
Tatjana,TAS,Tatjana,female,98,4967
Dehua,Stockholm,Dehua,male,77,13
Franca,,Franca,female,97,3227
Kari,Québec,Kari,female,68,6088
Harry,Sendai,Harry,male,98,24473
Masahiro,,Masahiro,male,100,783
Jian,,Jian,male,89,1215
Antonio,USA,Antonio,male,99,4554
Guihua,,Guihua,female,89,19
Carsten,,Carsten,male,99,5153
Ron,USA,Ron,male,100,9465
David,Tsukuba,David,male,99,381770
Wei-Hong,Beijing,Wei-Hong,male,80,5
T,USA,,,,
Sung,Taipei,Sung,male,87,992
Xiaogang,,Xiaogang,male,100,46
Chunhai,USA,Chunhai,male,67,6
Frederik,,Frederik,male,98,2443
Shiro,,Shiro,male,64,507
Hiroshi,Dalian,Hiroshi,male,99,1730
Bin,Geneva,Bin,male,89,2162
Xiong,USA,Xiong,male,100,4
Atsuhiro,,Atsuhiro,male,100,20
Yu,USA,Yu,male,64,274
Michael,Beijing,Michael,male,99,211741
Junliang,USA,Junliang,male,75,4
William,,William,male,99,67797
Chris,Guangzhou,Chris,male,93,163699
Masahiro,,Masahiro,male,100,783
Alison,Liverpool,Alison,female,93,14178
Oliver,,Oliver,male,98,22853
Yadong,,Yadong,male,88,26
Holger,USA,Holger,male,100,54
Bernhard,Tianjin,Bernhard,male,98,4878
Seth,USA,Seth,male,100,5151
Hideo,,Hideo,male,100,254
Yong,Tianjin,Yong,male,87,2262
Pavel,USA,Pavel,male,100,322
Ru-Shi,,Ru-Shi,male,59,1451
Frank,Canberra,Frank,male,99,66241
James,Xiamen,James,male,99,131879
Jarl,,Jarl,male,97,177
Bernd,Chengdu,Bernd,male,99,7628
Xiao-Bing,,Xiao-Bing,male,57,2829
Stefan,,Stefan,male,98,50890
Fred,,Fred,male,96,49830
Kylie,Thuwal,Kylie,female,97,2935
David,,David,male,99,381770
Suojiang,USA,,,,
Emily,,Emily,female,98,36641
Luciano,USA,Luciano,male,100,4359
Zhenguo,,Zhenguo,male,100,11
To,USA,To,male,63,19
Rasmita,,Rasmita,female,99,81
Gerhard,USA,Gerhard,male,100,59
Peter,,Peter,male,99,146529
A,Tokyo,,,,
Xi-Wen,,Xi-Wen,female,55,2468
Robert,,Robert,male,99,145540
Guojun,Germany,Guojun,male,100,19
Hongbing,,Hongbing,male,71,14
Chan,USA,Chan,male,66,221
Christof,USA,Christof,male,100,25
Rob,,Rob,male,99,37066
Haiping,,Haiping,male,65,26
Bernhard,Russia,Bernhard,male,98,4878
Jingsong,,Jingsong,male,88,8
Richard,Kawaguchi,Richard,male,99,97659
Rik,,Rik,male,98,3136
Volker,Okazaki,Volker,male,99,3081
Niveen,,Niveen,female,95,88
Feng,USA,Feng,male,84,104
Leslie,,Leslie,female,81,14894
Markus,Shanghai,Markus,male,99,30782
Robert,,Robert,male,99,145540
Ferdi,,Ferdi,male,97,9874
Cláudio,Nagoya,Cláudio,male,99,1613
Hubert,,Hubert,male,98,8761
George,Beijing,George,male,99,63411
Martin,USA,Martin,male,100,5868
Kyoko,Tokyo,Kyoko,female,95,382
David,,David,male,99,381770
Lia,USA,Lia,female,100,2811
Marc,Daejeon,Marc,male,99,77461
Pier,USA,Pier,male,68,28
Karl,,Karl,male,98,18575
Thomas,USA,Thomas,male,100,20215
Stephen,,Stephen,male,99,46085
Olaf,,Olaf,male,98,4079
Ilia,USA,Ilia,male,67,67
Franziska,Beijing,Franziska,female,98,3237
Tada-Aki,,Tada-Aki,male,72,2651
Andrew,USA,Andrew,male,100,34858
Donglin,Tokyo,Donglin,male,88,16
Herbert,Pittsburgh,Herbert,male,99,9602
Ross,Daejeon,Ross,male,91,10276
Claudio,Dalian,Claudio,male,99,46478
Ang,,Ang,female,53,1491
Junliang,Hangzhou,Junliang,male,100,12
Shankar,USA,Shankar,male,100,116
Shigehiro,,Shigehiro,male,100,22
Christophe,USA,Christophe,male,100,249
Wei,,Wei,male,73,4003
Yiying,"Hong Kong",Yiying,female,88,40
Makoto,,Makoto,male,95,1208
Troels,,Troels,male,100,224
Eugene,,Eugene,male,97,9688
Sukbok,,,,,
Ross,USA,Ross,male,98,3102
Pascal,,Pascal,male,98,53481
Joseph,USA,Joseph,male,100,21534
Ira,,Ira,female,62,6422
Andreas,,Andreas,male,99,44818
Yujie,University,Yujie,female,63,96
Wenping,Shanghai,Wenping,unknown,50,22
Suhrit,,Suhrit,male,100,14
Nicholas,USA,Nicholas,male,100,10460
Toshikazu,,Toshikazu,male,100,73
Joseph,,Joseph,male,99,63161
Yoon,Singapore,Yoon,male,60,10
Shuo,USA,Shuo,male,86,43
Pedro,,Pedro,male,99,109853
Hanfeng,,Hanfeng,male,100,12
R,USA,,,,
Manfred,Shanghai,Manfred,male,99,7550
Wei,Tokyo,Wei,male,73,4003
David,Beijing,David,male,99,381770
Jikang,USA,Jikang,male,75,4
Euan,València,Euan,male,99,469
Alexander,,Alexander,male,99,56237
Andreas,,Andreas,male,99,44818
Petra,Lanzhou,Petra,female,98,52588
David,USA,David,male,100,65535
Erik,,Erik,male,96,31753
Daesung,USA,Daesung,male,87,47
Nikolas,USA,Nikolas,male,100,5182
Haibo,,Haibo,male,95,87
Guy,Singapore,Guy,male,100,25
Wei,,Wei,male,73,4003
Christian,Osaka,Christian,male,100,48300
Bryan,,Bryan,male,99,27027
Ellen,USA,Ellen,female,99,3657
Jeroen,USA,Jeroen,male,100,32
Wee,Crete,Wee,male,74,826
Jin-Quan,Kyoto,Jin-Quan,male,77,6369
Donghan,Bath,Donghan,male,97,30
Jonathan,,Jonathan,male,99,84386
Tom,,Tom,male,99,87429
Biao,,Biao,male,95,81
Shū,,,,,
Bao-Hang,Brighton,Bao-Hang,female,58,3710
Vincent,Beijing,Vincent,male,99,58501
Emilio,Kyoto,Emilio,male,99,21164
Anthony,USA,Anthony,male,100,21929
Carsten,,Carsten,male,99,5153
Jin-Heng,Yokohama,Jin-Heng,male,73,5481
Eric,,Eric,male,99,121922
Kevin,USA,Kevin,male,100,35080
Daniel,,Daniel,male,99,257742
Timothy,,Timothy,male,99,15778
Ulf,,Ulf,male,99,2152
Jianrong,Guangzhou,Jianrong,male,82,11
Alois,,Alois,male,95,1863
Shunichi,,Shunichi,male,100,74
Zeger,,Zeger,male,93,29
Scott,Guangdong,Scott,male,100,48262
Christopher,Shanghai,Christopher,male,99,55041
Georgios,Tianjin,Georgios,male,99,1597
Takeo,,Takeo,male,98,187
Ruth,Shanghai,Ruth,female,98,20411
Roland,Beijing,Roland,male,99,22308
Ulrich,USA,Ulrich,male,98,62
Lutz,,Lutz,male,98,1744
Armin,USA,Armin,male,96,123
John,València,John,male,99,219085
Guangsheng,Fuzhou,Guangsheng,male,100,5
Atsuhiro,USA,Atsuhiro,male,100,20
Michael,,Michael,male,99,211741
Darren,Shanghai,Darren,male,99,16621
Daniel,Galway,Daniel,male,99,257742
Kim,,Kim,female,68,48002
Evgeny,,Evgeny,male,99,2647
Dirk,Trieste,Dirk,male,99,14847
Sven,USA,Sven,male,99,212
Aiwen,Jiangsu,Aiwen,male,67,24
Jiarui,,Jiarui,male,85,79
Tina,Ningbo,Tina,female,98,39798
Evgueni,Sapporo,Evgueni,male,100,52
Yi-Tsu,Quebec,Yi-Tsu,male,63,1504
Dan,Singapore,Dan,male,93,202
Dibyendu,USA,Dibyendu,male,100,14
Kuiling,USA,,,,
Qi-Lin,Shanghai,Qi-Lin,female,56,7013
Frank,,Frank,male,99,66241
Wei-Liang,,Wei-Liang,male,100,8
Yanxing,Tokyo,Yanxing,male,75,4
T,Suita,,,,
Antonio,Harbin,Antonio,male,99,180825
Min,USA,Min,male,56,258
José,Xiamen,José,male,98,35243
Xinchen,USA,Xinchen,male,56,9
Marcus,Kyoto,Marcus,male,99,25073
John,Tokyo,John,male,99,219085
Zhen,,Zhen,male,64,631
Peter,USA,Peter,male,100,15502
Uwe,,Uwe,male,99,8221
Haoshen,USA,,,,
Johannes,USA,Johannes,male,99,135
Marcos,,Marcos,male,99,43582
Wen,Fujian,Wen,female,56,1985
Nikolai,Suzhou,Nikolai,male,100,4736
Hengwei,,,,,
Hideaki,USA,Hideaki,male,100,8
Huiming,,Huiming,female,57,21
Qichun,Yunnan,Qichun,male,100,4
Jean'ne,Beijing,Jeanne,female,97,8933
Andrew,,Andrew,male,99,82448
Angang,Lanzhou,Angang,female,56,9
Thomas,USA,Thomas,male,100,20215
Jerome,,Jerome,male,99,35619
Masakatsu,Ankara,Masakatsu,male,97,32
Takashi,,Takashi,male,99,1807
Honggang,,Honggang,male,100,6
Marcus,,Marcus,male,99,25073
Haiping,USA,Haiping,unknown,50,2
Scott,,Scott,male,100,48262
Atsuhiro,,Atsuhiro,male,100,20
Hideyuki,USA,Hideyuki,male,100,6
A,Stockholm,,,,
Jean'ne,,Jeanne,female,97,8933
Suri,,Suri,male,52,814
Alon,,Alon,male,96,825
Sunil,USA,Sunil,male,99,449
Peng,Jinan,Peng,male,84,1353
Yandong,,Yandong,male,100,13
Yao,,Yao,male,74,1982
Michael,USA,Michael,male,100,65535
Nadrian,"United Kingdom",,,,
Dominic,Nara,Dominic,male,98,9763
Xiao,,Xiao,male,53,1772
Jincai,Nanjing,Jincai,male,80,10
Xi-Sheng,,Xi-Sheng,male,64,1129
Hanmin,USA,Hanmin,male,75,4
Martin,,Martin,male,98,139211
Lennart,Tokyo,Lennart,male,99,1769
Engin,Mumbai,Engin,male,97,20094
Stéphane,,Stéphane,male,98,16675
Achim,,Achim,male,99,2035
Reinhold,USA,Reinhold,male,100,13
Kim,Valencia,Kim,female,68,48002
Jeroen,,Jeroen,male,99,7417
Walter,,Walter,male,97,26732
Anastassia,Tianjin,Anastassia,female,98,260
Jan-E,USA,Jan,female,77,3645
Lisa,USA,Lisa,female,99,25941
Yi,,Yi,male,61,1397
Damien,USA,Damien,male,99,1107
Chengde,USA,Chengde,male,100,5
Lei,,Lei,male,59,2374
Quan-Ming,,Quan-Ming,male,83,4322
Lyndon,,Lyndon,male,98,673
Yong,"Hong Kong",Yong,male,82,11
Edward,,Edward,male,99,24073
Takuya,Hangzhou,Takuya,male,99,1101
Marcel,,Marcel,male,99,41885
Guy,USA,Guy,male,99,1664
Robert,Beijing,Robert,male,99,145540
Meera,,Meera,female,91,1256
Jaephil,Seattle,Jaephil,male,75,4
Tatsuya,Singapore,Tatsuya,male,75,4
Vivek,,Vivek,male,100,17801
Didier,,Didier,male,98,29191
Zhen,Göttingen,Zhen,male,64,631
Tobias,Beer-Sheva,Tobias,male,100,17675
Avelino,,Avelino,male,97,1077
Martin,Manchester,Martin,male,98,139211
Suning,Glasgow,Suning,female,57,14
Xian-He,"United Kingdom",He,male,83,30
Aaron,,Aaron,male,99,36714
Yury,Ibaraki,Yury,male,84,1687
Martin,,Martin,male,98,139211
Dehua,,Dehua,male,77,13
Kim,USA,Kim,female,94,14095
Christopher,,Christopher,male,99,55041
Magnus,,Magnus,male,99,5496
Richard,Tianjin,Richard,male,99,97659
Jianwei,,Jianwei,male,97,65
Sander,Tianjin,Sander,male,98,4407
Yushan,Sendai,Yushan,female,57,60
Zhiqiang,Osaka,Zhiqiang,male,100,105
Bing,Beijing,Bing,male,63,1057
Yu-Guo,Geneva,Yu-Guo,male,63,3987
Philippe,,Philippe,male,99,57297
D,Cambridge,,,,
Hua,,Hua,male,52,891
Frank,La,Frank,male,100,3
Rüdiger,,Rüdiger,male,100,1153
Silvio,"Hong Kong",Silvio,male,75,4
N,,,,,
Matthias,Bangalore,Matthias,male,100,17148
Michael,,Michael,male,99,211741
Louis,Xiangtan,Louis,male,97,22473
Helen,,Helen,female,98,23138
Matthias,,Matthias,male,100,17148
Heinz,Peking,Heinz,male,98,3977
Eugenia,Singapore,Eugenia,female,85,13
Donald,,Donald,male,99,12793
Carole,,Carole,female,98,19118
Frank,USA,Frank,male,100,11178
Andreas,USA,Andreas,male,100,2789
Bin,Osaka,Bin,male,89,2162
Klaus,,Klaus,male,98,13207
Pingping,USA,Pingping,female,83,6
Shin-ichi,USA,Shin,male,66,82
Shu,,Shu,male,60,982
Lei,Anhui,Lei,male,59,2374
Nicolas,Tokyo,Nicolas,male,99,79977
Martin,USA,Martin,male,100,5868
Oren,,Oren,male,96,678
Gideon,,Gideon,male,100,8529
Víctor,USA,Víctor,male,100,55
Lukas,Bonn,Lukas,male,99,22120
Feng,ON,Feng,male,81,1386
Lars,Cambridge,Lars,male,99,13478
Kanishka,,Kanishka,male,72,504
Richard,Beijing,Richard,male,99,97659
Chao-Jun,Yokohama,Chao-Jun,male,88,7964
Hans-Wilhelm,Wuhan,Hans-Wilhelm,male,100,9
Hansjörg,,Hansjörg,male,100,144
Peng,USA,Peng,male,91,133
Hua,Grenoble,Hua,male,52,891
Jerome,(USA),Jerome,male,99,35619
Raffaele,,Raffaele,male,99,16081
Erik,Nagoya,Erik,male,96,31753
G,,,,,
Toshikazu,,Toshikazu,male,100,73
Zhang-Jie,Tsukuba,Zhang-Jie,male,61,4169
Chris,USA,Chris,male,96,56027
Michael,USA,Michael,male,100,65535
Stephen,Singapore,Stephen,male,100,158
Xiong,,Xiong,male,79,207
Mitsuhiko,Princeton,Mitsuhiko,male,100,19
Xiangfeng,,Xiangfeng,male,93,15
Jianliang,,Jianliang,male,92,13
Douglas,,Douglas,male,99,18529
Yoni,NSW,Yoni,male,93,2078
Günter,Tokyo,Günter,male,99,2441
Eric,BC,Eric,male,99,121922
Peter,,Peter,male,99,146529
Angela,Singapore,Angela,female,97,182
Conggang,Beijing,,,,
Kimihisa,Queensland,Kimihisa,male,75,4
Zhihong,USA,Zhihong,male,80,10
Sandro,Oxford,Sandro,male,98,18578
Ryan,,Ryan,male,99,64450
Federico,USA,Federico,male,100,459
Musahid,USA,Musahid,male,75,4
Sunghyouk,Kyoto,,,,
Shigehiro,USA,Shigehiro,male,75,4
Matthias,Zhengzhou,Matthias,male,100,17148
Tim-Patrick,,Tim-Patrick,male,99,170844
Yusuke,,Yusuke,male,99,1232
Johannes,,Johannes,male,99,7870
Lawrence,,Lawrence,male,98,9892
Jianrong,Seoul,Jianrong,male,82,11
Lutz,Shanghai,Lutz,male,98,1744
John,Stockholm,John,male,99,219085
Shin-Ichi,Changchun,Shin-Ichi,male,100,23
Bo,Ontario,Bo,male,85,5389
Herbert,Beijing,Herbert,male,99,9602
Pall,,Pall,male,83,111
Masakatsu,Manchester,Masakatsu,male,97,32
Jieping,USA,Jieping,male,75,4
Armido,Kagawa,Armido,male,100,20
Yonggui,Beijing,Yonggui,unknown,50,2
Buxing,Beijing,,,,
Paul,Changchun,Paul,male,99,140849
Simon,,Simon,male,98,57458
Darren,USA,Darren,male,100,3167
Olga,Sichuan,Olga,female,98,42388
Mohammad,Chongqing,Mohammad,male,99,47588
Patrick,,Patrick,male,99,118290
Yoshiki,Suzhou,Yoshiki,male,98,293
Rigoberto,,Rigoberto,male,100,3815
Yangjie,Fukuoka,Yangjie,male,65,17
Weihong,,Weihong,male,70,40
Matthias,"Hong Kong",Matthias,male,75,4
Thorsten,,Thorsten,male,99,5261
Karsten,,Karsten,male,99,3416
Eunkyoung,,Eunkyoung,female,100,29
Huisheng,USA,Huisheng,male,75,4
Hans,Seoul,Hans,male,97,28935
Helmut,,Helmut,male,98,4881
Deju,,Deju,male,89,18
Rui,USA,Rui,male,81,256
Paolo,Beijing,Paolo,male,99,60571
Nicholas,,Nicholas,male,100,21206
Anders,,Anders,male,99,9660
Vasudevanpillai,USA,,,,
Yihua,Tianjin,Yihua,female,62,65
Li-Wen,,Li-Wen,female,80,5
Dongmei,,Dongmei,female,100,51
Lechosław,,Lechosław,male,100,19
Masoud,,Masoud,male,99,4525
Zhongwei,Sendai,Zhongwei,male,100,20
Weiyue,,Weiyue,male,71,7
Jun,Norwich,Jun,male,88,6829
Tao,,Tao,male,87,1999
Simon,USA,Simon,male,99,2413
Shigeki,USA,Shigeki,male,100,3
Krzysztof,Husinec-řež,Krzysztof,male,100,28969
Tai-Chu,,Tai-Chu,male,68,3316
Darren,Shanghai,Darren,male,99,16621
Didier,,Didier,male,98,29191
Peter,"United Kingdom",Peter,male,99,17618
M,USA,,,,
Chang,Kobe,Chang,male,72,2129
Vladimir,,Vladimir,male,99,21639
Bo,Auf,Bo,male,85,5389
Francis,,Francis,male,94,31198
Xuping,Jilin,Xuping,male,60,5
Jerome,,Jerome,male,99,35619
Jörg,Kanagawa,Jörg,male,99,6663
Yury,Tianjin,Yury,male,84,1687
Pingping,Osaka,Pingping,female,69,131
Hua,,Hua,male,52,891
Olivier,"United Kingdom",Olivier,male,97,216
Lina,Sapporo,Lina,female,97,30717
Ian,,Ian,male,99,34076
Nagao,,Nagao,male,94,17
F,,,,,
Sarah,Yokohama,Sarah,female,98,127402
Klaus-Richard,Shanghai,Klaus-Richard,male,99,110866
Zhiqun,,Zhiqun,male,100,5
John,Tokyo-to,John,male,99,219085
Aleš,Cambridge,Aleš,male,99,6101
Oliver,,Oliver,male,98,22853
Qing-Yun,,Qing-Yun,female,52,2255
Herbert,SA,Herbert,male,100,6
Thomas,,Thomas,male,99,129177
Howard,Tianjin,Howard,male,99,4996
Masamichi,,Masamichi,male,100,51
Matthew,,Matthew,male,100,51412
Boris,USA,Boris,male,100,559
Mario,Seoul,Mario,male,99,112267
Xiaogang,,Xiaogang,male,100,46
Armin,Taiwan,Armin,male,100,5
Yuichi,,Yuichi,male,99,451
Jing,Hefei,Jing,female,75,2534
Harald,,Harald,male,99,4998
Lutz,Seoul,Lutz,male,98,1744
Magdalena,Singapore,Magdalena,female,75,4
Takanori,,Takanori,male,99,257
Ryan,,Ryan,male,99,64450
Xingyu,,Xingyu,male,84,37
Alexis,,Alexis,male,77,31202
Shinsuke,,Shinsuke,male,100,155
Wei,Victoria,Wei,male,73,4003
Dmitri,,Dmitri,male,99,1269
Masanobu,,Masanobu,male,100,83
David,Tianjin,David,male,99,381770
Cornelia,USA,Cornelia,female,80,135
Frank,Guangzhou,Frank,male,99,66241
Dayang,Beijing,Dayang,female,93,182
John,,John,male,99,219085
Zhimou,Zhejiang,,,,
Koen,,Koen,male,100,6135
Martin,,Martin,male,98,139211
Christian,Dublin,Christian,male,100,48300
Juyoung,,Juyoung,female,51,113
Josef,Shanghai,Josef,male,98,26385
Rai-Shung,,Rai-Shung,male,78,1557
Thorsten,USA,Thorsten,male,98,61
Xiong,Beijing,Xiong,male,79,207
Denis,,Denis,male,97,42503
Seung,Bristol,Seung,male,93,447
Peng,Nagoya,Peng,male,84,1353
Jiangyun,,Jiangyun,male,75,4
Xin-Yuan,,Xin-Yuan,male,58,3322
David,(Japan),David,male,99,381770
Can,,Can,male,95,36655
William,Haifa,William,male,99,67797
Tong,,Tong,male,77,2147
Gang,Milano,,,,
Paul,USA,Paul,male,100,28746
Qing-Hua,,Qing-Hua,female,52,1619
Rendy,Tokyo,Rendy,male,95,1534
Ben,USA,Ben,male,100,17026
Zhenfeng,,Zhenfeng,male,100,11
Philippe,,Philippe,male,99,57297
Zhan,,Zhan,male,76,224
Matthias,USA,Matthias,male,100,3407
Kenichiro,,Kenichiro,male,100,113
Thorfinnur,,Thorfinnur,female,75,4
Feng,,Feng,male,81,1386
Xuefeng,,Xuefeng,male,93,71
Carol,Xiamen,Carol,female,97,29790
Jun,,Jun,male,88,6829
Jianbo,,Jianbo,male,100,38
Alfredo,Beijing,Alfredo,male,99,21417
Anthony,,Anthony,male,99,85303
Yukiko,USA,Yukiko,female,98,41
Wolfram,USA,Wolfram,male,100,8
Philip,USA,Philip,male,100,5264
Keiji,Tianjin,Keiji,male,99,237
Wim,Beijing,Wim,male,99,5782
Ilan,Tianjin,Ilan,male,97,1086
Moritz,Ulsan,Moritz,male,99,1782
Piero,,Piero,male,99,12229
Zhiqun,,Zhiqun,male,100,5
Patrick,,Patrick,male,99,118290
Tomohisa,,Tomohisa,male,97,61
Zachary,Beijing,Zachary,male,100,7365
Sven,USA,Sven,male,99,212
Christophe,,Christophe,male,98,60690
Uli,,Uli,male,74,1537
Babak,Berlin,Babak,male,99,3371
Christoph,,Christoph,male,99,9324
Sheng,,Sheng,male,74,646
José,,José,male,98,35243
Harry,Changchun,Harry,male,98,24473
Ye,USA,Ye,male,58,95
Marc,,Marc,male,99,77461
Kari,,Kari,female,68,6088
Lei,,Lei,male,59,2374
Mark,,Mark,male,100,48064
Jared,,Jared,male,99,9279
Mircea,,Mircea,male,98,2257
Adam,Bremen,Adam,male,99,101742
Jun,,Jun,male,88,6829
Ming-Tian,USA,Ming,male,73,237
Qing-Hua,,Qing-Hua,female,52,1619
Changduk,,Changduk,male,75,4
Bruce,ENG,Bruce,male,99,14681
Manfred,,Manfred,male,99,7550
Matthias,USA,Matthias,male,100,3407
Bernd,USA,Bernd,male,100,54
Li-Jun,,Li-Jun,male,73,10994
Dunwei,USA,,,,
Roland,,Roland,male,99,22308
Jan-E,,Jan-E,male,92,104026
Christian,Beijing,Christian,male,100,48300
Peter,,Peter,male,99,146529
Ferdi,Xiamen,Ferdi,male,97,9874
Mark,,Mark,male,100,48064
Lixiang,,Lixiang,male,56,25
Nicholas,USA,Nicholas,male,100,10460
Junhua,Anhui,Junhua,male,78,23
Juan,USA,Juan,male,99,7532
Wolfgang,,Wolfgang,male,99,10782
Daniel,Gyeonggi-do,Daniel,male,99,257742
Avelino,,Avelino,male,97,1077
Kristian,,Kristian,male,98,9945
Jan,Wuhan,Jan,male,92,104026
Edwin,,Edwin,male,99,18517
Forrest,,Forrest,male,100,7144
Sam,Beijing,Sam,male,85,93540
Lutz,,Lutz,male,98,1744
Soo,Beer-Sheva,Soo,male,51,1087
Leticia,,Leticia,female,98,13483
John,Garching,John,male,99,219085
Donghai,,Donghai,male,100,27
Bernd,Tokyo,Bernd,male,99,7628
Henry,,Henry,male,99,32139
Sijbren,USA,Sijbren,male,75,4
Holger,Nanjing,Holger,male,99,4992
Rory,,Rory,male,94,7222
Wolfram,Tokyo,Wolfram,male,99,338
Haiping,Twin,Haiping,male,65,26
Lars,,Lars,male,99,13478
Harald,USA,Harald,male,100,52
Virgil,USA,Virgil,male,100,2101
Mei,Hefei,Mei,female,89,2342
K,,,,,
Markus,Leeds,Markus,male,99,30782
Youngmi,,Youngmi,female,89,47
Christian,,Christian,male,100,48300
Richard,Shanghai,Richard,male,99,97659
Zhong-Xing,,Zhong-Xing,male,71,859
Roland,Wales,Roland,male,99,22308
Frederic,Álava,Frederic,male,98,26835
Hesun,USA,Hesun,male,75,4
Edgar,USA,Edgar,male,99,2301
Doron,Shanghai,Doron,male,97,429
Jonathan,Georg-August-Universität,Jonathan,male,99,84386
Bernd,,Bernd,male,99,7628
Lisi,,Lisi,female,84,490
Juan,Fife,Juan,male,98,106011
Kazuhiko,,Kazuhiko,male,99,192
Linda,USA,Linda,female,99,16312
Tobias,,Tobias,male,100,17675
Zongping,,,,,
Atsuhiro,(P,Atsuhiro,male,100,20
Yoshiaki,USA,Yoshiaki,male,100,4
William,,William,male,99,67797
Giovanni,,Giovanni,male,99,71282
Tobias,,Tobias,male,100,17675
Galen,Tarragona,Galen,male,98,2505
Xiong,Nanjing,Xiong,male,79,207
Alois,Daejeon,Alois,male,95,1863
Andrew,Chengdu,Andrew,male,99,82448
Yongho,,Yongho,male,99,69
Jun,,Jun,male,88,6829
Zhan-Ting,Shenyang,Zhan-Ting,female,63,1917
Maddi,,Maddi,female,85,411
Kenneth,USA,Kenneth,male,100,7907
M,Singapore,,,,
Dorothea,,Dorothea,female,99,614
Shenqiang,Shanghai,,,,
Zheng,USA,Zheng,male,85,108
Daniel,Shanghai,Daniel,male,99,257742
Dick,,Dick,male,98,4328
Armido,,Armido,male,100,20
Nicholas,,Nicholas,male,100,21206
Ernest,,Ernest,male,99,8319
Corey,,Corey,male,94,7614
Gilles,,Gilles,male,99,18113
Yixin,,Yixin,male,52,73
Xing,Xin,Xing,male,70,545
Ming,,Ming,male,77,2692
Wendelin,Yokohama,Wendelin,male,75,44
Helmut,Kanagawa,Helmut,male,98,4881
Hrvoje,USA,Hrvoje,male,100,6
Ruben,,Ruben,male,99,34120
Shouyun,,,,,
Sang,Lower,Sang,male,88,2448
Xiaoming,,Xiaoming,male,83,144
Dario,,Dario,male,99,26444
Linda,Kent,Linda,female,97,68888
Dang,Rostock,Dang,male,71,1588
Robert,Guangzhou,Robert,male,99,145540
Frances,Tenerife,Frances,female,94,3984
Hua,,Hua,male,52,891
Lukas,Hualien,Lukas,male,99,22120
Deyue,,Deyue,male,75,4
Roger,,Roger,male,99,34849
Yanghui,,Yanghui,female,57,7
José,Southampton,José,male,98,35243
Sankar,(P,Sankar,male,100,1738
Jeong,USA,Jeong,male,76,17
Thomas,Shanghai,Thomas,male,99,129177
Mavis,,Mavis,female,89,1879
Anthony,Fujian,Anthony,male,99,85303
Magnus,Anhui,Magnus,male,99,5496
Véronique,,Véronique,female,98,8797
Tamaki,Victoria,Tamaki,female,51,90
Susumu,,Susumu,male,98,170
Yasuhiro,,Yasuhiro,male,100,455
Jin-Quan,,Jin-Quan,male,77,6369
Olaf,,Olaf,male,98,4079
Carlos,Singapore,Carlos,male,100,26
Olga,,Olga,female,98,42388
Thomas,Hangzhou,Thomas,male,99,129177
Paul,,Paul,male,99,140849
Nico,Shanghai,Nico,male,97,43301
Ralf,USA,Ralf,male,100,101
Gao-Ren,Osaka,Gao-Ren,male,73,3030
Ernesto,,Ernesto,male,99,12667
Robert,,Robert,male,99,145540
C,Changchun,,,,
Malcolm,Fuzhou,Malcolm,male,99,4821
Yao-Ting,University,Yao-Ting,male,100,5
Jens,Nanjing,Jens,male,99,13599
Timothy,,Timothy,male,99,15778
Yitai,Guangzhou,Yitai,male,100,3
Aimin,,Aimin,male,68,25
Wenjun,USA,Wenjun,female,58,19
Albert,USA,Albert,male,99,3175
Weiping,USA,Weiping,male,75,8
Gaolin,Nova,,,,
Stéphane,,Stéphane,male,98,16675
Leone,,Leone,male,82,1488
Philip,USA,Philip,male,100,5264
Stephan,Xiamen,Stephan,male,99,19941
Hiroshi,Beijing,Hiroshi,male,99,1730
Hans,Singapore,Hans,male,100,41
Xin,,Xin,male,58,1659
Christof,,Christof,male,99,1226
Yongzhong,Kyoto,Yongzhong,male,100,4
François,Beijing,François,male,99,16142
Wenjun,Tokyo,Wenjun,male,52,119
Songi,Sheffield,Songi,female,83,12
Mikiji,Okazaki,,,,
Raymond,Shanghai,Raymond,male,99,20118
Wibke,Shanghai,Wibke,female,98,65
Jiacong,,Jiacong,male,67,3
Jiang-Gao,TCD,Jiang-Gao,male,66,1285
G,,,,,
Zongping,,,,,
Christopher,,Christopher,male,99,55041
Huanfeng,,,,,
Manzhou,,Manzhou,male,75,4
R,,,,,
Rongchao,USA,Rongchao,male,75,4
Karl,,Karl,male,98,18575
Tadashi,Beijing,Tadashi,male,99,370
Carsten,USA,Carsten,male,98,57
Francesco,,Francesco,male,99,74458
K,Taiwan,,,,
Klaus,,Klaus,male,98,13207
Lei,,Lei,male,59,2374
Matthew,,Matthew,male,100,51412
Bernd,,Bernd,male,99,7628
Sven,USA,Sven,male,99,212
Yoshiji,Dalian,Yoshiji,male,100,6
Zheng,USA,Zheng,male,85,108
Masayoshi,,Masayoshi,male,100,173
Jim,Beijing,Jim,male,99,40318
Donglin,,Donglin,male,88,16
Xiaofeng,,Xiaofeng,male,78,167
Chunhai,Beijing,Chunhai,male,67,6
Chadron,,Chadron,male,100,5
Aidan,Universität,Aidan,male,100,49291
Remi,,Remi,male,93,6958
Kimoon,,Kimoon,male,100,8
Jürgen,,Jürgen,male,99,9431
Pere,,Pere,male,98,2369
Peter,,Peter,male,99,146529
Jose,Delft,Jose,male,97,148383
Geoffrey,Catalonia,Geoffrey,male,99,11232
Jin,,Jin,male,72,4739
Can,Shanghai,Can,male,95,36655
Kai,Kolkata,Kai,male,96,28964
James,Nagoya,James,male,99,131879
Rai-Shung,USA,Rai,male,51,67
Hans-Ulrich,USA,Hans,male,99,791
Michael,,Michael,male,99,211741
Vladimir,,Vladimir,male,99,21639
Kazunari,,Kazunari,male,100,93
Trevor,Shanghai,Trevor,male,99,10360
Ping,,Ping,male,53,1562
Da,USA,Da,male,82,300
Herbert,,Herbert,male,99,9602
Weiguo,,Weiguo,male,100,24
Ronald,USA,Ronald,male,100,5168
Alexander,Taiyuan,Alexander,male,99,56237
Jianbo,Nagoya,Jianbo,male,100,38
José,,José,male,98,35243
Detlev,,Detlev,male,99,404
Tetsuro,,Tetsuro,male,100,93
Ludovic,,Ludovic,male,98,20045
Alexander,Bangalore,Alexander,male,99,56237
Weiyue,VIC,Weiyue,male,71,7
Antonio,Riyadh,Antonio,male,99,180825
Thorsten,,Thorsten,male,99,5261
Miquel,Ontario;,Miquel,male,98,2554
Andrew,,Andrew,male,99,82448
Shiping,Beijing,Shiping,male,82,17
Somobrata,Nanjing,Somobrata,male,75,4
Kazuaki,Anhui,Kazuaki,male,99,152
Jin-Quan,,Jin-Quan,male,77,6369
Yadong,USA,Yadong,male,88,26
Jieping,,Jieping,female,67,3
Bernhard,Seoul,Bernhard,male,98,4878
David,,David,male,99,381770
Wenjun,Jinhua,Wenjun,male,52,119
Uwe,,Uwe,male,99,8221
Vladimir,USA,Vladimir,male,100,690
Florian,,Florian,male,99,31950
Cristina,"Hong Kong",Cristina,female,100,18
Peidong,Matieland,Peidong,male,100,7
Ivan,Shanghai,Ivan,male,99,80498
Yoshito,USA,Yoshito,male,67,3
Andreas,USA,Andreas,male,100,2789
Rui,,Rui,male,98,25872
Giovanni,Centro,Giovanni,male,99,71282
Rebecca,,Rebecca,female,99,35211
Gautam,Kyoto,Gautam,male,100,4304
Matthew,Nova,Matthew,male,100,51412
Omar,,Omar,male,98,63048
Klaus,,Klaus,male,98,13207
Cathleen,,Cathleen,female,97,659
Richard,,Richard,male,99,97659
Song,USA,Song,male,100,74
Nongjian,,,,,
Shu-Hong,Anhui,Shu-Hong,female,50,4835
Christine,USA,Christine,female,99,11335
Philipp,Tokyo,Philipp,male,99,8496
Mohamed,Osaka,Mohamed,male,98,173033
Kookheon,USA,Kookheon,male,75,4
Jean-Philip,Singapore,Philip,male,99,137
Jintu,,Jintu,male,80,65
Michael,Fukuoka,Michael,male,99,211741
Ryan,USA,Ryan,male,99,35179
Oliver,,Oliver,male,98,22853
Chi-Ming,USA,Ming,male,73,237
Leonard,,Leonard,male,98,7077
Thomas,Xi'an,Thomas,male,99,129177
Ryan,,Ryan,male,99,64450
Donglei,Chengdu,Donglei,male,100,3
Michael,,Michael,male,99,211741
Moisés,,Moisés,male,100,1457
Mark,,Mark,male,100,48064
Atsuhiro,,Atsuhiro,male,100,20
Mark,,Mark,male,100,48064
Maarten,Shanghai,Maarten,male,99,3184
Xiaoqing,,Xiaoqing,female,80,79
Wolfgang,Shanghai,Wolfgang,male,99,10782
Benjamin,,Benjamin,male,99,50718
Yi,VIC,Yi,male,61,1397
Xinhe,Bristol,Xinhe,male,67,6
Yujie,USA,Yujie,female,53,17
Patrick,USA,Patrick,male,100,18462
Kazuhiko,,Kazuhiko,male,99,192
Takashi,,Takashi,male,99,1807
Louis-S,,Louis-S,male,97,22473
Shao,USA,Shao,male,74,19
Young-Tae,,Young-Tae,male,100,5
Kentaro,Dalian,Kentaro,male,100,403
Krzysztof,USA,Krzysztof,male,100,111
Manfred,Kyoto,Manfred,male,99,7550
Jay,Fujian,Jay,male,93,45116
Haibo,,Haibo,male,95,87
Xinjun,USA,Xinjun,male,100,6
Stephen,,Stephen,male,99,46085
Yong,Tokyo,Yong,male,87,2262
Henning,Singapore,Henning,male,75,4
Simon,,Simon,male,98,57458
Matthias,USA,Matthias,male,100,3407
Bernhard,Wuhan,Bernhard,male,98,4878
Peter,USA,Peter,male,100,15502
Wanbin,Valladolid,Wanbin,female,75,4
Steen,USA,Steen,male,76,17
Chunhai,,Chunhai,male,67,6
Joulia,,Joulia,female,84,234
Martin,,Martin,male,98,139211
Anthony,Singapore,Anthony,male,100,239
Feng,,Feng,male,81,1386
Rudi,Nottingham,Rudi,male,98,7516
Duncan,British,Duncan,male,99,6587
Sanjay,,Sanjay,male,99,20065
David,USA,David,male,100,65535
Shelley,,Shelley,female,98,4087
Andriy,Beijing,Andriy,male,99,1458
Xiao-Bing,,Xiao-Bing,male,57,2829
Thomas,"United Kingdom",Thomas,male,99,6745
Motonari,,Motonari,male,100,18
Weiping,SA,Weiping,male,73,45
Kazuhiro,,Kazuhiro,male,100,419
Emily,,Emily,female,98,36641
Franz,USA,Franz,male,99,169
Takeshi,USA,Takeshi,male,98,42
Hongyu,,Hongyu,male,67,82
René,,René,male,98,12079
Ross,,Ross,male,91,10276
Taolei,,,,,
Chad,,Chad,male,99,11863
Bernd,Hubei,Bernd,male,99,7628
Cláudio,,Cláudio,male,99,1613
Ehud,Tokyo,Ehud,male,100,93
Magnus,Jerusalem,Magnus,male,99,5496
Daniel,,Daniel,male,99,257742
Hua,,Hua,male,52,891
Lechosław,,Lechosław,male,100,19
Neil,USA,Neil,male,100,3353
Gerhard,,Gerhard,male,99,4931
Franziska,Beijing,Franziska,female,98,3237
Ognjen,Shanghai,Ognjen,male,99,406
Franc,Anhui,Franc,male,96,2349
Jincai,USA,Jincai,male,75,4
Martin,Nagoya,Martin,male,98,139211
Liming,,Liming,male,73,120
Thomas,Hubei,Thomas,male,99,129177
Shi,Utrecht,Shi,male,55,979
Xiong,,Xiong,male,79,207
Richard,ACT,Richard,male,99,97659
David,,David,male,99,381770
Robert,Tokyo,Robert,male,99,145540
Stefan,Shanghai,Stefan,male,98,50890
Olav,,Olav,male,98,500
Cristian,Hubei,Cristian,male,99,46450
Keiichi,Shanghai,Keiichi,male,100,196
Mark,Bath,Mark,male,100,48064
Aiwen,USA,Aiwen,female,67,3
Matthew,,Matthew,male,100,51412
Kazuaki,Beijing,Kazuaki,male,99,152
Itamar,Lanzhou,Itamar,male,95,804
Timo,Shenzhen,Timo,male,99,8332
Dong-Pyo,USA,Dong,male,91,136
Christian,Shanghai,Christian,male,100,48300
Michael,,Michael,male,99,211741
Wen-Hua,,Wen-Hua,female,53,2876
Zhiyong,,Zhiyong,male,99,75
Xinliang,USA,Xinliang,male,71,7
Gang,Fujian,,,,
Ben,,Ben,male,97,73526
Masami,Hubei,Masami,male,55,262
Frank,USA,Frank,male,100,11178
Xumu,USA,Xumu,male,75,4
Andrei,Seoul,Andrei,male,98,12349
A,,,,,
Andrew,Tokyo,Andrew,male,99,82448
Karl-Heinz,USA,Karl-Heinz,male,100,4
Masayuki,Nanjing,Masayuki,male,99,597
Yiyun,,Yiyun,female,81,31
Alois,USA,Alois,female,75,16
Howard,,Howard,male,99,4996
Shu-Li,USA,Shu,female,57,74
Su-Huai,Utrecht,Su-Huai,female,70,4270
Leslie,,Leslie,female,81,14894
Roderich,Chiba,Roderich,male,91,47
Rui,USA,Rui,male,81,256
Fuwei,Singapore,Fuwei,male,83,6
Chuang-chuang,,Chuang-Chuang,male,72,158
Junhong,Osaka,Junhong,male,94,31
Xue-Long,Tianjin,Xue-Long,male,88,4930
Jun-ichi,Tokyo,Jun-Ichi,male,100,16
Petra,Manchester,Petra,female,98,52588
Andrea,,Andrea,female,54,161059
K,Chengdu,,,,
Jun,,Jun,male,88,6829
Frank,,Frank,male,99,66241
Wen-Jing,USA,Jing,female,76,249
James,,James,male,99,131879
Jun,,Jun,male,88,6829
Sun,,Sun,male,61,5099
K,,,,,
Masayuki,Fukuoka,Masayuki,male,99,597
Elliot,,Elliot,male,100,9939
Xinping,,Xinping,male,65,17
Bin,,Bin,male,89,2162
Hao,Henan,Hao,male,84,2105
Bernard,Shanghai,Bernard,male,98,30260
Joanna,VIC,Joanna,female,98,34331
Bert,,Bert,male,98,7084
Jaideep,,Jaideep,male,99,628
Masahiro,USA,Masahiro,male,100,29
Chuan,,Chuan,male,81,372
Francois,USA,Francois,male,98,219
Timothy,USA,Timothy,male,100,9427
Michio,"Hong Kong",Michio,male,75,4
You,USA,You,male,71,58
Kyoko,USA,Kyoko,female,93,42
Nigel,,Nigel,male,99,9908
Kim,Kyoto,Kim,female,68,48002
Xiaoming,USA,Xiaoming,male,79,14
Paul,Beijing,Paul,male,99,140849
Christian,,Christian,male,100,48300
Quan,,Quan,male,93,1630
Didier,Suzhou,Didier,male,98,29191
Manolis,,Manolis,male,99,1324
Olivier,,Olivier,male,99,50237
Shuangyin,,,,,
Nobuo,,Nobuo,male,100,87
Kevin,USA,Kevin,male,100,35080
Wolfgang,Beijing,Wolfgang,male,99,10782
Andreas,,Andreas,male,99,44818
Aiwen,USA,Aiwen,female,67,3
Jianlin,USA,Jianlin,male,88,16
Ben,Hsinchu,Ben,male,97,73526
Gonçalo,USA,Gonçalo,male,100,18
Christian,Ulsan,Christian,male,100,48300
Linda,,Linda,female,97,68888
Thomas,,Thomas,male,99,129177
Hong-Cai,Singapore,Hong,male,73,80
Milos,,Milos,male,99,5905
Xiang,Shanghai,Xiang,male,77,750
Stephen,Kanazawa,Stephen,male,99,46085
A,Sendai,,,,
Erick,Kobe,Erick,male,99,15004
Susumu,Kyushu,Susumu,male,98,170
Stephen,"Hong Kong",Stephen,male,100,302
Lei,,Lei,male,59,2374
Gisbert,,Gisbert,male,98,96
Piotr,Guangzhou,Piotr,male,99,45729
Henry,Shanghai,Henry,male,99,32139
Marius,,Marius,male,99,15477
Paolo,,Paolo,male,99,60571
Stuart,USA,Stuart,male,99,2086
Matthias,,Matthias,male,100,17148
Vladimir,,Vladimir,male,99,21639
Huan,,Huan,male,84,956
Ruth,Nice,Ruth,female,98,20411
Timothy,Shaanxi,Timothy,male,99,15778
Thomas,,Thomas,male,99,129177
Sue-Lein,,Sue-Lein,female,97,14677
David,USA,David,male,100,65535
Jaephil,,Jaephil,male,75,4
Xile,"New Zealand",Xile,male,64,14
Sebastian,Ganzhou,Sebastian,male,99,47850
Hua,,Hua,male,52,891
Wojciech,USA,Wojciech,male,100,63
Dawei,Daejeon,Dawei,male,95,164
Chisato,,Chisato,female,82,92
Mingwei,,Mingwei,male,73,41
Naoki,,Naoki,male,98,944
Katsuhiko,,Katsuhiko,male,100,104
Jianhua,USA,Jianhua,male,75,8
Vivek,Göteborg,Vivek,male,100,17801
Marco,USA,Marco,male,99,2827
Jiarui,,Jiarui,male,85,79
Xingang,USA,Xingang,male,75,4
Cyril,Hangzhou,Cyril,male,98,21612
Jian,Suzhou,Jian,male,89,1215
David,Ibaraki,David,male,99,381770
Thomas,,Thomas,male,99,129177
Jean-François,Daejeon,Jean-François,male,99,4129
Karl,Dublin,Karl,male,98,18575
Uwe,Zurich,Uwe,male,99,8221
Liming,USA,Liming,male,69,13
Michael,Fujian,Michael,male,99,211741
Sijbren,Yokohama,Sijbren,male,100,4
Gary,USA,Gary,male,100,13394
Ayyappanpillai,,,,,
Arun,Shanghai,Arun,male,99,24419
Xiao-Ming,,Xiao-Ming,male,68,4464
Jieping,USA,Jieping,male,75,4
Michael,USA,Michael,male,100,65535
Chan,Jilin,Chan,male,67,4404
Werner,,Werner,male,99,7865
Jarl,Ibaraki,Jarl,male,97,177
Gerhard,Singapore,Gerhard,male,99,4931
Annie,USA,Annie,female,99,4008
Victoria,USA,Victoria,female,98,8761
Fredrik,USA,Fredrik,male,100,66
Ashutosh,,Ashutosh,male,100,5643
François,École,François,male,99,16142
Prashant,Shanghai,Prashant,male,100,14073
Hongzheng,,Hongzheng,male,100,5
Xiaobing,,Xiaobing,male,81,43
Katsuhiko,Hangzhou,Katsuhiko,male,100,104
Czesław,,Czesław,male,98,523
Hak-Sung,,Hak-Sung,male,88,1504
Stephen,USA,Stephen,male,100,16681
Stefan,Taiyuan,Stefan,male,98,50890
Vy,USA,Vy,female,81,105
Xueyuan,Kyoto,Xueyuan,male,57,7
Masayoshi,,Masayoshi,male,100,173
François,,François,male,99,16142
Steven,Barcelona,Steven,male,99,59951
Yuxue,Sendai,Yuxue,female,100,3
Yi,,Yi,male,61,1397
Sara,,Sara,female,98,153041
Jin-Quan,,Jin-Quan,male,77,6369
Xiaogang,,Xiaogang,male,100,46
Jieping,Shanghai,Jieping,female,67,3
Jinhua,,Jinhua,female,83,98
Yanli,,Yanli,female,81,54
Hanbin,,Hanbin,male,95,39
Mathias,,Mathias,male,99,14455
Markus,Nagoya,Markus,male,99,30782
Geoffrey,Osaka,Geoffrey,male,99,11232
Kay,Chengdu,Kay,female,54,11472
Feng-Ling,,Feng-Ling,female,56,3601
Jose,,Jose,male,97,148383
Gopalan,,Gopalan,male,97,98
Hanfeng,Nagasaki,Hanfeng,male,100,12
Steven,USA,Steven,male,100,19562
Ehud,,Ehud,male,100,93
Hung-wen,,Hung-Wen,male,100,6
Si-Dian,Leeds,Si-Dian,female,55,8488
Michael,,Michael,male,99,211741
Hiroshi,,Hiroshi,male,99,1730
Henrik,USA,Henrik,male,100,87
Peter,,Peter,male,99,146529
Modesto,Wuhan,Modesto,male,98,660
Hitoshi,Tokyo,Hitoshi,male,98,379
Duncan,,Duncan,male,99,6587
Peter,Changsha,Peter,male,99,146529
Axel,USA,Axel,male,99,1866
Evamarie,,Evamarie,female,100,30
Shu-Li,USA,Shu,female,57,74
Keiichi,USA,Keiichi,male,100,5
Varinder,,Varinder,male,94,496
Jun,Osaka,Jun,male,88,6829
Tomoaki,,Tomoaki,male,100,186
Kenichiro,,Kenichiro,male,100,113
Kazuya,Nanjing,Kazuya,male,100,609
Jingsong,,Jingsong,male,88,8
Ilko,,Ilko,male,92,91
Thorsten,Groningen,Thorsten,male,99,5261
Alexey,,Alexey,male,100,7132
Keiji,Wageningen,Keiji,male,99,237
Brooks,Lausanne,Brooks,male,97,3267
Kristian,"United Kingdom",Kristian,male,99,401
Scott,,Scott,male,100,48262
Christoph,,Christoph,male,99,9324
Franc,,Franc,male,96,2349
Felix,,Felix,male,98,24864
Bradley,USA,Bradley,male,99,3685
Markus,Guangzhou,Markus,male,99,30782
Yi-Fang,Singapore,Fang,female,74,35
Kei,USA,Kei,male,60,93
Johannes,,Johannes,male,99,7870
Jin-Heng,,Jin-Heng,male,73,5481
J,USA,,,,
Cristina,,Cristina,female,98,70974
Sheng,,Sheng,male,74,646
Liming,Henan,Liming,male,73,120
Lutz,USA,Lutz,male,90,10
Masahiro,,Masahiro,male,100,783
Christian,Tokyo,Christian,male,100,48300
Alexander,,Alexander,male,99,56237
Haibo,Jeddah,Haibo,male,95,87
Junlin,Sendai,Junlin,male,86,28
Xile,Beijing,Xile,male,64,14
Syuzanna,USA,Syuzanna,female,75,4
Christoph,USA,Christoph,male,100,156
Corrie,,Corrie,female,84,1151
Horst,,Horst,male,98,4102
William,,William,male,99,67797
Daniele,Xiamen,Daniele,male,87,46369
Beat,,Beat,male,100,68
Guido,Changzhou,Guido,male,99,10286
Fabio,HK,Fabio,male,100,9
Banglin,USA,,,,
Jianwei,,Jianwei,male,97,65
Qichun,Tianjin,Qichun,male,100,4
Jonas,Yokohama,Jonas,male,99,20200
Benjamin,SA,Benjamin,male,95,20
Norbert,,Norbert,male,99,12597
Jayaraman,Chengdu,Jayaraman,male,97,185
Herbert,USA,Herbert,male,100,4471
Frank,University,Frank,male,99,66241
Mao-Ping,Tokyo,Mao-Ping,male,66,3100
Chad,,Chad,male,99,11863
Jinbo,Lanzhou,Jinbo,male,93,27
Yusuke,USA,Yusuke,male,100,39
Jiří,Nanjing,Jiří,male,99,10464
Annette,Fife,Annette,female,98,8428
Makoto,ON,Makoto,male,95,1208
Haifeng,,Haifeng,male,94,126
Chad,Ontario,Chad,male,99,11863
Vincent,Beijing,Vincent,male,99,58501
Linyong,USA,Linyong,male,100,3
Donald,British,Donald,male,99,12793
Thomas,,Thomas,male,99,129177
Vladislav,,Vladislav,male,99,3313
Vladimir,Singapore,Vladimir,male,100,4
Jiangtao,Singapore,Jiangtao,male,75,4
Rongbiao,USA,,,,
Hong-Cai,,Hong-Cai,female,51,4394
Rienk,,Rienk,male,100,53
Peng,USA,Peng,male,91,133
Hideo,,Hideo,male,100,254
Shi,Okayama,Shi,male,55,979
Fritz,Hengyang,Fritz,male,96,3044
Xiaoming,"United Kingdom",Xiaoming,unknown,50,4
Brian,,Brian,male,99,69588
Bas,Bremen,Bas,male,97,4840
Makoto,Shenyang,Makoto,male,95,1208
Nicolai,,Nicolai,male,99,1109
Xiangfeng,Shanghai,Xiangfeng,male,93,15
Stephen,Groningen,Stephen,male,99,46085
Nanping,,Nanping,male,67,3
Nicholas,Singapore,Nicholas,male,99,353
Shana,USA,Shana,female,99,1020
Steven,USA,Steven,male,100,19562
Mark,Anhui,Mark,male,100,48064
Xuehai,,Xuehai,male,71,7
Amir,USA,Amir,male,99,1015
Robert,Chengdu,Robert,male,99,145540
Donghan,,Donghan,male,97,30
Sjoerd,Beijing,Sjoerd,male,99,949
Rei,,Rei,male,61,985
Jim,Kanazawa,Jim,male,99,40318
Robert,,Robert,male,99,145540
G,Nagoya,,,,
Javier,,Javier,male,99,67247
William,,William,male,99,67797
Douglas,USA,Douglas,male,100,5371
Tadashi,,Tadashi,male,99,370
Shun,,Shun,male,92,989
William,USA,William,male,100,24483
Sylviane,Suzhou,Sylviane,female,98,3390
Kurosch,Beer-Sheva,Kurosch,male,100,10
Dang,Anhui,Dang,male,71,1588
Barbara,Göttingen,Barbara,female,98,58381
Gernot,,Gernot,male,99,579
Ben,USA,Ben,male,100,17026
Hongjie,,Hongjie,male,69,29
Xue-Wei,Haifa,Xue-Wei,male,68,4497
Brant,USA,Brant,male,100,2241
Christopher,,Christopher,male,99,55041
Jie,Suzhou,Jie,male,61,1651
Andreas,,Andreas,male,99,44818
Ashutosh,Taiwan,Ashutosh,male,100,5643
Xiaoming,"Hong Kong",Xiaoming,male,83,144
