"First Name",Country,ga_first_name,ga_gender,ga_accuracy,ga_samples
Matthew,USA,Matthew,male,100,30646
Stefan,Germany,Stefan,male,97,20127
Gregory,Germany,Gregory,male,99,111
Chun-Sheng,China,Sheng,male,91,230
Lutz,Germany,Lutz,male,99,1566
Stephan,Switzerland,Stephan,male,100,664
Christian,Germany,Christian,male,100,86
Wim,Netherlands,Wim,male,99,3152
Yao,China,Yao,male,58,406
Marco,Italien,Marco,male,99,133237
Jye-Shane,"Republic of Korea",Jye-Shane,male,93,15654
Jinling,Japan,Jinling,female,100,3
Hisatoshi,USA,Hisatoshi,male,100,10
Thomas,USA,Thomas,male,100,20215
Claudio,Italy,Claudio,male,99,28144
Vu,USA,Vu,male,90,172
Steffen,Germany,Steffen,male,99,5356
Kimihiro,Japan,Kimihiro,male,100,25
Jos,Netherlands,Jos,male,95,2603
Lucía,Germany,Lucía,female,100,9
Pauline,France,Pauline,female,95,14647
Russell,UK,Russell,male,99,7800
Yang,USA,Yang,male,69,340
Joshua,Canada,Joshua,male,100,753
Andrew,UK,Andrew,male,99,82448
Toshiyuki,Japan,Toshiyuki,male,100,261
Weijun,China,Weijun,male,100,15
Wei,China,Wei,male,76,1859
Georgios,UK,Georgios,male,99,1597
Kathryn,USA,Kathryn,female,99,4645
Apoorva,USA,Apoorva,female,60,40
Reinald,Germany,Reinald,male,94,18
Maxim,UK,Maxim,male,99,10925
Anders,Denmark,Anders,male,100,1449
Nicole,Germany,Nicole,female,96,11795
Ke,USA,Ke,male,65,101
Yu-Ling,China,Ling,female,82,646
Jhansi,USA,Jhansi,female,100,13
Huagui,China,,,,
Götz,Germany,Götz,male,98,85
Yong,China,Yong,male,95,502
Chang,Belgium,Chang,female,75,4
Felix,Germany,Felix,male,99,4905
Andrei,Russia,Andrei,male,99,1689
Liqing,USA,Liqing,unknown,50,2
Eike,Germany,Eike,male,89,458
Keiji,Japan,Keiji,male,100,185
Stefan,Germany,Stefan,male,97,20127
Holger,,Holger,male,99,4992
Derong,China,Derong,unknown,50,6
Hua,Canada,Hua,male,60,5
Miriam,Switzerland,Miriam,female,98,286
Hongjun,USA,Hongjun,male,100,3
Rebecca,Canada,Rebecca,female,98,815
Anastas,Australia,Anastas,male,75,4
Lukas,Germany,Lukas,male,100,3730
Ryuhei,Japan,Ryuhei,male,100,27
Teng,China,Teng,male,78,95
Po-Heng,Canada,Po,male,89,9
Nicholas,USA,Nicholas,male,100,10460
Wesley,USA,Wesley,male,98,3031
Jacob,USA,Jacob,male,100,13097
Sergey,France,Sergey,male,97,69
Lin,China,Lin,female,50,1431
Weizhong,USA,Weizhong,male,75,4
Guangbi,USA,Guangbi,unknown,50,2
Nadja,Italy,Nadja,female,100,40
Wiel,Netherlands,Wiel,male,98,105
Tadahiro,Japan,Tadahiro,male,100,36
Min,China,Min,female,56,572
Regine,Germany,Regine,female,99,209
Vijay,Germany,Vijay,male,98,44
Anne,France,Anne,female,98,16310
Yusuke,Japan,Yusuke,male,100,1088
Liang-Qiu,China,Liang,male,82,742
Christelle,France,Christelle,female,97,21290
Tzuoo-Tsair,Taiwan,,,,
Marco,Italy,Marco,male,100,65535
Amedeo,Italy,Amedeo,male,99,1807
Hiroki,Japan,Hiroki,male,100,933
Javier,USA,Javier,male,99,2984
Matthew,UK,Matthew,male,100,51412
François,France,François,male,99,11778
Amanda,USA,Amanda,female,99,27814
Katrin,Germany,Katrin,female,98,3857
M,Netherlands,,,,
Wolfgang,Germany,Wolfgang,male,99,7880
Noriko,Japan,Noriko,female,98,299
Jun-Ho,Switzerland,Jun,male,91,11
Chenyu,China,Chenyu,male,62,21
Yanhu,USA,Yanhu,male,75,4
Harald,Austria,Harald,male,100,899
Gary,USA,Gary,male,100,13394
Johanna,UK,Johanna,female,98,15895
Subha,USA,Subha,female,81,31
Jonathan,Switzerland,Jonathan,male,99,583
Rui,China,Rui,male,66,439
Paul,Switzerland,Paul,male,98,968
Pierre,France,Pierre,male,98,41192
Nadezhda,Russia,Nadezhda,female,98,579
Nicolas,France,Nicolas,male,99,55561
Haimei,USA,Haimei,female,100,5
Julia,Germany,Julia,female,98,8793
Mehdi,Australia,Mehdi,male,100,48
Eleanor,UK,Eleanor,female,99,6723
Andrea,Italy,Andrea,male,100,65535
Maarten,Belgium,Maarten,male,99,849
Antoine,France,Antoine,male,99,20093
Pablo,Argentina,Pablo,male,99,4857
Markus,Austria,Markus,male,99,3499
Doohun,Germany,Doohun,male,100,3
Dieter,Germany,Dieter,male,98,5789
Khalid,USA,Khalid,male,99,551
Takeshi,Japan,Takeshi,male,100,1025
Jawad,Switzerland,Jawad,male,95,21
Valérie,France,Valérie,female,97,10520
Matthieu,Germany,Matthieu,male,100,33
Jin-Gang,Japan,Jin,male,88,289
Philippe,France,Philippe,male,98,44155
Ying,USA,Ying,female,85,200
Maniraj,Germany,Maniraj,male,99,77
Matthew,USA,Matthew,male,100,30646
Xin,USA,Xin,male,63,194
Manuel,Switzerland,Manuel,male,99,1661
Dan,UK,Dan,male,97,61524
Christian,Germany,Christian,male,100,86
Mateus,UK,Mateus,male,99,5598
Xuan,Japan,Xuan,female,60,5
Eleanor,Sweden,Eleanor,female,100,8
Weijun,China,Weijun,male,100,15
Zhihong,USA,Zhihong,male,80,10
Hiroshi,Japan,Hiroshi,male,99,1448
Zhihong,Canada,Zhihong,male,75,4
Yoshihiro,Japan,Yoshihiro,male,100,350
Didier,France,Didier,male,98,20949
Matthias,Germany,Matthias,male,100,9451
Joseph,USA,Joseph,male,100,21534
Hendrik,Germany,Hendrik,male,99,1486
Firasat,Switzerland,Firasat,male,95,19
Tetsu,Japan,Tetsu,male,99,180
Tom,Netherlands,Tom,male,99,3073
Bogdan,Germany,Bogdan,male,98,222
Paul,UK,Paul,male,99,140849
Martin,Switzerland,Martin,male,98,2426
Andreas,Germany,Andreas,male,99,21215
Brandon,USA,Brandon,male,100,21063
Mario,Germany,Mario,male,99,7876
Gloria,Spain,Gloria,female,98,4573
David,France,David,male,98,65535
Jiantao,USA,Jiantao,male,75,4
Seung,"Republic of Korea",Seung,male,93,447
Xiguang,China,Xiguang,male,75,4
Jean-Pierre,Korea,Jean-Pierre,male,99,9874
Sung,"Republic of Korea",Sung,male,87,992
Min,USA,Min,male,56,258
Benjamin,Italy,Benjamin,male,100,217
Alessandro,Austria,Alessandro,male,100,74
Stephan,USA,Stephan,male,100,7199
Hanaa,Switzerland,Hanaa,female,100,3
Sébastien,USA,Sébastien,male,100,61
Renée,Japan,Renée,female,75,4
Ryo,China,Ryo,male,92,25
Yanling,Switzerland,Yanling,female,97,38
David,USA,David,male,100,65535
Shutao,USA,Shutao,male,100,6
Victor,Germany,Victor,male,96,577
Falko,Japan,Falko,male,99,473
Shinji,Japan,Shinji,male,99,394
Yu,China,Yu,male,73,664
Chao,Australia,Chao,male,83,6
Martin,Israel,Martin,male,100,48
Roy,China,Roy,male,99,429
Wenhua,Sweden,Wenhua,male,75,4
Armando,Japan,Armando,male,98,53
Khalid,UK,Khalid,male,98,38010
Caroline,Italy,Caroline,female,98,222
Emiliano,Netherlands,Emiliano,male,100,10
Jarl,Germany,Jarl,male,100,4
John,UK,John,male,99,219085
David,Germany,David,male,99,10714
Alexander,Japan,Alexander,male,100,115
Kazunori,France,Kazunori,male,75,4
Adi,Germany,Adi,male,89,442
Heinz,Germany,Heinz,male,98,2539
Christian,USA,Christian,male,100,48214
Rabih,Germany,Rabih,male,100,15
Barbara,USA,Barbara,female,99,10328
Chong,Australia,Chong,male,80,5
Tor,France,Tor,male,85,20
Pierre,Poland,Pierre,male,95,76
Piotr,UK,Piotr,male,99,45729
Claudio,China,Claudio,male,100,40
Shu-Yu,France,Shu,female,63,32
Anis,China,Anis,male,88,16
Fengtao,Italy,Fengtao,male,75,4
Francesca,"Republic of Korea",Francesca,female,99,54181
Jong-Ho,Germany,Jong,male,100,3
Ulrich,UK,Ulrich,male,98,3912
John,Slovenia,John,male,95,40
Ajda,Slovenia,Ajda,female,95,64
H,USA,,,,
Michael,Netherlands,Michael,male,98,4003
Marianne,France,Marianne,female,98,3145
Sabrina,Israel,Sabrina,female,100,23
Moshit,Japan,Moshit,female,75,4
Shin-ichiro,USA,Ichiro,male,100,14
Eva,Italy,Eva,female,98,3247
Paola,USA,Paola,female,98,1002
David,USA,David,male,100,65535
Matthew,China,Matthew,male,100,209
Qing-Wei,UK,Qing-Wei,male,69,4731
Marc,Germany,Marc,male,100,7914
Sankaranarayana,Japan,Sankaranarayana,male,75,4
Yoshiyuki,USA,Yoshiyuki,male,75,4
Mee-Kyung,Switzerland,Mee,female,58,19
Riccardo,USA,Riccardo,male,99,155
Jian-Rong,Germany,Jian,male,90,21
Stefanie,Spain,Stefanie,female,99,68
Javier,Spain,Javier,male,99,46053
Rosana,Belgium,Rosana,female,100,20
Stefaan,"Czech Republic",Stefaan,male,98,834
Jana,USA,Jana,female,97,1412
Beth,France,Beth,female,92,62
Aurélien,USA,Aurélien,male,100,18
Andrew,Canada,Andrew,male,100,3367
Hong,Canada,Hong,male,63,35
Leyla,China,Leyla,female,90,10
Chan,USA,Chan,male,66,221
Alexander,Japan,Alexander,male,100,115
Yuko,Spain,Yuko,female,63,16
Estela,Spain,Estela,female,95,2395
Andrés,UK,Andrés,male,99,6036
Jennifer,UK,Jennifer,female,98,88317
Diana,Italy,Diana,female,98,2925
Sara,Germany,Sara,female,97,2278
Sakya,Japan,Sakya,male,68,28
Kiriko,China,Kiriko,unknown,50,26
Yuwen,Ireland,Yuwen,female,63,72
Vincent,USA,Vincent,male,100,4308
Nicholas,France,Nicholas,male,98,172
Jean-Paul,Italy,Jean-Paul,male,100,11
Lorenzo,China,Lorenzo,male,94,31
Zifu,Germany,Zifu,male,100,7
Frederik,Canada,Frederik,male,100,14
Samuel,Israel,Samuel,male,99,91
Surendra,USA,Surendra,male,100,51
Aaron,USA,Aaron,male,100,19401
Linda,"Republic of Korea",Linda,female,97,68888
Junghyun,Germany,Junghyun,female,75,4
Sven,Germany,Sven,male,99,13636
A,Canada,,,,
Derek,Germany,Derek,male,99,105
Manfred,Germany,Manfred,male,99,5121
K,China,,,,
Hai-Feng,Italy,Feng,male,93,15
Pio,Canada,Pio,male,95,1236
Patrick,USA,Patrick,male,100,18462
Marisa,China,Marisa,female,94,17
Xiujuan,USA,Xiujuan,female,75,4
Yongju,China,Yongju,male,83,24
Zhenling,Netherlands,Zhenling,female,100,3
Dennis,Germany,Dennis,male,99,12843
Shaolin,Japan,Shaolin,male,83,99
Akio,UK,Akio,male,96,305
Paul,Austria,Paul,male,99,593
David,Switzerland,David,male,99,3802
Katrin,UK,Katrin,female,98,6642
Georgios,Canada,Georgios,male,83,6
Toni,USA,Toni,female,92,2938
Rosemary,Singapore,Rosemary,female,75,4
Kai,Japan,Kai,male,93,189
Takanori,Germany,Takanori,male,75,4
Jin-Yong,Italy,Yong,male,90,10
Luca,UK,Luca,male,98,88492
Chullikkattil,Japan,,,,
Shohei,USA,Shohei,male,100,19
Jack,Switzerland,Jack,male,97,674
Wai,India,Wai,male,80,5
C,Germany,,,,
Stefan,USA,Stefan,male,100,1196
José,USA,José,male,99,355
Kalyan,Japan,Kalyan,male,99,2019
Weifeng,UK,Weifeng,male,88,40
Alvin,USA,Alvin,male,99,1204
Suck,France,,,,
Anne,Germany,Anne,female,98,5064
Christian,Israel,Christian,male,100,48300
K,Sweden,,,,
Y,China,,,,
Chanjuan,France,Chanjuan,female,100,4
Fabrice,USA,Fabrice,male,99,117
Manuel,USA,Manuel,male,99,3096
Joshua,China,Joshua,male,99,172
Lantao,Japan,Lantao,unknown,50,2
Daiki,China,Daiki,male,75,4
Dongbing,Germany,,,,
Christian,Germany,Christian,male,100,86
Lisa,USA,Lisa,female,99,25941
Jason,Israel,Jason,male,100,22
Arnon,France,Arnon,unknown,50,2
Katarzyna,USA,Katarzyna,female,100,71
Saikat,Japan,Saikat,male,100,1246
R,Austria,,,,
Tobias,Italy,Tobias,male,96,78
Roberta,Japan,Roberta,female,100,34
Takahiro,Japan,Takahiro,male,99,846
Aiichiro,USA,Aiichiro,male,100,10
Xuejun,Germany,Xuejun,male,75,4
Peter,Germany,Peter,male,99,21321
Shenglai,Germany,Shenglai,male,100,4
Martin,Germany,Martin,male,99,14619
Kai,China,Kai,male,95,430
Qing,Germany,Qing,female,67,12
A,USA,,,,
Xinjian,USA,Xinjian,female,75,4
Sandy,France,Sandy,female,90,5767
David,Spain,David,male,100,65535
David,Korea,David,male,99,381770
Yu,USA,Yu,male,64,274
Levi,Germany,Levi,male,97,73
Sebastian,USA,Sebastian,male,99,1962
Jian,Australia,Jian,male,80,10
Katy,USA,Katy,female,99,2447
Zhuang,Germany,Zhuang,male,74,111
Bernd,Japan,Bernd,male,75,4
Yan,USA,Yan,male,63,365
Scott,Bulgaria,Scott,male,75,4
Liudmil,Netherlands,Liudmil,male,100,11
Pim,China,Pim,female,100,4
Xiao-Hong,China,Hong,female,58,636
Xiaohong,Japan,Xiaohong,female,75,4
Jiahui,USA,Jiahui,female,91,11
Trevor,USA,Trevor,male,100,4700
Marcos,Sweden,Marcos,male,100,40
Jian,Korea,Jian,male,89,1215
Sung-Kyun,Germany,Sung,unknown,50,4
Dirk,Japan,Dirk,male,100,11
Yasumasa,USA,Yasumasa,male,75,4
Michael,Germany,Michael,male,100,30913
Claudia,Spain,Claudia,female,98,6897
Samuel,China,Samuel,male,97,291
Chao,France,Chao,male,77,30
Rodolphe,Germany,Rodolphe,male,100,9
Shinobu,Germany,Shinobu,female,75,4
Tobias,Germany,Tobias,male,100,9929
Florian,France,Florian,male,99,18108
J,Japan,,,,
Fumie,Israel,Fumie,female,98,51
Ronit,,Ronit,male,76,765
Johannes,Technology,Johannes,male,99,7870
K,UK,,,,
Jeremy,Poland,Jeremy,male,96,24
Janina,Italy,Janina,female,95,38
Patrizia,Netherlands,Patrizia,female,91,11
Xing,Germany,Xing,male,83,6
Anke,USA,Anke,female,95,22
Xiaoying,China,Xiaoying,female,97,35
Wei,Japan,Wei,male,70,53
Yusuke,Germany,Yusuke,male,99,1232
Karl-Christian,UK,Karl-Christian,male,99,113617
Christopher,Germany,Christopher,male,99,3075
Markus,USA,Markus,male,100,4802
Takatoshi,UK,Takatoshi,male,100,61
Krzysztof,China,Krzysztof,male,100,5
Zhuangzhi,Germany,,,,
Thomas,UK,Thomas,male,99,129177
Ourida,Singapore,Ourida,female,96,92
Xiao,Korea,Xiao,male,53,1772
Ji,Spain,Ji,male,71,35
José,USA,José,male,99,355
Paul,Denmark,Paul,male,99,136
Márcio,Japan,Márcio,male,100,15
Ikuhiro,Germany,Ikuhiro,male,80,5
René,USA,René,male,72,97
Vyas,USA,Vyas,male,100,3
Hyoungsu,Australia,Hyoungsu,male,75,4
Xin,UK,Xin,male,58,1659
Maxim,Singapore,Maxim,male,70,10
Xiao,Japan,Xiao,male,57,21
Damian,China,Damian,male,100,21
Hua-Bin,UK,Hua-Bin,male,78,3053
Nicola,China,Nicola,unknown,50,34
Quan,France,Quan,male,82,17
Victor,Spain,Victor,male,99,18575
Romen,UK,Romen,male,98,156
Nicholas,France,Nicholas,male,98,172
David,Germany,David,male,99,10714
Mathias,USA,Mathias,male,100,3505
Kimberly,Taiwan,Kimberly,female,92,13
Yan-Gu,Germany,Yan,female,100,29
Ina,Germany,Ina,female,98,1706
Renat,China,Renat,male,75,4
Enjun,Japan,,,,
Yasuhiko,Germany,Yasuhiko,male,75,4
Alexey,USA,Alexey,male,98,182
Dong,Germany,Dong,male,90,10
Barbara,Germany,Barbara,female,98,3709
Dennis,China,Dennis,male,99,259
Zujin,USA,Zujin,male,75,4
Daynene,"Hong Kong",,,,
Hang,Denmark,,,,
A,China,,,,
Yuan-Jin,Germany,Yuan,male,100,16
Cristian,USA,Cristian,male,98,1193
Zijian,China,Zijian,male,100,17
Shiping,USA,Shiping,male,75,4
Hun,USA,Hun,male,92,13
Ke,UK,Ke,male,75,808
Christopher,Korea,Christopher,male,99,55041
Geunhee,Japan,Geunhee,male,86,7
Shin-nosuke,France,Shin,male,93,59
Diana,Canada,Diana,female,100,507
Grigory,USA,Grigory,male,100,13
Wei,USA,Wei,male,75,391
Kristine,China,Kristine,female,86,7
Chu-Ting,France,Chu,male,61,28
Grégory,Singapore,Grégory,male,99,3814
Xiangyang,Germany,Xiangyang,male,90,29
Robert,Japan,Robert,male,100,230
Sher,Japan,Sher,male,67,3
Kazuhiro,Australia,Kazuhiro,male,100,419
Cameron,Germany,Cameron,male,79,33
Tanja,Germany,Tanja,female,98,7261
Stefan,Italy,Stefan,male,97,808
Li-Yuan,USA,Yuan,male,57,152
Tao,Japan,Tao,male,81,31
Sayuri,USA,Sayuri,female,97,30
Yongying,Germany,Yongying,female,100,4
Ulrika,Germany,Ulrika,female,100,10
Marina,Switzerland,Marina,female,91,738
Cristina,Singapore,Cristina,female,96,23
Jun-Feng,China,Jun,male,83,1190
Wen-Xiong,France,Wen,female,52,94
Charles,USA,Charles,male,100,15822
K,Japan,,,,
Jung-Yi,USA,Jung,male,59,69
Ellen,USA,Ellen,female,99,3657
Marcello,France,Marcello,male,99,185
Ali,Germany,Ali,male,97,9267
Patrick,China,Patrick,male,98,422
Wang,Switzerland,Wang,male,60,10
Charles,Japan,Charles,male,99,141
Akihiro,Japan,Akihiro,male,100,349
Jun,Australia,Jun,male,85,39
Chun-Xia,Germany,Xia,female,75,8
Henrik,Japan,Henrik,male,100,7
Hiromu,Australia,Hiromu,male,100,49
Lianzhou,USA,Lianzhou,male,75,4
Hemant,USA,Hemant,male,100,114
Michael,Japan,Michael,male,99,446
Shuichi,Germany,Shuichi,male,75,4
Michael,USA,Michael,male,100,65535
Neal,UK,Neal,male,99,2785
Susan,University,Susan,female,98,34211
Paul,Germany,Paul,male,99,5117
Adam,"Republic of Korea",Adam,male,99,101742
Hye-Sun,Canada,Sun,male,57,21
Christopher,Korea,Christopher,male,99,55041
Jong,Poland,Jong,male,92,676
Janusz,USA,Janusz,male,100,44
Nikhil,Villeurbanne,Nikhil,male,100,16073
David,USA,David,male,100,65535
Lijun,Australia,Lijun,unknown,50,2
Feng,UK,Feng,male,81,1386
Romaeo,Korea,Romaeo,male,75,4
Jae,USA,Jae,male,63,550
Christopher,Japan,Christopher,male,100,127
Cuncheng,Japan,,,,
Shogo,USA,Shogo,male,100,6
Ryan,USA,Ryan,male,99,35179
Yugang,Poland,Yugang,male,89,9
Jacek,Germany,Jacek,male,99,380
Stefan,USA,Stefan,male,100,1196
K,Germany,,,,
Anton,UK,Anton,male,99,24300
Euan,China,Euan,male,100,3
Shou-Tian,Germany,Shou,male,75,4
Frank,UK,Frank,male,99,66241
Stephen,USA,Stephen,male,100,16681
Bishnu,Japan,Bishnu,male,86,7
Guido,USA,Guido,male,100,184
Chinmay,USA,Chinmay,male,100,37
Elvedin,Germany,Elvedin,male,100,14
Nis,France,Nis,female,57,44
Florian,Germany,Florian,male,99,9022
Julia,USA,Julia,female,99,7475
Nathaniel,Switzerland,Nathaniel,male,100,6
Hans,Italy,Hans,male,98,145
Giorgio,Canada,Giorgio,male,100,21
Wesley,Germany,Wesley,male,100,95
Mike,Germany,Mike,male,99,7927
Benjamin,Germany,Benjamin,male,100,5256
Frank,China,Frank,male,98,1262
Junqiao,Germany,,,,
Christian,Japan,Christian,male,100,48300
Sobhan,Japan,Sobhan,male,75,4
Mitsunori,China,Mitsunori,male,75,4
Lu,France,Lu,female,60,425
Gérard,USA,Gérard,male,100,12
Chuanbin,Denmark,Chuanbin,male,100,3
Gustav,Denmark,Gustav,male,100,53
Dorthe,Canada,Dorthe,female,75,4
André,France,André,male,95,4859
Alexander,China,Alexander,male,98,199
Tao,USA,Tao,male,90,147
Zhong-Ming,France,Zhong,male,90,10
Sandra,Japan,Sandra,female,98,196
Yusuke,China,Yusuke,male,100,7
Yang,Germany,Yang,male,73,49
Christina,Germany,Christina,female,83,9175
Regina,Sweden,Regina,female,100,99
N,UK,,,,
Timothy,Switzerland,Timothy,male,97,38
Xiaolu,Canada,Xiaolu,female,66,50
David,Japan,David,male,100,604
Rie,Korea,Rie,female,86,751
Jiho,China,Jiho,male,75,4
Chenfeng,"New Zealand",Chenfeng,male,89,19
Dominea,Israel,,,,
Boris,China,Boris,male,100,66
Lianbing,Japan,Lianbing,male,75,4
Sadao,China,Sadao,male,94,47
Dan,UK,Dan,male,97,61524
Anthony,China,Anthony,male,99,278
Wei-Jun,China,Jun,male,83,1190
Tongdao,Japan,Tongdao,male,75,4
Shinzi,Germany,Shinzi,male,100,9
Till,USA,Till,male,100,100
Ho-Jin,Switzerland,Ho,male,75,8
Rajesh,Germany,Rajesh,male,97,35
Felicitas,Germany,Felicitas,female,98,134
Remigiusz,Japan,Remigiusz,male,100,751
Shuji,UK,Shuji,male,100,154
Jonathan,UK,Jonathan,male,99,84386
Carsten,Canada,Carsten,male,100,11
Indu,Germany,Indu,male,67,3
Melanie,Spain,Melanie,female,99,606
Alfonso,Spain,Alfonso,male,99,8388
Sonia,China,Sonia,female,97,135
Lizhi,France,Lizhi,male,75,4
Shunsuke,Spain,Shunsuke,male,100,307
Bogdan,Germany,Bogdan,male,98,222
Yan,Germany,Yan,female,100,29
Jean-Philippe,China,Jean-Philippe,male,100,9
Li,Japan,Li,male,57,54
Yutaka,USA,Yutaka,male,100,17
Joseph,Germany,Joseph,male,99,432
Marco,USA,Marco,male,99,2827
Chuqiao,Germany,Chuqiao,male,75,4
Takeshi,UK,Takeshi,male,99,1290
Chao,Netherlands,Chao,male,100,5
Simon,USA,Simon,male,99,2413
Zehui,Germany,Zehui,male,60,10
Sandro,Switzerland,Sandro,male,95,1430
Nando,USA,Nando,male,99,85
Byungkwon,Germany,Byungkwon,male,100,3
S,USA,,,,
Hoi,Singapore,Hoi,male,75,4
Junzhong,USA,Junzhong,male,75,4
Ryan,UK,Ryan,male,99,64450
Louise,Italy,Louise,female,90,61
Giuseppe,Switzerland,Giuseppe,male,99,709
Tobias,USA,Tobias,male,100,2610
Emily,Spain,Emily,female,97,355
Avelino,UK,Avelino,male,97,1077
Jonathan,USA,Jonathan,male,100,21578
Jae,USA,Jae,male,63,550
Tony,Japan,Tony,male,97,200
Hiroyuki,Germany,Hiroyuki,male,100,5
Christian,Japan,Christian,male,100,48300
Akira,USA,Akira,female,98,5084
Junji,Switzerland,Junji,male,75,4
Corinna,USA,Corinna,female,98,220
K,UK,,,,
Adam,Spain,Adam,male,97,1466
Antonio,USA,Antonio,male,99,4554
Omar,Italy,Omar,male,99,3985
Vincenzo,USA,Vincenzo,male,99,171
Hemant,Germany,Hemant,male,100,5
Robert,USA,Robert,male,100,43118
Jian,Japan,Jian,male,100,9
Alexei,Canada,Alexei,male,96,26
Lauren,China,Lauren,female,87,61
Huiling,Singapore,Huiling,female,100,7
Di,Germany,Di,male,50,232
Ulrich,Germany,Ulrich,male,99,1577
Martin,Spain,Martin,male,98,4634
Almudena,Germany,Almudena,female,100,3
Jörg,China,Jörg,male,100,3
Yu,Japan,Yu,male,75,711
Hanae,Germany,Hanae,female,100,8
Lutz,Spain,Lutz,male,100,9
Eloísa,Japan,Eloísa,female,100,98
Isao,Taiwan,Isao,male,75,4
Shu-Hao,China,Hao,male,89,723
Lu,Germany,Lu,female,100,98
Athanassios,USA,Athanassios,male,75,4
Yang-Hui,USA,Yang,male,69,340
Michael,Germany,Michael,male,100,30913
Katrin,Japan,Katrin,female,75,4
Mahito,Korea,Mahito,male,100,11
Dongwan,Germany,Dongwan,male,100,32
Ján,Germany,Ján,male,100,11
Alena,Japan,Alena,female,100,3
Hiroko,China,Hiroko,unknown,50,2
Qi-Ting,Germany,Qi,male,53,19
Hans,China,Hans,male,98,147
Wei,Germany,Wei,male,61,62
Andreas,Switzerland,Andreas,male,99,1721
Martin,Japan,Martin,male,98,131
Kenichi,Italy,Kenichi,male,99,535
Fabio,UK,Fabio,male,99,72039
Abel,Canada,Abel,male,94,34
John,China,John,male,98,1880
Guangjie,Japan,Guangjie,male,100,5
Kohsuke,Germany,Kohsuke,male,100,19
Holger,Germany,Holger,male,100,4362
Yilmaz,Germany,Yilmaz,male,95,821
Sridhar,Netherlands,Sridhar,male,100,2551
Dennis,USA,Dennis,male,99,8742
Bo,Sweden,Bo,male,99,529
Anders,Germany,Anders,male,89,75
Achim,Korea,Achim,male,99,2035
Hyunbong,Japan,,,,
Tienan,Germany,Tienan,male,75,4
Matthias,USA,Matthias,male,100,3407
Takahiro,China,Takahiro,male,99,917
Feng,France,Feng,male,83,41
Laurent,Germany,Laurent,male,96,142
Nirmalya,Germany,Nirmalya,male,99,148
Hashem,USA,Hashem,male,100,29
Osman,Netherlands,Osman,male,97,315
Niels,Japan,Niels,male,100,5
Hirofumi,USA,Hirofumi,male,83,6
Anna,Japan,Anna,female,98,294
Kohei,China,Kohei,male,100,4
Jia,China,Jia,female,54,498
Weixia,USA,Weixia,unknown,50,2
K,China,,,,
Liang,France,Liang,male,62,29
Mélanie,Spain,Mélanie,female,95,37
Andrea,France,Andrea,female,78,2835
Michel,USA,Michel,male,83,715
Arun,USA,Arun,male,99,576
G,USA,,,,
Ivan,France,Ivan,male,97,1422
Olivier,Germany,Olivier,male,100,171
Alexander,Russia,Alexander,male,100,6822
Ilya,Germany,Ilya,male,92,51
Jens,Germany,Jens,male,99,9230
Stephan,Spain,Stephan,male,98,102
Gustavo,Japan,Gustavo,male,100,128
Keiji,UK,Keiji,male,99,237
Jonathan,Japan,Jonathan,male,100,149
Yoshihiro,Germany,Yoshihiro,male,100,383
Cornelia,USA,Cornelia,female,80,135
Martin,USA,Martin,male,100,5868
Makoto,USA,Makoto,male,85,41
Chungjung,Germany,,,,
Tobias,Canada,Tobias,male,97,34
Kyu,UK,Kyu,male,77,288
Russell,Germany,Russell,male,98,40
N,UK,,,,
Mark,Switzerland,Mark,male,100,48064
Martin,USA,Martin,male,100,5868
James,Spain,James,male,98,1317
José,Netherlands,José,female,79,355
Christian,USA,Christian,male,100,48214
Dieter,Germany,Dieter,male,98,5789
Udo,USA,Udo,male,100,21
Li,USA,Li,female,50,359
K,USA,,,,
K,Japan,,,,
Keiji,France,Keiji,unknown,50,2
Benoit,Germany,Benoit,male,100,23
Phillip,Spain,Phillip,male,100,38
Laura,USA,Laura,female,99,21696
Marvin,Australia,Marvin,male,100,33
Andrea,Germany,Andrea,female,84,10166
A,USA,,,,
Alexander,Germany,Alexander,male,98,11884
Fan,China,Fan,male,65,507
Zaozao,USA,Zaozao,male,75,4
Aleksandra,UK,Aleksandra,female,97,18007
Geoffrey,Spain,Geoffrey,male,96,24
Efraím,Netherlands,Efraím,male,75,4
David,USA,David,male,100,65535
Xiao,USA,Xiao,male,62,138
Bing,Sweden,Bing,male,75,4
Per-Fredrik,China,Fredrik,male,100,7
Bo,China,Bo,male,88,316
Stephen,Germany,Stephen,male,99,331
Ganesan,China,Ganesan,male,75,4
Hai-Lei,Spain,Lei,female,71,63
Xavier,USA,Xavier,male,99,1665
Barry,China,Barry,male,95,122
Bin,USA,Bin,male,83,140
Hakho,"Czech Republic",,,,
Leigh,Belgium,Leigh,male,60,5
Mickaël,China,Mickaël,male,99,2668
Feng,Argentina,Feng,male,81,1386
Manuela,Germany,Manuela,female,98,5200
Claudia,UK,Claudia,female,98,72003
Luke,Germany,Luke,male,99,278
Rajendra,USA,Rajendra,male,99,71
Valeri,Japan,Valeri,male,65,1119
Akihiro,Spain,Akihiro,male,75,4
Arkaitz,USA,Arkaitz,male,100,521
Olivier,China,Olivier,male,96,69
Bin,China,Bin,male,92,677
Guowen,Japan,Guowen,male,100,8
Ken,USA,Ken,male,100,9888
Keunho,Spain,Keunho,male,100,17
Laia,Spain,Laia,female,99,2068
J,USA,,,,
Yizhong,Guangzhou,Yizhong,male,90,10
Yue-Biao,USA,Biao,male,80,5
James,China,James,male,98,1570
Xin-Long,Germany,Xin,male,71,21
Hans-Dieter,Beijing,Hans-Dieter,male,99,151
Xuli,China,Xuli,male,57,7
Yi,Netherlands,Yi,male,63,8
Wiebe,Singapore,Wiebe,male,97,194
Hai,UK,Hai,male,84,3492
Christian,Germany,Christian,male,100,86
Oxana,"South Korea",Oxana,female,75,4
Jinyoung,Shanghai,Jinyoung,male,59,195
Zhaobin,USA,Zhaobin,male,83,6
Rafal,Belgium,Rafal,male,100,21
Jinne,,Jinne,female,74,23
Shu-Dan,USA,Dan,male,100,20473
Timothy,Switzerland,Timothy,male,97,38
José,Switzerland,José,male,99,480
Sergey,Switzerland,Sergey,male,100,24
Luca,USA,Luca,male,100,12754
Muriel,Spain,Muriel,female,97,100
Sara,UK,Sara,female,98,153041
Richard,USA,Richard,male,100,24609
Bappaditya,UK,Bappaditya,male,99,110
Alastair,Italy,Alastair,male,99,1005
Elisabetta,Belgium,Elisabetta,female,100,13
Olivier,Spain,Olivier,male,99,206
Serena,China,Serena,female,99,290
Yu-Zhuan,Germany,Yu,male,52,60
Pengfei,USA,Pengfei,male,100,12
Benjamin,Germany,Benjamin,male,100,5256
Aswani,Korea,Aswani,female,51,159
Hyunjin,UK,Hyunjin,male,53,176
Martin,Germany,Martin,male,99,14619
Tim,China,Tim,male,96,510
Zhipeng,UK,Zhipeng,male,98,62
Fei,USA,Fei,male,61,97
Yogesh,Germany,Yogesh,male,100,11
Christian,China,Christian,male,100,48300
Liuqing,Japan,Liuqing,female,77,13
Takeshi,USA,Takeshi,male,98,42
Daniel,Germany,Daniel,male,99,22784
Tim,Japan,Tim,male,97,104
Yuichi,USA,Yuichi,male,100,16
Jian,Switzerland,Jian,male,100,3
Imren,UK,Imren,female,89,283
Zhanghua,USA,Zhanghua,male,90,10
Youngmin,Poland,Youngmin,male,94,191
Michal,Japan,Michal,male,71,7
Takuya,Israel,Takuya,male,99,1101
Yair,Canada,Yair,male,100,4
Georgeta,France,Georgeta,female,75,4
Anna,Austria,Anna,female,98,1243
Kathrin,USA,Kathrin,female,94,52
Zachary,Germany,Zachary,male,97,33
Zhengwei,USA,Zhengwei,unknown,50,2
Jianfeng,Germany,Jianfeng,male,75,4
Sami,USA,Sami,female,57,921
Harsha,Germany,Harsha,male,67,3
Lianbing,Germany,Lianbing,male,75,4
Osama,USA,Osama,male,99,226
Yoh,USA,Yoh,male,100,4
Christopher,Germany,Christopher,male,99,3075
Congyang,USA,,,,
Claire,USA,Claire,female,99,3578
Brian,China,Brian,male,99,391
Xiaoping,France,Xiaoping,male,100,3
Mathilde,Italy,Mathilde,female,100,17
Luca,USA,Luca,male,100,12754
Yuk,USA,Yuk,male,100,4
Kamil,Singapore,Kamil,male,100,4
Wei,Canada,Wei,male,72,71
Paul,USA,Paul,male,100,28746
Manuel,France,Manuel,male,98,4322
Abdelkrim,China,Abdelkrim,male,99,1208
Chun-Hua,Germany,Hua,male,70,10
Saravanan,USA,Saravanan,male,99,107
Zhong-Xing,France,Zhong,male,90,10
Nathalie,Germany,Nathalie,female,98,1033
Peter,"Republic of Korea",Peter,male,99,146529
Seung-Kon,Denmark,Seung-Kon,male,89,1040
Martin,Germany,Martin,male,99,14619
C,UK,,,,
Richard,Germany,Richard,male,99,2147
Nicolas,Germany,Nicolas,male,100,664
Christiane,Japan,Christiane,female,100,3
Yuta,Germany,Yuta,female,75,4
Xiaoqing,China,Xiaoqing,female,74,50
Chen,Japan,Chen,male,63,62
Ichiro,USA,Ichiro,male,100,14
Yu,USA,Yu,male,64,274
Matt,Japan,Matt,male,100,154
Takaaki,USA,Takaaki,male,100,6
Mohand,Germany,Mohand,male,100,7
Roland,UK,Roland,male,99,22308
Michael,Japan,Michael,male,99,446
Wei,Japan,Wei,male,70,53
Ahsanullah,Switzerland,Ahsanullah,male,100,21
Christian,India,Christian,male,100,48300
Sairam,Germany,Sairam,male,75,4
Julia,China,Julia,female,100,430
Dapeng,Korea,Dapeng,male,100,27
Jungki,Japan,Jungki,male,91,11
Naiwei,USA,Naiwei,female,75,4
Yan,Italy,Yan,male,80,71
Debora,Germany,Debora,female,97,113
Artur,China,Artur,male,100,8
Yimin,Switzerland,Yimin,male,80,55
Jan,Japan,Jan,male,81,53
Yong-Shu,USA,Yong,male,82,158
Sebyung,Germany,Sebyung,male,75,4
Dieter,Italy,Dieter,male,100,23
Giulio,Germany,Giulio,male,97,79
Michael,Australia,Michael,male,100,3838
Alan,USA,Alan,male,100,8296
Ashlee,USA,Ashlee,female,98,1388
Wangyang,Japan,Wangyang,male,90,21
Rongjun,Germany,Rongjun,male,100,4
Andreas,China,Andreas,male,100,46
Song,UK,Song,male,100,74
Kathleen,China,Kathleen,female,98,40
Bohua,USA,Bohua,male,75,4
Fuat,USA,Fuat,male,100,17
Nichole,Japan,Nichole,female,88,8
Yasushi,Germany,Yasushi,male,99,226
Shenglai,Germany,Shenglai,male,100,4
Michael,France,Michael,male,98,11452
Stéphane,USA,Stéphane,male,96,48
Srijanani,China,Srijanani,female,75,4
Zhuangzhi,Japan,,,,
Yoshihiro,Germany,Yoshihiro,male,100,383
Thorben,France,Thorben,male,75,4
Dominique,Germany,Dominique,female,55,626
Ramon,Germany,Ramon,male,99,544
Ali,Japan,Ali,male,91,164
Satoshi,Korea,Satoshi,male,99,1177
Byoung,China,Byoung,male,98,42
Xiaoqing,USA,Xiaoqing,female,100,8
James,USA,James,male,100,47200
Hui,Israel,Hui,unknown,50,2
Roman,Japan,Roman,male,100,7094
Shigeru,France,Shigeru,male,75,4
Alexis,Germany,Alexis,male,74,224
Eric,Korea,Eric,male,99,121922
Jaesung,Germany,Jaesung,male,75,4
Bijan,UK,Bijan,male,98,774
Guillaume,China,Guillaume,male,98,51
Lingling,USA,Lingling,female,88,8
Yuying,Korea,Yuying,female,88,42
Soo,Germany,Soo,male,56,18
Pilar,Canada,Pilar,female,100,12
Jason,Denmark,Jason,male,98,44
Hao,USA,Hao,male,91,219
Doralyn,Switzerland,Doralyn,female,100,9
Raffael,Japan,Raffael,male,75,4
Shun,China,Shun,male,78,36
Hao,USA,Hao,male,91,219
Bryon,USA,Bryon,male,100,2652
Jun,UK,Jun,male,88,6829
Jun,Germany,Jun,male,85,52
Barbara,USA,Barbara,female,99,10328
Aaron,USA,Aaron,male,100,19401
Yi,Germany,Yi,female,100,15
Atanu,Germany,Atanu,male,100,709
Pierre,UK,Pierre,male,99,64439
John,USA,John,male,100,65535
Steven,Sweden,Steven,male,98,126
Elizabeth,Spain,Elizabeth,female,98,2322
Patricia,USA,Patricia,female,98,10050
Wei,Germany,Wei,male,61,62
Angelika,Germany,Angelika,female,98,2508
Peter,China,Peter,male,99,1605
Dingbin,USA,Dingbin,male,75,4
Joshua,Netherlands,Joshua,male,100,377
Wim,Germany,Wim,male,98,62
Anne,USA,Anne,female,99,5550
Shuang,USA,Shuang,female,51,39
Wei,Germany,Wei,male,61,62
Anukul,China,Anukul,male,98,94
Dawei,Italy,Dawei,male,95,164
Carlo,USA,Carlo,male,100,2765
Hao,Argentina,Hao,male,84,2105
Andrea,Canada,Andrea,female,95,1100
Bradford,France,Bradford,male,100,3
Hervé,Korea,Hervé,male,98,8726
Jae,Switzerland,Jae,male,100,3
Min,USA,Min,male,56,258
Christina,Korea,Christina,female,94,36391
Jamespandi,USA,,,,
Zhaohua,"South Korea",Zhaohua,male,85,13
Sunghyun,Japan,Sunghyun,male,75,4
Yasunori,Australia,Yasunori,male,99,126
Brigitte,USA,Brigitte,female,99,370
Dipanjan,Germany,Dipanjan,male,100,318
Jenny,Spain,Jenny,female,98,3014
Xavier,Japan,Xavier,male,94,33
Yoshihito,Germany,Yoshihito,male,100,77
Sylvia,Germany,Sylvia,female,99,2579
Holger,France,Holger,male,100,10
Loïc,Korea,Loïc,male,99,3211
Bidyut,USA,Bidyut,male,100,3
Sung,USA,Sung,male,85,114
Wei,Korea,Wei,male,73,4003
Jae-Hyun,Canada,Hyun,male,80,5
Amir,Japan,Amir,male,94,33
Hidehiro,USA,Hidehiro,male,75,4
Liana,Canada,Liana,female,100,39
David,USA,David,male,100,65535
Lauren,Germany,Lauren,female,92,110
Andreas,Japan,Andreas,male,100,21
Takahiko,UK,Takahiko,male,100,56
Merle,USA,Merle,male,66,191
Dan,Denmark,Dan,male,99,368
Kristoffer,Germany,Kristoffer,male,100,23
Jordi,Germany,Jordi,male,95,58
Chen,USA,Chen,male,61,302
Nico,Japan,Nico,male,71,59
Yoshihiro,Korea,Yoshihiro,male,100,383
Haiying,UK,Haiying,female,74,53
Daniel,USA,Daniel,male,100,35866
Shangdong,USA,Shangdong,male,75,4
Amitabha,Canada,Amitabha,male,97,118
Thomas,Japan,Thomas,male,99,151
Akito,Switzerland,Akito,male,92,126
Wee,Japan,Wee,male,74,826
Ken-ichi,Japan,Ken-Ichi,male,100,27
Linfeng,China,Linfeng,male,89,19
Ying-Feng,USA,Ying,female,85,200
Mark,Austria,Mark,male,100,48064
Holger,México,Holger,male,99,4992
Cecilia,France,Cecilia,female,97,1856
Charles,China,Charles,male,98,557
Dan-Qian,Japan,Dan,male,95,169
Shinji,Japan,Shinji,male,99,394
Takuya,Japan,Takuya,male,100,1004
Michito,UK,Michito,male,100,11
Ian,Germany,Ian,male,99,227
Ruili,Switzerland,Ruili,female,75,4
Marco,USA,Marco,male,99,2827
Pamela,China,Pamela,female,100,55
Long,USA,Long,male,100,89
Omar,Korea,Omar,male,98,63048
Ji-Hyung,USA,Hyung,male,88,16
Paul,USA,Paul,male,100,28746
Liam,China,Liam,male,97,37
Jian,Israel,Jian,male,89,1215
Johann,Singapore,Johann,male,100,10
Yun-Long,USA,Long,male,100,89
John,USA,John,male,100,65535
Radu,Switzerland,Radu,male,100,10
Simon,Germany,Simon,male,99,4069
Corinna,USA,Corinna,female,98,220
Peng,Japan,Peng,male,75,16
Megumi,Singapore,Megumi,female,75,4
Zhiyong,Germany,Zhiyong,male,99,75
Luigi,Germany,Luigi,male,99,536
Magnus,France,Magnus,male,94,34
Thai,UK,Thai,male,81,1695
Dragoslav,USA,Dragoslav,male,75,4
Juan,USA,Juan,male,99,7532
Jason,Germany,Jason,male,99,1015
Lars,Japan,Lars,male,100,6
Bao-Hua,China,Bao,male,62,133
Yi-Zhou,USA,Zhou,male,68,47
Stephen,UK,Stephen,male,99,46085
Derren,Korea,Derren,male,99,69
Eunji,Korea,Eunji,female,97,205
Tae,Switzerland,Tae,male,81,1036
Kirsten,UK,Kirsten,female,97,5399
Ann,Germany,Ann,female,93,412
Daniel,UK,Daniel,male,99,257742
Miłosz,USA,Miłosz,male,100,920
Masayuki,Korea,Masayuki,male,99,597
Minkee,UK,Minkee,male,75,4
John,Canada,John,male,100,4453
M,Germany,,,,
Yuliya,France,Yuliya,female,97,29
Marie,UK,Marie,female,97,110430
Deborah,France,Deborah,female,97,2948
Kévin,USA,Kévin,male,100,11
Liqing,"United Kingdom",Liqing,female,75,4
Luis,USA,Luis,male,100,8179
Romas,Japan,Romas,male,98,329
Masaki,China,Masaki,unknown,50,4
Xiao-Liang,Germany,Liang,male,78,9
Manfred,Japan,Manfred,male,99,7550
Benoît,Japan,Benoît,male,100,3
Shin,Germany,Shin,male,90,20
Georgy,Germany,Georgy,male,100,10
Karl,USA,Karl,male,100,2609
Christopher,Germany,Christopher,male,99,3075
Horst,USA,Horst,male,97,31
Eric,Austria,Eric,male,100,125
Thomas,Italy,Thomas,male,99,3053
Maurizio,China,Maurizio,male,100,20
Feng,USA,Feng,male,84,104
Jacob,Germany,Jacob,male,96,304
Helge,China,Helge,female,54,2126
Bin,USA,Bin,male,83,140
Qiao,Japan,Qiao,male,67,3
Kaoru,Japan,Kaoru,male,55,301
Ritsuki,UK,Ritsuki,male,67,3
Christophe,USA,Christophe,male,100,249
Dan,Korea,Dan,male,97,61524
Young-Kwan,China,Kwan,male,83,18
Huanhuan,Germany,Huanhuan,female,74,31
Despina,Poland,Despina,female,98,657
Joanna,UK,Joanna,female,98,34331
Kadhum,USA,Kadhum,male,75,4
Amy,Germany,Amy,female,97,346
Dominik,USA,Dominik,male,100,5078
Jian,China,Jian,male,93,610
Lixuan,USA,Lixuan,female,69,13
Peng,Canada,Peng,male,85,20
Francoise,Germany,Francoise,female,100,25
Sebastian,China,Sebastian,male,96,67
Miao,University,Miao,female,61,531
Huy,Canada,Huy,male,100,18
Jérôme,China,Jérôme,male,100,5
Dongbing,Netherlands,,,,
Tushar,Singapore,Tushar,male,100,10
Siti,Singapore,Siti,female,98,298
Jianhui,Japan,Jianhui,male,90,30
Masumi,USA,Masumi,female,88,8
Michael,Poland,Michael,male,99,502
Natasza,Germany,Natasza,female,100,6
Wolfgang,Japan,Wolfgang,male,100,11
Yingjie,Japa,Yingjie,male,71,62
Takamichi,Netherlands,Takamichi,male,100,23
Arnold,Japan,Arnold,male,100,20
Yan,Germany,Yan,female,100,29
Violeta,Switzerland,Violeta,female,94,36
Roland,Germany,Roland,male,99,3490
Bastian,France,Bastian,male,99,156
Abdou,Sweden,Abdou,male,94,33
Hans,USA,Hans,male,99,791
Guozhu,USA,Guozhu,male,75,4
Joseph,Germany,Joseph,male,99,432
Fabian,Germany,Fabian,male,99,4595
Simon,Spain,Simon,male,97,1185
José,Belgium,José,male,94,555
Guillaume,Switzerland,Guillaume,male,99,339
Christof,Fax:,Christof,male,99,1226
Jeremiah,Germany,Jeremiah,male,100,8
Antje,USA,Antje,female,96,26
Robert,France,Robert,male,95,9988
Jean-Daniel,Sweden,Daniel,male,99,6702
Anders,Netherlands,Anders,male,89,28
Wim,Germany,Wim,male,98,62
Katharina,Germany,Katharina,female,98,3998
Stefan,UK,Stefan,male,98,50890
Olav,Japan,Olav,male,100,3
Masami,Japan,Masami,male,57,212
Mamoru,China,Mamoru,male,97,165
Huibin,Korea,Huibin,male,75,16
Jung-Pyo,Greece,Jung-Pyo,male,100,4
Christos,Germany,Christos,male,100,272
Axel,Switzerland,Axel,male,99,134
Serpil,Germany,Serpil,female,96,345
Koichi,Germany,Koichi,female,75,4
Hui,Denmark,Hui,unknown,50,2
Jakob,USA,Jakob,male,100,3859
Kaveri,France,Kaveri,female,87,240
Wei,France,Wei,male,59,70
Gwendal,Canada,Gwendal,male,75,4
Jai,USA,Jai,male,67,366
Keith,USA,Keith,male,100,10807
Heather,China,Heather,female,100,58
Dongpeng,Australia,Dongpeng,male,100,5
Brendan,Germany,Brendan,male,100,21
Hans,USA,Hans,male,99,791
Noah,Australia,Noah,male,96,73
Simon,USA,Simon,male,99,2413
Matthew,Germany,Matthew,male,99,616
Marion,Japan,Marion,unknown,50,6
Yan,Canada,Yan,male,87,175
Bradley,Japan,Bradley,male,100,12
Naohiko,Germany,Naohiko,male,100,20
Dieter,Japan,Dieter,male,75,4
Akinari,Japan,Akinari,male,100,9
Masaaki,Japan,Masaaki,male,100,226
Masahiro,UK,Masahiro,male,100,783
Gregor,"Republic of Korea",Gregor,male,99,3274
Young,Israel,Young,male,100,51
Keren,Italy,Keren,female,91,11
Marco,Germany,Marco,male,99,12863
Amaresh,China,Amaresh,male,99,375
Zhenhua,Germany,Zhenhua,male,79,67
Michael,China,Michael,male,99,1989
Haifeng,Japan,Haifeng,male,75,4
Jing,USA,Jing,female,76,249
Balasubramanian,USA,Balasubramanian,male,100,14
Sang,France,Sang,male,74,27
Raymond,France,Raymond,male,97,2736
Gérard,Germany,Gérard,male,100,33
Holger,USA,Holger,male,100,54
Ashootosh,Switzerland,,,,
Arjan,USA,Arjan,male,97,36
Chungang,Germany,Chungang,male,100,3
Christoph,Japan,Christoph,male,100,6
Yasuhiro,Germany,Yasuhiro,male,100,455
Michael,Germany,Michael,male,100,30913
Bing,Germany,Bing,male,61,18
Zohreh,Yonsei,Zohreh,female,99,551
Yong-beom,USA,Yong,male,82,158
James,China,James,male,98,1570
Yong-Biao,France,Biao,male,100,3
Yann,China,Yann,male,89,44
Wei,Singapore,Wei,male,80,153
K,Germany,,,,
Lukas,"United Kingdom",Lukas,male,99,575
Jasmin,Korea,Jasmin,female,93,26392
Hyeonseok,USA,Hyeonseok,male,100,16
W,China,,,,
Huan-Ming,China,Ming,male,83,826
Xiangdong,USA,Xiangdong,male,75,4
Brooke,Germany,Brooke,female,100,21
Kamal,USA,Kamal,male,95,389
Toshiki,Denmark,Toshiki,male,99,161
Helle,France,Helle,female,95,20
Stéphanie,USA,Stéphanie,female,95,40
Bart,Germany,Bart,male,98,113
Björn,China,Björn,male,75,4
Haixiang,Switzerland,Haixiang,male,89,9
Renske,USA,Renske,female,99,294
John,Israel,John,male,99,190
Assaf,Japan,Assaf,male,99,398
Masahiro,USA,Masahiro,male,100,29
Ginger,Singapore,Ginger,female,80,10
Herry,Korea,Herry,male,98,2066
Chang,Germany,Chang,male,88,8
Tetyana,Switzerland,Tetyana,female,100,4
Justus,Germany,Justus,male,98,194
Arno,USA,Arno,male,98,44
Changfeng,Germany,Changfeng,male,100,7
Marija,Germany,Marija,female,98,157
Peter,China,Peter,male,99,1605
Jincan,Japan,Jincan,male,67,3
Koji,Germany,Koji,male,100,8
Günter,France,Günter,male,100,5
Christophe,Germany,Christophe,male,97,104
Manfred,Japan,Manfred,male,99,7550
Yoshiki,UK,Yoshiki,male,98,293
Kara,France,Kara,male,70,266
Eva,USA,Eva,female,99,2294
Hui,USA,Hui,female,51,102
K,UK,,,,
Sohail,USA,Sohail,male,100,96
Jian,Sweden,Jian,male,83,6
Haakan,USA,Haakan,male,91,22
K,USA,,,,
Daniel,Spain,Daniel,male,99,25559
Sergio,Korea,Sergio,male,99,81526
Seok,USA,Seok,unknown,50,2
Lai,USA,Lai,unknown,50,72
Brandon,USA,Brandon,male,100,21063
David,Australia,David,male,100,4352
Erinna,Germany,Erinna,female,95,21
Stefan,India,Stefan,male,100,36
Vaibhav,USA,Vaibhav,male,100,111
Robert,"United Kingdom",Robert,male,99,14150
Neil,Germany,Neil,male,98,123
Anke,Germany,Anke,female,98,2081
Erhard,France,Erhard,male,60,5
Mathieu,USA,Mathieu,male,99,179
Xiaodong,USA,Xiaodong,male,89,18
Uriah,Germany,Uriah,male,75,4
Sina,USA,Sina,male,61,138
Nurxat,Japan,Nurxat,male,75,4
Natsumi,Germany,Natsumi,female,97,271
Andrew,USA,Andrew,male,100,34858
Maximilian,Canada,Maximilian,male,100,12
Michael,Italy,Michael,male,99,4713
Chryssostomos,Korea,,,,
Haye,USA,Haye,male,82,49
Laura,USA,Laura,female,99,21696
Thibault,USA,Thibault,male,100,25
Farhan,India,Farhan,male,100,925
Dhiraj,Germany,Dhiraj,male,100,3
Philipp,France,Philipp,male,100,85
Ali,UK,Ali,male,94,240857
Valeria,Netherlands,Valeria,female,100,43
Hana,USA,Hana,female,99,4420
Haiyan,USA,Haiyan,female,100,12
Tommaso,China,Tommaso,male,75,4
Jia-Qiang,USA,Qiang,male,95,40
Yixin,Germany,Yixin,male,52,73
Constantin,Japan,Constantin,male,75,4
Satoru,China,Satoru,male,100,3
Yongqiang,Germany,Yongqiang,male,75,4
Thomas,Italy,Thomas,male,99,3053
Leonard,Spain,Leonard,male,96,113
Antonio,USA,Antonio,male,99,4554
Katrina,China,Katrina,female,100,105
Xin-Yuan,USA,Xin,male,63,194
Ying,Austria,Ying,female,67,3
Ingrid,Taiwan,Ingrid,female,100,41
Subramaniyan,Hungary,Subramaniyan,male,100,42
István,Switzerland,István,male,100,17
Leo,Germany,Leo,male,94,1877
Markus,Netherlands,Markus,male,100,95
Emiel,Germany,Emiel,male,100,7
Jiaobing,Finland,,,,
Isabel,Netherlands,Isabel,female,97,222
Pierre-Alain,USA,Pierre-Alain,male,100,3
Aleksandra,Switzerland,Aleksandra,female,97,59
Manfred,"United Kingdom",Manfred,male,100,27
Jonathan,Japan,Jonathan,male,100,149
Toshimichi,Germany,Toshimichi,male,100,9
Jan,USA,Jan,female,77,3645
Xiang,China,Xiang,male,76,414
Shu-Guang,Germany,Guang,male,100,3
Thorsten,Japan,Thorsten,male,99,5261
Abu,"South Korea",Abu,male,100,4
Punna,USA,Punna,female,75,4
Paul,Japan,Paul,male,100,242
Zhihua,Japan,Zhihua,male,84,44
Yukie,Spain,Yukie,female,75,4
Carmen,Germany,Carmen,female,98,2316
Yi-Hung,Germany,Hung,male,100,35
Christian,France,Christian,male,100,48300
Peng,USA,Peng,male,91,133
Stephen,UK,Stephen,male,99,46085
Michael,USA,Michael,male,100,65535
Bingjun,China,Bingjun,male,100,3
Xiaoman,USA,Xiaoman,female,75,4
Seraphine,China,Seraphine,female,75,4
Lei,USA,Lei,male,57,231
Wayne,Germany,Wayne,male,89,215
Nadine,Germany,Nadine,female,98,8665
Hendrik,USA,Hendrik,male,100,61
Pedro,Germany,Pedro,male,99,769
Carley,Canada,Carley,female,97,30
Meghan,Japan,Meghan,female,100,4
Fuyuhiko,China,Fuyuhiko,male,100,4
Yong,Germany,Yong,male,75,12
Alexander,Japan,Alexander,male,100,115
Keisuke,Canada,Keisuke,male,100,3
Tristram,Germany,Tristram,male,75,4
Andreas,Germany,Andreas,male,99,21215
Jian-Qiang,Germany,Qiang,male,100,4
Christian,China,Christian,male,100,48300
Na,Canada,Na,female,100,7
Richard,Japan,Richard,male,99,237
Kenji,Germany,Kenji,male,100,17
Bernd,Japan,Bernd,male,75,4
Zhenyu,France,Zhenyu,male,75,4
Olivier,Canada,Olivier,male,100,506
Ahmed,France,Ahmed,male,97,5426
Joaquim,USA,Joaquim,male,98,57
Zhongliang,UK,Zhongliang,male,100,16
ThaoNguyen,Germany,Thaonguyen,female,94,32
Bruno,Israel,Bruno,male,100,29
Dmitry,UK,Dmitry,male,100,8556
Stephen,Germany,Stephen,male,99,331
Dorothea,Germany,Dorothea,female,99,287
Thomas,Germany,Thomas,male,99,27141
Gunther,China,Gunther,male,100,5
Anjian,Germany,Anjian,male,75,4
Christian,USA,Christian,male,100,48214
Mark,UK,Mark,male,100,48064
Michael,Germany,Michael,male,100,30913
Frank,USA,Frank,male,100,11178
Zhongliang,Japan,Zhongliang,male,100,16
Yong,France,Yong,male,90,21
Artur,UK,Artur,male,99,24643
Christoph,USA,Christoph,male,100,156
Anusree,Italy,Anusree,female,99,125
Cristina,UK,Cristina,female,98,70974
Richard,India,Richard,male,99,667
Sagar,Denmark,Sagar,male,75,4
Lars,USA,Lars,male,100,401
David,France,David,male,98,65535
Jérôme,Germany,Jérôme,male,100,62
Christian,Canada,Christian,male,100,48300
Alena,USA,Alena,female,100,5470
Feng,Ireland,Feng,male,81,1386
Xiangming,Switzerland,Xiangming,male,100,9
Oleg,Germany,Oleg,male,99,393
Alexandros,France,Alexandros,male,100,15
Anaïs,Canada,Anaïs,female,100,20
Ya-Bin,USA,Bin,male,83,140
Sang,China,Sang,male,64,33
Zhishen,Japan,Zhishen,male,100,4
Taichi,Germany,Taichi,male,75,4
Basit,UK,Basit,male,98,871
Hans,Germany,Hans,male,97,10718
Holger,Germany,Holger,male,100,4362
Horst,Germany,Horst,male,98,3472
Saroj,USA,Saroj,male,69,39
Brian,USA,Brian,male,100,40133
Jerry,Germany,Jerry,male,97,312
Dmitry,Korea,Dmitry,male,100,8556
Hyoung,France,Hyoung,male,97,34
Lucile,UK,Lucile,female,97,2685
Chris,Switzerland,Chris,male,92,1676
Yi-Xia,France,Xia,female,71,24
Min,France,Min,female,58,81
Alexandrine,USA,Alexandrine,female,100,4
Bennett,Germany,Bennett,male,100,14
Elangovan,Germany,Elangovan,male,99,206
Heqing,Germany,Heqing,female,56,9
Ljiljana,Spain,Ljiljana,female,100,4
Xavier,Netherlands,Xavier,male,100,106
Daan,USA,Daan,male,100,13
Jishan,Japan,Jishan,male,97,108
Toshihiko,USA,Toshihiko,male,100,6
Changduk,Korea,Changduk,male,75,4
Yong-beom,USA,Yong,male,82,158
Aihua,Germany,Aihua,female,75,4
Markus,Germany,Markus,male,99,15230
Ghenadie,Germany,Ghenadie,male,75,4
Nathanaëlle,Japan,Nathanaëlle,female,93,45
Itaru,Japan,Itaru,male,100,32
Ryuhei,UK,Ryuhei,male,100,29
Jamshed,USA,Jamshed,male,100,9
Jugal,Sweden,Jugal,male,100,387
Brigitte,Singapore,Brigitte,female,100,3
Da,China,Da,male,91,75
Zhi-Ming,Japan,Zhi,male,100,3
Nao,Japan,Nao,male,65,558
Hiroyuki,Germany,Hiroyuki,male,100,5
Pablo,Netherlands,Pablo,male,99,279
Ulrik,USA,Ulrik,male,100,5
Tomasz,Spain,Tomasz,male,99,76
José,Italy,José,male,97,118
Pier,Germany,Pier,male,95,41
Arne,France,Arne,male,95,20
Chloé,France,Chloé,female,97,5215
Céline,Denmark,Céline,female,75,4
Jared,USA,Jared,male,100,7077
Matthias,USA,Matthias,male,100,3407
Sungsik,Germany,Sungsik,male,100,18
Thomas,Germany,Thomas,male,99,27141
Dominik,Germany,Dominik,male,99,5255
Gregor,Canada,Gregor,male,100,20
Oleg,Germany,Oleg,male,99,393
Wolfgang,UK,Wolfgang,male,99,10782
Richard,Germany,Richard,male,99,2147
Elena,Germany,Elena,female,98,1805
Anne,UK,Anne,female,98,48855
Sam,USA,Sam,male,87,13872
Hongmei,USA,Hongmei,female,100,8
Lanny,USA,Lanny,male,90,140
Manuel,Spain,Manuel,male,99,38516
David,Canada,David,male,100,5841
Cheng,China,Cheng,male,79,655
Jing,Canada,Jing,female,70,37
Kersten,UK,Kersten,male,64,149
Karaked,"New Zealand",Karaked,female,94,16
Andrew,Scotland,Andrew,male,99,82448
Simon,Germany,Simon,male,99,4069
Kristina,Korea,Kristina,female,98,18828
Yong-Min,USA,Yong,male,82,158
J,USA,,,,
Hyun,Netherlands,Hyun,male,82,1161
Robert,Germany,Robert,male,99,8458
Stefan,Belgium,Stefan,male,99,1063
Antoine,UK,Antoine,male,99,33499
Alister,UK,Alister,male,97,400
Amaruka,USA,,,,
Xiaoxing,USA,Xiaoxing,female,56,9
Suwei,UK,Suwei,male,64,11
Alistair,USA,Alistair,male,95,110
Yibing,Slovenia,Yibing,male,56,18
Gasper,Canada,Gasper,male,75,4
Maxym,Japan,Maxym,male,98,93
Hirofumi,"South Korea",Hirofumi,male,99,171
Chiyoung,Korea,Chiyoung,male,75,8
Jihae,UK,Jihae,female,94,32
Warren,Japan,Warren,male,100,12
Masayuki,USA,Masayuki,male,100,8
Chi,Canada,Chi,male,57,28
Caleb,Korea,Caleb,male,100,6757
Jung-tak,Netherlands,Jung,male,67,3
Tian,USA,Tian,male,57,81
Zhixin,Japan,Zhixin,male,75,4
Masato,USA,Masato,male,100,10
Atul,Israel,Atul,male,99,7264
Galina,Korea,Galina,female,98,4812
Hye,Germany,Hye,female,80,172
Rabea,UK,Rabea,male,58,466
Timothy,Canada,Timothy,male,100,387
Keith,Denmark,Keith,male,100,11
Jakob,USA,Jakob,male,100,3859
Eric,Germany,Eric,male,99,2580
Mark,Germany,Mark,male,100,75
Yongfeng,Switzerland,Yongfeng,male,93,27
Junji,USA,Junji,male,80,5
Donghua,Germany,Donghua,male,88,25
S,USA,,,,
K,China,,,,
Hai-Peng,Singapore,Peng,male,83,41
Bin,USA,Bin,male,83,140
Cheng,Japan,Cheng,male,67,12
Hayato,Japan,Hayato,male,99,313
Manfred,UK,Manfred,male,99,7550
Umar,Sweden,Umar,male,100,10
Per,Switzerland,Per,male,94,16
Valeria,Japan,Valeria,female,100,38
Masaru,Belgium,Masaru,male,99,346
Stéphane,Germany,Stéphane,male,100,38
Gustavo,Germany,Gustavo,male,99,252
Valentin,Germany,Valentin,male,85,549
Holger,Japan,Holger,male,100,4
Kouki,UK,Kouki,male,57,704
Stephen,China,Stephen,male,98,406
Honghua,Germany,Honghua,female,85,52
Raphael,Germany,Raphael,male,98,1038
Martina,USA,Martina,female,100,3334
Ting-Bin,Italy,Bin,male,83,36
Barbara,UK,Barbara,female,98,58381
Frank,Germany,Frank,male,98,16573
Stephanie,Switzerland,Stephanie,female,99,449
Jun-Ho,Japan,Jun,male,93,1455
Yusuke,France,Yusuke,male,90,10
Rémi,Germany,Rémi,male,100,10
Anukul,Germany,Anukul,male,98,94
Tobias,Germany,Tobias,male,100,9929
Nabeen,India,Nabeen,male,100,10
Akhilesh,Germany,Akhilesh,male,75,4
Steffen,Japan,Steffen,male,100,3
Hiroyuki,UK,Hiroyuki,male,100,1050
Ferdous,UK,Ferdous,male,86,238
Michael,Japan,Michael,male,99,446
Takanobu,Spain,Takanobu,male,100,64
Víctor,Germany,Víctor,male,100,5
Ingo,France,Ingo,male,100,22
Tummanapalli,Spain,,,,
Inhar,Australia,Inhar,male,92,13
Martin,China,Martin,male,99,466
Xiaoming,Australia,Xiaoming,male,75,4
Florian,Netherlands,Florian,male,99,125
Xing,Germany,Xing,male,83,6
Hans-Friedrich,USA,Friedrich,male,100,14
Theocharis,USA,Theocharis,male,75,4
Adam,Spain,Adam,male,97,1466
Javier,Germany,Javier,male,99,229
Thomas,UK,Thomas,male,99,129177
James,China,James,male,98,1570
Jian,Germany,Jian,male,90,21
Magnus,Germany,Magnus,male,99,183
Michael,Switzerland,Michael,male,99,3003
Laura,Japan,Laura,female,94,127
Dhande,USA,Dhande,male,75,4
Nicholas,USA,Nicholas,male,100,10460
Jianxiang,Sweden,Jianxiang,male,100,8
Natalie,Spain,Natalie,female,99,200
José,USA,José,male,99,355
Vijaya,USA,Vijaya,female,63,79
Chambers,Sweden,Chambers,male,93,42
Johan,Switzerland,Johan,male,98,143
Manuel,USA,Manuel,male,99,3096
Chambers,Japan,Chambers,male,93,42
Jun-ichiro,Germany,Ichiro,male,100,3
Steffen,USA,Steffen,male,100,91
Jaclyn,Netherlands,Jaclyn,female,100,5
Halil,France,Halil,male,98,261
Lapo,China,Lapo,male,97,344
Wei,Switzerland,Wei,male,94,16
Haoxi,UK,Haoxi,male,67,3
Yann,Korea,Yann,male,98,17007
Soyoung,USA,Soyoung,female,93,14
Zhen,Japan,Zhen,male,56,9
Ryuhei,Japan,Ryuhei,male,100,27
Tetsuyuki,USA,Tetsuyuki,male,100,5
Jennifer,USA,Jennifer,female,99,41490
Hemamala,Switzerland,,,,
See-How,Germany,See,male,68,31
Daniella,Japan,Daniella,female,100,13
Takeshi,Germany,Takeshi,male,100,11
Michiel,Canada,Michiel,male,75,4
Zengming,USA,Zengming,male,75,4
Rei,Korea,Rei,male,61,985
Dong-Je,Germany,Dong,male,90,10
Svetlana,Germany,Svetlana,female,98,349
Stephan,France,Stephan,male,98,1417
Elodie,USA,Elodie,female,98,82
Amanda,China,Amanda,female,99,584
Banglin,Japan,,,,
Shuhei,Switzerland,Shuhei,male,100,229
Theo,USA,Theo,male,95,610
Young-Hyuk,China,Hyuk,male,100,5
Pei-Ci,Australia,Pei-Ci,female,62,855
Mohanchand,France,Mohanchand,male,75,4
Thibaud,UK,Thibaud,male,98,1502
Yingjian,Germany,Yingjian,male,100,5
Waldemar,UK,Waldemar,male,99,3987
Nick,Austria,Nick,male,98,111
Srinivas,Korea,Srinivas,male,100,5725
Sung-Yoon,Austria,Sung-Yoon,male,100,3
Hana,Germany,Hana,female,91,168
Nattawadee,Japan,Nattawadee,female,97,38
Yuta,Switzerland,Yuta,male,97,846
Florian,USA,Florian,male,99,159
Wenbin,Germany,Wenbin,male,75,4
Rui-Qi,USA,Rui,male,81,256
Kemin,Spain,Kemin,male,94,18
Ana,Hungary,Ana,female,97,38
Péter,USA,Péter,male,100,23
Jason,Spain,Jason,male,99,481
María,China,María,female,75,4
Hai-Lin,Germany,Hai,male,87,54
Jan,USA,Jan,female,77,3645
Kousik,Germany,Kousik,male,75,4
Till,Switzerland,Till,male,100,100
Sara,Taiwan,Sara,female,97,128
Masilamani,Australia,Masilamani,male,71,21
Andrew,China,Andrew,male,99,519
Xiaowei,Japan,Xiaowei,female,75,4
Daisuke,China,Daisuke,male,90,10
Ting,UK,Ting,female,68,1693
V,USA,,,,
Junhua,USA,Junhua,male,75,4
Oleg,Japan,Oleg,male,100,16
Hiroaki,UK,Hiroaki,male,100,552
Romain,Ireland,Romain,male,100,9
Jacek,Canada,Jacek,male,100,10
Wolfram,Germany,Wolfram,male,100,256
Georg,China,Georg,male,100,3
Xiaowei,China,Xiaowei,male,64,101
Yan,Israel,Yan,male,96,47
Ronit,Canada,Ronit,male,60,5
Daniel,China,Daniel,male,99,1130
Kelong,China,Kelong,male,75,4
Weizheng,USA,Weizheng,male,100,6
Matthew,Germany,Matthew,male,99,616
C,USA,,,,
Younan,UK,Younan,male,98,40
Guoxiong,USA,Guoxiong,male,100,6
Elamprakash,USA,,,,
Samuel,USA,Samuel,male,100,6468
Leleti,Germany,Leleti,female,100,3
Christian,Germany,Christian,male,100,86
Yong-Sheng,USA,Yong,male,82,158
Pamela,"Republic of Korea",Pamela,female,98,26501
Jeong-Wook,Germany,Jeong,female,75,4
Oriol,Canada,Oriol,male,75,4
Vipraja,Japan,Vipraja,female,75,4
Da-Yu,Germany,Da,male,77,540
Lutz,Chin,Lutz,male,98,1744
Xue-Liang,Japan,Liang,male,100,9
Shiro,USA,Shiro,male,65,31
John,Korea,John,male,99,219085
Jongmin,Switzerland,Jongmin,male,99,138
Marc,France,Marc,male,98,27772
Hamid,Spain,Hamid,male,98,933
Ramon,USA,Ramon,male,100,1534
Eddie,Japan,Eddie,male,96,49
Yoshihisa,Germany,Yoshihisa,male,100,87
Christian,Switzerland,Christian,male,100,48300
Fabian,France,Fabian,male,99,603
Manon,Scotland,Manon,female,97,13185
Stephen,USA,Stephen,male,100,16681
Matthew,Germany,Matthew,male,99,616
Gregor,USA,Gregor,male,100,91
Craig,Israel,Craig,male,75,4
Anat,France,Anat,female,73,11
Mathieu,Israel,Mathieu,male,75,4
Johann,France,Johann,male,98,2886
Laure,Dublin,Laure,female,97,12149
Gerard,USA,Gerard,male,100,4721
Zhenyu,Germany,Zhenyu,male,75,4
Hans-Dieter,Japan,Hans,male,95,22
Daisuke,Germany,Daisuke,male,89,9
Andrés,Israel,Andrés,male,75,4
Ronen,France,Ronen,male,75,4
Adeline,USA,Adeline,female,100,10791
Matthew,USA,Matthew,male,100,30646
Bin,UK,Bin,male,89,2162
Daniel,Japan,Daniel,male,99,580
Kenzo,Germany,Kenzo,male,100,32
Bruno,USA,Bruno,male,100,3887
Suck,USA,,,,
Zhen,Japan,Zhen,male,56,9
Naoki,Poland,Naoki,male,75,4
Daniel,China,Daniel,male,99,1130
Yao,USA,Yao,male,65,88
Joel,France,Joel,male,98,8077
