"First Name",Country,ga_first_name,ga_gender,ga_accuracy,ga_samples
Baiju,India,Baiju,male,99,314
Shan,Anhui,Shan,male,73,4252
Vladimir,,Vladimir,male,99,21639
Rachel,,Rachel,female,98,41104
Nerea,,Nerea,female,98,5034
Anxiang,USA,Anxiang,female,75,4
Zhiyong,Beijing,Zhiyong,male,99,75
Irene,,Irene,female,98,30206
Holger,Sussex,Holger,male,99,4992
Zhikun,Shanghai,Zhikun,male,100,6
Wenyang,USA,Wenyang,male,60,5
Tetsuya,Sendai,Tetsuya,male,98,570
Dmytro,,Dmytro,male,100,701
Yang,Beijing,Yang,male,67,4256
Kalyan,,Kalyan,male,99,2019
Christiana,,Christiana,female,98,4638
Sambasiva,USA,Sambasiva,male,75,4
Ralf,USA,Ralf,male,100,101
Min,,Min,male,65,4933
Yumei,Taiwan,Yumei,female,100,6
Yu,Cambridge,Yu,male,63,3415
Zhijun,,Zhijun,male,91,55
Maximilian,,Maximilian,male,99,5404
Jiale,SP,Jiale,male,78,40
Jia-Quan,Wuhan,Jia-Quan,male,65,3063
Xiongyi,Wuhan,Xiongyi,male,75,4
Zhuojun,Wuhan,Zhuojun,male,57,14
Maxence,Switzerland,Maxence,male,55,11
Jose,UK,Jose,male,97,148383
Sheng-Chun,USA,Chun,male,71,52
Chun-Yang,China,Yang,male,65,1965
Yanchuan,USA,Yanchuan,male,75,4
Jia,China,Jia,female,54,498
Sungeun,"Republic of Korea",Sungeun,female,54,54
Yuzhuo,China,Yuzhuo,female,67,3
Yaoxin,Australia,Yaoxin,female,75,4
Guosheng,China,Guosheng,male,100,3
Yun,China,Yun,female,53,415
Jintao,China,Jintao,male,91,11
Young,"Republic of Korea",Young,male,100,51
Kalinka,Canada,Kalinka,female,94,163
Ran,China,Ran,male,51,220
Xi-Yan,China,Yan,female,69,1535
Pu,China,Pu,male,70,43
Lindsay,Australia,Lindsay,male,66,157
Reiner,UK,Reiner,male,99,1526
Wentao,USA,Wentao,male,71,7
Julia,Germany,Julia,female,98,8793
Ya,USA,Ya,female,54,48
Nicholas,Korea,Nicholas,male,100,21206
Tristan,France,Tristan,male,98,3168
Young,USA,Young,male,100,51
Bishnupada,Austria,Bishnupada,male,100,19
Rong,USA,Rong,male,52,60
Takaoki,China,Takaoki,male,75,4
Kun,Switzerland,Kun,male,67,3
Marcus,Deutschland,Marcus,male,99,25073
Hannes,Germany,Hannes,male,99,1213
Markus,Switzerland,Markus,male,99,1931
Yusuke,Korea,Yusuke,male,99,1232
Weilong,"South Korea",Weilong,male,97,36
Ferdinand,USA,Ferdinand,male,100,116
Matthew,Germany,Matthew,male,99,616
Fabian,UK,Fabian,male,99,25659
Mark,USA,Mark,male,100,47989
Santanu,China,Santanu,male,100,1272
Xuewen,USA,Xuewen,male,62,13
W,China,,,,
Qian,China,Qian,female,65,385
Yamin,Switzerland,Yamin,male,75,4
Thomas,France,Thomas,male,98,35110
Vincent,Canada,Vincent,male,99,738
Maxime,USA,Maxime,male,93,113
Yanfei,Denmark,Yanfei,female,55,31
Erlend,China,Erlend,male,99,287
Shien,Israel,Shien,male,57,44
Neta,China,Neta,unknown,50,2
Annapureddy,UK,Annapureddy,male,63,8
Peter,China,Peter,male,99,1605
Wen,Canada,Wen,male,60,20
Tengfei,Japan,Tengfei,male,95,38
Yohei,Japan,Yohei,male,100,262
Ryunosuke,Germany,Ryunosuke,male,98,57
Philipp,Netherlands,Philipp,male,100,18
Shanmugam,China,Shanmugam,male,99,480
Sibo,China,Sibo,male,75,4
Zhuang,China,Zhuang,male,74,69
Jing,Germany,Jing,female,81,36
Javier,Germany,Javier,male,99,229
Biswajit,France,Biswajit,male,100,4
Etienne,USA,Etienne,male,93,105
Priya,Italy,Priya,female,100,17
Paola,Estonia,Paola,female,98,34326
Kirill,Germany,Kirill,male,100,91
Daniel,France,Daniel,male,98,21161
Alexis,Canada,Alexis,female,55,327
Zhifa,Singapore,Zhifa,male,75,4
Lu,Germany,Lu,female,100,98
Nicholas,Germany,Nicholas,male,99,141
Lucas,USA,Lucas,male,99,3684
Vasudev,Sweden,Vasudev,male,100,314
Ben,China,Ben,male,98,774
Shengli,China,Shengli,male,86,14
Qing-Yu,P R,Qing-Yu,male,59,4143
Xu,USA,Xu,male,69,87
Xiaohu,Germany,Xiaohu,male,75,4
Gui-Rong,Canada,Gui,male,100,11
Zijie,Germany,Zijie,male,89,19
Shinsaku,"Republic of Korea",Shinsaku,male,94,18
Junghoon,USA,Junghoon,male,100,4
Fang,Belgium,Fang,female,75,4
Stefaan,Netherlands,Stefaan,male,100,6
Jess,USA,Jess,female,80,2673
Aakarsh,China,Aakarsh,male,100,76
Wei,China,Wei,male,76,1859
Guangping,"Hong Kong",Guangping,male,80,5
Di,China,Di,male,73,98
An-Jie,Portugal,An,female,59,22
Magdalena,Canada,Magdalena,female,90,31
Jiangtao,Germany,Jiangtao,male,100,3
Tobias,Germany,Tobias,male,100,9929
Gianpiero,Germany,Gianpiero,male,83,12
Jana,Germany,Jana,female,98,4230
Oleg,USA,Oleg,male,99,328
Steven,India,Steven,male,100,213
Amit,France,Amit,male,96,48
Sergey,Japan,Sergey,male,100,16
Julius,Germany,Julius,male,99,489
Kai,Germany,Kai,male,99,5784
Susanne,China,Susanne,female,89,9
Guo-Feng,China,Feng,male,82,850
Chuandong,Japan,Chuandong,male,75,4
Hisanari,Sweden,Hisanari,male,75,4
Jian,UK,Jian,male,89,1215
Franziska,Germany,Franziska,female,98,2591
Max,,Max,male,98,69969
Fa-Guang,Korea,Fa-Guang,male,63,1817
Eunkyung,Switzerland,Eunkyung,female,75,4
Imants,Germany,Imants,male,100,99
Isabel,Japan,Isabel,female,97,58
Yohei,Germany,Yohei,male,99,308
Andreas,Germany,Andreas,male,99,21215
Marcus,France,Marcus,male,98,767
Ophélie,Japan,Ophélie,female,97,2834
Hayato,Germany,Hayato,male,75,4
Alexander,Japan,Alexander,male,100,115
Bernd,India,Bernd,male,100,3
Dimpy,Germany,Dimpy,female,67,125
Sebastian,USA,Sebastian,male,99,1962
Veronika,USA,Veronika,female,98,213
Madalynn,,Madalynn,female,100,6092
Martin,Germany,Martin,male,99,14619
Fatma,China,Fatma,female,93,14
Bo,"South Korea",Bo,male,71,49
Heejin,Australia,Heejin,female,67,3
Jing,Germany,Jing,female,81,36
Silke,Netherlands,Silke,female,91,89
Li,USA,Li,female,50,359
Michael,Germany,Michael,male,100,30913
Markus,Deutschland,Markus,male,99,30782
Elke,USA,Elke,female,100,65
Robert,USA,Robert,male,100,43118
Jonathan,USA,Jonathan,male,100,21578
John,UK,John,male,99,219085
Matthew,USA,Matthew,male,100,30646
Elliot,Japan,Elliot,male,100,9
Ippei,UK,Ippei,male,100,83
Pablo,China,Pablo,male,100,48
Nan,USA,Nan,female,87,420
Peiguang,Canada,Peiguang,male,75,4
Vladimir,USA,Vladimir,male,100,690
Richard,UK,Richard,male,99,97659
Kuntal,Germany,Kuntal,male,75,4
Eko,Poland,Eko,unknown,50,18
Karolina,Canada,Karolina,female,100,35
Brenda,Singapore,Brenda,female,98,59
Zhengqiu,Germany,Zhengqiu,male,75,4
Kolleboyina,China,,,,
Fei,,Fei,male,62,1203
Alessandro,Deutschland,Alessandro,male,99,79631
Axel,Japan,Axel,male,95,19
Yusuke,Denmark,Yusuke,male,99,1232
Michail,Trieste,Michail,male,99,784
Lou,China,Lou,male,65,62
Huamin,France,Huamin,male,71,7
Aurélie,Israel,Aurélie,female,97,17444
Post,UK,,,,
Davy,USA,Davy,male,94,112
Xiaowei,China,Xiaowei,male,64,101
Krishna,Denmark,Krishna,male,100,11
Huibin,,Huibin,male,75,16
Yang,Germany,Yang,male,73,49
Jozef,USA,Jozef,male,98,56
Wei,P R,Wei,male,73,4003
Evangelos,Japan,Evangelos,male,99,420
Wanbin,Germany,Wanbin,female,75,4
Ya-Yi,Netherlands,Ya,male,83,12
Yong-Qiang,USA,Qiang,male,95,40
Matea,USA,Matea,female,60,45
Colin,Germany,Colin,male,97,248
Venkata,Germany,Venkata,male,94,1215
Przemyslaw,Israel,Przemyslaw,male,99,931
Anton,China,Anton,male,98,46
Liat,China,Liat,female,75,4
Hua,Germany,Hua,male,70,10
Richard,USA,Richard,male,100,24609
Thorben,Australia,Thorben,male,75,4
Udeep,,Udeep,male,100,14
Sivaprakash,China,Sivaprakash,male,100,64
Claire,Germany,Claire,female,98,173
Jiajia,Italy,Jiajia,female,67,3
Manuel,UK,Manuel,male,99,96874
André,,André,male,99,25357
Lixu,Germany,Lixu,male,79,14
Yuanming,UK,Yuanming,male,79,14
Christopher,China,Christopher,male,99,128
James,USA,James,male,100,47200
Meifang,USA,Meifang,female,94,18
Luke,India,Luke,male,98,90
Mohammad,USA,Mohammad,male,99,1098
Soumyajit,UK,Soumyajit,male,100,281
Alexander,Australia,Alexander,male,99,379
Hui,China,Hui,male,54,700
Amandeep,India,Amandeep,male,80,1038
Zaifang,,Zaifang,male,75,4
B,France,,,,
Tim,Australia,Tim,male,100,1422
Karine,Tokyo,Karine,female,96,23078
Tian,Germany,Tian,male,74,19
Yasutaka,Xiamen,Yasutaka,male,100,85
Lavinia,USA,Lavinia,female,87,79
Chuanyong,China,Chuanyong,male,75,4
Yongxing,China,Yongxing,male,100,4
Lawrence,,Lawrence,male,98,9892
Xinchen,,Xinchen,male,56,9
Philipp,,Philipp,male,99,8496
Mao,USA,Mao,male,51,47
Dmitry,USA,Dmitry,male,100,349
Amanda,,Amanda,female,98,64384
Ziyang,UK,Ziyang,male,78,40
Avraham,,Avraham,male,99,118
Matthew,USA,Matthew,male,100,30646
Ruocan,USA,,,,
Jillian,,Jillian,female,98,2990
Jian,"Saudi Arabia",Jian,male,67,3
Maria,Shanghai,Maria,female,97,245074
Megalamane,,,,,
Weiguo,,Weiguo,male,100,24
Adrian,Kyoto,Adrian,male,98,56140
Jaap,,Jaap,male,98,2155
Tomohiro,"Saudi Arabia",Tomohiro,male,100,436
Bala,,Bala,male,95,5911
Hongming,Kyoto,Hongming,male,93,28
Muxin,Germany,Muxin,male,67,3
Michael,USA,Michael,male,100,65535
Weining,Beijing,Weining,male,91,113
Barry,,Barry,male,98,13520
Na,Canada,Na,female,100,7
Yan,,Yan,male,73,8519
Mita,USA,Mita,female,94,53
Aurélie,Tianjin,Aurélie,female,97,17444
Kevin,Beijing,Kevin,male,99,140160
Chuan,Canada,Chuan,male,83,6
Zhenhong,,Zhenhong,male,83,6
Daniel,China,Daniel,male,99,1130
Ana,,Ana,female,97,141747
Yuanyue,USA,Yuanyue,male,75,4
Alex,,Alex,male,92,247706
Fabian,Germany,Fabian,male,99,4595
Stefan,Oxford,Stefan,male,98,50890
Subhendu,Spain,Subhendu,male,100,428
Michael,,Michael,male,99,211741
Juan,Hefei,Juan,male,98,106011
Simon,Switzerland,Simon,male,99,1626
Feng,,Feng,male,81,1386
Prince,USA,Prince,male,99,4249
Arghya,Urbana,Arghya,male,98,293
Ashton,USA,Ashton,male,57,1006
Jingjing,USA,Jingjing,female,86,29
Misook,,Misook,female,100,17
Yong-An,,Yong-An,male,59,7851
Jingwen,China,Jingwen,female,69,32
Andrew,China,Andrew,male,99,519
Daohong,USA,Daohong,male,100,6
Pan,Reading,Pan,male,68,2415
Mirna,Tokyo,Mirna,female,98,2616
Bruno,,Bruno,male,99,87062
Ryosuke,USA,Ryosuke,male,100,12
Hongyin,,Hongyin,male,67,9
Yumeng,Germany,Yumeng,female,75,4
Suvendu,Dalian,Suvendu,male,100,268
Debin,USA,Debin,unknown,50,2
Rui,Beer-Sheva,Rui,male,98,25872
Mark,,Mark,male,100,48064
Revannath,,Revannath,male,100,7
Carlos,,Carlos,male,99,174998
Alicia,Seoul,Alicia,female,98,29319
Long-Hai,Ontario,Long-Hai,male,90,7928
Sang,,Sang,male,88,2448
Christine,,Christine,female,98,55857
Johannes,Beijing,Johannes,male,99,7870
Antoine,Gansu,Antoine,male,99,33499
Yun,,Yun,male,51,1517
Lizhi,,Lizhi,male,74,31
Cristina,USA,Cristina,female,96,2461
Shaodong,Chongqing,Shaodong,male,100,4
Nicole,,Nicole,female,98,65299
Liang,"Hong Kong",Liang,male,79,14
Alena,Tianjin,Alena,female,99,27471
Yun-Peng,USA,Peng,male,91,133
Hongguang,,Hongguang,male,94,18
Barry,USA,Barry,male,100,3714
Lucy,Amherst,Lucy,female,98,20520
Mukesh,USA,Mukesh,male,100,120
Liming,Tokyo,Liming,male,73,120
Justin,Ulsan,Justin,male,98,43826
Junya,Shenyang,Junya,male,90,287
Dong-Gyu,,Dong-Gyu,male,100,3
Liyun,,Liyun,female,81,32
Amanda,,Amanda,female,98,64384
Tatyana,Singapore,Tatyana,female,98,4919
Axel,Sapporo,Axel,male,98,15264
Patricia,Nanchang,Patricia,female,98,88761
Jing,,Jing,female,75,2534
Akira,Kyoto,Akira,female,73,7383
Shan,,Shan,male,73,4252
Zhongbao,,Zhongbao,male,75,4
Seiji,Kyoto,Seiji,male,99,362
Dániel,P R,Dániel,male,99,1614
Audrey,,Audrey,female,97,33454
Katsuaki,,Katsuaki,male,100,36
Sai,USA,Sai,male,82,315
Michael,Singapore,Michael,male,100,612
Chi,USA,Chi,male,55,236
Yi-Ming,,Yi-Ming,male,100,6
Vee,Singapore,Vee,female,58,12
Ran,,Ran,male,65,1586
Volker,Seoul,Volker,male,99,3081
Giang,Ramat-Gan,Giang,male,51,2612
Christian,USA,Christian,male,100,48214
Youngjun,,Youngjun,male,100,107
Ido,,Ido,male,92,794
Manoj,Hefei,Manoj,male,100,20774
Jian-Jun,,Jian-Jun,male,88,8044
Deni,USA,Deni,female,69,104
Yuanxu,,Yuanxu,female,67,6
María,Singapore,María,female,75,4
Yijing,USA,Yijing,female,100,5
Jose,"Hong Kong",Jose,male,93,28
Junliang,,Junliang,male,100,12
Marc,USA,Marc,male,100,6334
Yingying,USA,Yingying,female,100,21
Amanda,,Amanda,female,98,64384
Lauren,Rehovot,Lauren,female,97,25933
Sefat,,Sefat,male,95,21
Alois,,Alois,male,95,1863
Chen,Deajeon,Chen,male,63,5576
Bernd,,Bernd,male,99,7628
Alexander,,Alexander,male,99,56237
Youngchan,,Youngchan,male,100,29
Carlos,,Carlos,male,99,174998
Babatunde,Fujian,Babatunde,male,97,2440
Clara,,Clara,female,97,22929
Michael,,Michael,male,99,211741
Guan-E,Pune,Guan-E,male,75,261
Hanna,China,Hanna,female,91,46
Panagiotis,,Panagiotis,male,99,3514
Abhishek,Fritz-Haber-Institut,Abhishek,male,100,27387
Changgui,,Changgui,unknown,50,4
Ta-Cheng,Japan,Ta,male,97,86
Gerhard,USA,Gerhard,male,100,59
Dominik,Beijing,Dominik,male,98,21763
Bin,British,Bin,male,89,2162
Chunlin,,Chunlin,male,92,24
Cheng-Yun,,Cheng-Yun,male,63,3429
Milan,Chengdu,Milan,male,98,31710
Qi,USA,Qi,male,58,115
Robin,,Robin,male,75,32295
Hang,Fax:,,,,
Matti,,Matti,male,95,1969
Arnab,,Arnab,male,100,1800
Hsuan-Hung,,Hsuan-Hung,male,95,4986
Kylie,,Kylie,female,97,2935
Simon,Coventry,Simon,male,98,57458
Lukas,,Lukas,male,99,22120
Nicolas,,Nicolas,male,99,79977
Jonathan,,Jonathan,male,99,84386
Chuan,,Chuan,male,81,372
Peter,Osaka,Peter,male,99,146529
Dovilė,,Dovilė,female,98,184
Zhenpin,,,,,
Shinobu,,Shinobu,male,61,150
Lech-Gustav,Quebec,Lech-Gustav,male,98,3225
Christophe,,Christophe,male,98,60690
Basudev,Shanghai,Basudev,male,99,154
Zhengwang,,Zhengwang,male,67,3
Deng,,Deng,male,72,374
Yaxi,Singapore,Yaxi,female,81,16
Thomas,Nagoya,Thomas,male,99,129177
Ondřej,USA,Ondřej,male,100,15
Xu-Hong,,Xu-Hong,male,51,4703
Zhiyong,Saitama,Zhiyong,male,99,75
Alison,,Alison,female,93,14178
Pedro,,Pedro,male,99,109853
Junichi,,Junichi,male,99,372
Dick,,Dick,male,98,4328
Fei-Xiang,,Fei-Xiang,male,68,1953
Christopher,,Christopher,male,99,55041
Jue,,Jue,female,74,336
Wei,,Wei,male,73,4003
Hisashi,Tianjin,Hisashi,male,99,188
Christopher,,Christopher,male,99,55041
Yun-Fei,USA,Fei,male,61,97
Qingzhen,Birmingham,Qingzhen,unknown,50,2
Leming,,Leming,male,88,8
John,,John,male,99,219085
Holly,Dalian,Holly,female,96,10201
Lucy,UK,Lucy,female,98,20520
Samuel,Shanghai,Samuel,male,99,59149
Yujie,,Yujie,female,63,96
Xiuting,Osaka,Xiuting,female,75,4
Yifan,Japan,Yifan,female,67,3
Silke,,Silke,female,98,3959
Ryohei,USA,Ryohei,male,100,7
Shigehisa,Scotland,Shigehisa,male,100,8
Mickaël,,Mickaël,male,99,2668
Mukesh,Netherlands,Mukesh,male,100,8
Harikleia,Italy),,,,
Christoph,USA,Christoph,male,100,156
Gerjan,Kyoto,Gerjan,male,100,118
Stefano,Shanghai,Stefano,male,99,56062
Elena,USA,Elena,female,99,2312
Naoki,Kyoto,Naoki,male,98,944
Lanting,USA,Lanting,female,67,6
Mengxiao,Nanjing,Mengxiao,female,71,7
Hua-Wei,,Hua-Wei,male,70,4894
Emmanuel,Bangalore,Emmanuel,male,99,43639
Guoan,,Guoan,male,100,9
Benedict,,Benedict,male,98,1805
Subhajit,Hubei,Subhajit,male,100,1005
George,Kyoto,George,male,99,63411
Elena,,Elena,female,98,74807
Jun,Fukuoka,Jun,male,88,6829
Hiroki,,Hiroki,male,99,1031
Anne,Groningen,Anne,female,98,48855
Takahiro,Belfast,Takahiro,male,99,917
Yumiko,,Yumiko,female,97,418
Petra,,Petra,female,98,52588
Seiichi,,Seiichi,male,99,116
Geoffrey,USA,Geoffrey,male,100,1478
Klaus,Shanghai,Klaus,male,98,13207
Anton,Changchun,Anton,male,99,24300
Sandra,Dalian,Sandra,female,98,133088
Chong,,Chong,male,72,1140
Pengshang,Tokyo,,,,
Min,USA,Min,male,56,258
Angela,Tokyo,Angela,female,98,69937
Arimasa,Nagoya,,,,
Shuai,Sendai,Shuai,male,87,255
Eiichi,,Eiichi,male,98,100
Chenguang,Jeddah,Chenguang,male,96,25
Taichi,,Taichi,male,98,239
Varvara,Tokyo,Varvara,female,95,363
Cornelia,,Cornelia,female,97,3570
Indranil,USA,Indranil,male,100,22
Taro,,Taro,male,92,651
Sesime,Beijing,Sesime,unknown,50,2
Shunzhi,PO,Shunzhi,male,75,4
Benjamí,,Benjamí,male,100,8
Li,,Li,female,53,4165
Soufiane,,Soufiane,male,98,7271
Giacomo,Shanghai,Giacomo,male,99,15111
Charlotte,Gainesville,Charlotte,female,96,27559
Heleen,,Heleen,female,99,576
Shujian,Taiwan,Shujian,male,100,7
Peter,,Peter,male,99,146529
Mohamed,,Mohamed,male,98,173033
Wen-Ching,Western,Wen-Ching,female,67,3
Alexander,Taiwan,Alexander,male,100,52
Gang,,,,,
Eva,,Eva,female,98,79421
Jr-Wei,,Jr-Wei,male,82,6779
Yingying,,Yingying,female,98,260
Takayuki,,Takayuki,male,100,625
Masahiro,,Masahiro,male,100,783
Somayyeh,Higashi-Hiroshima,Somayyeh,female,96,55
Daliborka,,Daliborka,female,92,169
Santhivardhana,USA,,,,
Kanashi,Shanghai,Kanashi,male,75,4
Bin,Russia,Bin,male,67,6
Hee,,Hee,male,55,489
Tridib,,Tridib,male,99,112
Yongping,USA,Yongping,male,75,4
Dmitry,Xiangtan,Dmitry,male,100,8556
Tiago,Ontario,Tiago,male,99,25033
Kerstin,Shaanxi,Kerstin,female,98,7298
Christian,USA,Christian,male,100,48214
Huawen,Seoul,Huawen,female,75,4
Suning,,Suning,female,57,14
Xiaobo,USA,Xiaobo,male,100,7
Zhongjie,,Zhongjie,male,100,18
Jimin,,Jimin,female,55,264
Matthew,,Matthew,male,100,51412
Cameron,Australia,Cameron,male,99,616
Ricardo,Sendai,Ricardo,male,99,70541
Letizia,USA,Letizia,female,100,27
Dylan,,Dylan,male,98,19696
Michael,USA,Michael,male,100,65535
Azusa,Seoul,Azusa,female,90,169
Aaron,,Aaron,male,99,36714
Ahmad,Dalian,Ahmad,male,98,61532
Matthew,USA,Matthew,male,100,30646
Heeju,,Heeju,female,83,18
Shipan,,Shipan,male,100,10
He,,He,male,71,769
Zhongyu,USA,Zhongyu,male,75,4
Lydia,Victoria,Lydia,female,98,15205
Crispin,USA,Crispin,male,92,48
Benedikt,USA,Benedikt,male,100,13
David,,David,male,99,381770
George,,George,male,99,63411
Naijing,,Naijing,female,75,4
Xiaoxun,,Xiaoxun,female,75,4
Minghao,,Minghao,male,100,54
Sina,,Sina,male,63,5878
Ganesh,China,Ganesh,male,100,11
Ryosuke,,Ryosuke,male,99,451
Amita,,Amita,female,96,774
Sangryun,,Sangryun,male,75,4
Ruofei,Tokyo,Ruofei,male,63,8
Andrea,,Andrea,female,54,161059
Justin,Saitama,Justin,male,98,43826
Daniel,USA,Daniel,male,100,35866
Naoki,Daejeon,Naoki,male,98,944
Tobias,Shanghai,Tobias,male,100,17675
H-J,USA,H-J,male,95,22
Lvqi,Sendai,Lvqi,female,75,4
Dong,,Dong,male,87,2212
Ruguang,,,,,
James,Shanghai,James,male,99,131879
Jian,Kyoto,Jian,male,89,1215
Marija,,Marija,female,97,5981
Tao,"Hong Kong",Tao,male,100,17
Shichang,,Shichang,male,90,10
Tsukasa,USA,Tsukasa,male,63,8
Thomas,Bologna,Thomas,male,99,129177
Weijiang,Shanghai,Weijiang,male,100,4
Zhengren,Japan,Zhengren,male,75,4
Christopher,USA,Christopher,male,100,26017
Marco,Nottingham,Marco,male,99,133237
Zhi-Tao,,Zhi-Tao,male,86,2378
Tamaki,,Tamaki,female,51,90
Kazuki,Valencia,Kazuki,male,98,764
Hiroki,Bath,Hiroki,male,99,1031
Tao,Beijing,Tao,male,87,1999
Hassan,USA,Hassan,male,100,3885
Tania,Gwangju,Tania,female,98,26196
David,,David,male,99,381770
Kuo,Karnataka,Kuo,male,74,281
Eser,Germany,Eser,male,89,87
Seunghwa,,Seunghwa,male,88,16
Aleksandar,,Aleksandar,male,99,7777
Venkateswarlu,,Venkateswarlu,male,100,205
Moritz,,Moritz,male,99,1782
Souvik,Cambridge,Souvik,male,100,1116
Jan,,Jan,male,92,104026
Shoujun,,Shoujun,male,100,5
Philipp,,Philipp,male,99,8496
Stephen,USA,Stephen,male,100,16681
Olivia,Jena,Olivia,female,97,18705
Liangbin,Jena,Liangbin,male,100,4
Johannes,Jena,Johannes,male,99,7870
Stijn,Jena,Stijn,male,99,1924
Martin,Jena,Martin,male,98,139211
Lisanne,Anhui,Lisanne,female,98,615
Shuhei,Shanghai,Shuhei,male,100,229
Hiroki,China,Hiroki,male,100,7
Kohei,,Kohei,male,100,401
Song,Tamsui,Song,male,100,74
Shou-Guo,,Shou-Guo,male,69,775
Yangjian,Ruprecht-Karls-Universität,Yangjian,male,100,7
Adrian-Mihail,Muttenz,Adrian-Mihail,male,98,58337
Juan,,Juan,male,98,106011
Thomas,,Thomas,male,99,129177
Korwin,,Korwin,male,75,4
Negar,USA,Negar,female,100,29
Mario,Shanghai,Mario,male,99,112267
Stefan,USA,Stefan,male,100,1196
Isabelle,Manchester,Isabelle,female,99,85994
Shuo,Bristol,Shuo,male,75,239
Sisi,,Sisi,female,83,4071
Armido,USA,Armido,male,100,20
Eric,USA,Eric,male,100,31662
Katharina,Cambridge,Katharina,female,98,5457
Miriam,USA,Miriam,female,99,1664
Guangrong,,Guangrong,male,80,5
Jakob,,Jakob,male,100,7341
Lina,USA,Lina,female,100,4210
Weixian,USA,Weixian,male,75,4
Civan,,Civan,male,94,374
Jana,,Jana,female,98,74581
Hua,Beijing,Hua,male,52,891
Vanessa,,Vanessa,female,98,78451
Rasmus,,Rasmus,male,99,2707
Petr,USA,Petr,male,98,101
Fei,,Fei,male,62,1203
Céline,USA,Céline,female,100,30
Hongquan,,Hongquan,male,93,15
Nathaniel,USA,Nathaniel,male,100,2500
Pia,Nottingham,Pia,female,97,5773
Shin,,Shin,male,79,2192
Shuo-En,ROC),Shuo-En,male,71,906
Amanda,,Amanda,female,98,64384
Melchior,USA,Melchior,male,89,9
Wolfgang,USA,Wolfgang,male,99,185
Deepak,Tsukuba,Deepak,male,100,28771
Georges,,Georges,male,98,13431
Bin,USA,Bin,male,83,140
Shibdas,Strasbourg,Shibdas,male,100,5
Masaki,Glasgow,Masaki,male,97,788
Gemma,USA,Gemma,female,100,3900
Mostafa,Haifa,Mostafa,male,98,19561
Lutz,,Lutz,male,98,1744
Cai-Hong,,Cai-Hong,female,51,4394
Ritika,,Ritika,female,98,1253
Zackaria,Nova,Zackaria,male,99,86
Tobias,Huazhong,Tobias,male,100,17675
Anna,,Anna,female,98,184558
Jiro,Singapore,Jiro,male,86,7
Colin,,Colin,male,99,15399
Penghua,USA,Penghua,male,75,4
Eleonora,,Eleonora,female,99,10967
Majid,,Majid,male,98,10746
Huaiyi,,,,,
Isaac,,Isaac,male,99,21035
Judit,USA,Judit,female,100,60
Tao,,Tao,male,87,1999
Xueliang,USA,Xueliang,male,75,4
Saman,,Saman,male,91,3886
Ping,,Ping,male,53,1562
Shanyu,,Shanyu,female,60,25
Hongjian,USA,Hongjian,male,75,4
Cancan,Montréal,Cancan,male,81,381
Tzung-Wen,Shanghai,Tzung-Wen,female,56,1985
Manfred,Limerick,Manfred,male,99,7550
Spencer,,Spencer,male,97,5490
Carole,"Hong Kong",Carole,female,100,5
Li-Bing,,Li-Bing,male,50,5222
Amrit,,Amrit,male,90,1882
Weiming,,Weiming,male,94,69
Fan,Cambridge,Fan,male,63,1956
Ziyin,Anhui,Ziyin,male,78,9
Yu,Iasi,Yu,male,63,3415
Roopender,,Roopender,male,100,3
Prakash,USA,Prakash,male,100,277
Pengzuo,,,,,
Zhanhu,,Zhanhu,male,75,4
Jesus,Rehovot,Jesus,male,98,43843
Daniel,,Daniel,male,99,257742
Nan,,Nan,female,71,3704
Hongjuan,Hefei,Hongjuan,female,100,3
Julia,,Julia,female,97,57688
Mario,USA,Mario,male,99,4449
Mario,Osaka,Mario,male,99,112267
Yu-Jia,,Yu-Jia,male,55,4848
Zahraa,Hangzhou,Zahraa,female,97,675
Xiaozhou,Thuwal,Xiaozhou,male,76,21
Yuichiro,Ramat,Yuichiro,male,99,193
Sergey,,Sergey,male,100,16316
Xuehui,USA,Xuehui,male,75,4
Ayalew,,Ayalew,male,100,37
Naomi,USA,Naomi,female,98,2034
Ivan,,Ivan,male,99,80498
Levi,,Levi,male,95,4255
Christian,Noria,Christian,male,100,48300
Komal,,Komal,female,88,3170
Tobias,USA,Tobias,male,100,2610
Xuemei,Guangzhou,Xuemei,female,100,94
Julian,Nagoya,Julian,male,95,24021
Iris,USA,Iris,female,98,1330
Ikuo,,Ikuo,male,100,54
Gero,,Gero,male,97,744
Fumihiko,,Fumihiko,male,98,53
Chun-I,USA,Chun,male,71,52
Paul,Fuzhou,Paul,male,99,140849
Matthias,USA,Matthias,male,100,3407
Mariusz,,Mariusz,male,99,21393
Marat,,Marat,male,98,1497
Yun,USA,Yun,male,54,104
Teng-Hao,Berlin,Teng-Hao,male,80,2555
Benedikt,,Benedikt,male,99,1034
Bjarke,USA,Bjarke,male,75,4
Ettore,,Ettore,male,99,2796
Margarethe,USA,Margarethe,female,75,4
Philipp,Osaka,Philipp,male,99,8496
Feng,Karnataka,Feng,male,81,1386
Kyriaki,Anhui,Kyriaki,female,99,128
Weiwei,,Weiwei,female,61,428
Taiga,,Taiga,male,61,159
Koushambi,,Koushambi,female,75,4
Liang,,Liang,male,82,1287
Efrem,Okazaki,Efrem,male,98,300
Sylvain,Yokohama,Sylvain,male,98,23757
Weiping,Amsterdam,Weiping,male,73,45
Raphael,University,Raphael,male,99,22692
Cheng,,Cheng,male,73,1902
Mitsuhiko,,Mitsuhiko,male,100,19
Chang-Uk,,Chang-Uk,male,74,2512
Liyang,USA,Liyang,male,67,6
Anna,Tianjin,Anna,female,98,184558
Indranil,USA,Indranil,male,100,22
Tynchtyk,,Tynchtyk,male,100,11
Robert,,Robert,male,99,145540
Xiang,Sapporo,Xiang,male,77,750
Yehua,,Yehua,male,63,8
Adrian,,Adrian,male,98,56140
Antonio,Oxford,Antonio,male,99,180825
Bo,,Bo,male,85,5389
Sang,USA,Sang,male,92,174
Jacob,,Jacob,male,99,25605
Jesús,,Jesús,male,99,7086
Vitthal,Japan,Vitthal,male,100,280
Zhiping,USA,Zhiping,unknown,50,2
Andrea,,Andrea,female,54,161059
Sebastian,USA,Sebastian,male,99,1962
Xiupeng,,Xiupeng,male,75,4
Matthew,Daejeon,Matthew,male,100,51412
Corien,,Corien,female,96,79
Pranav,,Pranav,male,100,6441
Suresh,USA,Suresh,male,100,461
Juhyeon,,Juhyeon,male,68,19
Thomas,São,Thomas,male,99,129177
Jean-Philippe,Fujian,Jean-Philippe,male,97,6209
Gergana,Martinsried,Gergana,female,97,421
Bart,Davis,Bart,male,99,11007
Caio,,Caio,male,99,4421
Xiao,,Xiao,male,53,1772
Dominik,,Dominik,male,98,21763
Gerardo,,Gerardo,male,99,12521
Wilko,Singapore,Wilko,male,98,191
Johannes,USA,Johannes,male,99,135
Nathan,USA,Nathan,male,100,13599
Li-Jie,USA,Jie,male,55,176
Carmen,USA,Carmen,female,94,3768
Roger,,Roger,male,99,34849
Alexander,"Hong Kong",Alexander,male,100,54
Srimoyee,,Srimoyee,female,96,23
Xin,Cedex,Xin,male,58,1659
Woormileela,Chengdu,,,,
Zhaobin,,Zhaobin,male,83,6
Dandan,,Dandan,male,51,398
Saravanakumar,,Saravanakumar,male,100,219
Bijin,Lancaster,Bijin,male,92,63
Vladimir,Tianjin,Vladimir,male,99,21639
Vasily,,Vasily,male,99,616
Hanpeng,,Hanpeng,male,75,4
Yonghai,Lanzhou,Yonghai,male,100,6
Chun-Xiang,USA,Xiang,male,83,60
Giulia,Frankfurt,Giulia,female,99,29392
Vincent,Shanghai,Vincent,male,99,58501
Yong,Oviedo,Yong,male,87,2262
Aidan,,Aidan,male,100,49291
Luuk,,Luuk,male,100,686
Yidong,,Yidong,male,100,19
M,,,,,
Hans-Georg,Tianjin,Hans-Georg,male,100,116
Masooma,Thuwal,Masooma,female,99,94
Jairo,,Jairo,male,100,8656
Wei,,Wei,male,73,4003
Guigao,,Guigao,male,75,4
Haizhou,,Haizhou,male,85,13
Shubhankar,USA,Shubhankar,male,100,8
Kazuhiko,USA,Kazuhiko,male,100,5
Rambabu,,Rambabu,male,100,425
Marzia,Hualien,Marzia,female,98,3463
Jian,,Jian,male,89,1215
Eileen,,Eileen,female,99,5020
Soodabeh,,Soodabeh,female,100,44
Rajendra,,Rajendra,male,100,4696
Ge,USA,Ge,male,64,55
Rosa,USA,Rosa,female,98,2149
Teresa,,Teresa,female,98,35574
Edwin,Singapore,Edwin,male,100,249
Evan,Kyoto,Evan,male,97,11083
Eric,NSW,Eric,male,99,121922
Wusheng,Singapore,Wusheng,male,100,7
Jonathan,Chengdu,Jonathan,male,99,84386
Yoshihiro,USA,Yoshihiro,male,100,13
Lara,,Lara,female,97,20562
Yuan,,Yuan,male,58,1657
Yazhou,,Yazhou,male,92,13
Andre,,Andre,male,97,49457
Deep,,Deep,male,100,99
Lifei,,Lifei,male,56,25
Dominik,,Dominik,male,98,21763
Ganhua,USA,,,,
Marion,Dhahran,Marion,female,95,26832
Vijay,Osaka,Vijay,male,99,23293
Patrick,,Patrick,male,99,118290
Larissa,,Larissa,female,99,21495
Wei,,Wei,male,73,4003
Vicente,,Vicente,male,99,15180
Kensuke,Kyoto,Kensuke,male,100,159
Shenglai,,Shenglai,male,100,4
Theresa,USA,Theresa,female,99,4937
Leonie,USA,Leonie,female,98,45
Yonghwi,Cambridge,Yonghwi,male,100,3
Hiroki,USA,Hiroki,male,96,28
María,,María,female,98,11821
Samir,,Samir,male,98,46586
Ekaterina,,Ekaterina,female,98,5828
Hanna,USA,Hanna,female,100,10057
Hyun,(Switzerland),Hyun,male,82,1161
Dong,Saitama,Dong,male,87,2212
Kun,Rehovoth,Kun,male,79,1288
Gérard,,Gérard,male,98,5971
Julian,,Julian,male,95,24021
Florian,"South Korea",Florian,female,75,8
Ryoichi,USA,Ryoichi,male,100,3
Ido,,Ido,male,92,794
Maximilian,University,Maximilian,male,99,5404
Solène,,Solène,female,98,1239
Witold,USA,Witold,male,100,16
Kevin,,Kevin,male,99,140160
Céline,Shanghai,Céline,female,97,20077
Vivienne,Tokyo,Vivienne,female,99,1046
Andrea,USA,Andrea,female,95,13332
Marc,USA,Marc,male,100,6334
Vanessa,Shanghai,Vanessa,female,98,78451
Yong,Jena,Yong,male,87,2262
Takafumi,USA,Takafumi,male,100,5
Bruce,Tokyo,Bruce,male,99,14681
Brett,Wiener,Brett,male,98,9518
Bin,,Bin,male,89,2162
Martin,USA,Martin,male,100,5868
Jie,,Jie,male,61,1651
Takayoshi,Beijing,Takayoshi,male,100,93
Melanie,USA,Melanie,female,99,6458
Dorothee,,Dorothee,female,98,1417
Chris,Bath,Chris,male,93,163699
Patrick,USA,Patrick,male,100,18462
Bingwei,Yokohama,Bingwei,male,80,5
Andrew,,Andrew,male,99,82448
Faye,Singapore,Faye,female,100,14
David,,David,male,99,381770
Louise,Singapore,Louise,female,91,34
Ren,,Ren,male,75,2476
Nilamoni,,Nilamoni,male,75,4
Xiyan,,Xiyan,female,64,14
Maria,,Maria,female,97,245074
Chuanhu,Sussex,,,,
George,Edinburgh,George,male,99,63411
Ulrich,USA,Ulrich,male,98,62
Pavlo,,Pavlo,male,99,493
Matteo,Beijing,Matteo,male,99,45472
Rüdiger,Tokyo,Rüdiger,male,100,1153
Jorge,Xiamen,Jorge,male,99,88545
Alexis,,Alexis,male,77,31202
Roland,,Roland,male,99,22308
Haiqing,USA,Haiqing,unknown,50,2
Lihan,,Lihan,male,70,30
Cornelia,,Cornelia,female,97,3570
Bin,Sendai,Bin,male,89,2162
Renata,USA,Renata,female,95,480
Catherine,USA,Catherine,female,99,6220
Maximilian,USA,Maximilian,male,100,2627
Simon,Shanghai,Simon,male,98,57458
Azusa,Riyadh,Azusa,female,90,169
Xilun,USA,Xilun,female,75,4
Andrew,USA,Andrew,male,100,34858
Timothy,Chengdu,Timothy,male,99,15778
Ye,USA,Ye,male,58,95
Christopher,USA,Christopher,male,100,26017
Vitali,USA,Vitali,male,100,29
Michael,Tokyo,Michael,male,99,211741
Xiaowei,Beijing,Xiaowei,male,63,164
Dimitrios,,Dimitrios,male,99,1364
Danielle,,Danielle,female,96,32183
Longrui,,Longrui,male,75,4
Yunqi,USA,Yunqi,female,67,6
Hong-Jie,,Hong-Jie,male,51,5504
Michael,,Michael,male,99,211741
Qinglong,,Qinglong,male,100,23
Christine,Changzhou,Christine,female,98,55857
Yuqi,USA,Yuqi,female,58,12
Jeremy,,Jeremy,male,99,45294
Luca,Sendai,Luca,male,98,88492
Giuseppe,USA,Giuseppe,male,99,372
Katrin,USA,Katrin,female,98,81
Kai,,Kai,male,96,28964
Longyu,Geesthacht,Longyu,male,83,12
David,USA,David,male,100,65535
Jing,,Jing,female,75,2534
Zhen,USA,Zhen,male,76,62
Xiaoxi,,Xiaoxi,female,61,75
Zhuang,Rehovot,Zhuang,male,74,111
Dimitrije,USA,Dimitrije,male,100,6
Qibo,Lanzhou,Qibo,female,67,3
Hyungwoo,,Hyungwoo,male,100,25
Oliver,,Oliver,male,98,22853
Joseph,Hefei,Joseph,male,99,63161
Gilles,R,Gilles,male,99,18113
Sara,,Sara,female,98,153041
Prem,,Prem,male,97,6706
Yang,,Yang,male,67,4256
Chunmao,Beijing,Chunmao,male,75,4
Martin,,Martin,male,98,139211
Wei,,Wei,male,73,4003
Arunachalam,,Arunachalam,male,99,208
Shermin,,Shermin,female,86,72
Martin,,Martin,male,98,139211
Qiang-Sheng,Rome,Qiang-Sheng,male,84,1177
Jin,USA,Jin,male,68,337
Han,,Han,male,72,4580
Iuliia,,Iuliia,female,98,143
Jie,USA,Jie,male,55,176
Christian,Wuhan,Christian,male,100,48300
Samuel,Bangalore,Samuel,male,99,59149
Simona,USA,Simona,female,97,197
Murat,Sendai,Murat,male,94,83578
Erika,,Erika,female,98,39357
Rakesh,USA,Rakesh,male,99,325
Fenghua,,Fenghua,female,68,28
Hucheng,Beijing,Hucheng,male,100,6
Bhawani,Akita,Bhawani,male,92,301
Yao,USA,Yao,male,65,88
Zhe,Kyoto,Zhe,male,80,504
Vincenzo,Liaoning,Vincenzo,male,99,34437
Zhe,,Zhe,male,80,504
Jesse,,Jesse,male,93,16259
Jian,USA,Jian,male,84,124
Yasuaki,Shanghai,Yasuaki,male,100,77
Alexander,Dalian,Alexander,male,99,56237
Masao,USA,Masao,male,100,7
Tongwen,USA,Tongwen,male,75,4
Markus,Tsukuba,Markus,male,99,30782
Jingzhen,,Jingzhen,female,75,4
Wanxiang,,Wanxiang,male,75,4
Yun-Fei,Japan,Fei,female,73,15
Lei,,Lei,male,59,2374
Michelle,Haifa,Michelle,female,97,66957
K,Shanghai,,,,
Ran,Shanghai,Ran,male,65,1586
Christoph,USA,Christoph,male,100,156
Shakeel,USA,Shakeel,male,98,52
Kenta,,Kenta,male,99,798
Peter,,Peter,male,99,146529
Helmut,Incheon,Helmut,male,98,4881
Chun-Hua,Beijing,Chun-Hua,unknown,50,4
Rongguo,USA,Rongguo,male,75,4
Zhuhua,USA,Zhuhua,male,75,4
Theodore,Seoul,Theodore,male,100,15900
Guillaume,Kanagawa,Guillaume,male,99,37030
Aaron,,Aaron,male,99,36714
Jongwoo,,Jongwoo,male,100,63
Dawei,Kerala,Dawei,male,95,164
Di,,Di,male,54,3384
Douglas,Campus,Douglas,male,99,18529
Kyu,,Kyu,male,77,288
Akihisa,USA,Akihisa,male,75,4
Luke,USA,Luke,male,100,6187
Yunze,Jilin,Yunze,male,78,9
Adiyala,USA,Adiyala,male,75,4
Alvaro,,Alvaro,male,99,26612
Sylvie,Shenzhen,Sylvie,female,98,40082
Pei-Zhou,Osaka,Pei-Zhou,male,52,1377
Christian,Daejeon,Christian,male,100,48300
Hee-Sun,USA,Hee,male,65,17
Zhuojun,Chengdu,Zhuojun,male,57,14
Jonathan,,Jonathan,male,99,84386
Michael,,Michael,male,99,211741
Bing,,Bing,male,63,1057
Yoichi,,Yoichi,male,99,197
Joong-Jae,,Joong-Jae,male,76,1635
Praveen,"Hong Kong",Praveen,male,100,15182
Yuanyuan,,Yuanyuan,female,90,239
Florian,Daejeon,Florian,male,99,31950
Lei,,Lei,male,59,2374
Da-Wei,USA,Da,male,82,300
Chang,Aichi,Chang,male,72,2129
Muhammad,,Muhammad,male,99,59995
Yi,USA,Yi,male,56,263
Dorothea,ROC.).,Dorothea,female,99,614
Jae-Hoon,USA,Hoon,male,100,31
Michael,Beijing,Michael,male,99,211741
Wujin,Edinburgh,Wujin,male,83,6
Norihiro,Harbin,Norihiro,male,100,49
Ronja,,Ronja,female,98,842
Lu,,Lu,female,68,5209
Yi-Wei,Shanghai,Yi-Wei,male,75,12
Ming,USA,Ming,male,73,237
Haotian,,Haotian,male,97,33
Angel,,Angel,male,100,27062
Jingxin,,Jingxin,unknown,50,14
Renhao,Pohang,Renhao,male,100,7
Rebecca,USA,Rebecca,female,99,14934
Bing,Daejeon,Bing,male,63,1057
Sachin,Zhejiang,Sachin,male,100,17232
Jani-Markus,USA,Markus,male,100,4802
María,,María,female,98,11821
Kun,Haifa,Kun,male,79,1288
Soonsang,"Hong Kong",,,,
Denis,,Denis,male,97,42503
Changbum,USA,Changbum,male,100,10
Wei,Jerusalem,Wei,male,73,4003
Xiangxing,Guangzhou,Xiangxing,unknown,50,2
Raúl,USA,Raúl,male,100,70
Arseni,,Arseni,male,91,65
Zhengbo,,Zhengbo,male,100,4
Albena,,Albena,female,97,255
Yilei,,Yilei,female,54,13
Chun-Hua,USA,Chun,male,71,52
Di-Chang,,Di-Chang,male,61,5513
Sahishnu,,Sahishnu,male,100,13
Sammy,Haifa,Sammy,male,74,10307
Ling,Fukuoka,Ling,female,79,2215
Achim,,Achim,male,99,2035
Abhishek,,Abhishek,male,100,27387
Angie,China,Angie,female,97,100
Shuo,Guangzhou,Shuo,male,75,239
Kieran,Tokyo,Kieran,male,99,9456
Yosi,,Yosi,male,67,655
Shota,,Shota,male,98,864
Christopher,Nijmegen,Christopher,male,99,55041
Shaohua,USA,Shaohua,male,100,3
Aaron,Anhui,Aaron,male,99,36714
Tianjiao,USA,Tianjiao,female,100,5
Hao,USA,Hao,male,91,219
Yasunori,USA,Yasunori,male,100,8
Kohei,,Kohei,male,100,401
Jilai,Singapore,Jilai,male,75,4
Fei,Jinan,Fei,male,62,1203
Guillaume,Ulsan,Guillaume,male,99,37030
Tao-Tao,,Tao-Tao,male,87,1999
Michael,USA,Michael,male,100,65535
Anh,Seoul,Anh,male,60,5787
Davis,,Davis,male,98,6263
Javix,Groningen,Javix,male,100,13
Che,Tianjin,Che,male,71,2238
Liuqing,,Liuqing,female,77,13
Aaron,Netherlands,Aaron,male,100,143
Ramona,,Ramona,female,98,9990
Anthony,,Anthony,male,99,85303
Bin,Tokyo,Bin,male,89,2162
Julia,Nagoya,Julia,female,97,57688
Sander,USA,Sander,male,99,74
Huimin,,Huimin,female,85,87
Qing,Guangzhou,Qing,female,58,728
Guillermo,,Guillermo,male,99,14216
Emilien,,Emilien,male,98,1377
Avanashiappan,,,,,
Jian-Bo,,Jian-Bo,male,86,6604
Seelam,,Seelam,male,84,45
Yusuke,USA,Yusuke,male,100,39
Guinevere,Singapore,Guinevere,female,75,4
Bertrand,,Bertrand,male,96,9700
Li-Na,Beijing,Li-Na,female,59,7341
Maja,,Maja,female,97,11134
Birgit,,Birgit,female,99,4706
Sven,Victoria,Sven,male,99,19537
Maarten,Shanghai,Maarten,male,99,3184
Xianchan,Henan,,,,
Hongyi,,Hongyi,male,85,48
Wei-Wei,,Wei-Wei,female,75,12
Marius,,Marius,male,99,15477
Huan-Cheng,,Huan-Cheng,male,77,2858
Celestine,,Celestine,female,54,973
J,,,,,
Andrei,USA,Andrei,male,99,322
Hui,USA,Hui,female,51,102
Hao-Nan,Kyoto,Hao-Nan,female,52,5809
Cedric,,Cedric,male,99,35105
Johannes,USA,Johannes,male,99,135
Thomas,USA,Thomas,male,100,20215
Ryo,,Ryo,male,97,2815
Johannes,,Johannes,male,99,7870
Gloria,"United Kingdom",Gloria,female,97,482
Radu,,Radu,male,96,3981
Zeyang,USA,Zeyang,male,75,4
Hirotaka,,Hirotaka,male,100,157
Thomas,Hangzhou,Thomas,male,99,129177
Emily,Pohang,Emily,female,98,36641
Yi,Beijing,Yi,male,61,1397
Bifeng,,Bifeng,female,75,4
Lars,USA,Lars,male,100,401
Julia,,Julia,female,97,57688
Qingnan,,Qingnan,male,89,9
Christopher,,Christopher,male,99,55041
Céline,USA,Céline,female,100,30
Ren-Rong,Queensland,Ren-Rong,male,71,3079
Jun,USA,Jun,male,86,387
Sa,,Sa,male,58,3851
Mimi,,Mimi,female,88,27758
Brian,,Brian,male,99,69588
Philipp,Haifa,Philipp,male,99,8496
Alejandro,Anhui,Alejandro,male,99,45618
Andrew,Anhui,Andrew,male,99,82448
Yao,,Yao,male,74,1982
Elizabeth,,Elizabeth,female,99,44677
Man-Rong,Okazaki,Man,male,91,8383
Pedro,,Pedro,male,99,109853
Kai,USA,Kai,male,99,18599
Youwen,Seoul,Youwen,male,80,10
Yoav,,Yoav,male,99,368
Liang,Tianjin,Liang,male,82,1287
Óscar,Illkirch,Óscar,male,99,1203
Colm,Singapore,Colm,male,75,4
Damien,USA,Damien,male,99,1107
Cheng,Nottingham,Cheng,male,73,1902
Gregor,USA,Gregor,male,100,91
Xiangyou,,Xiangyou,male,75,4
Jae,,Jae,male,76,1609
Günther,USA,Günther,male,100,4
Jie,USA,Jie,male,55,176
Viktoriia,,Viktoriia,female,97,159
Junliang,,Junliang,male,100,12
Paresh,USA,Paresh,male,100,74
Laurence,Seoul,Laurence,female,90,21237
Yiyang,USA,Yiyang,female,67,9
Christian,Tokyo,Christian,male,100,48300
Gianvito,Saitama,Gianvito,male,99,386
Yinan,China,Yinan,male,54,26
Johan,Berlin,Johan,male,99,38619
Jianguang,,Jianguang,male,100,9
Wenpei,Tokyo,Wenpei,male,67,6
Micah,,Micah,male,86,3249
Kanghee,Manchester,Kanghee,male,69,26
Jiang,,Jiang,male,67,731
Hiroyuki,,Hiroyuki,male,100,1050
Kazuyuki,University,Kazuyuki,male,100,219
Tuo,,Tuo,male,87,127
Ana,Oxford,Ana,female,97,141747
Eduardo,USA,Eduardo,male,100,2615
Yoichiro,USA,Yoichiro,male,75,4
Zongwen,,Zongwen,male,75,4
Antonio,Nanjing,Antonio,male,99,180825
David,Chengdu,David,male,99,381770
Surjendu,,Surjendu,male,100,7
Guillem,,Guillem,male,99,997
Fabian,USA,Fabian,male,100,9416
Octavia,,Octavia,female,99,4948
Neha,,Neha,female,98,11068
Mikael,Bath,Mikael,male,99,11092
Manon,Kyoto,Manon,female,97,13185
Jizhong,Qingdao,Jizhong,male,75,4
Haifeng,USA,Haifeng,male,92,12
Stefan,,Stefan,male,98,50890
William,,William,male,99,67797
Armando,USA,Armando,male,100,1608
Somnath,USA,Somnath,male,100,22
Ana,Shanghai,Ana,female,97,141747
Mathew,Manchester,Mathew,male,99,5451
Miyuki,USA,Miyuki,female,100,35
Qunwei,,Qunwei,male,75,4
Guoliang,,Guoliang,male,97,36
Johannes,USA,Johannes,male,99,135
Benjamin,Saga,Benjamin,male,99,50718
Sun,USA,Sun,male,61,208
Kevin,,Kevin,male,99,140160
Congjun,Kyoto,Congjun,male,75,4
Euan,,Euan,male,99,469
Limin,Wellington,Limin,male,62,100
Jun,Nagoya,Jun,male,88,6829
Ophélie,USA,Ophélie,female,100,9
Amit,,Amit,male,99,37747
Charles,Am,Charles,male,75,4
Shojiro,Ulsan,Shojiro,male,89,9
Lin,,Lin,female,58,6456
Stefania,,Stefania,female,98,18571
Fengkun,,,,,
Vincent,,Vincent,male,99,58501
Ryan,Anhui,Ryan,male,99,64450
Keiichi,,Keiichi,male,100,196
Xiaofang,Yokohama,Xiaofang,female,92,49
Shashikant,,Shashikant,male,100,1177
Oliver,Shanghai,Oliver,male,98,22853
Aifeng,USA,Aifeng,female,75,4
Fateme,Changchun,Fateme,female,98,952
Anindya,,Anindya,male,78,699
Hoang-Duy,Tianjin,Hoang-Duy,male,86,7268
Felix,USA,Felix,male,99,1537
Samuel,,Samuel,male,99,59149
Cheng,,Cheng,male,73,1902
Silvia,,Silvia,female,98,61342
Takane,,Takane,female,63,16
Santanu,,Santanu,male,100,1272
Jie,,Jie,male,61,1651
Yitao,Ulsan,Yitao,male,90,20
Yipu,Beijng,Yipu,male,75,4
Xinfei,Anhui,Xinfei,male,60,5
Jianquan,,Jianquan,male,100,3
Chenkun,USA,Chenkun,male,75,4
Amandine,Cambridge,Amandine,female,97,16541
Michael,,Michael,male,99,211741
Haoquan,Odisha,Haoquan,male,75,4
Qilu,Shanghai,Qilu,male,67,6
Olaf,Hyogo,Olaf,male,98,4079
Franck,,Franck,male,99,39484
Yunju,,Yunju,female,86,36
Qing,Standort,Qing,female,58,728
Fangfang,Israel,Fangfang,female,96,91
Claney,Geneva,Claney,female,75,4
Sangeeta,USA,Sangeeta,female,98,56
Eva,,Eva,female,98,79421
Andreas,Aberdeen,Andreas,male,99,44818
B,Chengdu,,,,
Yuwen,,Yuwen,female,63,72
Yasuhide,Singapore,Yasuhide,male,100,15
Viorel,UP,Viorel,male,99,2108
Ju,Yokohama,Ju,male,55,4734
Kathrin,"New Zealand",Kathrin,female,75,4
Peng,USA,Peng,male,91,133
Daniel,,Daniel,male,99,257742
Fanghao,,Fanghao,male,75,4
Armin,USA,Armin,male,96,123
Sheng,,Sheng,male,74,646
Jia-Sheng,Cambridge,Jia-Sheng,female,53,2079
Bin,,Bin,male,89,2162
Lin,"Hong Kong",Lin,male,51,68
Mainak,"Hong Kong",Mainak,male,99,347
Akira,Kyoto,Akira,female,73,7383
Alexander,Tokyo,Alexander,male,99,56237
Samir,,Samir,male,98,46586
Tiago,Seoul,Tiago,male,99,25033
Li-Wen,,Li-Wen,female,80,5
Jay,,Jay,male,93,45116
Ralph,,Ralph,male,99,8958
Moritz,,Moritz,male,99,1782
Hui,,Hui,female,52,1684
Hairong,Universitaetsstrasse,Hairong,female,83,18
Gergely,,Gergely,male,98,1654
Yasuo,Alberta,Yasuo,male,100,210
Masayuki,,Masayuki,male,99,597
Sanghan,USA,Sanghan,male,100,7
Yu,USA,Yu,male,64,274
Hee,Quebec,Hee,male,55,489
Diego,,Diego,male,99,67382
Steven,,Steven,male,99,59951
Cheng,,Cheng,male,73,1902
Xinjiang,USA,Xinjiang,male,100,6
Christian,,Christian,male,100,48300
Andreas,,Andreas,male,99,44818
Madleen,Beijing,Madleen,female,100,98
Christian,Jeddah,Christian,male,100,48300
Lada,,Lada,female,57,3640
Yuanqing,USA,Yuanqing,female,75,4
Jiawei,Shanghai,Jiawei,male,79,127
Warren,Kyoto,Warren,male,99,5767
Jan,Belfast,Jan,male,92,104026
Mario,Xiamen,Mario,male,99,112267
Matthias,,Matthias,male,100,17148
Yuanxiang,,Yuanxiang,male,75,4
Shoubhik,"Hong Kong",Shoubhik,male,100,25
Gaganpreet,Singapore,Gaganpreet,male,71,66
Bocheng,Zhengzhou,Bocheng,male,100,8
Paul,Richardson,Paul,male,99,140849
Dominik,Singapore,Dominik,male,75,4
Wei,USA,Wei,male,75,391
Xiaodong,,Xiaodong,male,92,157
M,,,,,
Juyoung,,Juyoung,female,51,113
Zhi,,Zhi,male,79,379
Philipp,Singapore,Philipp,male,100,3
Victorio,USA,Victorio,male,100,11
Chun-Ting,Queensland,Chun-Ting,male,100,5
Lili,Nanjing,Lili,female,94,21470
Lin-Bao,,Lin-Bao,female,52,7894
Genta,USA,Genta,female,80,10
Changmin,,Changmin,male,98,65
Salvador,Shanghai,Salvador,male,99,17554
Cécile,,Cécile,female,98,8507
Leo,Chengdu,Leo,male,95,37807
Line,,Line,female,100,58
Johannes,,Johannes,male,99,7870
Xiaojin,USA,Xiaojin,female,75,4
Yuruo,Daejeon,Yuruo,female,75,4
Jan,Aichi,Jan,male,92,104026
Zijun,Toronto,Zijun,male,60,35
Yong,Guangdong,Yong,male,87,2262
Ralf,Ontario,Ralf,male,99,9994
Shachar,,Shachar,male,82,88
Qian,,Qian,female,65,678
Olena,,Olena,female,98,1094
Xiaolei,Beijing,Xiaolei,male,67,94
Mariusz,USA,Mariusz,male,100,65
Andraž,Dalian,Andraž,male,99,84
Josep,,Josep,male,99,5674
Byung,Kyoto,Byung,male,97,120
Ewa,,Ewa,female,98,25452
Thorsten,,Thorsten,male,99,5261
Hong,,Hong,female,53,3853
Dong,,Dong,male,87,2212
Łukasz,Hefei,Łukasz,male,100,32126
Lukas,Taiyuan,Lukas,male,99,22120
Eline,Hubei,Eline,female,98,1656
Jinliang,,Jinliang,male,100,16
Yanyan,,Yanyan,female,71,345
Hao,USA,Hao,male,91,219
Jabor,Dalian,Jabor,male,96,23
Tomoya,,Tomoya,male,100,335
Dongxu,,Dongxu,male,100,28
Hongjun,Seoul,Hongjun,male,98,48
Ajmal,,Ajmal,male,97,1557
Milind,,Milind,male,100,1848
Ming-Chen,,Ming-Chen,male,68,8268
Zhe,,Zhe,male,80,504
Quan-Quan,Osaka,Quan-Quan,male,93,1630
Yun,,Yun,male,51,1517
Srinivas,USA,Srinivas,male,100,262
Concha,,Concha,female,98,757
De-Jun,Guangzhou,De-Jun,male,81,11980
Jian,Beijing,Jian,male,89,1215
Katharina,,Katharina,female,98,5457
Takuya,Nagoya,Takuya,male,99,1101
Hee-Dae,,Hee-Dae,male,65,769
Yu-Cheng,,Yu-Cheng,male,95,19
Stephen,Jhongli,Stephen,male,99,46085
Patricia,USA,Patricia,female,98,10050
Heather,USA,Heather,female,99,20408
Eijiro,,Eijiro,male,100,11
Sarah,,Sarah,female,98,127402
Nickolas,University,Nickolas,male,100,11842
Tanatorn,,Tanatorn,male,80,25
Shifa,,Shifa,female,90,327
Bin-Bin,,Bin-Bin,male,89,2162
Xinjian,,Xinjian,male,78,9
Daisuke,USA,Daisuke,male,96,47
Sebastian,Rehovot,Sebastian,male,99,47850
Yonghoon,USA,Yonghoon,male,100,28
Sharada,,Sharada,female,88,188
Jennifer,Tokyo,Jennifer,female,98,88317
Stephen,,Stephen,male,99,46085
Mirko,USA,Mirko,male,99,71
Stefan,,Stefan,male,98,50890
Ke,Kanazawa,Ke,male,75,808
Senbin,"Hong Kong",Senbin,male,75,4
Martin,Jeddah,Martin,male,98,139211
Juliette,,Juliette,female,99,13906
Justus,,Justus,male,100,4063
Christopher,,Christopher,male,99,55041
Jan-Henrik,Hokkaido,Jan-Henrik,male,100,23
Jorge,,Jorge,male,99,88545
Jilai,Beijing,Jilai,male,75,4
Yudai,,Yudai,male,98,127
Hikaru,,Hikaru,male,73,470
Jiemin,,Jiemin,female,60,10
Arnout,USA,Arnout,male,75,4
Tomoki,,Tomoki,male,99,233
Wanxiang,Taiwan,Wanxiang,male,75,4
Chun,USA,Chun,male,71,52
Ming-Yue,,Ming-Yue,male,68,3706
David,,David,male,99,381770
Artur,Haifa,Artur,male,99,24643
Tomohiko,Osaka,Tomohiko,male,100,98
Stefanie,USA,Stefanie,female,99,1439
Junnian,USA,Junnian,male,75,4
Chengzhi,USA,Chengzhi,male,75,4
Priyabrata,USA,Priyabrata,male,100,6
Michael,USA,Michael,male,100,65535
Reem,Fujian,Reem,female,95,4653
Christoph,,Christoph,male,99,9324
Ming-Fan,,Ming-Fan,male,71,4648
Chao,,Chao,male,86,1135
Ciaran,Tianjin,Ciaran,male,97,1096
Amelie,Singapore,Amelie,female,100,3
Roxane,,Roxane,female,98,2937
Masashi,,Masashi,male,100,493
Olga,,Olga,female,98,42388
Jeffrey,USA,Jeffrey,male,100,10439
Matthew,,Matthew,male,100,51412
Eric,Goethe-Universität,Eric,male,99,121922
Dana,,Dana,female,91,29276
Guang-Lu,,Guang-Lu,female,64,5565
Marc,Singapore,Marc,male,100,108
Brendan,,Brendan,male,99,6341
Ronglu,USA,Ronglu,female,75,4
Giancarlo,,Giancarlo,male,99,9976
Ciarán,Oxford,Ciarán,male,100,107
Jamie,,Jamie,male,62,29424
Li,Jeddah,Li,female,53,4165
Yu,,Yu,male,63,3415
Gia,Haifa,Gia,female,86,6623
Johanna,,Johanna,female,98,15895
Marta,USA,Marta,female,98,939
Yen-Chu,USA,Yen,female,81,131
Pangkuan,,,,,
Maria,Lanzhou,Maria,female,97,245074
Michael,,Michael,male,99,211741
Zhi-Jia,,Zhi-Jia,female,56,1812
Jens,,Jens,male,99,13599
Prince,Ulsan,Prince,male,98,33195
Meng,,Meng,male,61,1052
Li-Ming,Kyoto,Li-Ming,male,75,8
Xian-Kai,,Xian-Kai,male,89,11662
René,,René,male,98,12079
Jun,Hsinchu,Jun,male,88,6829
Jun,,Jun,male,88,6829
Gerd,,Gerd,male,87,3758
Atif,Qingdao,Atif,male,99,3827
Shengyu,Tokyo,Shengyu,male,81,16
Ahmed,,Ahmed,male,98,156410
Xuejing,Anhui,Xuejing,female,100,19
Hamed,,Hamed,male,98,10958
Ming,Beijing,Ming,male,77,2692
Kimia,,Kimia,female,95,352
Gabriele,Universidad,Gabriele,male,83,20770
Amos,USA,Amos,male,100,2497
Xien,USA,Xien,female,60,15
Melanie,USA,Melanie,female,99,6458
Tomohiro,,Tomohiro,male,100,436
Klara,Anhui,Klara,female,98,4211
Helge,Hefei,Helge,female,54,2126
Duan-Yen,,Duan-Yen,female,74,2816
Lutz,USA,Lutz,male,90,10
Nuria,USA,Nuria,female,94,100
Zhongmin,,Zhongmin,male,89,9
Yoshio,USA,Yoshio,male,100,21
Isabelle,Abu,Isabelle,female,99,85994
Yue,,Yue,female,58,1014
Holger,USA,Holger,male,100,54
Qi,Nanjing,Qi,male,63,557
Marialuisa,,Marialuisa,female,99,604
Ulises,,Ulises,male,100,4082
J,,,,,
Andrew,Beijing,Andrew,male,99,82448
Adriana,,Adriana,female,98,39712
Yang,,Yang,male,67,4256
Fengcai,USA,Fengcai,unknown,50,2
Dilong,Tianjin,Dilong,male,100,6
Olga,,Olga,female,98,42388
Nicholas,,Nicholas,male,100,21206
Albert,,Albert,male,98,31368
Piera,USA,Piera,female,100,17
Bardia,,Bardia,male,99,386
Lidong,USA,Lidong,male,100,18
Jörn,USA,Jörn,male,100,4
James,,James,male,99,131879
Wei,,Wei,male,73,4003
Bruce,Stuttgart,Bruce,male,99,14681
Martin,Shanghai,Martin,male,98,139211
Martin,USA,Martin,male,100,5868
Yibo,Kobe,Yibo,male,78,51
Michael,,Michael,male,99,211741
Aram,,Aram,male,90,2284
Lili,Dublin,Lili,female,94,21470
Mao,ON,Mao,male,78,1538
Matthias,Shanghai,Matthias,male,100,17148
Christian,USA,Christian,male,100,48214
Kai,Nottingham,Kai,male,96,28964
Eric,Nottingham,Eric,male,99,121922
Sepideh,,Sepideh,female,98,1140
Krishnappa,Osaka,Krishnappa,male,100,18
Rajarshi,University,Rajarshi,male,100,373
Chunyan,,Chunyan,female,98,56
Andrea,USA,Andrea,female,95,13332
Weili,,Weili,male,59,58
Liejin,Beijing,,,,
Tingjie,,Tingjie,male,100,3
Kohei,USA,Kohei,male,100,9
Francisco,,Francisco,male,99,62346
Na,Tokyo,Na,female,62,2852
David,,David,male,99,381770
Páraic,Busan,Páraic,male,100,3
Peng-Fei,Suwon,Peng-Fei,male,74,2556
Wen-Hao,,Wen-Hao,male,100,3
Naila,Kyoto,Naila,female,98,1331
Christopher,Okazaki,Christopher,male,99,55041
Weigang,,Weigang,male,100,15
Huiyu,,Huiyu,female,76,33
Takanori,Hokkaido,Takanori,male,99,257
Xiaojing,,Xiaojing,female,84,89
Heidi,USA,Heidi,female,99,4464
Christine,,Christine,female,98,55857
K,USA,,,,
María,,María,female,98,11821
Meng,,Meng,male,61,1052
Zhoutong,USA,,,,
Ina,Shanghai,Ina,female,96,6756
Baolei,,Baolei,male,100,5
Thanh,USA,Thanh,male,74,315
Daan,,Daan,male,91,2255
Hoon,USA,Hoon,male,100,31
Songyi,,Songyi,female,84,38
Colette,Russia,Colette,female,75,4
Yuan-Zhen,Kyoto,Yuan-Zhen,male,60,2294
Ning,,Ning,female,74,1915
Klara,Aichi,Klara,female,98,4211
Xiaoming,Hefei,Xiaoming,male,83,144
Koji,Göttingen,Koji,male,98,1020
Robin,,Robin,male,75,32295
Panos,USA,Panos,male,94,31
Alexander,Tokyo,Alexander,male,99,56237
Rena,Exeter,Rena,female,93,2658
Germán,Tianjin,Germán,male,100,1403
Dennis,Nijmegen,Dennis,male,99,44146
Kenji,,Kenji,male,98,1939
Lun,Kyoto,Lun,male,72,323
Youyong,,Youyong,male,75,4
Zheng,Pusan,Zheng,male,76,882
Thorsten,Shanghai,Thorsten,male,99,5261
Ting-Zheng,USA,Zheng,male,85,108
Srimanta,USA,Srimanta,male,75,4
Konstantin,Kyoto,Konstantin,male,99,5001
Le,,Le,male,68,8970
Juri,,Juri,male,90,1514
Atsuto,,Atsuto,male,100,14
Junheng,USA,Junheng,male,75,4
Harindranath,,Harindranath,male,100,15
Nikolaos,,Nikolaos,male,99,926
Timothy,,Timothy,male,99,15778
Shuhei,Shanghai,Shuhei,male,100,229
Lilin,USA,Lilin,female,100,3
He-Lue,,He-Lue,male,70,898
Ruud,Tartu,Ruud,male,99,2664
Santanu,Kyoto,Santanu,male,100,1272
Taichi,Pohang,Taichi,male,98,239
Chun,Pohang,Chun,male,73,905
Tae,,Tae,male,81,1036
Yin,,Yin,female,56,1172
Hao,Bath,Hao,male,84,2105
Jessica,USA,Jessica,female,99,36554
Masaaki,Jeddah,Masaaki,male,100,256
Sayanti,USA,Sayanti,female,75,4
Moumita,,Moumita,female,99,798
Isabell,Manchester,Isabell,female,99,5729
Andrew,Sakyo-ku,Andrew,male,99,82448
Sebastian,,Sebastian,male,99,47850
Fei,,Fei,male,62,1203
Ting-Yang,USA,Ting,female,70,105
Mingchun,USA,Mingchun,male,75,4
Shiqing,,Shiqing,male,55,11
Carmen,,Carmen,female,98,54029
Ivo,,Ivo,male,98,9791
Chaolumen,,,,,
Seonggyu,,Seonggyu,male,100,8
Il,,Il,male,93,2696
Sergey,Wuhan,Sergey,male,100,16316
Zhi,Jeddah,Zhi,male,79,379
Alexander,,Alexander,male,99,56237
Emmanuel,USA,Emmanuel,male,99,1782
Yangyang,,Yangyang,female,61,196
Jeffrey,Genève,Jeffrey,male,100,19324
Xi,USA,Xi,female,61,98
Rachel,Tokyo,Rachel,female,98,41104
Ken-ichi,Beijing,Ken-Ichi,male,100,29
Masaki,,Masaki,male,97,788
Oliver,,Oliver,male,98,22853
Yi,USA,Yi,male,56,263
Sarah,USA,Sarah,female,99,32394
Kohei,Tokyo,Kohei,male,100,401
Tomohiro,USA,Tomohiro,male,100,9
Can,Ibaraki,Can,male,95,36655
Felix,USA,Felix,male,99,1537
Hailong,,Hailong,male,98,64
Louis,,Louis,male,97,22473
Yu-Tao,USA,Tao,male,90,147
Quanjun,USA,Quanjun,male,75,4
Peter,USA,Peter,male,100,15502
Zachary,Tokyo,Zachary,male,100,7365
Mallikanti,,Mallikanti,male,75,4
Kang-Da,University,Kang-Da,male,80,6651
Wenqing,,Wenqing,male,53,38
Shin-ichi,Stockholm,Shin-Ichi,male,100,23
Jia-quan,,Jia-Quan,male,65,3063
Peter,,Peter,male,99,146529
Mareike,Singapore,Mareike,female,98,1038
Jiun-Le,,Le,male,68,8970
Xin,Nottingham,Xin,male,58,1659
Daisuke,,Daisuke,male,99,1432
Yufan,Kyoto,Yufan,male,77,31
Tieqiao,,,,,
Ben,USA,Ben,male,100,17026
Alaa,Tianjin,Alaa,male,85,12737
Junzhi,,Junzhi,male,67,6
Michael,,Michael,male,99,211741
David,,David,male,99,381770
Ralf,,Ralf,male,99,9994
Nicolas,(Japan),Nicolas,male,99,79977
Nanhao,,Nanhao,male,100,4
Stephen,Singapore,Stephen,male,100,158
Anna,Singapore,Anna,female,99,196
Weiming,Singapore,Weiming,male,100,4
Amparo,Singapore,Amparo,female,75,4
René,USA,René,male,72,97
Thomas,Xi'an,Thomas,male,99,129177
Guang,USA,Guang,male,95,20
Simon,,Simon,male,98,57458
Jungang,Pohang,Jungang,male,75,4
Taichi,,Taichi,male,98,239
Vjekoslav,Ithaca,Vjekoslav,male,100,109
Richard,Beijing,Richard,male,99,97659
Deng-Hui,,Deng-Hui,male,53,2058
Wenqiang,Edmonton,Wenqiang,male,100,24
Milan,USA,Milan,male,84,332
Valentin,,Valentin,male,98,17560
Wenqian,,Wenqian,female,68,19
Hiroyuki,,Hiroyuki,male,100,1050
Chuan,Meguro-ku,Chuan,male,81,372
Leon,Seoul,Leon,male,98,17420
Bin,USA,Bin,male,83,140
Weishuo,,Weishuo,male,75,4
Lin,,Lin,female,58,6456
Matthew,Shanghai,Matthew,male,100,51412
Rong,,Rong,male,55,603
Dong,,Dong,male,87,2212
Andre,Changchun,Andre,male,97,49457
Ahmed,Sendai,Ahmed,male,98,156410
Cheolhee,USA,Cheolhee,male,90,10
Thomas,,Thomas,male,99,129177
Andrey,Edinburgh,Andrey,male,99,14894
Qing-Hui,,Qing-Hui,female,53,2412
Tayseer,,Tayseer,male,87,218
Saurabh,,Saurabh,male,100,11574
Hunter,USA,Hunter,male,100,15629
Xianchuang,,Xianchuang,male,75,4
Atef,,Atef,male,98,3073
Shanshan,ROC.).,Shanshan,female,94,285
Joshua,,Joshua,male,100,35201
Jeonghun,,Jeonghun,male,100,52
Chunhong,USA,Chunhong,female,79,29
Nikolay,Toronto,Nikolay,male,100,3947
Irene,,Irene,female,98,30206
Chun-Xiang,,Chun-Xiang,male,75,1655
Nicole,,Nicole,female,98,65299
Fedor,Hefei,Fedor,male,98,985
Xiao,Victoria,Xiao,male,53,1772
Shuji,Bangalore,Shuji,male,100,154
Carrie,,Carrie,female,98,8198
Juha,Shanghai,Juha,male,99,1735
Nicholle,,Nicholle,female,100,101
Zhenlan,USA,Zhenlan,female,67,6
Raja,USA,Raja,male,89,323
Basudev,Kyoto,Basudev,male,99,154
Hao-Yuan,USA,Hao,male,91,219
Anna,,Anna,female,98,184558
Oliver,,Oliver,male,98,22853
Chia-Jui,Aichi,Chia-Jui,female,55,986
Simon,Tokyo,Simon,male,98,57458
Ryo,Fuzhou,Ryo,male,97,2815
Nathaniel,,Nathaniel,male,99,4766
Meera,,Meera,female,91,1256
Xiaoguang,,Xiaoguang,male,100,38
Tomoka,,Tomoka,female,96,50
Debasish,Shanghai,Debasish,male,100,1232
Jun,USA,Jun,male,86,387
Haitao,,Haitao,male,95,122
Summayya,,Summayya,female,100,10
Ye,"United Kingdom",Ye,male,52,25
Hui,USA,Hui,female,51,102
Holger,Shanghai,Holger,male,99,4992
Hongmiao,Singapore,,,,
Dejan-Krešimir,Tokyo,Dejan-Krešimir,male,99,7596
Susumu,Anhui,Susumu,male,98,170
Yusuke,Nagoya,Yusuke,male,99,1232
Surendra,Suwon,Surendra,male,100,3323
Claudio,,Claudio,male,99,46478
Pernille,,Pernille,female,99,695
Masaki,USA,Masaki,male,96,23
Sota,Taiyuan,Sota,male,90,81
Jinshui,,,,,
M,Dresden,,,,
Gavin,Geneva,Gavin,male,99,7644
Xue,USA,Xue,female,65,40
Juan,Xiamen,Juan,male,98,106011
Hanchu,,Hanchu,female,75,4
Justin,,Justin,male,98,43826
Hiroyuki,,Hiroyuki,male,100,1050
Asish,,Asish,male,99,431
Nicholas,Cambridge,Nicholas,male,100,21206
Kyle,,Kyle,male,98,25335
Jianli,,Jianli,male,69,13
Wenxin,USA,Wenxin,female,75,4
Yosuke,Glasgow,Yosuke,male,99,441
Zhen-Yu,,Zhen-Yu,male,63,4046
Masaru,,Masaru,male,99,346
Sun-Young,Saitama,Sun-Young,female,83,12
Charalampos,USA,Charalampos,male,99,183
Igor,,Igor,male,99,31134
Roman,,Roman,male,100,7094
Jean-Hubert,Kyoto,Jean-Hubert,male,100,30
Qiang,,Qiang,male,97,531
Merle,Beijing,Merle,female,76,829
Francesco,,Francesco,male,99,74458
Majid,Gunma,Majid,male,98,10746
Lingling,USA,Lingling,female,88,8
Long,Fujian,Long,male,100,89
Jin-Shun,Shanghai,Jin-Shun,male,75,5728
Sebastian,Kyoto,Sebastian,male,99,47850
Ilias,Osaka,Ilias,male,99,3691
Ido,,Ido,male,92,794
Jian-Siang,Qingdao,Jian,male,89,1215
Hyewon,Shenzhen,Hyewon,female,93,112
Volker,Kitakyushu,Volker,male,99,3081
Dzmitry,Tokyo,Dzmitry,male,100,134
Oscar,,Oscar,male,99,48539
Qi,,Qi,male,63,557
Oliver,,Oliver,male,98,22853
Matthias,University,Matthias,male,100,17148
Akinobu,,Akinobu,male,100,33
Mioara,,Mioara,female,99,408
Clément,Shanghai,Clément,male,98,7544
Wissam,,Wissam,male,83,2726
Daisuke,USA,Daisuke,male,96,47
Tahiri,Norwich,Tahiri,male,74,220
Xu-Ming,,Xu-Ming,male,75,3542
Irina,,Irina,female,98,21136
Kyohei,Fukuoka,Kyohei,male,100,146
Zhangquan,,Zhangquan,male,75,4
Shan,,Shan,male,73,4252
Yanyan,USA,Yanyan,female,91,11
Yusuke,,Yusuke,male,99,1232
Yuya,,Yuya,male,85,570
Dirk,Shandong,Dirk,male,99,14847
Sai,,Sai,male,86,10205
Zhifang,,Zhifang,male,64,14
Takuji,USA,Takuji,male,100,7
Hiroki,USA,Hiroki,male,96,28
Dean,,Dean,male,98,14854
Jukka,,Jukka,male,99,1290
Yongbo,Nagoya,Yongbo,male,92,24
Florencia,Pohang,Florencia,female,98,3275
Bernhard,Warsaw,Bernhard,male,98,4878
Yuki,,Yuki,female,62,3972
Ying,Tianjin,Ying,female,89,3288
Konstantin,Granada,Konstantin,male,99,5001
Quan-Guo,USA,Quan,male,93,216
Sonia,,Sonia,female,98,68267
Kazunari,,Kazunari,male,100,93
Claudia,Tianjin,Claudia,female,98,72003
Pengfei,,Pengfei,male,98,120
Valentina,,Valentina,female,99,53479
Tae-Youl,USA,Tae,male,73,151
James,Beijing,James,male,99,131879
Anne,Seoul,Anne,female,98,48855
Douglas,SP,Douglas,male,99,18529
Xin,USA,Xin,male,63,194
Michael,,Michael,male,99,211741
Matthias,Shanghai,Matthias,male,100,17148
Haifeng,USA,Haifeng,male,92,12
Flavio,Beijing,Flavio,male,99,13137
Jie,USA,Jie,male,55,176
James,Melbourne,James,male,99,131879
Hiroya,,Hiroya,male,99,89
Bum,,Bum,female,56,384
Shuguang,Singapore,Shuguang,male,100,13
Witali,,Witali,male,91,46
Wen,,Wen,female,56,1985
Laura,,Laura,female,98,163073
Qinglong,,Qinglong,male,100,23
Franz,USA,Franz,male,99,169
David,York,David,male,99,381770
Zhang,,Zhang,male,61,2518
Karuppusamy,"Hong Kong",Karuppusamy,male,100,29
Siegfried,USA,Siegfried,male,100,19
Qing,Rehovot,Qing,female,58,728
Wenzhe,Baltimore,Wenzhe,male,90,29
Youngsoon,,Youngsoon,female,75,12
Radell,Nagoya,Radell,unknown,50,4
Jacqueline,,Jacqueline,female,98,23327
Dominik,Cambridge,Dominik,male,98,21763
Jiang,Jülich,Jiang,male,67,731
Jun,Tianjin,Jun,male,88,6829
Ting,Dalian,Ting,female,68,1693
Florian,Bengaluru,Florian,male,99,31950
Karen,,Karen,female,96,51469
Jonathon,,Jonathon,male,99,1773
Yuliia,,Yuliia,female,95,41
Jiansheng,,Jiansheng,male,100,12
Angelika,,Angelika,female,98,9509
Tsuyoshi,Tallinn,Tsuyoshi,male,99,458
Jinxuan,,Jinxuan,female,63,8
Qingju,,Qingju,unknown,50,2
Shankar,Fukuoka,Shankar,male,100,3938
Michael,,Michael,male,99,211741
Dora,,Dora,female,97,10347
Cen,,Cen,male,74,246
Qi,Singapore,Qi,female,80,20
Debasish,Jeddah,Debasish,male,100,1232
Subrata,"Saudi Arabia",Subrata,male,75,4
Guoying,,Guoying,female,55,11
Takuya,USA,Takuya,male,100,24
Daniel,,Daniel,male,99,257742
Govindasamy,Groningen,Govindasamy,male,95,44
Lingyan,,Lingyan,female,90,30
Si-Min,USA,Si,male,75,87
Fang,,Fang,female,68,1434
Jogender,,Jogender,male,100,65
Till,,Till,male,100,100
Mariana,Kyoto,Mariana,female,98,27420
Sandip,Tianjin,Sandip,male,100,4444
Gyuhyung,Baleares,Gyuhyung,male,75,4
Sandip,USA,Sandip,male,99,72
Aleksander,,Aleksander,male,99,3519
Norma,Rehovot,Norma,female,98,6709
Francisco,USA,Francisco,male,100,2954
Yutaka,Shanghai,Yutaka,male,99,480
Tobias,,Tobias,male,100,17675
Jian,Pohang,Jian,male,89,1215
Khaleel,Jilin,Khaleel,male,98,594
In-Hyeok,Shanghai,In-Hyeok,male,58,698
Su-Young,,Su-Young,male,59,8475
Laura,,Laura,female,98,163073
Guzmán,Yamagata,Guzmán,male,97,59
Elizabeth,Xiamen,Elizabeth,female,99,44677
Elena,Kyoto,Elena,female,98,74807
Valentín,Chinese,Valentín,male,99,237
Hong,TAS,Hong,female,53,3853
Punit,Stockholm,Punit,male,99,1406
Nicoletta,,Nicoletta,female,98,3399
Ngong,Québec,Ngong,male,82,28
Patrik,Sendai,Patrik,male,99,13539
Naoki,,Naoki,male,98,944
Jin-Sheng,,Jin-Sheng,male,72,5385
Antonio,USA,Antonio,male,99,4554
Chongbo,,Chongbo,male,75,4
Gary,,Gary,male,99,34244
Richard,USA,Richard,male,100,24609
Mai,Tsukuba,Mai,female,87,11932
Andong,Beijing,Andong,male,79,19
P,USA,,,,
Do-Hyeon,Taipei,Do-Hyeon,male,64,2418
Hanjun,,Hanjun,male,100,29
Feiyi,USA,Feiyi,female,75,4
Biao,,Biao,male,95,81
Frédéric,,Frédéric,male,98,11476
Teruo,Dalian,Teruo,male,99,71
Wei,Geneva,Wei,male,73,4003
Xin-Yao,USA,Yao,male,65,88
Dhananjayan,,Dhananjayan,male,100,32
Yiyong,USA,Yiyong,male,89,9
Aliaa,Beijing,Aliaa,female,94,279
Jie,USA,Jie,male,55,176
Dritan,,Dritan,male,98,555
Keith,Guangzhou,Keith,male,98,21035
Itaru,,Itaru,male,100,35
Kevin,Liverpool,Kevin,male,99,140160
Dattatraya,,Dattatraya,male,100,146
Mingsheng,,Mingsheng,male,80,10
Jochen,USA,Jochen,male,100,30
Alexander,Tianjin,Alexander,male,99,56237
Zhenjie,USA,Zhenjie,male,75,4
Atsushi,,Atsushi,male,100,935
Wei,Tianjin,Wei,male,73,4003
Elena,USA,Elena,female,99,2312
Mrinmoyee,,Mrinmoyee,female,100,20
Peter,Canberra,Peter,male,99,146529
Blake,Xiamen,Blake,male,96,5952
Vincent,,Vincent,male,99,58501
Ata,Chengdu,Ata,male,93,3112
Ye,,Ye,male,75,1057
Giulio,,Giulio,male,99,10841
Francesca,,Francesca,female,99,54181
Ricardo,Thuwal,Ricardo,male,99,70541
Adrian,,Adrian,male,98,56140
Dazhen,USA,Dazhen,female,75,4
Stephen,,Stephen,male,99,46085
Marta,USA,Marta,female,98,939
Zongliang,,Zongliang,male,75,4
Yifeng,USA,Yifeng,male,71,7
Sam,,Sam,male,85,93540
Mario,USA,Mario,male,99,4449
Anette,,Anette,female,99,2644
Lilac,Tokyo,Lilac,female,92,109
Hui,,Hui,female,52,1684
Andreas,,Andreas,male,99,44818
Muhammad,Germany,Muhammad,male,99,143
Qing,,Qing,female,58,728
Yu,USA,Yu,male,64,274
Christopher,USA,Christopher,male,100,26017
Simon,,Simon,male,98,57458
Congqing,,,,,
Alexander,Russia,Alexander,male,100,6822
Xurong,,Xurong,male,75,4
Wei,Kawaguchi,Wei,male,73,4003
Michael,,Michael,male,99,211741
Netanel,Okazaki,Netanel,male,99,87
Song,,Song,male,100,74
Qiming,USA,Qiming,male,83,6
David,,David,male,99,381770
Arun,Shanghai,Arun,male,99,24419
Peter,,Peter,male,99,146529
Dong,,Dong,male,87,2212
Debashis,Nagoya,Debashis,male,100,662
Gerhard,,Gerhard,male,99,4931
Ashok,Beijing,Ashok,male,100,12914
Christoph,USA,Christoph,male,100,156
Shingo,Tokyo,Shingo,male,99,446
Dipankar,,Dipankar,male,100,1261
Dvir,USA,Dvir,male,100,3
Thomas,Daejeon,Thomas,male,99,129177
Giovanni,USA,Giovanni,male,100,9445
Ashkaan,,Ashkaan,male,100,7
Kiyoung,USA,Kiyoung,male,75,4
Benedict,,Benedict,male,98,1805
Rui,,Rui,male,98,25872
Maxim,USA,Maxim,male,100,3892
Guoyin,Beijing,Guoyin,female,75,4
Tomoki,,Tomoki,male,99,233
Christopher,USA,Christopher,male,100,26017
Fei,Tokyo,Fei,male,62,1203
Peter,Pittsburgh,Peter,male,99,146529
Robert,Daejeon,Robert,male,99,145540
Julen,Dalian,Julen,male,98,940
Shupeng,,Shupeng,male,90,10
Xiao,Hangzhou,Xiao,male,53,1772
Chun,USA,Chun,male,71,52
Tomokatsu,,Tomokatsu,male,100,8
Stephanie,USA,Stephanie,female,99,24141
Qing-Wei,,Qing-Wei,male,69,4731
Zhongjie,"Hong Kong",Zhongjie,male,100,18
Kazuyuki,,Kazuyuki,male,100,219
Zhuo,,Zhuo,male,75,118
Jiawei,,Jiawei,male,79,127
Narasimhulu,,Narasimhulu,male,100,19
Thomas,USA,Thomas,male,100,20215
Kim,,Kim,female,68,48002
Virendra,USA,Virendra,male,100,11
Manoj,,Manoj,male,100,20774
Yong-Qiang,,Yong-Qiang,male,89,2793
Nan,University,Nan,female,71,3704
Weigang,Shanghai,Weigang,male,100,15
Amrita,,Amrita,female,97,1875
Isaac,USA,Isaac,male,99,3762
Daisuke,,Daisuke,male,99,1432
Melissa,,Melissa,female,98,53987
Cheol,Singapore,Cheol,male,100,106
Yanming,USA,Yanming,male,80,5
Jiale,,Jiale,male,78,40
Saiyong,,Saiyong,male,75,4
Anyin,USA,Anyin,unknown,50,2
Zhoutong,Shanghai,,,,
Xiaoliang,Tokyo,Xiaoliang,male,94,48
Carlos,Beijing,Carlos,male,99,174998
Jiasheng,USA,Jiasheng,male,75,4
Sergio,València,Sergio,male,99,81526
Jonas,,Jonas,male,99,20200
Stefan,,Stefan,male,98,50890
Aleksander,Lanzhou,Aleksander,male,99,3519
Zachary,USA,Zachary,male,100,6186
Jean-Philippe,,Jean-Philippe,male,97,6209
Rajdip,USA,Rajdip,male,100,3
Polly,USA,Polly,female,99,484
Wenting,,Wenting,female,88,74
Neha,Singapore,Neha,female,100,28
Huihui,,Huihui,female,69,121
Jens,Osaka,Jens,male,99,13599
Piotr,,Piotr,male,99,45729
Mischa,USA,Mischa,female,60,73
Lena,USA,Lena,female,98,1124
Daniel,Crete,Daniel,male,99,257742
Jian,Kyoto,Jian,male,89,1215
Marta,Bath,Marta,female,98,84333
William,,William,male,99,67797
Zachary,,Zachary,male,100,7365
Jiakun,,Jiakun,male,100,7
Woo-Jin,,Woo-Jin,male,92,13
Xuesong,Brighton,Xuesong,male,81,37
Tsukasa,Beijing,Tsukasa,male,85,164
Thais,Kyoto,Thais,female,98,7519
Michael,USA,Michael,male,100,65535
Ying,,Ying,female,89,3288
Yuan,Yokohama,Yuan,male,58,1657
Susan,,Susan,female,98,34211
Stephen,USA,Stephen,male,100,16681
Chang,,Chang,male,72,2129
Sophie,,Sophie,female,98,54216
Erik,,Erik,male,96,31753
Guizhou,Guangzhou,Guizhou,male,75,4
Stephan,,Stephan,male,99,19941
Yusuke,,Yusuke,male,99,1232
Jonathan,,Jonathan,male,99,84386
Christopher,Guangdong,Christopher,male,99,55041
Eric,Shanghai,Eric,male,99,121922
Dimitris,Tianjin,Dimitris,male,99,10807
Hironori,,Hironori,male,99,148
Robin,Shanghai,Robin,male,75,32295
Rudy,Beijing,Rudy,male,97,12850
Tobias,USA,Tobias,male,100,2610
Marc,,Marc,male,99,77461
Alexander,USA,Alexander,male,100,6939
Melvyn,València,Melvyn,male,97,469
Manhua,Fuzhou,Manhua,female,60,5
Daiki,USA,Daiki,male,100,4
Neel,,Neel,male,93,1703
Peter,Shanghai,Peter,male,99,146529
Kentaro,Galway,Kentaro,male,100,403
Julie,,Julie,female,98,72376
Shay,,Shay,female,54,2222
Sebastian,Trieste,Sebastian,male,99,47850
Michael,USA,Michael,male,100,65535
Jie,Jiangsu,Jie,male,61,1651
Zhu,,Zhu,male,61,674
Damien,Ningbo,Damien,male,99,30575
Gabriel,Sapporo,Gabriel,male,99,59297
Jun-Hao,Quebec,Jun-Hao,male,87,8934
Dong,Singapore,Dong,male,89,19
Nidhi,USA,Nidhi,female,98,131
Lei,USA,Lei,male,57,231
Jing,Shanghai,Jing,female,75,2534
Goutam,,Goutam,male,100,1010
Zi-Qi,,Zi-Qi,male,61,966
Lei,Tokyo,Lei,male,59,2374
Hsueh-Ju,Suita,Hsueh-Ju,male,52,4998
Raphael,Harbin,Raphael,male,99,22692
Yunlong,USA,Yunlong,male,100,5
Marc,Xiamen,Marc,male,99,77461
Jinshui,USA,,,,
Kei,Kyoto,Kei,male,74,1478
Benjamin,Tokyo,Benjamin,male,99,50718
Xianghua,,Xianghua,female,91,78
Róise,USA,,,,
Lisanne,,Lisanne,female,98,615
Shaohua,USA,Shaohua,male,100,3
José,USA,José,male,99,355
Sean,,Sean,male,99,37072
Chao,Fujian,Chao,male,86,1135
Dmitry,Suzhou,Dmitry,male,100,8556
Kai,,Kai,male,96,28964
Chengwei,USA,Chengwei,male,67,3
Francis,,Francis,male,94,31198
Chengyuan,Yunnan,Chengyuan,male,78,18
Haixiang,Beijing,Haixiang,male,89,9
Sara,,Sara,female,98,153041
Yucong,Lanzhou,Yucong,female,86,7
Benesh,USA,Benesh,male,75,4
Maria,,Maria,female,97,245074
Karin,Ankara,Karin,female,97,15483
Koji,,Koji,male,98,1020
Haijing,,Haijing,female,75,16
Zhe,,Zhe,male,80,504
Congqing,USA,,,,
Anthony,,Anthony,male,99,85303
Norihito,,Norihito,male,100,25
Keiichi,USA,Keiichi,male,100,5
Jin,Stockholm,Jin,male,72,4739
Chunlin,,Chunlin,male,92,24
Xiaohu,,Xiaohu,male,100,37
David,,David,male,99,381770
Timothy,USA,Timothy,male,100,9427
Zhaoyang,Jinan,Zhaoyang,male,99,101
Jundong,,Jundong,male,100,7
Houyu,,Houyu,male,75,4
Bernd,USA,Bernd,male,100,54
Jennifer,"United Kingdom",Jennifer,female,98,3209
Timothy,Nara,Timothy,male,99,15778
Xin,,Xin,male,58,1659
Hua,Nanjing,Hua,male,52,891
Yi-Ming,,Yi-Ming,male,100,6
Yinjun,USA,Yinjun,male,100,3
Barry,,Barry,male,98,13520
Jamshed,Tokyo,Jamshed,male,99,490
Safacan,Mumbai,Safacan,male,100,3
Giulia,,Giulia,female,99,29392
Somenath,,Somenath,male,99,173
Hans-Ulrich,USA,Hans,male,99,791
Andrew,Valencia,Andrew,male,99,82448
Patrick,,Patrick,male,99,118290
Thorsten,,Thorsten,male,99,5261
Anjan,Tianjin,Anjan,male,98,876
Tuo,USA,Tuo,male,90,10
Holger,USA,Holger,male,100,54
Chen,,Chen,male,63,5576
Axelle,USA,Axelle,female,93,15
Yulin,USA,Yulin,female,57,14
Xigong,,,,,
Xian-Kai,,Xian-Kai,male,89,11662
Maria,,Maria,female,97,245074
Shihui,"Hong Kong",Shihui,female,74,35
Malgorzata,,Malgorzata,female,98,3229
Jatish,Hangzhou,Jatish,male,100,15
Ophélie,,Ophélie,female,97,2834
Xingbang,USA,,,,
Myles,Beijing,Myles,male,99,7017
Barry,,Barry,male,98,13520
Wen,Seattle,Wen,female,56,1985
Zhendong,Singapore,Zhendong,male,100,22
Baljeet,,Baljeet,male,87,377
Marc,,Marc,male,99,77461
Yao,Göttingen,Yao,male,74,1982
Xiao,Beer-Sheva,Xiao,male,53,1772
Jose,,Jose,male,97,148383
Thomas,Manchester,Thomas,male,99,129177
Deng-Tao,Glasgow,Deng-Tao,male,85,2373
Hao,"United Kingdom",Hao,male,90,42
Rock,,Rock,male,100,75
Katherine,Ibaraki,Katherine,female,99,15804
Taeuk,,Taeuk,male,100,14
Ziqing,,Ziqing,male,75,16
Yuan-Zhu,USA,Yuan,male,57,152
Ozcan,,Ozcan,male,95,1433
Chien-Chi,,Chien-Chi,male,51,3802
Amber,Tianjin,Amber,female,97,17754
Shengtao,,Shengtao,male,100,6
Joanna,Tianjin,Joanna,female,98,34331
Yong,Sendai,Yong,male,87,2262
Ronglu,Osaka,Ronglu,female,75,4
Dan,Beijing,Dan,male,97,61524
Na,Geneva,Na,female,62,2852
Julien,,Julien,male,98,72530
Samantha,Cambridge,Samantha,female,98,35715
Zhanxi,,,,,
Suhelen,La,Suhelen,female,100,13
Manfred,,Manfred,male,99,7550
Ingrid,"Hong Kong",Ingrid,female,96,24
Efrat,,Efrat,female,91,162
Miguel,Bangalore,Miguel,male,99,89766
Jay,,Jay,male,93,45116
J,Xiangtan,,,,
Ciarán,,Ciarán,male,100,107
Michiel,,Michiel,male,99,1771
Vladimir,Peking,Vladimir,male,99,21639
Héloïse,Singapore,Héloïse,female,95,282
Xavier,,Xavier,male,99,27038
Sabrina,,Sabrina,female,98,60955
Daniel,USA,Daniel,male,100,35866
Stefan,USA,Stefan,male,100,1196
Sifei,Osaka,Sifei,female,75,4
Jonathan,,Jonathan,male,99,84386
Liang,USA,Liang,male,87,106
Shigeyuki,USA,Shigeyuki,male,75,4
Daisuke,,Daisuke,male,99,1432
Shan,Anhui,Shan,male,73,4252
Jean-Pierre,Tokyo,Jean-Pierre,male,99,9874
Sudipta,USA,Sudipta,male,68,22
Emma-Rose,,Emma-Rose,female,100,7
Andrew,,Andrew,male,99,82448
K,USA,,,,
Bilguun,Bonn,Bilguun,male,89,62
Qinghong,ON,Qinghong,male,57,7
Kilian,Cambridge,Kilian,male,98,1438
Arindom,,Arindom,male,100,54
Matthew,Beijing,Matthew,male,100,51412
Hang,Yokohama,,,,
Curt,Wuhan,Curt,male,99,1604
Crispin,,Crispin,male,97,507
Jie,USA,Jie,male,55,176
Xiao,Grenoble,Xiao,male,53,1772
Yifan,(USA),Yifan,male,70,227
Abhijit,,Abhijit,male,100,3960
Njamkou,Nagoya,,,,
James,,James,male,99,131879
Toru,,Toru,male,98,537
Xi-Sha,Tsukuba,Xi-Sha,female,54,2584
Zhengxu,USA,Zhengxu,male,100,3
Brannon,USA,Brannon,male,96,127
Guang-Yu,Singapore,Guang,male,88,8
Liang,,Liang,male,82,1287
Shohei,Princeton,Shohei,male,100,309
Yuxi,,Yuxi,female,57,60
Dinesh,,Dinesh,male,100,16255
Jeffrey,,Jeffrey,male,100,19324
Jonathan,NSW,Jonathan,male,99,84386
Sabine,Tokyo,Sabine,female,98,22561
Azadeh,BC,Azadeh,female,98,1082
Yongjun,,Yongjun,male,97,90
Maxime,Singapore,Maxime,male,100,7
Yansheng,Beijing,Yansheng,male,86,7
Ken,Queensland,Ken,male,98,28348
Yan,USA,Yan,male,63,365
Erik,Oxford,Erik,male,96,31753
Adam,,Adam,male,99,101742
Lucia,USA,Lucia,female,99,5644
Dorian,USA,Dorian,male,98,4515
He,Kyoto,He,male,71,769
Eriko,USA,Eriko,female,95,21
Jan,Zhengzhou,Jan,male,92,104026
Yuanqin,,Yuanqin,male,75,4
Bishnu,,Bishnu,male,96,691
Gerald,,Gerald,male,99,11899
Wesley,,Wesley,male,99,13241
Haiyan,Seoul,Haiyan,female,92,186
Svenja,Shanghai,Svenja,female,98,1874
Xiongyi,Stockholm,Xiongyi,male,75,4
Szymon,Changchun,Szymon,male,100,6650
Yuanyuan,Ontario,Yuanyuan,female,90,239
Jakub,Beijing,Jakub,male,99,23677
Chin,,,,,
Shaoquan,Manchester,Shaoquan,male,75,4
Claire,USA,Claire,female,99,3578
Matthias,Kagawa,Matthias,male,100,17148
Jianfeng,Beijing,Jianfeng,male,97,95
Jiayin,Beijing,Jiayin,female,82,38
Timothy,Changchun,Timothy,male,99,15778
Beau,,Beau,male,82,2266
Raquel,USA,Raquel,female,97,1581
Tobias,Sichuan,Tobias,male,100,17675
Chi,Chongqing,Chi,female,58,2952
Hui,,Hui,female,52,1684
Hirofumi,Suzhou,Hirofumi,male,99,171
Peng-Fei,,Peng-Fei,male,74,2556
Qiying,Fukuoka,Qiying,female,60,5
Huanhuan,,Huanhuan,female,74,31
Yuehui,"Hong Kong",Yuehui,male,75,4
Richard,,Richard,male,99,97659
Zeynep,,Zeynep,female,97,20266
Jae,,Jae,male,76,1609
Xuemei,USA,Xuemei,female,100,5
Alexey,Seoul,Alexey,male,100,7132
Jilai,,Jilai,male,75,4
P,,,,,
Yizhen,USA,Yizhen,unknown,50,2
Sara,Beijing,Sara,female,98,153041
Fabio,,Fabio,male,99,72039
F,,,,,
Shin-Ichi,USA,Shin,male,66,82
Zhengyan,Tianjin,Zhengyan,unknown,50,10
Xing-Feng,,Xing-Feng,male,78,1931
Dongtao,,Dongtao,male,100,5
Bartosz,,Bartosz,male,100,7087
H,,,,,
Xiao,Sendai,Xiao,male,53,1772
Yan,,Yan,male,73,8519
Yong,Norwich,Yong,male,87,2262
Jian,,Jian,male,89,1215
Joseph,USA,Joseph,male,100,21534
Yosuke,USA,Yosuke,male,100,20
Holger,Husinec-řež,Holger,male,99,4992
Li,,Li,female,53,4165
Adam,Shanghai,Adam,male,99,101742
Maximilian,,Maximilian,male,99,5404
Camille,"United Kingdom",Camille,female,87,200
Kaitlyn,USA,Kaitlyn,female,99,2554
Won,Kobe,Won,male,86,538
Liubov,,Liubov,female,98,368
Zachary,Auf,Zachary,male,100,7365
Chandra,,Chandra,male,55,9924
Jingqi,Jilin,Jingqi,female,53,15
Ugo,,Ugo,male,96,4880
Tobias,Kanagawa,Tobias,male,100,17675
Meng-Qiang,Tianjin,Meng-Qiang,male,73,1583
Shuo,Osaka,Shuo,male,75,239
Tom,,Tom,male,99,87429
David,"United Kingdom",David,male,99,38291
Bo,Sapporo,Bo,male,85,5389
André,,André,male,99,25357
Quan,,Quan,male,93,1630
Ying-Feng,,Ying-Feng,female,68,4674
Dorota,Yokohama,Dorota,female,98,14671
Waltraud,Shanghai,Waltraud,female,95,539
Hui,,Hui,female,52,1684
Rebecca,Tokyo-to,Rebecca,female,99,35211
Mario,Cambridge,Mario,male,99,112267
Golo,,Golo,male,85,71
Hao,,Hao,male,84,2105
Yasemin,SA,Yasemin,female,100,8
Dennis,,Dennis,male,99,44146
Xin,Tianjin,Xin,male,58,1659
Yoichi,,Yoichi,male,99,197
Andrew,,Andrew,male,99,82448
Peter,USA,Peter,male,100,15502
Elena,Seoul,Elena,female,98,74807
Zhaowei,,Zhaowei,male,90,20
Wei,Taiwan,Wei,male,71,546
Satoshi,,Satoshi,male,99,1177
Rui-Chun,Hefei,Rui-Chun,male,97,26777
Hirofumi,,Hirofumi,male,99,171
Christoph,Seoul,Christoph,male,99,9324
Joe,Singapore,Joe,male,96,397
Yasuto,,Yasuto,male,100,23
Mareike,,Mareike,female,98,1038
Lu,,Lu,female,68,5209
Shylesh,,Shylesh,male,98,51
Naoki,,Naoki,male,98,944
Qiang,Victoria,Qiang,male,97,531
Hans,,Hans,male,97,28935
Hiroki,,Hiroki,male,99,1031
Anne-Marie,Tianjin,Anne-Marie,female,98,4286
Jonas,USA,Jonas,male,100,2557
Dongbing,Guangzhou,,,,
Xiaokong,Beijing,,,,
Yiyi,,Yiyi,female,76,454
Chunhua,Zhejiang,Chunhua,female,84,70
Frederik,,Frederik,male,98,2443
Antoine,,Antoine,male,99,33499
Yaewon,Dublin,Yaewon,female,67,3
Qingling,,Qingling,female,79,14
Matthias,Shanghai,Matthias,male,100,17148
Vinayak,,Vinayak,male,100,2539
Nagarajan,USA,Nagarajan,male,100,22
Xin-Yao,Beijing,Xin-Yao,male,66,3641
Marc,,Marc,male,99,77461
Junghee,Bristol,Junghee,female,63,84
Gengzhi,Nagoya,Gengzhi,male,75,4
Fahui,,Fahui,male,75,4
Peng,,Peng,male,84,1353
Théo,(Japan),Théo,male,98,2125
Wengang,,Wengang,male,100,6
Xiao-Jun,Haifa,Xiao-Jun,male,81,8601
Zhiguang,,Zhiguang,male,100,11
Xianqi,Milano,Xianqi,male,67,3
Jeffrey,USA,Jeffrey,male,100,10439
Jianwei,,Jianwei,male,97,65
Caitlan,Tokyo,Caitlan,female,100,48
Long,USA,Long,male,100,89
Junnian,,Junnian,male,75,4
Laurent,,Laurent,male,97,55808
Jianhui,,Jianhui,male,90,30
Qiang,USA,Qiang,male,95,40
Hiroshi,,Hiroshi,male,99,1730
Komala,,Komala,female,93,108
Jia-Jia,,Jia-Jia,female,67,3
Yuting,,Yuting,female,79,159
Eamonn,Xiamen,Eamonn,male,99,468
Junhe,,Junhe,male,80,10
Shuai,,Shuai,male,87,255
Julian,Beijing,Julian,male,95,24021
Sophie,,Sophie,female,98,54216
Hiroyuki,USA,Hiroyuki,male,100,26
Stefan,USA,Stefan,male,100,1196
Julien,USA,Julien,male,99,1741
Takuya,Tianjin,Takuya,male,99,1101
Bram,Beijing,Bram,male,99,3040
Marwan,Tianjin,Marwan,male,97,7250
Michaela,Ulsan,Michaela,female,92,31084
Silvia,,Silvia,female,98,61342
Bo,,Bo,male,85,5389
Andreu,,Andreu,male,99,1158
Ayuko,,Ayuko,female,100,26
Farrukh,Beijing,Farrukh,male,99,1431
Nina,USA,Nina,female,99,3109
Sebastien,,Sebastien,male,98,35769
Lisa,,Lisa,female,98,75562
Marina,Berlin,Marina,female,98,57740
Judith,,Judith,female,98,14121
Jinshui,,,,,
Isabel,,Isabel,female,98,35767
Shiqi,Changchun,Shiqi,female,58,38
Xiaobo,USA,Xiaobo,male,100,7
Thomas,,Thomas,male,99,129177
Mohammad,,Mohammad,male,99,47588
Shuai,,Shuai,male,87,255
Mostofa,,Mostofa,male,100,117
James,,James,male,99,131879
Michael,,Michael,male,99,211741
Ananya,Bremen,Ananya,female,92,1420
Yuxiang,,Yuxiang,male,81,48
Xiao-Jun,USA,Jun,male,86,387
Guang-Hui,,Guang-Hui,male,54,1918
Junghoon,,Junghoon,male,99,111
Boran,ENG,Boran,male,94,2194
Fabian,,Fabian,male,99,25659
Lin,USA,Lin,female,73,465
Vicente,USA,Vicente,male,100,3660
Ting,,Ting,female,68,1693
Jin,USA,Jin,male,68,337
Kerstin,,Kerstin,female,98,7298
Ylva,,Ylva,female,97,353
Christopher,Beijing,Christopher,male,99,55041
Andreas,,Andreas,male,99,44818
Gonzalo,Xiamen,Gonzalo,male,99,12933
Larissa,,Larissa,female,99,21495
Chuandong,,Chuandong,male,75,4
Christopher,USA,Christopher,male,100,26017
Sangen,Anhui,Sangen,male,75,4
Ester,USA,Ester,female,98,191
Dominik,,Dominik,male,98,21763
Svenja,Gyeonggi-do,Svenja,female,98,1874
Manuel,,Manuel,male,99,96874
Theodossis,,Theodossis,male,75,4
Jonas,Wuhan,Jonas,male,99,20200
Sébastien,,Sébastien,male,99,18623
Carolyn,,Carolyn,female,99,7827
Apparao,Beijing,Apparao,male,99,99
Weiping,,Weiping,male,73,45
Hyeong-Ju,Beer-Sheva,Hyeong-Ju,male,53,5020
Juan,,Juan,male,98,106011
Flora,Garching,Flora,female,97,7814
Jiangxuan,,,,,
Sonja,Tokyo,Sonja,female,98,10955
Samuel,,Samuel,male,99,59149
Piotr,USA,Piotr,male,99,179
Philipp,Nanjing,Philipp,male,99,8496
Chuang,,Chuang,male,72,158
Paolo,Tokyo,Paolo,male,99,60571
Congqing,Twin,,,,
Christian,,Christian,male,100,48300
Florian,USA,Florian,male,99,159
Shaodong,USA,Shaodong,male,100,4
Yingmeng,Hefei,Yingmeng,female,75,4
Brisa,,Brisa,female,99,4850
Matthias,Leeds,Matthias,male,100,17148
Garam,,Garam,male,53,116
Elsa,,Elsa,female,98,14648
Thomas,Shanghai,Thomas,male,99,129177
Hua,,Hua,male,52,891
Jan,Wales,Jan,male,92,104026
Marie-Laure,Álava,Marie-Laure,female,98,1958
Jing,USA,Jing,female,76,249
Nora,USA,Nora,female,98,1454
Eden,Shanghai,Eden,female,81,6343
Daniel,Georg-August-Universität,Daniel,male,99,257742
Emeline,,Emeline,female,98,4266
Chun-Yu,,Chun-Yu,male,62,21
Javier,Fife,Javier,male,99,67247
Takayoshi,,Takayoshi,male,100,93
Dipan,USA,Dipan,male,100,8
Constanze,,Constanze,female,99,295
Yinlong,,Yinlong,male,83,6
Tomohiro,(P,Tomohiro,male,100,436
Yasushi,USA,Yasushi,male,100,10
Clifford,,Clifford,male,100,10228
Gernot,,Gernot,male,99,579
Filippo,,Filippo,male,99,16077
Damien,Tarragona,Damien,male,99,30575
Xin-Yao,Nanjing,Xin-Yao,male,66,3641
Michael,Daejeon,Michael,male,99,211741
Anna,Chengdu,Anna,female,98,184558
Binh,,Binh,male,81,1663
Daniel,,Daniel,male,99,257742
Lan,Shenyang,Lan,female,75,3460
Madala,,Madala,male,75,64
P,USA,,,,
Javier,Singapore,Javier,male,98,47
John,,John,male,99,219085
Alec,Shanghai,Alec,male,89,3744
Le,USA,Le,male,54,275
Martin,Shanghai,Martin,male,98,139211
Hein,,Hein,male,97,1156
Yuanming,,Yuanming,male,79,14
Alan,,Alan,male,99,44635
Roger,,Roger,male,99,34849
Bryan,,Bryan,male,99,27027
Said,,Said,male,97,38083
Robert,,Robert,male,99,145540
Wei,Xin,Wei,male,73,4003
Joab,,Joab,male,99,347
Robert,Yokohama,Robert,male,99,145540
Ulrich,Kanagawa,Ulrich,male,98,3912
Urška,USA,Urška,female,100,3
Josep,,Josep,male,99,5674
Heng,,Heng,male,82,742
Yong,Lower,Yong,male,87,2262
Xiaohu,,Xiaohu,male,100,37
Raphael,,Raphael,male,99,22692
Xiao,Kent,Xiao,male,53,1772
Guodong,Rostock,Guodong,male,98,45
Christian,Guangzhou,Christian,male,100,48300
Hans,Tenerife,Hans,male,97,28935
Xiao,,Xiao,male,53,1772
Johannes,Hualien,Johannes,male,99,7870
Jianxin,,Jianxin,male,95,39
F,,,,,
Jingxun,,Jingxun,male,100,4
Ibon,Southampton,Ibon,male,96,339
Dipankar,(P,Dipankar,male,100,1261
Hyosun,USA,Hyosun,female,75,4
Manuel,Shanghai,Manuel,male,99,96874
Diego,,Diego,male,99,67382
Harry,Fujian,Harry,male,98,24473
David,Anhui,David,male,99,381770
Marc,,Marc,male,99,77461
Adriana,Victoria,Adriana,female,98,39712
Makoto,,Makoto,male,95,1208
Ryota,,Ryota,male,100,617
Weibo,,Weibo,male,88,16
Alexander,,Alexander,male,99,56237
Carlos,Singapore,Carlos,male,100,26
Peter,,Peter,male,99,146529
Kristin,Hangzhou,Kristin,female,98,9818
Kohei,,Kohei,male,100,401
Beulah,Shanghai,Beulah,female,96,246
Koichi,USA,Koichi,male,100,23
An-Liang,Osaka,An-Liang,male,55,6876
Dimitri,,Dimitri,male,99,11238
Maik,,Maik,male,98,7147
Rajendra,Changchun,Rajendra,male,100,4696
Gabriele,Fuzhou,Gabriele,male,83,20770
Ya-Chu,University,Ya-Chu,female,100,5
Indranil,Nanjing,Indranil,male,100,589
Ilya,,Ilya,male,97,3968
Ning,Guangzhou,Ning,female,74,1915
Jiafeng,,Jiafeng,male,88,16
Kang,USA,Kang,male,90,60
Tomislav,USA,Tomislav,male,100,27
Yuanfei,USA,Yuanfei,male,80,5
Shuang,Nova,Shuang,female,64,278
Victoria,,Victoria,female,98,33384
Ishanie,,Ishanie,female,100,6
Petra,USA,Petra,female,95,374
Maria,Xiamen,Maria,female,97,245074
Yohei,Beijing,Yohei,male,99,308
Elfriede,Singapore,Elfriede,female,98,563
Bao,,Bao,male,77,1438
Barbara,,Barbara,female,98,58381
Weishuo,Kyoto,Weishuo,male,75,4
Elke,Beijing,Elke,female,99,4970
Chengxi,Tokyo,Chengxi,male,57,14
Jinsuk,Sheffield,Jinsuk,male,78,32
Ichiro,Okazaki,Ichiro,male,99,230
Elodie,Shanghai,Elodie,female,98,31208
Maren,Shanghai,Maren,female,99,4587
Junyan,,Junyan,male,77,31
Jun-Ling,TCD,Jun-Ling,male,72,9044
George,,George,male,99,63411
Binbin,,Binbin,male,74,194
Kai,,Kai,male,96,28964
Wenfang,,Wenfang,female,70,10
Shuang,,Shuang,female,64,278
Seung,,Seung,male,93,447
Anindita,USA,Anindita,female,100,19
Christopher,,Christopher,male,99,55041
Mary,Beijing,Mary,female,98,76726
Mao,USA,Mao,male,51,47
Claudio,,Claudio,male,99,46478
Angie,Taiwan,Angie,female,100,50
Yuan-Zhi,,Yuan-Zhi,male,62,2042
Liping,,Liping,female,81,126
Anthony,,Anthony,male,99,85303
Doreen,,Doreen,female,98,4074
Michael,USA,Michael,male,100,65535
Hugh,Dalian,Hugh,male,99,2949
Ren-yi,USA,Ren,male,58,270
Takeshi,,Takeshi,male,99,1290
Sasha,Beijing,Sasha,female,53,10493
Ning,,Ning,female,74,1915
Chen,,Chen,male,63,5576
Guangbao,Beijing,,,,
Benson,,Benson,male,98,2890
Claudia,Universität,Claudia,female,98,72003
Kévin,,Kévin,male,99,9304
Jeehong,,Jeehong,male,100,5
Yi,,Yi,male,61,1397
Karel,,Karel,male,96,21265
Hong,,Hong,female,53,3853
Ane,Delft,Ane,female,92,1811
Nathan,Catalonia,Nathan,male,99,29365
Juanxia,,Juanxia,female,75,4
Shanshan,Shanghai,Shanshan,female,94,285
Xufan,Kolkata,Xufan,female,75,4
Remy,Nagoya,Remy,male,93,7370
Appaso,USA,Appaso,male,100,6
Chintada,USA,Chintada,male,100,10
Sandra,,Sandra,female,98,133088
Andrew,,Andrew,male,99,82448
Chengsi,,Chengsi,female,75,4
Ashley,Shanghai,Ashley,female,84,40088
Jianping,,Jianping,male,75,48
Jian,USA,Jian,male,84,124
Guillaume,,Guillaume,male,99,37030
Shuliang,,Shuliang,male,88,8
Sandra,USA,Sandra,female,98,9273
Alexander,Taiyuan,Alexander,male,99,56237
Zhenxing,Nagoya,Zhenxing,male,100,13
Pablo,,Pablo,male,99,51159
Christian,,Christian,male,100,48300
Yuki,,Yuki,female,62,3972
Jérôme,,Jérôme,male,99,5714
Daniel,Bangalore,Daniel,male,99,257742
Xiaoli,VIC,Xiaoli,female,83,126
Óscar,Riyadh,Óscar,male,99,1203
Simon,,Simon,male,98,57458
Olaf,Ontario;,Olaf,male,98,4079
Elizabeth,,Elizabeth,female,99,44677
Juan,Beijing,Juan,male,98,106011
Ali,Nanjing,Ali,male,94,240857
Manabu,Anhui,Manabu,male,99,280
Dajian,,Dajian,male,100,5
Wenshou,USA,Wenshou,male,75,4
Ala,,Ala,female,60,5534
Adrian,Seoul,Adrian,male,98,56140
Julia,,Julia,female,97,57688
Wenzhen,Jinhua,Wenzhen,male,57,7
Sandy,,Sandy,female,78,27089
Yang,USA,Yang,male,69,340
Kristina,,Kristina,female,98,18828
Wangqing,"Hong Kong",Wangqing,male,67,6
Dohyung,Matieland,Dohyung,male,100,29
Shengliang,Shanghai,Shengliang,male,100,4
Shunpei,USA,Shunpei,male,100,14
Nicolas,USA,Nicolas,male,100,1619
Dongxu,,Dongxu,male,100,28
Francesco,Centro,Francesco,male,99,74458
Steven,,Steven,male,99,59951
Soumyajit,Kyoto,Soumyajit,male,100,281
Cher,Nova,Cher,female,82,853
Hiroyasu,,Hiroyasu,male,100,57
Daniel,,Daniel,male,99,257742
Patrick,,Patrick,male,99,118290
Korwin,,Korwin,male,75,4
Ran,USA,Ran,male,71,139
Yimin,,Yimin,male,80,55
Xin,Anhui,Xin,male,58,1659
Wolfgang,USA,Wolfgang,male,99,185
K,Tokyo,,,,
Tobias,Osaka,Tobias,male,100,17675
Jeewoo,USA,Jeewoo,female,75,4
Anna,Singapore,Anna,female,99,196
Jianlong,,Jianlong,male,100,15
Philipp,Fukuoka,Philipp,male,99,8496
Ming-Hsiu,USA,Ming,male,73,237
Heng,,Heng,male,82,742
Pui-Keong,USA,Pui,female,75,12
Charl,,Charl,male,84,870
Jialei,Xi'an,Jialei,male,70,10
Kanny,,Kanny,male,54,130
Xiaobin,Chengdu,Xiaobin,male,85,60
José-Antonio,,José-Antonio,male,100,5
Noelia,,Noelia,female,98,10984
Juntao,,Juntao,male,83,24
Shota,,Shota,male,98,864
Andrey,,Andrey,male,99,14894
Brian,Shanghai,Brian,male,99,69588
Na,,Na,female,62,2852
Alexey,Shanghai,Alexey,male,100,7132
Irene,,Irene,female,98,30206
Hsiao-Ching,VIC,Hsiao-Ching,female,100,6
Jiao,Bristol,Jiao,female,75,156
Dong,USA,Dong,male,91,136
Hyewon,USA,Hyewon,female,100,4
Ryo,,Ryo,male,97,2815
Yasukazu,,Yasukazu,male,100,9
Stefan,,Stefan,male,98,50890
Zhenkun,USA,Zhenkun,male,90,10
Jun,,Jun,male,88,6829
Ryoichi,Dalian,Ryoichi,male,100,111
Sangwoo,USA,Sangwoo,male,100,4
Michael,Kyoto,Michael,male,99,211741
Sean,Fujian,Sean,male,99,37072
Shengli,,Shengli,male,82,22
Jiang,USA,Jiang,male,68,40
Erika,,Erika,female,98,39357
Shuaijiang,Tokyo,,,,
Jana,Singapore,Jana,female,53,17
David,,David,male,99,381770
Gengwen,USA,Gengwen,male,75,4
Alexander,Wuhan,Alexander,male,99,56237
Prasenjit,USA,Prasenjit,male,100,17
Qiupeng,Valladolid,,,,
Bruce,USA,Bruce,male,100,6899
Meihua,,Meihua,female,98,133
Jérôme,,Jérôme,male,99,5714
Luke,,Luke,male,99,21252
Hennie,Singapore,Hennie,male,60,1396
Yong,,Yong,male,87,2262
Melanie,Nottingham,Melanie,female,98,35986
Sebastian,British,Sebastian,male,99,47850
Linus,,Linus,male,98,2825
Bradley,USA,Bradley,male,99,3685
Fei,,Fei,male,62,1203
Yuriy,Beijing,Yuriy,male,100,2292
Ye,,Ye,male,75,1057
Wyatt,"United Kingdom",Wyatt,male,92,25
Shin-ichi,,Shin-Ichi,male,100,23
Jian,SA,Jian,male,67,3
Shahid,,Shahid,male,99,7161
Brendan,,Brendan,male,99,6341
Jens,USA,Jens,male,97,183
Michio,USA,Michio,male,100,12
Yawen,,Yawen,female,91,78
Tina,,Tina,female,98,39798
Jacob,,Jacob,male,99,25605
Guanbin,,,,,
Matthew,,Matthew,male,100,51412
Andrés,Hubei,Andrés,male,99,6036
Debashis,,Debashis,male,100,662
Yaron,Tokyo,Yaron,male,99,413
Sadiya,Jerusalem,Sadiya,female,97,272
Bastian,,Bastian,male,99,2753
Chaoliang,,Chaoliang,male,75,4
Miłosz,,Miłosz,male,100,920
Matthew,USA,Matthew,male,100,30646
Regine,,Regine,female,98,2728
Lisa,Beijing,Lisa,female,98,75562
Chia-Wei,Shanghai,Chia-Wei,male,56,18
Nicole,Anhui,Nicole,female,98,65299
Wei,USA,Wei,male,75,391
Indranil,Nagoya,Indranil,male,100,589
Thomas,,Thomas,male,99,129177
Korbinian,Hubei,Korbinian,male,100,88
Tian,Utrecht,Tian,male,69,1173
Laifa,,Laifa,male,60,45
Xiaohui,ACT,Xiaohui,male,54,153
Marco,,Marco,male,99,133237
Vanessa,Tokyo,Vanessa,female,98,78451
Guang-Ping,Shanghai,Guang-Ping,male,58,1796
Dinar,,Dinar,male,61,564
Jan,Hubei,Jan,male,92,104026
Nobuhiko,Shanghai,Nobuhiko,male,100,52
Michael,Bath,Michael,male,99,211741
Wu,USA,Wu,male,71,68
Suresh,,Suresh,male,100,15885
Kengo,Beijing,Kengo,male,99,225
Fuan,Lanzhou,Fuan,male,88,17
Konstantin,Shenzhen,Konstantin,male,99,5001
Heejin,USA,Heejin,female,82,11
Nicole,Shanghai,Nicole,female,98,65299
Oscar,,Oscar,male,99,48539
Pekka,,Pekka,male,99,1211
Yuanyuan,,Yuanyuan,female,90,239
Yuezeng,USA,Yuezeng,male,75,4
Hong-Yu,Fujian,Hong-Yu,male,100,3
Hao,,Hao,male,84,2105
Mineto,Hubei,Mineto,female,75,4
Dongbing,USA,,,,
Min,USA,Min,male,56,258
Antara,Seoul,Antara,female,86,348
Janina,,Janina,female,98,4612
Ross,Tokyo,Ross,male,91,10276
Florian,USA,Florian,male,99,159
Masanori,Nanjing,Masanori,male,100,286
Hanchu,,Hanchu,female,75,4
Alicia,USA,Alicia,female,99,6852
Jun,,Jun,male,88,6829
Xiao,USA,Xiao,male,62,138
Aron,Utrecht,Aron,male,98,6208
Yousoon,,,,,
Julian,Chiba,Julian,male,95,24021
Xiao,USA,Xiao,male,62,138
Zelong,Singapore,Zelong,male,100,7
Guangjian,,Guangjian,male,100,4
Xingkang,Osaka,,,,
Chao-Fan,Tianjin,Chao-Fan,male,71,3091
Aiichiro,Tokyo,Aiichiro,male,100,10
Simon,Manchester,Simon,male,98,57458
Federica,,Federica,female,99,23181
Akil,Chengdu,Akil,male,96,786
Chun-Feng,,Chun-Feng,male,78,2291
Marcus,,Marcus,male,99,25073
Wei,USA,Wei,male,75,391
Zhen,,Zhen,male,64,631
Qing-Li,,Qing-Li,female,54,4893
Donghun,,Donghun,male,99,77
Elias,,Elias,male,99,21248
Motoki,Fukuoka,Motoki,male,99,109
Wookhyun,,Wookhyun,male,100,4
Yuanting,,Yuanting,female,71,7
Youyong,,Youyong,male,75,4
Pengyuan,Henan,Pengyuan,male,100,4
Kevin,Shanghai,Kevin,male,99,140160
Adam,VIC,Adam,male,99,101742
Zoran,,Zoran,male,99,6570
Samuel,,Samuel,male,99,59149
Takayoshi,USA,Takayoshi,male,75,4
Kai,,Kai,male,96,28964
Xinda,USA,Xinda,male,67,3
Di,USA,Di,female,71,236
Shigeru,"Hong Kong",Shigeru,male,100,216
Xuelin,USA,Xuelin,male,75,4
Ryo,USA,Ryo,male,98,57
Derren,,Derren,male,99,69
Nada,Kyoto,Nada,female,94,14346
Wei,USA,Wei,male,75,391
Miglė,Beijing,Miglė,female,98,54
Martin,,Martin,male,98,139211
Jing,,Jing,female,75,2534
Marc,Suzhou,Marc,male,99,77461
Antigoni,,Antigoni,female,98,160
Fabrice,,Fabrice,male,98,25048
Zhaoling,,Zhaoling,unknown,50,2
Keita,,Keita,male,87,1277
Michael,USA,Michael,male,100,65535
Raimo,Beijing,Raimo,male,99,336
Alessandro,,Alessandro,male,99,79631
Jianming,USA,Jianming,male,100,5
Chen,USA,Chen,male,61,302
Stefan,Hsinchu,Stefan,male,98,50890
Miguel,USA,Miguel,male,99,4616
Fabian,Ulsan,Fabian,male,99,25659
Abigail,,Abigail,female,98,7631
Zhen-Gao,,Zhen-Gao,male,64,1185
Jihye,Singapore,Jihye,female,97,349
Radislav,,Radislav,male,100,74
Zheng,Shanghai,Zheng,male,76,882
Shi-Liang,Kanazawa,Shi-Liang,male,70,2266
Vignesh,Sendai,Vignesh,male,100,4662
Stefan,Kobe,Stefan,male,98,50890
Ryo,Kyushu,Ryo,male,97,2815
Nootaree,"Hong Kong",,,,
Jia-Xing,,Jia-Xing,female,56,1978
Tiago,,Tiago,male,99,25033
Jakub,Guangzhou,Jakub,male,99,23677
Xiaoqing,Shanghai,Xiaoqing,female,80,79
Holger,,Holger,male,99,4992
Sandeep,,Sandeep,male,99,24024
Imogen,USA,Imogen,female,94,48
Shenglai,,Shenglai,male,100,4
Ivan,,Ivan,male,99,80498
Chun-mei,,Chun-Mei,female,72,3247
Christian,Nice,Christian,male,100,48300
David,Shaanxi,David,male,99,381770
Yu-Ming,,Yu-Ming,male,93,15
Hui-Lin,,Hui-Lin,female,80,5
Jian,USA,Jian,male,84,124
Sanghan,,Sanghan,male,100,7
Tao,"New Zealand",Tao,male,80,5
Tom,Ganzhou,Tom,male,99,87429
Junze,,Junze,male,100,8
Tomasz,USA,Tomasz,male,99,119
Sheng,Daejeon,Sheng,male,74,646
Fuyuhiko,,Fuyuhiko,male,100,4
Yoshikazu,,Yoshikazu,male,100,118
Ambadas,,Ambadas,male,100,74
Runyan,,Runyan,male,67,3
Wenjing,USA,Wenjing,female,95,19
Aany,Göteborg,Aany,female,100,10
Nan,USA,Nan,female,87,420
Shidang,,,,,
Zhang,USA,Zhang,male,65,105
Maxime,Hangzhou,Maxime,male,98,28182
Zijun,Suzhou,Zijun,male,60,35
Appi,Ibaraki,Appi,male,86,87
María,,María,female,98,11821
Luis,Daejeon,Luis,male,99,120090
Hideki,Dublin,Hideki,male,99,634
Iuliia,Zurich,Iuliia,female,98,143
Kegong,USA,,,,
Alex,Fujian,Alex,male,92,247706
Jianwei,Yokohama,Jianwei,male,97,65
Sean,USA,Sean,male,99,17810
Seelam,,Seelam,male,84,45
Rajesh,Shanghai,Rajesh,male,100,25751
Zi-Yi,,Zi-Yi,male,61,1816
Shuo,USA,Shuo,male,86,43
Brannon,USA,Brannon,male,96,127
Jong,Jilin,Jong,male,92,676
Amir,,Amir,male,98,33635
Daniël,Ibaraki,Daniël,male,100,477
Anastasia,Singapore,Anastasia,female,100,14
Mohammad,USA,Mohammad,male,99,1098
Jonathan,USA,Jonathan,male,100,21578
Michael,USA,Michael,male,100,65535
Jinyao,,Jinyao,male,75,4
Melanie,École,Melanie,female,98,35986
Mayank,Shanghai,Mayank,male,100,6873
Hanying,,Hanying,female,89,18
Jie,,Jie,male,61,1651
Lok,Hangzhou,Lok,male,82,536
Mirosław,,Mirosław,male,99,2357
Yiseul,,Yiseul,female,100,14
Sean,USA,Sean,male,99,17810
Zonglin,Taiyuan,Zonglin,male,75,4
Aaron,USA,Aaron,male,100,19401
Datao,Kyoto,Datao,male,75,4
Shiguo,,Shiguo,male,100,3
Masato,,Masato,male,99,603
Zoe,Barcelona,Zoe,female,95,9419
Ming,Sendai,Ming,male,77,2692
Hui,,Hui,female,52,1684
Rebecca,,Rebecca,female,99,35211
Youqian,,Youqian,male,75,4
Fang,,Fang,female,68,1434
William,Shanghai,William,male,99,67797
Qing,,Qing,female,58,728
Yang,,Yang,male,67,4256
Philip,,Philip,male,99,21773
Karl,,Karl,male,98,18575
Chi,Nagoya,Chi,female,58,2952
Finizia,Osaka,Finizia,female,88,8
Alexander,Chengdu,Alexander,male,99,56237
Jian-Bo,,Jian-Bo,male,86,6604
Thomas,,Thomas,male,99,129177
Azaj,,Azaj,male,100,18
Chenlong,Nagasaki,Chenlong,male,100,9
Joseph,USA,Joseph,male,100,21534
Livia,,Livia,female,99,7683
Yeonjin,,Yeonjin,female,82,28
Hui,Leeds,Hui,female,52,1684
Hoa,,Hoa,female,74,3597
Cédric,,Cédric,male,99,11765
Ulf,USA,Ulf,male,100,15
Ivan,,Ivan,male,99,80498
Annalisa,Wuhan,Annalisa,female,99,6067
Hiroki,Tokyo,Hiroki,male,99,1031
Luca,,Luca,male,98,88492
Diego,Changsha,Diego,male,99,67382
Michal,USA,Michal,male,63,360
Paul,,Paul,male,99,140849
Shou-Guo,USA,Shou,male,80,5
Masazumi,USA,Masazumi,male,100,17
Daniele,,Daniele,male,87,46369
Waldemar,Osaka,Waldemar,male,99,3987
Kanako,,Kanako,female,98,197
Hideto,,Hideto,male,99,99
Tatsuya,Nanjing,Tatsuya,male,99,739
Zhen,,Zhen,male,64,631
Lydia,,Lydia,female,98,15205
James,Groningen,James,male,99,131879
Yang,,Yang,male,67,4256
Seiji,Wageningen,Seiji,male,99,362
Cristóbal,Lausanne,Cristóbal,male,100,533
Hans,"United Kingdom",Hans,male,94,198
Catherine,,Catherine,female,98,41180
Simon,,Simon,male,98,57458
Subhas,,Subhas,male,99,241
Sebastian,,Sebastian,male,99,47850
Robert,USA,Robert,male,100,43118
Wei,Guangzhou,Wei,male,73,4003
Gang,Singapore,,,,
Shohei,USA,Shohei,male,100,19
Zhuan-Ping,,Zhuan-Ping,male,53,1574
Ming,,Ming,male,77,2692
Nema,USA,Nema,male,59,22
Ana,,Ana,female,97,141747
Jinshui,,,,,
Tao,Henan,Tao,male,87,1999
Jie,USA,Jie,male,55,176
Ryosuke,,Ryosuke,male,99,451
Oliver,Tokyo,Oliver,male,98,22853
Alexander,,Alexander,male,99,56237
Jizhong,Jeddah,Jizhong,male,75,4
Junhua,Sendai,Junhua,male,78,23
Carlos,Beijing,Carlos,male,99,174998
Jiawei,USA,Jiawei,male,86,14
Thomas,USA,Thomas,male,100,20215
Suzanne,,Suzanne,female,98,11294
Shuguang,,Shuguang,male,100,13
Abil,,Abil,male,93,190
Daniela,Xiamen,Daniela,female,97,67491
Anne,,Anne,female,98,48855
Rongmei,Changzhou,Rongmei,female,75,4
Luca,HK,Luca,male,81,16
Peng,USA,Peng,male,91,133
Xiuqin,,Xiuqin,female,100,7
Wei-Wei,Tianjin,Wei-Wei,female,75,12
Gaël,Yokohama,Gaël,male,96,1185
Joyram,SA,Joyram,male,75,4
Marcel,,Marcel,male,99,41885
Saravanakumar,Chengdu,Saravanakumar,male,100,219
Srinivasa,USA,Srinivasa,male,100,50
David,University,David,male,99,381770
Lin-Bao,Tokyo,Lin-Bao,female,52,7894
Colin,,Colin,male,99,15399
Bing,Lanzhou,Bing,male,63,1057
Jing,USA,Jing,female,76,249
Jiří,Nanjing,Jiří,male,99,10464
Hubert,Fife,Hubert,male,98,8761
Haruhiko,ON,Haruhiko,male,100,43
Zhenhua,,Zhenhua,male,79,67
Alyssa,Ontario,Alyssa,female,99,8542
Ying,Beijing,Ying,female,89,3288
Zhenzhen,USA,Zhenzhen,female,100,5
Tobias,British,Tobias,male,100,17675
Philipp,,Philipp,male,99,8496
Xiaobo,,Xiaobo,male,92,85
Mirza,Singapore,Mirza,male,90,10
Guangyang,Singapore,Guangyang,male,75,4
Liangyu,USA,Liangyu,male,75,4
Dawei,,Dawei,male,95,164
Chandan,,Chandan,male,99,5989
Xiao-Huan,USA,Huan,male,81,70
Hiroshi,,Hiroshi,male,99,1730
Yao,Okayama,Yao,male,74,1982
Polly,Hengyang,Polly,female,92,2093
Jiannan,"United Kingdom",Jiannan,male,94,16
Katerina,,Katerina,female,99,11366
Christophe,Bremen,Christophe,male,98,60690
Daishi,Shenyang,Daishi,male,91,23
Pavel,,Pavel,male,98,48181
Xuexiang,Shanghai,Xuexiang,female,100,4
Mao,Groningen,Mao,male,78,1538
Jie,,Jie,male,61,1651
Christopher,Singapore,Christopher,male,100,222
Reza,USA,Reza,male,99,391
Richard,USA,Richard,male,100,24609
Christine,Anhui,Christine,female,98,55857
Kai,,Kai,male,96,28964
Miao,USA,Miao,female,73,30
Stanley,Chengdu,Stanley,male,99,9310
Colin,,Colin,male,99,15399
Johanne,Beijing,Johanne,female,93,1273
Che,,Che,male,71,2238
Qiaofeng,Kanazawa,Qiaofeng,male,75,4
Zachary,,Zachary,male,100,7365
Sarah,Nagoya,Sarah,female,98,127402
Maria,,Maria,female,97,245074
Oleksandr,,Oleksandr,male,100,986
Lauren,USA,Lauren,female,99,16489
Chihiro,,Chihiro,female,73,285
Ying-Wu,,Ying-Wu,female,74,4453
Dejan-Krešimir,USA,Dejan,male,98,97
C,Suzhou,,,,
Tobias,Beer-Sheva,Tobias,male,100,17675
Yuxiao,Anhui,Yuxiao,male,61,18
Julie,Göttingen,Julie,female,98,72376
Mohua,,Mohua,female,96,52
Jia,USA,Jia,female,68,129
Yinghui,,Yinghui,female,90,30
Shaohua,Haifa,Shaohua,male,79,43
Ralf,USA,Ralf,male,100,101
Faruk,,Faruk,male,97,16313
Sheng,Suzhou,Sheng,male,74,646
Ines,,Ines,female,98,17120
Joseph,Taiwan,Joseph,male,99,366
Yong,"Hong Kong",Yong,male,82,11
