"First Name",Country,ga_first_name,ga_gender,ga_accuracy,ga_samples
Wei,USA,Wei,male,75,391
Eyal,Israel,Eyal,male,99,467
Tetsuo,Japan,Tetsuo,male,100,112
Pankaj,USA,Pankaj,male,100,238
Claudia,Germany,Claudia,female,95,8413
Tobias,Germany,Tobias,male,100,9929
Yanlan,China,Yanlan,female,100,3
Carlos,Spain,Carlos,male,99,64701
Zi-Sheng,China,Sheng,male,91,230
Pallab,USA,Pallab,male,100,4
Baiyan,China,Baiyan,unknown,50,2
Liang,China,Liang,male,82,742
Ben,China,Ben,male,98,774
Giulia,Italy,Giulia,female,99,27083
Norihiro,Japan,Norihiro,male,100,47
Christian,France,Christian,male,100,48300
Lena,Israel,Lena,female,97,162
Grégory,Switzerland,Grégory,male,97,94
Ramanathan,Canada,Ramanathan,male,75,4
Yumiko,Japan,Yumiko,female,99,211
Grigory,USA,Grigory,male,100,13
Emilio,Spain,Emilio,male,99,6668
Brett,USA,Brett,male,98,6286
Atsushi,Japan,Atsushi,male,100,843
Sandeep,Germany,Sandeep,male,97,38
Kalyaneswar,USA,Kalyaneswar,male,75,4
Fabien,UK,Fabien,male,98,21300
Ryan,USA,Ryan,male,99,35179
Charles,USA,Charles,male,100,15822
Marco,Italy,Marco,male,100,65535
Mei,China,Mei,female,93,319
Dunja,Germany,Dunja,female,97,221
Naoki,UK,Naoki,male,98,944
Omar,UK,Omar,male,98,63048
Dengjian,China,,,,
Matthia,Netherlands,Matthia,unknown,50,2
Yu-Ting,USA,Yu-Ting,male,57,7
Borja,Spain,Borja,male,99,5503
Yuze,USA,Yuze,unknown,50,2
Ting-Zheng,China,Ting,female,81,465
Zhiqiang,USA,Zhiqiang,male,100,9
Bruno,UK,Bruno,male,99,87062
Jenny,Germany,Jenny,female,98,6620
C,UK,,,,
Soumya,USA,Soumya,female,71,98
Samet,Germany,Samet,male,99,675
Indranil,Germany,Indranil,male,100,589
Iain,USA,Iain,male,99,199
Rodolfo,USA,Rodolfo,male,100,6924
Alexander,UK,Alexander,male,99,56237
Naoaki,Japan,Naoaki,male,100,29
Ellen,Netherlands,Ellen,female,99,1443
Shin,Japan,Shin,male,97,697
Marc,Germany,Marc,male,100,7914
Ping,Germany,Ping,male,53,19
Maïté,France,Maïté,female,95,229
Claudio,Italy,Claudio,male,99,28144
Min,China,Min,female,56,572
Jingbo,China,Jingbo,male,64,14
Ivana,Slovenia,Ivana,female,99,81
Suhuai,USA,,,,
Ming,Japan,Ming,male,67,27
Jin,China,Jin,male,61,856
Florian,Germany,Florian,male,99,9022
Giulia,Spain,Giulia,female,98,112
Zhikun,China,Zhikun,male,100,5
Taichi,Japan,Taichi,male,99,183
Nozomi,Japan,Nozomi,female,82,146
Alexander,Germany,Alexander,male,98,11884
Alexandre,France,Alexandre,male,98,27629
Zhou,USA,Zhou,male,68,47
Gonçalo,Switzerland,Gonçalo,male,100,38
Debojit,USA,Debojit,male,75,4
Ke,USA,Ke,male,65,101
Ian,USA,Ian,male,100,8095
Hidenori,Japan,Hidenori,male,100,81
Biao,China,Biao,male,96,45
Lei,China,Lei,male,77,1080
Yanchuan,China,Yanchuan,male,100,4
Xiaoming,China,Xiaoming,male,84,105
Hisae,Japan,Hisae,female,100,16
Chengjun,China,Chengjun,male,81,21
Brigitte,Germany,Brigitte,female,99,3784
Henri,Germany,Henri,male,98,173
Abhigyan,USA,Abhigyan,male,100,103
Jonathan,Ireland,Jonathan,male,99,349
Elizabeth,USA,Elizabeth,female,99,20330
Shenglin,Singapore,Shenglin,male,78,9
Sampa,USA,Sampa,female,100,4
Tomoyuki,Japan,Tomoyuki,male,97,276
Viktor,Germany,Viktor,male,96,1523
Thomas,Germany,Thomas,male,99,27141
Wilfried-Solo,France,Wilfried,male,98,2210
Joseph,"Republic of Korea",Joseph,male,99,63161
Daniela,"Republic of Korea",Daniela,female,97,67491
Zheng,USA,Zheng,male,85,108
Mark,USA,Mark,male,100,47989
Nathan,USA,Nathan,male,100,13599
Xiaoyu,Singapore,Xiaoyu,female,88,8
Jens,USA,Jens,male,97,183
Cole,USA,Cole,male,96,2210
Takeaki,Japan,Takeaki,male,100,23
Florian,Switzerland,Florian,male,99,834
K,USA,,,,
Pablo,Spain,Pablo,male,99,25211
Charles,Germany,Charles,male,76,613
Marco,USA,Marco,male,99,2827
Niña,Helmholtz-Zentrum,Niña,female,97,256
Akira,Japan,Akira,male,97,1276
Avinash,UK,Avinash,male,99,9295
Yuji,Japan,Yuji,male,99,665
Pavel,USA,Pavel,male,100,322
Jae,USA,Jae,male,63,550
Shikuo,China,Shikuo,male,75,4
Qingsheng,Germany,Qingsheng,male,100,6
Tracey,Italy,Tracey,female,100,10
Stefanie,USA,Stefanie,female,99,1439
Mathijs,Netherlands,Mathijs,male,99,422
Yun-Lu,China,Lu,male,56,370
Hailing,Switzerland,Hailing,female,65,17
Yoshihiro,Japan,Yoshihiro,male,100,350
Barbara,Germany,Barbara,female,98,3709
Thomas,Germany,Thomas,male,99,27141
Nadine,USA,Nadine,female,100,4513
Chang,China,Chang,male,65,264
D,USA,,,,
You-Quan,China,Quan,male,85,174
Simone,UK,Simone,male,67,55421
Dan,Germany,Dan,male,96,937
Evelyn,USA,Evelyn,female,98,2671
Sami,Norway,Sami,male,96,89
Andrea,Italy,Andrea,male,100,65535
Ibai,France,Ibai,male,75,4
Marc,UK,Marc,male,99,77461
Byungik,Japan,Byungik,male,75,4
Lian,Germany,Lian,male,69,16
Shirong,Japan,Shirong,male,73,15
Thomas,Denmark,Thomas,male,100,2294
Hui-Hui,Japan,Hui,female,64,14
Chu-Ting,China,Ting,female,81,465
Simone,Germany,Simone,female,93,4099
Laurence,France,Laurence,female,98,15569
Koji,Japan,Koji,male,99,780
Xiaojun,UK,Xiaojun,male,76,113
Janine,Germany,Janine,female,98,3007
Changhua,China,Changhua,male,89,9
Laura,USA,Laura,female,99,21696
Peng,China,Peng,male,85,704
Sanjib,USA,Sanjib,male,100,15
Keita,Japan,Keita,male,99,384
Marco,Spain,Marco,male,98,5363
Kebin,China,Kebin,male,100,9
Ludovic,Switzerland,Ludovic,male,99,230
Yasuyuki,Japan,Yasuyuki,male,100,153
Ting-Shun,China,Ting,female,81,465
Antonio,Spain,Antonio,male,99,60132
Fermín,Spain,Fermín,male,99,143
Jörn,Germany,Jörn,male,99,640
Shohei,Japan,Shohei,male,100,267
Sudhir,Israel,Sudhir,male,75,4
Giuseppe,Italy,Giuseppe,male,100,65535
Annette,Germany,Annette,female,98,1119
Marc,"United Kingdom",Marc,male,99,3849
Wilfried,France,Wilfried,male,98,2210
Helmut,Germany,Helmut,male,98,3338
Tianfei,China,Tianfei,male,75,4
Florian,Germany,Florian,male,99,9022
René,Germany,René,male,99,2921
Mojgan,USA,Mojgan,female,94,17
Wolfram,Germany,Wolfram,male,100,256
Kimin,USA,Kimin,female,100,3
Che-Hsiung,Taiwan,Che,male,75,24
James,USA,James,male,100,47200
Ivano,Switzerland,Ivano,male,100,54
Thomas,UK,Thomas,male,99,129177
Ejaz,Germany,Ejaz,male,75,4
Miriam,Italy,Miriam,female,99,4081
Kyungtae,Korea,Kyungtae,male,100,34
André,Germany,André,male,100,2820
Nazmul,Korea,Nazmul,male,99,1006
Buddhadeb,USA,Buddhadeb,male,100,66
Arivazhagan,Japan,Arivazhagan,male,100,101
Leonid,Germany,Leonid,male,100,94
Adriano,Singapore,Adriano,male,100,9
David,Germany,David,male,99,10714
Guillaume,France,Guillaume,male,99,32404
Kathrin,Germany,Kathrin,female,98,2824
Bian,Netherlands,Bian,female,75,4
Casey,USA,Casey,male,59,6833
Henrike,Germany,Henrike,female,94,80
Sarit,USA,Sarit,female,83,18
Tomas,Germany,Tomas,male,98,471
Angelo,UK,Angelo,male,98,42678
Frithjof,UK,Frithjof,male,98,41
Heike,Germany,Heike,female,98,4368
David,UK,David,male,99,381770
Ricardo,France,Ricardo,male,99,1666
Yunlong,China,Yunlong,male,97,33
Olga,"Republic of Korea",Olga,female,98,42388
Biao,Japan,Biao,male,95,81
David,Germany,David,male,99,10714
Alexander,USA,Alexander,male,100,6939
Vikash,USA,Vikash,male,100,60
Martin,Germany,Martin,male,99,14619
Martti,Germany,Martti,male,75,4
Xu,China,Xu,male,76,420
Denison,Australia,Denison,male,75,4
Gang,USA,,,,
Lotfi,France,Lotfi,male,97,798
Timm,Germany,Timm,male,99,359
Yong,Germany,Yong,male,75,12
Kazuya,Japan,Kazuya,male,100,504
Olivier,France,Olivier,male,99,36743
Houhua,China,,,,
Caroline,USA,Caroline,female,99,4455
Karin,Germany,Karin,female,98,3152
Zhu,China,Zhu,male,61,457
Soumitra,USA,Soumitra,male,100,7
Ulrich,Germany,Ulrich,male,99,1577
Jie,USA,Jie,male,55,176
Michiko,Japan,Michiko,female,99,109
Tae,Korea,Tae,male,81,1036
Li-Xia,China,Li,male,68,1023
Satoshi,Japan,Satoshi,male,100,1038
Nerea,Germany,Nerea,female,100,9
Christopher,USA,Christopher,male,100,26017
Miriam,Germany,Miriam,female,98,1900
Eric,USA,Eric,male,100,31662
Alexander,Germany,Alexander,male,98,11884
Dongheun,Korea,Dongheun,unknown,50,2
Felix,Germany,Felix,male,99,4905
Alexander,Switzerland,Alexander,male,100,502
Marek,Austria,Marek,male,98,120
Wangkheimayum,USA,Wangkheimayum,male,75,4
Anna,Germany,Anna,female,97,8276
Martin,Germany,Martin,male,99,14619
Andrei,Germany,Andrei,male,98,192
Tim,Switzerland,Tim,male,100,513
Nathalie,France,Nathalie,female,97,39376
Barry,USA,Barry,male,100,3714
Jian-Hua,China,Jian,male,93,610
Ryo,Japan,Ryo,male,98,2022
José,Spain,José,male,99,8211
Cory,USA,Cory,male,94,4857
Anna,Germany,Anna,female,97,8276
José,Spain,José,male,99,8211
Liang,Singapore,Liang,male,76,46
Matthew,USA,Matthew,male,100,30646
Xinfang,USA,Xinfang,female,75,4
Leonid,USA,Leonid,male,100,107
Antonio,Spain,Antonio,male,99,60132
Kalpataru,Japan,Kalpataru,male,92,49
Günter,Germany,Günter,male,99,1803
Peng,China,Peng,male,85,704
Baoxiang,Germany,Baoxiang,unknown,50,2
Aaron,France,Aaron,male,97,508
I-Ren,USA,Ren,male,58,270
Jayachandran,Taiwan,Jayachandran,male,100,176
Anton,UK,Anton,male,99,24300
Xuemei,China,Xuemei,female,100,63
Till,Germany,Till,male,100,100
Wanggui,China,,,,
Daisuke,Japan,Daisuke,male,100,1249
Nicole,"United Kingdom",Nicole,female,98,2624
Tomoaki,Japan,Tomoaki,male,100,167
Hiroto,Japan,Hiroto,male,100,170
Nichole,USA,Nichole,female,97,2074
Eiji,Japan,Eiji,male,100,298
Igor,Switzerland,Igor,male,99,250
Hui,China,Hui,male,54,700
Anna,Germany,Anna,female,97,8276
Matthias,Switzerland,Matthias,male,100,748
Kin-Yiu,USA,Kin,male,82,65
Katrin,Netherlands,Katrin,female,100,21
Philippe,Canada,Philippe,male,100,719
Yu,China,Yu,male,73,664
Natalie,UK,Natalie,female,98,22431
Ramesh,Taiwan,Ramesh,male,75,4
Sohyeon,Korea,Sohyeon,female,89,9
Tao,China,Tao,male,89,751
André,Germany,André,male,100,2820
Toshimichi,Japan,Toshimichi,male,100,9
Ismael,Spain,Ismael,male,99,6373
Jeong,Korea,Jeong,male,79,463
Yi-Yeoun,UK,Yi-Yeoun,male,62,1410
Dongpeng,UK,Dongpeng,male,100,5
Siyang,China,Siyang,male,72,18
Sharon,China,Sharon,female,98,308
Łukasz,Denmark,Łukasz,male,96,27
Bettina,Germany,Bettina,female,98,2460
Mostafa,Austria,Mostafa,male,100,22
Wen,China,Wen,female,52,563
Alba,Italy,Alba,female,95,1485
Marco,Germany,Marco,male,99,12863
Tao,China,Tao,male,89,751
Fan,Germany,Fan,male,76,34
Chong,China,Chong,male,75,110
Dinesh,USA,Dinesh,male,100,318
Debora,Italy,Debora,female,99,5041
Anirban,France,Anirban,male,75,4
Jorge,Spain,Jorge,male,99,30533
Holger,Germany,Holger,male,100,4362
P,Japan,,,,
Timm,Germany,Timm,male,99,359
François,France,François,male,99,11778
Armin,Canada,Armin,male,97,34
Anna,Sweden,Anna,female,99,6066
Julie,USA,Julie,female,99,14484
Keiichi,Japan,Keiichi,male,100,167
Ekambaram,Israel,Ekambaram,male,97,31
Juan,China,Juan,female,71,353
Huan,Canada,Huan,female,60,5
Hiromichi,Japan,Hiromichi,male,98,55
Peter,Germany,Peter,male,99,21321
Xiao,Singapore,Xiao,male,65,92
Thierry,Germany,Thierry,male,98,129
Ariadna,Spain,Ariadna,female,99,1509
H,USA,,,,
Bo,Germany,Bo,male,91,178
P,Denmark,,,,
Adrian,Germany,Adrian,male,99,2156
Gal,Israel,Gal,male,81,377
Stefan,Germany,Stefan,male,97,20127
Patricia,France,Patricia,female,98,19283
Dale,USA,Dale,male,93,4186
Timothy,USA,Timothy,male,100,9427
Brendan,USA,Brendan,male,100,2930
Petr,Spain,Petr,male,94,65
Hanhui,USA,Hanhui,male,100,6
Masahiro,Japan,Masahiro,male,100,703
Je,"Republic of Korea",Je,male,61,1279
Heike,Germany,Heike,female,98,4368
Sina,Germany,Sina,female,91,1580
Christian,USA,Christian,male,100,48214
Alison,Denmark,Alison,female,75,4
Christian,Switzerland,Christian,male,100,48300
Florian,China,Florian,male,100,22
Dang,Korea,Dang,male,71,1588
Byoung,Israel,Byoung,male,98,42
Boopathy,Germany,Boopathy,male,100,135
Ulf,USA,Ulf,male,100,15
Mark,China,Mark,male,100,48064
Huizhi,Israel,Huizhi,unknown,50,4
Benny,USA,Benny,male,97,757
Joseph,Italy,Joseph,male,99,1102
Nicola,China,Nicola,unknown,50,34
Hongqiang,Japan,Hongqiang,male,80,5
Eijiro,Japan,Eijiro,male,100,8
Fumitaka,Germany,Fumitaka,male,75,4
Jugal,China,Jugal,male,100,387
Fei,USA,Fei,male,61,97
Christine,USA,Christine,female,99,11335
Christopher,Germany,Christopher,male,99,3075
Achim,Japan,Achim,male,99,2035
Li,India,Li,male,65,17
Tuhin,Deutschland,Tuhin,male,99,663
Stefan,UK,Stefan,male,98,50890
Felicity,Japan,Felicity,female,100,3
Manabu,Japan,Manabu,male,99,238
Shū,USA,,,,
Min,Japan,Min,male,52,73
Masahiro,UK,Masahiro,male,100,783
Manuela,Japan,Manuela,female,100,9
Takato,Japan,Takato,male,100,31
Keigo,UK,Keigo,male,100,149
Ross,USA,Ross,male,98,3102
Travis,Germany,Travis,male,93,68
Alexander,China,Alexander,male,98,199
Zhenpin,Italy,,,,
Mattia,USA,Mattia,male,95,79
Wei-chen,France,Chen,male,62,145
François,Germany,François,male,100,39
Stefan,University,Stefan,male,98,50890
Helene,Germany,Helene,female,97,257
Kathrin,Germany,Kathrin,female,98,2824
Philipp,Dept,Philipp,male,99,8496
Falk,Spain,Falk,male,100,6
Antoni,Germany,Antoni,male,98,43
Xiao,Germany,Xiao,male,57,21
Jan,Germany,Jan,male,99,10566
Anna,USA,Anna,female,99,11850
Youn-Sang,Germany,Sang,male,86,7
Benjamin,Denmark,Benjamin,male,99,322
Lars,Israel,Lars,male,75,4
Frieda,France,Frieda,female,96,23
Yann,Singapore,Yann,male,78,18
Zhiyuan,Switzerland,Zhiyuan,male,94,77
Christof,Canada,Christof,male,100,3
Juan,China,Juan,female,71,353
Yi,Japan,Yi,male,82,11
Kazuhiro,France,Kazuhiro,male,75,4
Marie-Hélène,Japan,Hélène,female,100,3
Minoru,Japan,Minoru,male,99,320
Jun,Germany,Jun,male,85,52
Eduard,,Eduard,male,99,6833
Mark,Korea,Mark,male,100,48064
Bum,Turkey,Bum,male,75,4
Yusuf,China,Yusuf,male,98,45
Sheng,USA,Sheng,male,67,55
Ja,Germany,Ja,female,58,406
Wojciech,China,Wojciech,male,100,4
Bei-Li,Germany,Bei,female,75,4
H,Germany,,,,
Anika,Germany,Anika,female,98,1036
Annegret,Italy,Annegret,female,96,223
Roberto,China,Roberto,male,98,82
Da-Wei,Belgium,Da,male,81,32
Karel,China,Karel,male,89,9
Yongzheng,China,Yongzheng,male,100,4
Zhiguo,USA,Zhiguo,male,75,4
Kahyun,China,Kahyun,female,89,9
Yi-nan,Singapore,Yi,male,71,35
Rujee,Switzerland,Rujee,female,95,19
Izhar,Korea,Izhar,male,98,438
Kyung,China,Kyung,female,60,5
Zhiwei,Japan,Zhiwei,male,75,4
Takashi,Canada,Takashi,male,100,9
Ramprasad,Sweden,Ramprasad,male,75,4
Ismail,Germany,Ismail,male,96,1335
Florian,France,Florian,male,99,18108
Sarmenio,Germany,,,,
Hannah,Canada,Hannah,female,98,381
Paolo,Australia,Paolo,male,100,46
Mehdi,USA,Mehdi,male,99,319
Kristi,China,Kristi,female,100,5
Xiaolong,France,Xiaolong,male,100,6
Yann,,Yann,male,98,17007
Jeremy,USA,Jeremy,male,100,16054
Konrad,France,Konrad,male,98,44
Philippe,China,Philippe,male,98,85
Xiaoxue,Switzerland,Xiaoxue,female,98,52
Andreas,Canada,Andreas,male,100,84
Jia-sheng,China,Sheng,male,91,230
Zhiyun,France,Zhiyun,female,67,12
Michael,China,Michael,male,99,1989
Zhanglong,USA,Zhanglong,male,100,3
Lloyd,Italy,Lloyd,male,100,18
Calogero,Switzerland,Calogero,male,95,21
Oleg,Japan,Oleg,male,100,16
Yuichi,Sweden,Yuichi,male,99,451
Mårten,Spain,Mårten,male,100,233
Isaac,Australia,Isaac,male,100,149
Thomas,China,Thomas,male,99,449
An-Hui,Germany,Hui,male,77,47
Marion,Canada,Marion,female,97,156
Elizabeth,Germany,Elizabeth,female,99,267
Miriam,USA,Miriam,female,99,1664
Gabriela,Canada,Gabriela,female,100,111
Victor,India,Victor,male,100,637
G,USA,,,,
On,Spain,On,male,100,16
Inmaculada,Germany,Inmaculada,female,100,5
Bianca,Singapore,Bianca,female,100,19
Xinqiang,Germany,Xinqiang,male,100,3
Dominic,China,Dominic,male,95,38
Yifu,China,Yifu,male,93,14
Lin,France,Lin,female,61,205
Cyril,UK,Cyril,male,98,21612
Gemma,Spain,Gemma,female,99,3103
Félix,Germany,Félix,male,100,10
Shabana,China,Shabana,male,75,4
Chensu,Germany,Chensu,unknown,50,2
Stefan,Germany,Stefan,male,97,20127
Konstantin,Germany,Konstantin,male,98,711
Xiang,USA,Xiang,male,83,60
Shuangyin,Italy,,,,
Luca,Australia,Luca,male,98,108
Hongxia,China,Hongxia,female,89,18
Jinzhu,China,Jinzhu,female,60,5
Guoqing,Germany,Guoqing,male,97,34
Sebastian,Switzerland,Sebastian,male,100,387
Matthias,Germany,Matthias,male,100,9451
Konrad,Spain,Konrad,male,100,45
Abel,Canada,Abel,male,94,34
Lawrence,Switzerland,Lawrence,male,96,27
Karl-Heinz,USA,Karl-Heinz,male,100,4
Hexin,Japan,Hexin,male,80,5
Daiki,China,Daiki,male,75,4
Niankai,France,,,,
Bruno,Germany,Bruno,male,88,1244
Min,China,Min,female,56,572
Jian-Rong,China,Jian,male,93,610
Povl,China,Povl,male,100,21
Feng,USA,Feng,male,84,104
G,Switzerland,,,,
Michael,China,Michael,male,99,1989
Li-na,Sweden,Li,female,83,72
Erik,USA,Erik,male,100,6437
Gaël,Turkey,Gaël,male,96,1185
Ruslan,Austria,Ruslan,male,96,28
Bernhard,Switzerland,Bernhard,male,100,211
Duc,China,Duc,male,92,25
Bin,France,Bin,male,89,61
Juliette,USA,Juliette,female,100,6801
Nihan,Germany,Nihan,female,93,14
Katharina,UK,Katharina,female,98,5457
Ramalingam,Japan,Ramalingam,male,97,184
Yi-Yong,Japan,Yong,male,95,20
Kazuhiro,Japan,Kazuhiro,male,100,388
Hiroshi,France,Hiroshi,male,100,9
Magali,USA,Magali,female,99,106
Kuangwen,"Republic of Korea",,,,
Jae,Japan,Jae,male,100,11
Yasuo,China,Yasuo,male,75,4
Shunyou,Germany,,,,
Hans-Joachim,Japan,Joachim,male,100,3
Masahiko,France,Masahiko,male,100,242
Christophe,Germany,Christophe,male,97,104
Sakya,Germany,Sakya,male,75,4
Bretislav,Netherlands,Bretislav,male,75,4
Mickael,Japan,Mickael,male,100,7
Kunihiko,Germany,Kunihiko,male,97,67
Tobias,Germany,Tobias,male,100,9929
Xiao-Feng,USA,Feng,male,84,104
Carlos,India,Carlos,male,100,104
Sayanti,USA,Sayanti,female,75,4
Ming,France,Ming,male,67,39
Véronique,Netherlands,Véronique,female,100,7
Lachlan,USA,Lachlan,male,94,53
Caofeng,Singapore,,,,
Raghavender,Spain,Raghavender,male,100,112
Alvaro,USA,Alvaro,male,100,4173
Magda,China,Magda,female,100,4
Robert,USA,Robert,male,100,43118
Yingdong,Spain,Yingdong,male,83,6
Mahesh,India,Mahesh,male,99,13903
Gábor,Canada,Gábor,male,100,4
Sayantan,Germany,Sayantan,male,100,630
Maxime,Australia,Maxime,male,92,25
Xuehai,Germany,Xuehai,male,71,7
Huy,Germany,Huy,male,100,21
Robert,Germany,Robert,male,99,8458
Zhe-Chen,USA,Zhe,male,75,64
Evelyn,Canada,Evelyn,female,99,160
Richard,Korea,Richard,male,99,97659
Kevin,Switzerland,Kevin,male,99,1904
Minwoo,"Republic of Korea",Minwoo,male,96,227
Gabriel,USA,Gabriel,male,99,5383
Hyunjin,China,Hyunjin,male,75,4
Hailiang,Korea,Hailiang,male,100,13
Kai-Ge,USA,Kai,male,99,18599
Ji,USA,Ji,male,59,90
Jae,Japan,Jae,male,100,11
Tristan,USA,Tristan,male,92,1594
Masaki,Germany,Masaki,male,100,5
Puneet,China,Puneet,male,100,4
Thomas,France,Thomas,male,98,35110
Weihong,Germany,Weihong,male,70,40
Ping-Ping,China,Ping,female,57,434
Mei-Jin,UK,Mei,female,89,2342
Taiji,Netherlands,Taiji,male,99,72
Timothy,Spain,Timothy,male,100,32
Danqing,USA,Danqing,female,75,4
Elena,Turkey,Elena,female,93,355
David,Germany,David,male,99,10714
O,Spain,,,,
Yang,Germany,Yang,male,73,49
Francisco,USA,Francisco,male,100,2954
Anja,Switzerland,Anja,female,99,287
Daniel,USA,Daniel,male,100,35866
Lucie,Germany,Lucie,female,98,217
Choong-Shik,Spain,Choong-Shik,male,71,173
Benjamin,USA,Benjamin,male,100,9079
Albert,Italy,Albert,male,98,824
Xiaofang,China,Xiaofang,female,90,40
Nafiseh,USA,Nafiseh,female,75,4
Qiang,USA,Qiang,male,95,40
Laura,Mexico,Laura,female,99,2507
Stephen,China,Stephen,male,98,406
Maria,Denmark,Maria,female,99,1047
Lijun,Japan,Lijun,female,51,122
Jens,USA,Jens,male,97,183
Akihiro,Germany,Akihiro,male,100,395
Timothy,Japan,Timothy,male,100,44
Martin,China,Martin,male,99,466
Sachiko,USA,Sachiko,female,100,30
Xinping,Switzerland,Xinping,male,65,17
Zuhui,Germany,Zuhui,unknown,50,2
Valentin,China,Valentin,male,100,21
Chicco,Canada,Chicco,male,95,1283
Xudong,USA,Xudong,male,100,12
Hong,USA,Hong,female,53,198
Abhinav,France,Abhinav,male,100,10
Pin,Germany,Pin,male,100,15
Windy,Germany,Windy,female,57,7
Mohsen,Switzerland,Mohsen,male,89,18
Carlos,Spain,Carlos,male,99,64701
Thorsten,Iceland,Thorsten,male,75,4
Caren,Germany,Caren,female,93,42
Sarah,USA,Sarah,female,99,32394
Stefanie,,Stefanie,female,98,10626
Pragna,USA,Pragna,female,89,9
Polly,China,Polly,female,83,60
Kangway,Japan,,,,
Lian,USA,Lian,female,59,85
Shaheen,,Shaheen,male,66,1173
Joshua,USA,Joshua,male,100,20095
Josep,USA,Josep,male,98,46
Soumava,USA,Soumava,male,75,4
Zhenhua,Taiwan,Zhenhua,male,79,67
Marion,USA,Marion,female,74,857
Kuo-Ching,USA,Kuo,male,89,9
Ghyslain,USA,Ghyslain,male,96,140
Ryan,USA,Ryan,male,99,35179
Yajing,Germany,Yajing,male,75,4
Xinming,Korea,Xinming,male,94,16
Peter,Germany,Peter,male,99,21321
In-Cheol,,In-Cheol,male,100,5
Mara,,Mara,female,94,19784
Pooja,Spain,Pooja,female,100,8
Yuan,Japan,Yuan,male,71,14
Alfonso,UK,Alfonso,male,99,24668
Yuta,Switzerland,Yuta,male,97,846
Alex,Spain,Alex,male,96,29865
Stijn,UK,Stijn,male,99,1924
Pablo,China,Pablo,male,100,48
Emily,Netherlands,Emily,female,99,171
Zhi-Jun,Japan,Zhi,male,100,3
Simon,USA,Simon,male,99,2413
Toshinobu,USA,Toshinobu,male,75,4
Mingxin,UK,Mingxin,male,79,19
In,Germany,In,female,55,22
Feng,Spain,Feng,male,73,15
Alexander,USA,Alexander,male,100,6939
Romen,China,Romen,male,100,5
Courtney,UK,Courtney,female,92,11331
You-Cai,Germany,Cai,male,85,13
Maciej,USA,Maciej,male,100,77
Stephan,UK,Stephan,male,99,19941
Xiaofeng,USA,Xiaofeng,male,84,19
Philip,Japan,Philip,male,100,34
Wei,USA,Wei,male,75,391
Ryutaro,USA,Ryutaro,male,100,3
Erika,India,Erika,female,97,29
Puneet,Japan,Puneet,male,75,4
Jagannath,Taiwan,Jagannath,male,99,594
Juzo,Australia,Juzo,male,100,6
Raviraj,Switzerland,Raviraj,male,100,479
Dongjiang,Spain,Dongjiang,male,75,4
Thomas,UK,Thomas,male,99,129177
Antonio,USA,Antonio,male,99,4554
Jonathon,Germany,Jonathon,male,100,10
Madhab,UK,Madhab,male,99,129
Michael,Korea,Michael,male,99,211741
Andreas,Singapore,Andreas,male,100,20
Daishun,Korea,Daishun,female,75,4
Changliang,USA,Changliang,male,100,9
Taekhoon,Spain,Taekhoon,male,75,4
Zengyan,Austria,Zengyan,male,67,3
Marc,USA,Marc,male,100,6334
Thomas,France,Thomas,male,98,35110
Lisa,Japan,Lisa,female,98,159
Mohammed,UK,Mohammed,male,99,70885
Tadahiro,China,Tadahiro,male,100,37
Kim,USA,Kim,female,94,14095
Jun-Bo,Italy,Bo,male,75,189
Mingshang,Japan,,,,
Nicola,Netherlands,Nicola,male,57,63
Yu,Netherlands,Yu,female,67,12
Ekaterina,Germany,Ekaterina,female,97,116
Wiktor,Germany,Wiktor,male,94,33
Frederick,UK,Frederick,male,99,4891
Nikola,USA,Nikola,male,82,164
Joanna,Singapore,Joanna,female,100,91
Tae-Wan,France,Tae,male,83,12
Fupeng,,Fupeng,male,75,4
Marc,UK,Marc,male,99,77461
Marc,Germany,Marc,male,100,7914
Xuan,France,Xuan,female,58,33
Daniel,USA,Daniel,male,100,35866
Guillaume,Australia,Guillaume,male,100,35
Yanqiang,USA,Yanqiang,male,100,3
Katie,China,Katie,female,100,88
Brian,UK,Brian,male,99,69588
Chun,Germany,Chun,unknown,50,6
John,UK,John,male,99,219085
Wolfgang,,Wolfgang,male,99,10782
Perdita,Japan,Perdita,female,98,47
Gábor,Canada,Gábor,male,100,4
Takahiro,"Hong Kong",Takahiro,male,75,4
David,Korea,David,male,99,381770
Jiangxi,France,,,,
Shin-Hyun,Switzerland,Shin-Hyun,male,80,3353
Xin,UK,Xin,male,58,1659
Rameshwar,France,Rameshwar,male,75,4
Paul,USA,Paul,male,100,28746
Prabhpreet,Netherlands,Prabhpreet,male,75,20
Deendayal,Germany,Deendayal,male,98,64
N,Germany,,,,
Sebastian,Germany,Sebastian,male,100,13809
Cornelis,Germany,Cornelis,male,100,9
Catrin,Germany,Catrin,female,97,126
Antonia,Japan,Antonia,female,100,12
Shoubhik,China,Shoubhik,male,100,25
Takahiro,China,Takahiro,male,99,917
Jiuzhao,"Republic of Korea",,,,
Jinyao,UK,Jinyao,male,75,4
Nanwen,USA,,,,
Scott,Korea,Scott,male,100,48262
Yoshihiro,China,Yoshihiro,male,75,4
Junwye,China,Junwye,male,75,4
Hongwei,USA,Hongwei,male,88,16
Yiming,UK,Yiming,male,85,137
Andrew,France,Andrew,male,96,640
Robert,China,Robert,male,98,503
Magali,Denmark,Magali,female,75,4
Teng-Yue,China,Teng,male,78,95
Brian,Canada,Brian,male,100,2256
Wei,Switzerland,Wei,male,94,16
Jane,Germany,Jane,female,96,643
Bill,USA,Bill,male,100,1354
Yang,China,Yang,male,65,1965
Honghan,China,Honghan,unknown,50,2
An-Hui,,An-Hui,female,52,7273
Gen,France,Gen,female,61,64
Benedict,Japan,Benedict,male,75,4
Ricardo,USA,Ricardo,male,99,3487
Takeharu,Singapore,Takeharu,male,100,17
Bethany,Japan,Bethany,female,100,14
Zhi,Japan,Zhi,male,100,3
Yutaka,USA,Yutaka,male,100,17
Takahiro,Japan,Takahiro,male,99,846
Joseph,UK,Joseph,male,99,63161
Kazuhiro,Japan,Kazuhiro,male,100,388
Yimin,Singapore,Yimin,unknown,50,2
Kensuke,Germany,Kensuke,male,100,159
Juan,,Juan,male,98,106011
Kathrin,Switzerland,Kathrin,female,99,148
Dipti,Canada,Dipti,female,100,3
Paul,Germany,Paul,male,99,5117
Brian,USA,Brian,male,100,40133
Volker,Germany,Volker,male,100,2821
Fan,Spain,Fan,male,61,61
Gaoxi,Germany,Gaoxi,female,75,4
Joan,USA,Joan,female,94,3086
Fernando,Japan,Fernando,male,99,403
Xiaohu,Germany,Xiaohu,male,75,4
Takahiro,Japan,Takahiro,male,99,846
Kirstin,USA,Kirstin,female,100,5158
Zhiqi,Italy,Zhiqi,male,56,9
Xiaoxing,USA,Xiaoxing,female,56,9
Giuseppe,USA,Giuseppe,male,99,372
Joseph,Netherlands,Joseph,male,99,189
Nan,Japan,Nan,female,62,26
Meike,Belgium,Meike,female,100,7
Masami,USA,Masami,female,83,12
Johan,USA,Johan,male,100,7297
Xiaoxun,Japan,Xiaoxun,female,75,4
Chong,Germany,Chong,male,60,5
Yoichiro,USA,Yoichiro,male,75,4
Nikola,UK,Nikola,male,54,15440
Woo,Japan,Woo,male,67,9
Robert,Germany,Robert,male,99,8458
Yasuhiro,Germany,Yasuhiro,male,100,455
Christina,China,Christina,female,99,387
Jürgen,Germany,Jürgen,male,99,7863
Haibao,Japan,Haibao,male,100,3
Naoufal,UK,Naoufal,male,98,676
Tetsuya,USA,Tetsuya,male,89,18
Timothy,Japan,Timothy,male,100,44
Orion,Israel,Orion,male,75,4
Qing-Fu,China,Fu,male,79,82
Robert,Japan,Robert,male,100,230
Xin,Germany,Xin,male,71,21
Miki,Germany,Miki,male,88,312
Marion,Belgium,Marion,female,95,243
Christian,Canada,Christian,male,100,48300
Yaroslav,Canada,Yaroslav,male,100,14
Sébastien,China,Sébastien,male,100,14
Abu,USA,Abu,male,98,160
Ye,UK,Ye,male,75,1057
Jacob,USA,Jacob,male,100,13097
Johannes,Spain,Johannes,male,98,54
Shou-Tian,Spain,Tian,male,96,23
Cristina,UK,Cristina,female,98,70974
Enrique,USA,Enrique,male,100,1544
Geoffrey,Canada,Geoffrey,male,100,162
Yu,USA,Yu,male,64,274
Christian,Spain,Christian,male,100,48300
Anna,Germany,Anna,female,97,8276
David,Switzerland,David,male,99,3802
Ulf,China,Ulf,male,100,5
Henar,USA,Henar,female,75,4
Zhi-Qiang,France,Qiang,male,83,6
Onas,USA,Onas,male,93,55
Martin,USA,Martin,male,100,5868
Jacob,USA,Jacob,male,100,13097
Xukai,China,Xukai,male,75,4
Leah,USA,Leah,female,99,4909
Xin-Lei,USA,Xin,male,63,194
Sean,USA,Sean,male,99,17810
Chunrong,Ireland,Chunrong,female,80,5
Osamu,Germany,Osamu,male,75,4
Ralte,China,Ralte,unknown,50,12
Klaus-Daniel,China,Klaus,male,100,23
Jianling,Germany,Jianling,male,60,5
Jian,USA,Jian,male,84,124
Siva,Germany,Siva,male,72,32
Guangming,Germany,Guangming,male,100,23
Sami,Germany,Sami,male,93,1364
Yu-Hsuan,Singapore,Yu,male,57,68
Sven,USA,Sven,male,99,212
Melinda,Germany,Melinda,female,96,186
Dennis,USA,Dennis,male,99,8742
Stefanie,Japan,Stefanie,female,100,6
Aaron,Taiwan,Aaron,male,99,290
Hiroto,China,Hiroto,male,75,4
Jaganathan,USA,Jaganathan,male,100,79
Kang-Da,UK,Kang-Da,male,80,6651
Jin-Woo,Finland,Jin-Woo,male,96,27
Aleksandr,Germany,Aleksandr,male,100,68
Päivi,Germany,Päivi,female,100,3
Benjamin,Netherlands,Benjamin,male,98,461
Mirza,Germany,Mirza,male,94,95
Sander,Germany,Sander,male,93,72
Matthew,USA,Matthew,male,100,30646
Olga,USA,Olga,female,98,1278
Hanjing,USA,Hanjing,female,100,3
Constantin,Japan,Constantin,male,75,4
Oanh,Switzerland,Oanh,female,94,1387
Takuji,Germany,Takuji,male,100,59
Denise,Germany,Denise,female,98,2651
Holger,UK,Holger,male,99,4992
Gaoxi,UK,Gaoxi,female,75,4
George,Japan,George,male,98,166
Juan,Germany,Juan,male,97,900
Tatsuya,USA,Tatsuya,male,94,18
Martin,Germany,Martin,male,99,14619
Olga,China,Olga,female,100,60
Mirko,China,Mirko,male,100,10
Chunlei,Germany,Chunlei,male,83,24
Peng,Korea,Peng,male,84,1353
Daniel,USA,Daniel,male,100,35866
Mi-Hee,UK,Mi-Hee,female,54,3772
Kellen,Germany,Kellen,unknown,50,4
Yasufumi,UK,Yasufumi,male,100,28
Tianshu,"South Korea",Tianshu,female,56,27
Johanna,Germany,Johanna,female,98,1282
Boi,Germany,Boi,male,100,5
Kathrin,Taiwan,Kathrin,female,75,4
Domenik,USA,Domenik,male,67,3
Chih-Yu,USA,Chih,male,86,7
Lauren,Italy,Lauren,female,93,110
Sangeeta,France,Sangeeta,female,100,3
Silvia,Japan,Silvia,female,98,126
Alphonse,France,Alphonse,male,94,583
Hiroaki,Germany,Hiroaki,male,100,3
Maud,USA,Maud,female,100,36
Torsten,Belgium,Torsten,male,100,17
Satoshi,USA,Satoshi,male,98,47
Guillaume,Japan,Guillaume,male,100,17
Matthew,UK,Matthew,male,100,51412
Yan,Germany,Yan,female,100,29
Jochen,USA,Jochen,male,100,30
David,Germany,David,male,99,10714
Timothy,Japan,Timothy,male,100,44
Elke,Canada,Elke,female,100,14
Hiroyuki,Germany,Hiroyuki,male,100,5
Honghua,UK,Honghua,female,85,52
Dirk,USA,Dirk,male,99,483
Jacinto,USA,Jacinto,male,99,70
Sunliang,Japan,Sunliang,male,100,3
Amos,Japan,Amos,male,100,3
Takuya,China,Takuya,male,100,5
Yasushi,USA,Yasushi,male,100,10
Joachim,Denmark,Joachim,male,99,90
Joseph,China,Joseph,male,99,328
Łukasz,Korea,Łukasz,male,100,32126
Yongjun,USA,Yongjun,male,86,7
Hwa,USA,Hwa,female,75,8
William,Japan,William,male,100,202
Aleksander,Switzerland,Aleksander,male,100,13
Takeshi,Switzerland,Takeshi,male,75,4
Hermann,Germany,Hermann,male,95,1493
Hanno,Germany,Hanno,male,98,151
Johannes,Japan,Johannes,male,100,3
Elena,USA,Elena,female,99,2312
Yasushi,USA,Yasushi,male,100,10
In,China,In,male,78,9
Praveen,France,Praveen,male,100,13
Rong-Jia,USA,Jia,female,68,129
Florian,Spain,Florian,male,97,154
Felix,USA,Felix,male,99,1537
María,Korea,María,female,98,11821
Jun,Germany,Jun,male,85,52
Jong,Japan,Jong,male,60,5
Thomas,USA,Thomas,male,100,20215
Toshihiko,France,Toshihiko,male,75,4
Kaladhar,USA,Kaladhar,male,75,4
Alfonso,Japan,Alfonso,male,100,14
Shin-Hyun,USA,Hyun,male,74,61
Kei,"Czech Republic",Kei,unknown,50,2
Vanessa,UK,Vanessa,female,98,78451
Pavel,Japan,Pavel,male,100,12
Stefan,Korea,Stefan,male,98,50890
Yuichi,Japan,Yuichi,male,100,409
Sangkyu,Germany,Sangkyu,male,100,41
Yoshimitsu,Japan,Yoshimitsu,male,100,35
Hartmut,China,Hartmut,male,99,1298
Yoshihiro,Germany,Yoshihiro,male,100,383
Quan,Japan,Quan,male,85,13
Barbara,USA,Barbara,female,99,10328
Shin,Japan,Shin,male,97,697
Sergey,USA,Sergey,male,100,435
Ryo,UK,Ryo,male,97,2815
Scott,China,Scott,male,99,231
Paul,Germany,Paul,male,99,5117
Dezhi,France,Dezhi,male,75,4
Stefan,Germany,Stefan,male,97,20127
Christophe,UK,Christophe,male,98,60690
Andrey,UK,Andrey,male,99,14894
Geoffrey,Germany,Geoffrey,male,100,43
John,Switzerland,John,male,99,1369
Frank,USA,Frank,male,100,11178
Tobias,Netherlands,Tobias,male,97,184
Manoj,Switzerland,Manoj,male,100,15
Charlotte,UK,Charlotte,female,96,27559
Christof,Germany,Christof,male,99,501
Victoria,Korea,Victoria,female,98,33384
Thomas,USA,Thomas,male,100,20215
Nak,Canada,Nak,male,75,4
Kuthanapillil,China,,,,
Clarissa,Germany,Clarissa,female,98,199
Zhi-Jun,USA,Jun,male,86,387
Antonina,India,Antonina,female,75,4
Konstantin,Taiwan,Konstantin,male,99,5001
Akkattu,China,,,,
Shen-Han,China,Han,male,67,533
Yongwen,India,Yongwen,male,92,12
Yugen,UK,Yugen,male,100,31
Snigdha,"New Zealand",Snigdha,female,98,519
Michal,France,Michal,male,95,141
Tsz-Ying,USA,Ying,female,85,200
Morgane,France,Morgane,female,96,9132
Chandana,Germany,Chandana,male,60,5
Anne-Laure,UK,Anne-Laure,female,97,1419
Daniel,USA,Daniel,male,100,35866
Lauren,France,Lauren,female,87,526
Jörg,Canada,Jörg,male,99,6663
Pauline,Germany,Pauline,female,99,200
S,Germany,,,,
Chih-Ming,UK,Chih-Ming,male,100,12
Kerrie,UK,Kerrie,female,97,1026
Evanthia,Germany,Evanthia,female,100,3
Alan,USA,Alan,male,100,8296
Martin,,Martin,male,98,139211
Timothy,Japan,Timothy,male,100,44
Ravinash,France,Ravinash,male,100,3
Takahiro,,Takahiro,male,99,917
Olivier,China,Olivier,male,96,69
Victoria,Spain,Victoria,female,98,3894
Shaomin,USA,Shaomin,unknown,50,6
Ana,Switzerland,Ana,female,97,979
Ralf,USA,Ralf,male,100,101
Florian,Germany,Florian,male,99,9022
Karolina,Switzerland,Karolina,female,100,48
Matthias,USA,Matthias,male,100,3407
Chandan,China,Chandan,male,100,3
Pradip,Germany,Pradip,male,75,4
Shao-Xu,Canada,Xu,male,88,17
Malte,Sweden,Malte,male,95,63
Gabriel,Netherlands,Gabriel,male,96,193
Karl,China,Karl,male,98,95
Jianwei,Germany,Jianwei,male,75,4
Tao,USA,Tao,male,90,147
Blanca,China,Blanca,female,91,11
Shou-Tian,USA,Shou,male,80,5
Bing,China,Bing,male,71,379
Biao,USA,Biao,male,80,5
Song,Canada,Song,male,100,74
Deidra,Netherlands,Deidra,female,75,4
Isabelle,China,Isabelle,female,96,68
Job,USA,Job,male,96,94
Lu,Japan,Lu,female,61,44
Gang,China,,,,
Tsuneomi,Japan,,,,
Yang,Germany,Yang,male,73,49
Kenji,USA,Kenji,male,98,140
Harald,China,Harald,male,75,4
Christen,USA,Christen,female,99,4404
Yong,USA,Yong,male,82,158
Eli,China,Eli,male,77,53
C,Germany,,,,
Jinlan,India,Jinlan,female,100,31
Long,Canada,Long,male,100,89
Adiyala,USA,Adiyala,male,75,4
Xiaowei,USA,Xiaowei,male,53,17
Daniel,Japan,Daniel,male,99,580
Darren,USA,Darren,male,100,3167
Atsushi,Japan,Atsushi,male,100,843
Giovanni,USA,Giovanni,male,100,9445
Soichiro,UK,Soichiro,male,100,85
Ashley,USA,Ashley,female,97,26837
Oscar,,Oscar,male,99,48539
Laura,ROC,Laura,female,98,163073
Eva,China,Eva,female,98,631
Cherng-Jyh,Australia,Cherng-Jyh,male,80,49
Jian-Hua,USA,Jian,male,84,124
Stefanie,Germany,Stefanie,female,98,5659
Irene,USA,Irene,female,99,1974
Florian,France,Florian,male,99,18108
Christopher,Switzerland,Christopher,male,99,135
Laure,USA,Laure,female,97,86
Fabien,UK,Fabien,male,98,21300
Pablo,UK,Pablo,male,99,51159
Soraya,Germany,Soraya,female,95,105
Sunil,Japan,Sunil,male,100,30
Boris,China,Boris,male,100,66
Alexander,USA,Alexander,male,100,6939
Peng,Canada,Peng,male,85,20
Xing-zhong,USA,Xing,male,69,59
Lianshan,USA,Lianshan,unknown,50,2
Sarah,Germany,Sarah,female,98,9213
Kelvin,USA,Kelvin,male,100,1230
Janosch,France,Janosch,male,75,4
Vasudeva,Spain,Vasudeva,male,93,91
Vincent,Canada,Vincent,male,99,738
José,USA,José,male,99,355
Olena,Germany,Olena,female,100,25
Kalyaneswar,Japan,Kalyaneswar,male,75,4
Xavier,Germany,Xavier,male,100,132
Yoshinori,USA,Yoshinori,male,100,5
Jenni,Switzerland,Jenni,female,91,69
Brunilda,Spain,Brunilda,female,100,8
Christian,USA,Christian,male,100,48214
Jesús,Germany,Jesús,male,100,14
Anirban,Italy,Anirban,male,100,3
Martin,Taiwan,Martin,male,99,156
Stefano,Germany,Stefano,male,99,491
Chih-Chuang,USA,Chih,male,86,7
Giuseppe,Netherlands,Giuseppe,male,96,80
Xixi,Portugal,Xixi,female,67,3
Johannes,UK,Johannes,male,99,7870
Vânia,China,Vânia,female,98,1548
Andrew,China,Andrew,male,99,519
Lei,Italy,Lei,female,83,111
Qing,China,Qing,female,54,451
Luca,Japan,Luca,male,89,36
Jiao,China,Jiao,female,71,96
Takeshi,Germany,Takeshi,male,100,11
Chao,Germany,Chao,male,90,21
Christian,USA,Christian,male,100,48214
Patrick,Germany,Patrick,male,99,14512
Aroop,USA,Aroop,male,75,4
Sebastian,USA,Sebastian,male,99,1962
Mingshang,UK,,,,
Jacob,Japan,Jacob,male,96,56
Rajashekharayya,Japan,,,,
Daigo,Canada,Daigo,male,75,4
Yuka,France,Yuka,female,69,16
Stefan,USA,Stefan,male,100,1196
Jubi,China,Jubi,male,73,81
Khang,USA,Khang,male,97,62
Xian-Long,China,Xian,female,53,117
Weiwei,UK,Weiwei,female,61,428
Chuanxi,Switzerland,,,,
Kai,China,Kai,male,95,430
Vesna,Singapore,Vesna,female,98,3162
Guoyong,France,Guoyong,male,100,10
Fangrui,USA,Fangrui,male,75,4
Delphine,Germany,Delphine,female,97,29
Jacob,USA,Jacob,male,100,13097
Indra,Switzerland,Indra,male,83,6
Aaron,China,Aaron,male,98,568
Masafumi,China,Masafumi,male,75,4
Guihua,Germany,Guihua,female,89,19
Junying,USA,Junying,female,67,3
Johannes,China,Johannes,male,100,18
Yucheng,USA,Yucheng,male,70,10
Ya-Wei,Germany,Wei,male,61,62
Allan,Switzerland,Allan,male,100,61
Stefan,China,Stefan,male,100,66
Thomas,Germany,Thomas,male,99,27141
Jian,Germany,Jian,male,90,21
Herbert,Germany,Herbert,male,98,1663
Toni,USA,Toni,female,92,2938
Stéphanie,USA,Stéphanie,female,95,40
Bernard,Sweden,Bernard,male,93,14
Daniel,Switzerland,Daniel,male,99,4213
Lukasz,Korea,Lukasz,male,99,6789
Diane,"Republic of Korea",Diane,female,98,17672
Sun-Mi,China,Sun,male,61,793
Minyoung,Germany,Minyoung,unknown,50,2
Chusen,China,Chusen,male,100,3
Matthew,Japan,Matthew,male,100,136
Jiao-Long,Spain,Jiao-Long,male,92,4592
Michya,Canada,,,,
Morteza,USA,Morteza,male,98,54
Miriam,USA,Miriam,female,99,1664
Casey,Japan,Casey,male,82,17
Christopher,Germany,Christopher,male,99,3075
Yusuke,USA,Yusuke,male,100,39
Veronika,Japan,Veronika,female,100,6
Balaji,USA,Balaji,male,100,158
Yousuke,France,Yousuke,male,98,125
Hao,Germany,Hao,male,91,23
Dumitru,Taiwan,Dumitru,male,93,1420
Mikhail,Germany,Mikhail,male,100,51
Duan-Yen,China,Yen,female,80,84
Dingyong,USA,,,,
Jiaxiang,Australia,Jiaxiang,male,100,11
Udi,Russia,Udi,female,75,4
William,Germany,William,male,98,951
Michael,Spain,Michael,male,97,1973
Carolin,Taiwan,Carolin,female,75,4
Amparo,France,Amparo,female,95,44
Yen-Chun,Germany,Yen,female,73,15
Yann,China,Yann,male,89,44
Sebastian,UK,Sebastian,male,99,47850
Hailin,Japan,Hailin,male,67,46
Jun,Spain,Jun,male,83,86
Satoshi,Italy,Satoshi,male,75,4
Sonia,Germany,Sonia,female,95,438
Andrea,USA,Andrea,female,95,13332
Biplab,Singapore,Biplab,male,75,4
Alison,China,Alison,female,92,72
Yu,Australia,Yu,male,64,25
Liang,China,Liang,male,82,742
Xiaowei,China,Xiaowei,male,64,101
Song,Germany,Song,male,100,74
Xiaoming,China,Xiaoming,male,84,105
Lidong,Germany,Lidong,male,75,4
Chun-Fang,Netherlands,Chun,male,92,13
Indra,USA,Indra,male,58,105
Eelco,USA,Eelco,male,75,4
Ryan,USA,Ryan,male,99,35179
Hailiang,UK,Hailiang,male,100,13
Steven,USA,Steven,male,100,19562
Timothy,Australia,Timothy,male,100,318
Philippe,USA,Philippe,male,100,410
David,Spain,David,male,100,65535
Raymond,Switzerland,Raymond,male,99,143
Eva,USA,Eva,female,99,2294
Manuel,Korea,Manuel,male,99,96874
Charles,France,Charles,male,98,8083
Yongseok,Germany,Yongseok,male,100,43
Alexander,USA,Alexander,male,100,6939
Benjamin,Sweden,Benjamin,male,99,321
Qiao,China,Qiao,male,56,88
Shuangzheng,Germany,,,,
Da-Gang,Germany,Da,male,77,540
Thomas,Japan,Thomas,male,99,151
Carlos,Germany,Carlos,male,99,1846
Yoshihiro,Germany,Yoshihiro,male,100,383
Claudio,China,Claudio,male,100,40
Christoph,Netherlands,Christoph,male,100,32
You-Quan,Japan,Quan,male,85,13
Teddy,UK,Teddy,male,94,10228
Yoshio,Japan,Yoshio,male,100,214
Eva,China,Eva,female,98,631
Thomas,Canada,Thomas,male,100,1091
Chunxiang,Netherlands,Chunxiang,female,70,10
Alistair,Spain,Alistair,male,93,15
Rosalba,USA,Rosalba,female,98,93
Olesya,Italy,Olesya,female,97,32
Jinjun,China,Jinjun,male,93,15
Francesca,USA,Francesca,female,99,7161
Jie,Japan,Jie,male,74,19
Louise,China,Louise,female,94,102
Hiroshi,Denmark,Hiroshi,male,75,4
Shuling,Germany,Shuling,female,95,20
Nina,USA,Nina,female,99,3109
Przemyslaw,USA,Przemyslaw,male,100,12
Crisita,Taiwan,Crisita,female,75,4
Georgiy,Switzerland,Georgiy,male,100,249
Kuo-Pi,USA,Kuo,male,89,9
Mehdi,UK,Mehdi,male,98,39434
Connie,Germany,Connie,female,89,56
Nina,Japan,Nina,female,98,89
Christian,Japan,Christian,male,100,48300
Yutaro,Italy,Yutaro,male,100,115
Yusuke,USA,Yusuke,male,100,39
Tommaso,Netherlands,Tommaso,male,100,6
Rosa,Germany,Rosa,female,97,619
Héctor,China,Héctor,male,75,4
Malte,Netherlands,Malte,male,100,6
Dongpeng,China,Dongpeng,male,100,4
Silvie,USA,Silvie,female,89,18
Yan,Japan,Yan,male,67,49
Leoni,Spain,Leoni,male,57,7
Takehisa,China,Takehisa,male,100,16
Amadeu,"Hong Kong",Amadeu,male,99,635
Jinghan,Germany,Jinghan,female,71,14
Jiangxi,USA,,,,
Martin,China,Martin,male,99,466
Zhenhua,USA,Zhenhua,male,92,12
Lijun,France,Lijun,unknown,50,4
Haipeng,Switzerland,Haipeng,male,93,29
Lucie,USA,Lucie,female,99,209
Catherine,,Catherine,female,98,41180
Seth,Taiwan,Seth,male,100,12
Matthew,ROC,Matthew,male,100,51412
Chien-Liang,Iran,Chien-Liang,male,100,5
Shao-Ru,Germany,Ru,male,77,43
Hamid,USA,Hamid,male,100,282
Axel,Germany,Axel,male,99,2526
Seiko,China,Seiko,male,67,3
Holger,USA,Holger,male,100,54
Fei,Germany,Fei,male,75,12
Yu,China,Yu,male,73,664
Bao-Hua,Singapore,Hua,male,86,14
Haibo,Germany,Haibo,male,95,87
Kai,Japan,Kai,male,93,189
Wei,Japan,Wei,male,70,53
Tsuneomi,UK,,,,
Akihiro,Germany,Akihiro,male,100,395
Alistair,USA,Alistair,male,95,110
Magnus,Canada,Magnus,male,100,16
Hyunsu,UK,Hyunsu,male,95,61
Krista,Japan,Krista,female,100,6
Ran,Japan,Ran,female,78,51
Takayuki,USA,Takayuki,male,100,18
Keitaro,Singapore,Keitaro,male,100,81
Joshua,Canada,Joshua,male,100,753
Ke,USA,Ke,male,65,101
David,China,David,male,99,2917
Debasis,Japan,Debasis,male,75,4
Tao,UK,Tao,male,87,1999
Takaya,France,Takaya,male,75,4
Gordon,USA,Gordon,male,99,1930
David,Spain,David,male,100,65535
Chungjung,UK,,,,
Maria,France,Maria,female,97,6924
David,Germany,David,male,99,10714
David,China,David,male,99,2917
S,Ireland,,,,
Xuechang,China,Xuechang,male,75,4
Maria,Singapore,Maria,female,99,112
Lei,Germany,Lei,male,57,37
Yugen,USA,Yugen,male,75,4
You,Germany,You,male,71,35
H,USA,,,,
Frank,USA,Frank,male,100,11178
Neel,Spain,Neel,male,100,6
Almaz,USA,Almaz,female,60,5
José,Germany,José,male,96,184
Chen,Germany,Chen,male,70,54
Michael,China,Michael,male,99,1989
Kinga,Switzerland,Kinga,female,80,10
Cuiling,Spain,Cuiling,female,100,10
Roman,USA,Roman,male,100,7028
Marco,USA,Marco,male,99,2827
Hak,UK,Hak,male,90,512
Pengfei,China,Pengfei,male,98,82
Robin,USA,Robin,female,83,8088
Jing,USA,Jing,female,76,249
Andrew,China,Andrew,male,99,519
Xiaopei,USA,Xiaopei,unknown,50,10
Jianhua,Japan,Jianhua,male,84,67
Tanza,Austria,Tanza,unknown,50,26
Koji,USA,Koji,male,98,61
Bernhard,"South Korea",Bernhard,male,98,4878
Carolina,Taiwan,Carolina,female,100,7
Niraikulam,Japan,,,,
Dhananjayan,Japan,Dhananjayan,male,100,32
Ikuya,Japan,Ikuya,male,100,14
Katsunori,USA,Katsunori,male,75,4
Akinobu,Germany,Akinobu,male,100,33
Rui,USA,Rui,male,81,256
Tanja,China,Tanja,female,100,5
Jeremiah,Sweden,Jeremiah,male,100,4
Guo,Taiwan,Guo,male,68,28
Sara,USA,Sara,female,99,13063
Sheng-Yao,China,Sheng,male,91,230
Dingshan,Germany,Dingshan,male,75,4
Jian,Switzerland,Jian,male,100,3
Eva-Maria,China,Eva,female,98,631
Junping,USA,Junping,male,82,11
Ge-Min,UK,Ge-Min,male,65,5653
Do,Germany,Do,male,58,126
Daniel,Japan,Daniel,male,99,580
Daniele,USA,Daniele,male,53,295
Yu,Germany,Yu,male,52,60
Seth,USA,Seth,male,100,5151
Matthias,Germany,Matthias,male,100,9451
Michael,Japan,Michael,male,99,446
Steffen,Japan,Steffen,male,100,3
Ikuse,USA,,,,
Liang,Sweden,Liang,male,100,7
Wei,Japan,Wei,male,70,53
Pornrapee,USA,Pornrapee,female,75,4
Michiko,Poland,Michiko,female,96,248
Xinfang,Australia,Xinfang,female,75,4
Bartosz,Australia,Bartosz,male,75,4
Jian,USA,Jian,male,84,124
Aline,Germany,Aline,female,97,356
Isabel,Germany,Isabel,female,97,866
Christian,Canada,Christian,male,100,48300
Insa,Germany,Insa,female,92,52
Ali,China,Ali,male,93,448
Tim,Spain,Tim,male,97,238
Yibiao,Japan,Yibiao,male,75,4
A,USA,,,,
Eito,Korea,Eito,male,85,13
Binrui,France,Binrui,unknown,50,2
Sung,UK,Sung,male,87,992
Benjamin,USA,Benjamin,male,100,9079
Martin,China,Martin,male,99,466
Yanrong,USA,Yanrong,female,100,3
Xing,Japan,Xing,male,86,7
Qi,China,Qi,male,73,234
Xing,China,Xing,male,72,292
Jie,Netherlands,Jie,male,55,11
Tao,USA,Tao,male,90,147
Alexei,Germany,Alexei,male,97,30
Andrew,Japan,Andrew,male,100,219
Manuel,USA,Manuel,male,99,3096
Takashi,Japan,Takashi,male,99,1549
Joshua,USA,Joshua,male,100,20095
Keiichi,USA,Keiichi,male,100,5
John,Germany,John,male,98,3765
Gabor,Deutschland,Gabor,male,98,2242
Changbao,,Changbao,male,75,4
Markus,USA,Markus,male,100,4802
Joe,Japan,Joe,male,97,230
Mahmud,"South Korea",Mahmud,male,100,3
Masashi,China,Masashi,male,100,3
Ram,USA,Ram,male,97,407
Peng,USA,Peng,male,91,133
Eun,Italy,Eun,female,69,381
Samuel,Germany,Samuel,male,99,706
Alessandro,USA,Alessandro,male,100,4843
Klaus,Germany,Klaus,male,98,10045
Gaolin,China,,,,
Lutz,Korea,Lutz,male,98,1744
Datao,Japan,Datao,male,75,4
Mi-Ri,USA,Ri,female,68,40
Toshifumi,Finland,Toshifumi,male,100,40
Dorota,Canada,Dorota,female,100,10
Alistair,Italy,Alistair,male,100,7
Dajana,Japan,Dajana,female,98,838
Susy,Germany,Susy,female,98,49
Waka,Spain,Waka,male,65,23
Albert,USA,Albert,male,99,3175
M,Finland,,,,
Phong,USA,Phong,male,97,158
Hasibur,USA,Hasibur,male,100,3
Andrey,China,Andrey,male,97,30
Barry,UK,Barry,male,98,13520
Xiao,China,Xiao,male,56,757
Zhangquan,Korea,Zhangquan,male,75,4
Zhiqiang,USA,Zhiqiang,male,100,9
Kyosung,China,Kyosung,male,100,4
Zhiqiang,China,Zhiqiang,male,100,68
Xiaojun,China,Xiaojun,male,75,80
Tong,Japan,Tong,male,67,15
Ying,USA,Ying,female,85,200
Kenji,Japan,Kenji,male,99,1017
Stefan,Japan,Stefan,male,100,27
Javier,Korea,Javier,male,99,67247
Yu,Germany,Yu,male,52,60
Yeon,Italy,Yeon,female,75,4
Dieter,USA,Dieter,male,98,84
Emiliano,China,Emiliano,male,100,4
Kelong,Israel,Kelong,male,100,5
Yinjun,USA,Yinjun,male,100,3
K,USA,,,,
Yan,USA,Yan,male,63,365
Abhigyan,Germany,Abhigyan,male,100,103
Timothy,Singapore,Timothy,male,99,155
Martin,USA,Martin,male,100,5868
Yi-Feng,Japan,Feng,male,93,15
N,Switzerland,,,,
Manabu,Netherlands,Manabu,male,99,280
Anne,China,Anne,female,100,289
Roberto,Sweden,Roberto,male,97,228
Shilu,Singapore,Shilu,female,57,77
Andreas,Germany,Andreas,male,99,21215
Animesh,Germany,Animesh,male,100,3
Bassem,Germany,Bassem,male,100,34
Jens,USA,Jens,male,97,183
Tina,China,Tina,female,98,1100
Ian,India,Ian,male,100,88
Jian,Japan,Jian,male,100,9
Suresh,China,Suresh,male,97,31
Kenichi,Germany,Kenichi,male,75,4
Zhen,USA,Zhen,male,76,62
Rajendra,USA,Rajendra,male,99,71
Yu-Liang,Japan,Liang,male,100,9
Daniel,Netherlands,Daniel,male,98,2242
Shihui,USA,Shihui,female,75,4
Sascha,Switzerland,Sascha,male,99,731
Rei,USA,Rei,male,55,84
Alina,Germany,Alina,female,98,1719
Joseph,Korea,Joseph,male,99,63161
Friederike,Switzerland,Friederike,female,100,7
Sang,Germany,Sang,male,86,7
Markus,Netherlands,Markus,male,100,95
Katrin,Japan,Katrin,female,75,4
Alena,USA,Alena,female,100,5470
Chihiro,UK,Chihiro,female,73,285
Stefan,Germany,Stefan,male,97,20127
Robin,France,Robin,male,96,3073
Jörn,USA,Jörn,male,100,4
Biplab,France,Biplab,male,100,716
Li,France,Li,female,66,302
Xiaolong,Germany,Xiaolong,male,99,153
Frédéric,Germany,Frédéric,male,97,32
Thorsten,USA,Thorsten,male,98,61
Claudia,Canada,Claudia,female,99,269
Bostjan,Japan,Bostjan,male,75,4
Igor,Germany,Igor,male,99,768
Lai,China,Lai,male,59,102
Crispin,Japan,Crispin,male,75,4
Yiye,Brazil,Yiye,male,57,21
Takeshi,Germany,Takeshi,male,100,11
Fernando,China,Fernando,male,97,79
Senada,Switzerland,Senada,female,91,11
Qian,France,Qian,female,95,22
Esther,China,Esther,female,96,83
Pierre,USA,Pierre,male,100,5180
Shaoguang,USA,Shaoguang,male,75,4
Jason,Germany,Jason,male,99,1015
Jie,India,Jie,female,75,4
Oanh,China,Oanh,female,100,14
Venkataraman,China,Venkataraman,male,99,110
Lina,,Lina,female,97,30717
Chuan-Le,USA,Chuan,male,87,23
Weikun,Germany,Weikun,male,75,4
Zhihua,Spain,Zhihua,male,75,4
Cory,Israel,Cory,male,89,6177
Enrique,Korea,Enrique,male,99,19657
Silvia,Germany,Silvia,female,97,3376
Mi-Hee,Germany,Mi,male,59,368
A,USA,,,,
Halima,Spain,Halima,female,98,84
Julia,UK,Julia,female,97,57688
Antonio,China,Antonio,male,99,132
Artur,Switzerland,Artur,male,99,115
Yong-Hui,France,Yong,male,90,21
Natalia,USA,Natalia,female,99,1455
Marcello,Sweden,Marcello,male,100,20
Agustín,Japan,Agustín,male,99,1038
F,Germany,,,,
Takashi,China,Takashi,male,100,9
Shubin,Korea,Shubin,male,82,11
Xuli,China,Xuli,male,57,7
Junmin,Japan,Junmin,male,75,4
Song-Song,Sweden,Song-Song,male,74,1799
Tetsuo,China,Tetsuo,male,100,3
Xuanjun,China,Xuanjun,male,75,4
Yao,China,Yao,male,58,406
Changxu,USA,Changxu,male,100,4
Qing,USA,Qing,unknown,50,62
Byungkwon,Switzerland,Byungkwon,male,100,3
Judith,Germany,Judith,female,97,1040
Dafa,Germany,Dafa,unknown,50,2
Shigeyoshi,Japan,Shigeyoshi,male,100,19
Alexander,Germany,Alexander,male,98,11884
Keisuke,China,Keisuke,male,100,5
Sebastian,Germany,Sebastian,male,100,13809
Honggen,UK,Honggen,male,75,4
Martin,UK,Martin,male,98,139211
Johannes,Fachbereich,Johannes,male,99,7870
Rafael,USA,Rafael,male,99,2923
Reinhard,Austria,Reinhard,male,100,461
Matthew,Japan,Matthew,male,100,136
Gerald,Japan,Gerald,male,93,15
Muhammet,Japan,Muhammet,male,100,4
Nobuhito,Canada,Nobuhito,male,100,16
Yoshinori,China,Yoshinori,male,100,262
D,Netherlands,,,,
Changyou,USA,Changyou,male,75,4
Radostina,Germany,Radostina,female,100,3
Brenda,UK,Brenda,female,98,22551
André,Japan,André,male,96,45
Annette,USA,Annette,female,98,2562
Lijia,USA,Lijia,female,70,10
Natalia,Germany,Natalia,female,99,902
Gang,USA,,,,
Eva,Russia,Eva,female,97,437
Chi,Switzerland,Chi,male,57,7
Dmitry,Ireland,Dmitry,male,100,15
Jozef,China,Jozef,male,100,4
John,France,John,male,98,12594
Qiang,France,Qiang,male,83,6
Jean-Baptiste,Sweden,Jean-Baptiste,male,100,5
Nadia,Switzerland,Nadia,female,98,631
Krzysztof,Germany,Krzysztof,male,99,464
Johannes,China,Johannes,male,100,18
Robert,USA,Robert,male,100,43118
Ya-Ping,Japan,Ya,male,74,39
Maximilian,USA,Maximilian,male,100,2627
Keishi,Japan,Keishi,male,100,29
Pedro,China,Pedro,male,98,107
Yasuhiro,USA,Yasuhiro,male,100,14
Ming,Switzerland,Ming,unknown,50,8
Xing,France,Xing,unknown,50,12
Laura,Germany,Laura,female,98,4794
Stéphane,Germany,Stéphane,male,100,38
Alexander,Germany,Alexander,male,98,11884
Friedrich-Karl,Germany,Friedrich,male,98,567
Ludger,USA,Ludger,male,100,6
Armido,Japan,Armido,male,100,20
K,France,,,,
Waka,China,Waka,male,75,4
Anne,UK,Anne,female,98,48855
Lan-Gui,Germany,Gui,male,94,17
Christian,Canada,Christian,male,100,48300
Saravanan,Japan,Saravanan,male,100,5
Hua,Germany,Hua,male,70,10
Shigeru,USA,Shigeru,male,90,10
Robin,China,Robin,male,94,400
Jeffrey,Japan,Jeffrey,male,100,49
Jincan,USA,Jincan,male,67,3
Naoya,Japan,Naoya,male,100,332
Dong,Germany,Dong,male,90,10
Naoya,Germany,Naoya,male,100,353
Florian,Germany,Florian,male,99,9022
Mathias,UK,Mathias,male,99,14455
Nicolas,Denmark,Nicolas,male,100,54
Christoph,Canada,Christoph,male,100,23
Erhad,USA,Erhad,male,75,4
Yuquan,"Czech Republic",Yuquan,male,79,14
Dane,USA,Dane,male,98,1058
Tynchtyk,Japan,Tynchtyk,male,100,11
Brian,Netherlands,Brian,male,99,1133
Kodai,Taiwan,Kodai,male,97,58
D,Canada,,,,
Shu-Hao,USA,Hao,male,91,219
Dajana,UK,Dajana,female,98,838
Jessica,USA,Jessica,female,99,36554
Carlos,Germany,Carlos,male,99,1846
Guosong,Germany,Guosong,male,100,7
Anika,Germany,Anika,female,98,1036
Ivan,USA,Ivan,male,100,3082
Rajarshi,Denmark,Rajarshi,male,100,373
Ranjan,USA,Ranjan,male,94,49
Søren,UK,Søren,male,100,1477
Alessandro,Germany,Alessandro,male,97,865
Ana,USA,Ana,female,98,4922
Zhongli,Germany,Zhongli,male,60,5
Xikui,Japan,Xikui,male,100,3
Katrin,Spain,Katrin,female,97,68
Norifumi,Netherlands,Norifumi,male,100,25
Andrés,USA,Andrés,male,99,131
Irene,Canada,Irene,female,100,254
Stéphane,China,Stéphane,male,100,16
Nana,China,Nana,female,94,404
Xiaowen,Netherlands,Xiaowen,female,75,4
Hua,USA,Hua,male,65,57
Tristan,USA,Tristan,male,92,1594
Stephen,Japan,Stephen,male,100,96
Dong,Germany,Dong,male,90,10
Yuki,Japan,Yuki,male,61,1797
Shaolin,Switzerland,Shaolin,unknown,50,2
Kengo,Japan,Kengo,male,99,177
Stefano,China,Stefano,male,100,32
Graham,USA,Graham,male,98,1457
Qingju,Germany,Qingju,unknown,50,2
Lars,USA,Lars,male,100,401
Masooma,Singapore,Masooma,female,99,94
S,Austria,,,,
Jun,Spain,Jun,male,83,86
Ivo,USA,Ivo,male,99,96
Isaac,China,Isaac,male,98,86
Kejin,Italy,Kejin,male,80,5
Ke,China,Ke,male,84,144
Francesca,UK,Francesca,female,99,54181
Guan-Wu,Germany,Guan,male,80,5
Ian,USA,Ian,male,100,8095
Crispin,China,Crispin,male,75,4
Tae-Jong,Germany,Jong,male,100,3
Zhen,"Republic of Korea",Zhen,male,64,631
Rasmus,Germany,Rasmus,male,98,58
Young,Germany,Young,male,100,51
Isabel,Japan,Isabel,female,97,58
Klaus,Germany,Klaus,male,98,10045
Tomomi,USA,Tomomi,female,100,24
Erica,Germany,Erica,female,94,83
Seong,France,Seong,male,93,255
Philipp,Japan,Philipp,male,100,3
Gaulthier,Germany,Gaulthier,male,75,4
Tomokazu,Germany,Tomokazu,male,100,90
Lorenz,Germany,Lorenz,male,98,257
Francesc,Poland,Francesc,male,98,1852
Vadym,Germany,Vadym,male,100,22
Marcin,Kyoto,Marcin,male,99,47207
Ulf-Peter,France,Ulf,male,100,3
Shohei,Japan,Shohei,male,100,267
Marie-Hélène,USA,Hélène,female,100,27
Gang,"Republic of Korea",,,,
Kevin,Japan,Kevin,male,99,553
Eunhye,Germany,Eunhye,female,96,135
Changfeng,Germany,Changfeng,male,100,7
Adam,USA,Adam,male,100,23089
David,USA,David,male,100,65535
Li,USA,Li,female,50,359
Lalit,USA,Lalit,male,100,65
Dianyuan,Germany,,,,
Mark,USA,Mark,male,100,47989
Subhendu,Germany,Subhendu,male,100,428
Guozhu,USA,Guozhu,male,75,4
Romina,China,Romina,female,75,4
Florence,Japan,Florence,female,83,6
Chao,Australia,Chao,male,83,6
Takeshi,Germany,Takeshi,male,100,11
James,Australia,James,male,100,2692
Michael,USA,Michael,male,100,65535
Yuanhui,"Republic of Korea",Yuanhui,male,83,6
Mark,Netherlands,Mark,male,100,48064
Junghyun,Singapore,Junghyun,male,75,4
Sjoerd,USA,Sjoerd,male,100,7
Hau,"New Zealand",Hau,unknown,50,48
Kelly,USA,Kelly,female,87,17673
Soshan,France,Soshan,male,75,4
Gaël,UK,Gaël,male,96,1185
Bulent,Germany,Bulent,male,94,101
Angelika,USA,Angelika,female,98,139
Thomas,Belgium,Thomas,male,99,3328
Tianqing,Switzerland,Tianqing,female,57,7
Michael,USA,Michael,male,100,65535
Jakob,Japan,Jakob,male,75,4
Xin,Japan,Xin,male,61,23
Yasuhiro,USA,Yasuhiro,male,100,14
Eiji,Denmark,Eiji,male,98,358
Craig,Germany,Craig,male,99,87
Jesper,UK,Jesper,male,99,4264
Christoph,Australia,Christoph,male,100,8
Paweł,Germany,Paweł,male,100,231
Naba,USA,Naba,female,63,8
Aisheng,Germany,Aisheng,male,75,4
Jesse,USA,Jesse,male,95,10195
Lea,USA,Lea,female,100,6377
Tanashaya,USA,,,,
Ilkeun,Japan,Ilkeun,male,75,4
Suchetan,China,Suchetan,male,100,8
Ken,Japan,Ken,male,99,1450
Feng,China,Feng,male,82,850
Graham,China,Graham,male,100,42
Xiaojun,Germany,Xiaojun,male,75,4
Kai,India,Kai,male,91,33
David,Germany,David,male,99,10714
Kasibhatta,Canada,Kasibhatta,female,75,4
Richard,China,Richard,male,99,833
Elizaveta,Italy,Elizaveta,female,100,12
Rui,Germany,Rui,male,97,211
Daniel,Germany,Daniel,male,99,22784
Kai,Germany,Kai,male,99,5784
Timo,Germany,Timo,male,100,4802
Yiwei,Germany,Yiwei,male,100,60
Daly,Germany,Daly,female,100,10
Michael,Germany,Michael,male,100,30913
Patrick,China,Patrick,male,98,422
Ursula,Israel,Ursula,female,75,4
Damei,Cyprus,Damei,male,67,3
Roy,UK,Roy,male,98,19944
Maria,USA,Maria,female,98,14223
Yi-Ge,China,Ge,male,83,75
Shankar,China,Shankar,male,100,8
Qing-Feng,Japan,Feng,male,93,15
Kai-Yang,USA,Kai,male,99,18599
Mikihiro,UK,Mikihiro,male,100,12
Steven,Switzerland,Steven,male,100,410
Hicham,UK,Hicham,male,97,25036
Lilit,Japan,Lilit,female,97,476
Guoxiong,Japan,Guoxiong,male,100,6
Tetsuro,Germany,Tetsuro,male,100,93
Go,France,Go,male,87,82
Sandra,UK,Sandra,female,98,133088
Thibaud,USA,Thibaud,male,100,7
Elizabeth,USA,Elizabeth,female,99,20330
Lianghai,Germany,Lianghai,male,75,4
Sarah,USA,Sarah,female,99,32394
Hendrik,China,Hendrik,male,100,3
Nan,Japan,Nan,female,62,26
Chu-Ting,USA,Ting,female,70,105
Naomi,China,Naomi,female,94,48
Barry,Israel,Barry,male,91,22
Guang-Wu,USA,Guang,male,95,20
Konstantin,China,Konstantin,male,100,11
Ken,Germany,Ken,male,98,411
Dingbin,Italy,Dingbin,male,75,4
Xaver,China,Xaver,male,75,4
Pier,Switzerland,Pier,male,100,19
Krishnamoorthy,France,Krishnamoorthy,male,75,4
Henning,Canada,Henning,male,100,6
Anthony,USA,Anthony,male,100,21929
Niloufar,UK,Niloufar,female,98,271
Hiroyuki,USA,Hiroyuki,male,100,26
Andrew,Germany,Andrew,male,99,574
Lei,UK,Lei,male,59,2374
Slawomir,USA,Slawomir,male,100,12
Yan-Zhen,USA,Zhen,male,76,62
Hosea,USA,Hosea,male,100,47
Detlef,Spain,Detlef,male,90,10
Yu-Wen,Germany,Wen,female,54,26
Andrea,Japan,Andrea,female,82,165
Tobias,Italy,Tobias,male,96,78
Yujiro,Germany,Yujiro,male,100,54
Sara,China,Sara,female,99,480
Frank,UK,Frank,male,99,66241
Min-Rui,Germany,Rui,male,97,211
Elizabeth,Japan,Elizabeth,female,93,118
Torsten,Canada,Torsten,male,100,3
Hayato,India,Hayato,male,96,375
Snigdha,Japan,Snigdha,female,98,519
Arup,Germany,Arup,male,100,876
Aika,China,Aika,female,100,5
Tilman,Japan,Tilman,male,97,142
Hao,Germany,Hao,male,91,23
Toshiya,Greece,Toshiya,male,98,150
Thomas,USA,Thomas,male,100,20215
George,China,George,male,98,445
Scott,Germany,Scott,male,99,208
Jie,Poland,Jie,male,75,4
Sunanda,China,Sunanda,female,84,367
Dawid,Japan,Dawid,male,75,4
Xiao-Ming,Italy,Ming,male,100,7
Sumie,Germany,Sumie,female,90,41
Alessandro,Germany,Alessandro,male,97,865
Ali,Germany,Ali,male,97,9267
Andreas,Germany,Andreas,male,99,21215
Axel,Denmark,Axel,male,100,52
David,France,David,male,98,65535
Martin,,Martin,male,98,139211
Raphael,India,Raphael,male,97,58
Jonathan,India,Jonathan,male,100,273
Yamuna,USA,Yamuna,female,100,11
K,Denmark,,,,
Henry,Japan,Henry,male,98,104
Zhao,China,Zhao,male,67,583
Toshifumi,Germany,Toshifumi,male,100,40
Chen,France,Chen,male,62,145
Christian,Switzerland,Christian,male,100,48300
Loïc,Belgium,Loïc,male,99,184
Ankit,Germany,Ankit,male,100,14
An,Germany,An,female,60,669
Tetiana,USA,Tetiana,female,100,8
Hermann,Japan,Hermann,male,100,3
Demin,China,Demin,male,100,4
Takahiro,Germany,Takahiro,male,75,4
Hai,China,Hai,male,85,184
Olena,USA,Olena,female,93,69
Jie,China,Jie,male,63,867
J,USA,,,,
Shengyang,Japan,Shengyang,male,100,9
Matthew,Netherlands,Matthew,male,99,188
Daisuke,USA,Daisuke,male,96,47
Christophe,Spain,Christophe,male,98,130
Young,USA,Young,male,100,51
Julia,Canada,Julia,female,100,600
Timothy,Israel,Timothy,male,100,7
M,Germany,,,,
Sanaa,Germany,Sanaa,female,100,28
Michael,USA,Michael,male,100,65535
Jekaterina,Germany,Jekaterina,female,100,10
Yongxing,"South Korea",Yongxing,male,100,5
Matthias,Japan,Matthias,male,75,4
Young,Switzerland,Young,male,100,51
Hidetsugu,UK,Hidetsugu,male,100,8
Christoph,Japan,Christoph,male,100,6
Thomas,USA,Thomas,male,100,20215
Rong,"Republic of Korea",Rong,male,55,603
Radha,USA,Radha,female,90,98
Ji,Switzerland,Ji,male,60,5
Volkan,Germany,Volkan,male,99,1015
Erin,Switzerland,Erin,female,90,10
Martin,Switzerland,Martin,male,98,2426
Marc,China,Marc,male,99,166
Adam,Singapore,Adam,male,99,228
Hengte,Spain,,,,
Philippe,Japan,Philippe,male,94,16
Javier,China,Javier,male,98,50
Yingsheng,Japan,Yingsheng,male,100,3
Yide,Japan,Yide,male,67,15
Tomoyuki,Korea,Tomoyuki,male,98,303
Akifumi,UK,Akifumi,male,100,45
Il,China,Il,male,100,7
H,USA,,,,
Huanrong,Germany,Huanrong,female,67,3
Alexander,Germany,Alexander,male,98,11884
Eugen,Germany,Eugen,male,99,1388
Melanie,Germany,Melanie,female,98,8557
Alexander,Germany,Alexander,male,98,11884
Daniel,Germany,Daniel,male,99,22784
Michael,USA,Michael,male,100,65535
Michael,Japan,Michael,male,99,446
Jing,USA,Jing,female,76,249
Hiroaki,China,Hiroaki,male,75,4
Mark,Australia,Mark,male,100,48064
Mingxing,Japan,Mingxing,male,75,4
Rico,,Rico,male,99,11022
Tomoki,USA,Tomoki,male,100,14
Wenjing,France,Wenjing,female,75,4
Zhenghu,USA,Zhenghu,male,100,5
Thierry,Korea,Thierry,male,98,41754
Kuthanapillil,USA,,,,
Young,Sweden,Young,male,100,51
Caroline,Germany,Caroline,female,97,880
Anders,,Anders,male,99,9660
Poulomi,USA,Poulomi,female,100,5
James,China,James,male,98,1570
Roey,Germany,Roey,male,75,4
Guojun,Japan,Guojun,male,100,19
Jenny,China,Jenny,female,98,1217
Naoya,USA,Naoya,male,100,9
Conghui,China,Conghui,female,75,4
Prakash,Germany,Prakash,male,100,19
Weisi,Germany,Weisi,male,75,4
Markus,Germany,Markus,male,99,15230
Wolfgang,Germany,Wolfgang,male,99,7880
Michael,Germany,Michael,male,100,30913
Holger,Germany,Holger,male,100,4362
Kay,Japan,Kay,male,53,68
Anne,Australia,Anne,female,98,364
Hayato,China,Hayato,unknown,50,2
Feng,China,Feng,male,82,850
Yan,USA,Yan,male,63,365
Zhongliang,Japan,Zhongliang,male,100,16
Zhou,Japan,Zhou,male,63,8
Yujiro,USA,Yujiro,male,75,4
Erjun,Germany,Erjun,male,75,4
Liangcai,China,Liangcai,male,75,4
Dongqing,UK,Dongqing,female,75,8
Yan,Japan,Yan,male,67,49
Julien,USA,Julien,male,99,1741
Yusuke,UK,Yusuke,male,99,1232
Taekyung,Belgium,Taekyung,male,81,21
Anne-Laure,USA,Anne-Laure,female,100,14
Sofie,Japan,Sofie,female,75,4
Allen,KSA,Allen,male,96,10293
Motoki,Korea,Motoki,male,99,109
Vivek,China,Vivek,male,100,17
Sangho,USA,Sangho,male,100,5
Xiaoyong,Germany,Xiaoyong,male,100,28
Thomas,Japan,Thomas,male,99,151
Lifeng,Germany,Lifeng,male,80,56
Tatsuhiko,USA,Tatsuhiko,male,75,4
Felipe,UK,Felipe,male,99,29541
Klement,China,Klement,male,93,148
Wu,China,Wu,male,75,353
Xinghao,Japan,Xinghao,male,100,7
Yao,China,Yao,male,58,406
Takuya,Germany,Takuya,male,80,5
Lei,USA,Lei,male,57,231
Jens,USA,Jens,male,97,183
Rodolfo,Spain,Rodolfo,male,97,814
Abbas,France,Abbas,male,91,142
Silvia,USA,Silvia,female,95,1236
Julien,USA,Julien,male,99,1741
Alexander,USA,Alexander,male,100,6939
Longwu,,Longwu,male,75,4
Changfeng,Netherlands,Changfeng,male,100,7
Annabel,China,Annabel,female,100,9
Wojciech,Cuba,Wojciech,male,100,8514
Zi-Wu,Japan,Wu,male,61,18
Olimpia,Germany,Olimpia,female,82,17
Masahiro,China,Masahiro,male,100,783
Carine,Israel,Carine,female,80,5
Huicai,UK,,,,
Revital,Japan,Revital,female,96,85
Ravindra,USA,Ravindra,male,100,56
Koji,,Koji,male,98,1020
Sheng,USA,Sheng,male,67,55
Ian,USA,Ian,male,100,8095
Zhiyong,China,Zhiyong,male,100,51
Chen,Germany,Chen,male,70,54
Xianjun,Japan,Xianjun,male,93,14
Arunoday,China,Arunoday,male,100,24
Kosuke,China,Kosuke,male,75,4
Shutao,China,Shutao,male,100,5
Binju,Canada,Binju,unknown,50,12
Congmin,USA,Congmin,female,75,4
Stephen,Switzerland,Stephen,male,100,63
Shaun,Singapore,Shaun,male,99,136
Christian,Germany,Christian,male,100,86
Yun,Japan,Yun,female,58,50
Gregor,China,Gregor,male,100,6
Yasutomo,China,Yasutomo,male,100,12
Zhijian,Italy,Zhijian,male,96,27
Xiaofeng,Japan,Xiaofeng,unknown,50,2
Alessia,China,Alessia,female,100,6
Shin-ya,USA,Shin,male,66,82
Amjad,USA,Amjad,male,97,98
Yang,Germany,Yang,male,73,49
Huaxing,Germany,Huaxing,male,71,7
Grit,Germany,Grit,female,99,364
Maria,Germany,Maria,female,97,6846
Anastasia,Germany,Anastasia,female,97,593
Diego,Germany,Diego,male,99,690
Alexander,USA,Alexander,male,100,6939
Diego,Japan,Diego,male,99,150
Zhaoda,UK,Zhaoda,male,75,4
Makoto,USA,Makoto,male,85,41
Charlotte,"New Zealand",Charlotte,female,100,124
Brian,USA,Brian,male,100,40133
Moana,USA,Moana,female,98,41
Florian,USA,Florian,male,99,159
Ming,China,Ming,male,83,826
Arvind,China,Arvind,male,100,8
Xiao,China,Xiao,male,56,757
Di-Han,China,Di,male,73,98
Suhua,USA,Suhua,female,80,10
Ke,USA,Ke,male,65,101
Miao,USA,Miao,female,73,30
Daniel,China,Daniel,male,99,1130
G,USA,,,,
Ping,USA,Ping,male,56,90
Yevgeniy,Germany,Yevgeniy,male,100,13
Jørn,USA,Jorn,male,100,8
Lukas,Denmark,Lukas,male,100,65
Tao,France,Tao,male,87,150
Jeppe,China,Jeppe,male,99,519
Prabeer,Finland,Prabeer,male,100,7
Panchao,USA,Panchao,male,75,4
Nikolay,UK,Nikolay,male,100,3947
David,USA,David,male,100,65535
Nicholas,China,Nicholas,male,98,161
Guangming,Germany,Guangming,male,100,23
Song,Spain,Song,male,100,74
Karolin,Spain,Karolin,female,86,7
M,Netherlands,,,,
Carles,Germany,Carles,male,100,7
Minseok,Switzerland,Minseok,male,99,105
Xi,China,Xi,male,58,149
Nicka,Italy,Nicka,female,75,4
Feng,China,Feng,male,82,850
Jusef,Germany,Jusef,male,100,22
Baodui,Taiwan,,,,
Géraldine,Germany,Géraldine,female,100,5
Cheng-Huei,"Czech Republic",Cheng-Huei,male,73,1936
Hendrik,Germany,Hendrik,male,99,1486
Ágnes,Germany,Ágnes,female,100,21
Harald,Germany,Harald,male,99,2992
Steffen,,Steffen,male,99,6430
Sylvia,China,Sylvia,female,99,163
Oliver,Spain,Oliver,male,98,1774
Fuxin,Russia,Fuxin,male,58,12
Avelino,USA,Avelino,male,100,17
Maria,France,Maria,female,97,6924
Albert,Spain,Albert,male,99,6353
Philippe,Switzerland,Philippe,male,99,1199
Zoubir,Spain,Zoubir,male,100,14
Adrien,Canada,Adrien,male,99,73
José,USA,José,male,99,355
Sebastiano,Italy,Sebastiano,male,99,4132
Natalia,USA,Natalia,female,99,1455
Ivano,Japan,Ivano,male,75,4
Guangbi,China,Guangbi,male,75,4
Hideki,Germany,Hideki,male,75,4
Yuechang,USA,Yuechang,male,75,4
Sakya,UK,Sakya,male,68,28
Jaeyun,Italy,Jaeyun,male,89,28
Johannes,Japan,Johannes,male,100,3
Renato,Japan,Renato,male,99,151
Sabapathi,USA,Sabapathi,male,100,10
Akiomi,USA,Akiomi,male,100,3
Brad,USA,Brad,male,100,10173
Stephen,Japan,Stephen,male,100,96
Muthiah,USA,Muthiah,male,100,3
Takafumi,Korea,Takafumi,male,100,208
Deju,Denmark,Deju,male,89,18
In,Taiwan,In,male,71,7
Soeren,USA,Soeren,male,100,3
Yan-Kai,Japan,Kai,male,93,189
Jan,Japan,Jan,male,81,53
Takahito,USA,Takahito,male,100,4
Masashi,USA,Masashi,male,100,13
Miroslav,Germany,Miroslav,male,99,144
Yulia,Germany,Yulia,female,99,71
Torsten,Germany,Torsten,male,99,4534
Wei,USA,Wei,male,75,391
Tobias,China,Tobias,male,100,13
Stephen,China,Stephen,male,98,406
Xinghua,"South Korea",Xinghua,male,56,18
Fenglin,USA,Fenglin,male,100,4
Taek,UK,Taek,male,92,75
Adam,China,Adam,male,98,402
Robert,China,Robert,male,98,503
Yang,USA,Yang,male,69,340
Qian,Spain,Qian,female,67,6
Thomas,China,Thomas,male,99,449
Carmen,UK,Carmen,female,98,54029
Jian,Japan,Jian,male,100,9
Linus,Israel,Linus,male,75,4
Sari,China,Sari,female,67,6
Robert,USA,Robert,male,100,43118
Yang,Spain,Yang,male,83,36
Kathleen,UK,Kathleen,female,99,10967
José,USA,José,male,99,355
Alessandro,USA,Alessandro,male,100,4843
Aleksandrs,Lithuania,Aleksandrs,male,99,348
Erik,France,Erik,male,98,887
Zita,Finland,Zita,female,75,4
James,France,James,male,98,5332
Jaakko,Lithuania,Jaakko,male,99,577
Mélanie,USA,Mélanie,female,100,30
Edvinas,USA,Edvinas,male,75,4
Chelliah,Canada,Chelliah,male,75,4
Marc-Etienne,Taiwan,Marc,male,100,67
Ali,USA,Ali,male,62,4661
Chun-Cheng,ROC,Chun-Cheng,male,100,4
Saumen,USA,Saumen,male,75,4
Rayyat,China,Rayyat,female,75,4
Zhao,"Czech Republic",Zhao,male,75,4
Fangming,Germany,Fangming,male,80,10
Christopher,Germany,Christopher,male,99,3075
Grzegorz,Austria,Grzegorz,male,100,26
Maik,Switzerland,Maik,male,99,131
Jürgen,Germany,Jürgen,male,99,7863
Oezlem,Switzerland,Oezlem,female,83,12
Susann,USA,Susann,female,96,57
Jian,Germany,Jian,male,90,21
Thomas,Germany,Thomas,male,99,27141
Henriette,Singapore,Henriette,female,75,4
Tomke,China,Tomke,male,56,45
Xinqiang,France,Xinqiang,male,100,3
Shengyi,China,Shengyi,male,71,7
Mathieu,USA,Mathieu,male,99,179
Cheng-Pan,Japan,Pan,male,73,30
Filip,USA,Filip,male,99,135
Yoshinori,Switzerland,Yoshinori,male,100,262
Giang,USA,Giang,male,61,72
Jean-Baptiste,Japan,Jean-Baptiste,male,100,3
Travis,USA,Travis,male,100,9136
Ilhyong,Singapore,,,,
Kuntal,Japan,Kuntal,male,95,384
Jie,Japan,Jie,male,74,19
Jianhua,USA,Jianhua,male,75,8
Hiroshi,UK,Hiroshi,male,99,1730
Shou-Tian,USA,Shou,male,80,5
Antonio,China,Antonio,male,99,132
Xin,Italy,Xin,male,54,13
Biao,USA,Biao,male,80,5
Andrea,Sweden,Andrea,female,92,368
Hyeonseok,Spain,Hyeonseok,male,75,4
Lotta,China,Lotta,female,75,4
Carles,Israel,Carles,male,75,4
Tao,USA,Tao,male,90,147
Ana,Spain,Ana,female,98,54404
Lei,Italy,Lei,female,83,111
Antonio,China,Antonio,male,99,132
Daniela,Via,Daniela,female,97,67491
Zongping,Germany,,,,
Gianfranco,Germany,Gianfranco,male,98,61
Nicole,Germany,Nicole,female,96,11795
Xiaoqing,Germany,Xiaoqing,unknown,50,2
Karolina,Germany,Karolina,female,98,450
Florian,USA,Florian,male,99,159
Anna,Spain,Anna,female,99,7629
Ke,USA,Ke,male,65,101
Silvia,USA,Silvia,female,95,1236
Nicola,USA,Nicola,female,68,487
Ki-Hyeok,USA,Ki,male,56,84
Alexander,USA,Alexander,male,100,6939
Joonho,Switzerland,Joonho,male,100,71
Daniel,USA,Daniel,male,100,35866
Jessada,Japan,Jessada,male,97,89
Emily,USA,Emily,female,99,20625
Masayuki,Hungary,Masayuki,male,99,597
Yoshifumi,Germany,Yoshifumi,male,99,81
Gyula,USA,Gyula,male,100,10
Marat,"Republic of Korea",Marat,male,98,1497
Ho,Germany,Ho,male,73,51
So,Australia,So,male,70,10
Zhilin,Germany,Zhilin,male,100,93
Brendan,China,Brendan,male,100,18
Ling,Canada,Ling,female,80,20
Shaomin,USA,Shaomin,unknown,50,6
Jieshu,UK,Jieshu,female,100,3
Nicole,Taiwan,Nicole,female,98,264
John,Japan,John,male,99,665
Chi-Hui,Canada,Hui,male,63,19
Kazuyuki,China,Kazuyuki,male,75,4
Xavier,Australia,Xavier,male,99,67
Zhening,Netherlands,,,,
Xiaohu,Denmark,Xiaohu,male,100,37
Emiel,USA,Emiel,male,86,7
Gustav,USA,Gustav,male,98,56
Christopher,USA,Christopher,male,100,26017
Jamie,Japan,Jamie,male,56,43
Xin,France,Xin,female,61,46
Sayo,France,Sayo,male,67,9
Nicolas,Germany,Nicolas,male,100,664
Rafael,Germany,Rafael,male,99,888
Frederic,Germany,Frederic,male,99,308
Ozlen,Germany,Ozlen,female,93,14
Stefan,Germany,Stefan,male,97,20127
Nicolas,Germany,Nicolas,male,100,664
Kristin,Germany,Kristin,female,95,1271
Lina,Germany,Lina,female,97,1227
Joaquin,Germany,Joaquin,male,100,43
Thierry,Germany,Thierry,male,98,129
Georg,China,Georg,male,100,3
Christian,Japan,Christian,male,100,48300
Zibin,Japan,Zibin,male,75,8
Tsuyoshi,Canada,Tsuyoshi,male,75,4
Li,China,Li,male,68,1023
Dmitry,Japan,Dmitry,male,100,14
Guan-Wu,France,Wu,male,70,20
Teruhisa,Russia,Teruhisa,male,100,21
Phong,Korea,Phong,male,95,2355
Vladislava,UK,Vladislava,female,99,528
Jae,China,Jae,male,75,12
Christina,France,Christina,female,97,1202
Qianyi,USA,Qianyi,female,100,4
Guillaume,USA,Guillaume,male,99,183
Dongxu,Canada,Dongxu,male,75,4
Young,Korea,Young,male,100,51
Malcolm,Japan,Malcolm,male,100,7
Daekyun,Canada,Daekyun,male,100,4
Kentaro,UK,Kentaro,male,100,403
Andrew,India,Andrew,male,99,465
Jessica,Korea,Jessica,female,98,115595
Arlin,Japan,Arlin,female,51,263
Kyung-Bok,Germany,Bok,male,67,6
Tetsuya,Canada,Tetsuya,male,100,3
Nikolai,USA,Nikolai,male,100,2687
Lichi,Netherlands,Lichi,male,75,4
Agustí,Japan,Agustí,male,100,81
Lukasz,Japan,Lukasz,male,75,4
Xuesong,Japan,Xuesong,male,81,37
Hiromu,Switzerland,Hiromu,male,100,49
Katsuyoshi,Germany,Katsuyoshi,male,100,31
Harald,USA,Harald,male,100,52
Franziska,Germany,Franziska,female,98,2591
Ajay,UK,Ajay,male,100,20729
Alexander,Germany,Alexander,male,98,11884
Jamshed,UK,Jamshed,male,99,490
Matteo,Israel,Matteo,male,75,4
Anastasios,India,Anastasios,male,99,608
Yossi,USA,Yossi,male,97,79
K,Korea,,,,
Sadagopan,Japan,Sadagopan,male,100,19
Shin-Hyun,Korea,Shin-Hyun,male,80,3353
Toshiyuki,Japan,Toshiyuki,male,100,261
Joon,China,Joon,male,100,12
Masatoshi,China,Masatoshi,male,100,3
Xiaobing,Sweden,Xiaobing,male,81,43
Xu-Hui,USA,Xu,male,69,87
Martin,USA,Martin,male,100,5868
K,USA,,,,
Zuhui,USA,Zuhui,female,75,4
Fanghui,Germany,Fanghui,female,67,3
Daniel,China,Daniel,male,99,1130
Alexander,China,Alexander,male,98,199
Dawei,China,Dawei,male,99,91
Qing,China,Qing,female,54,451
Bin,Switzerland,Bin,unknown,50,2
Zhenfeng,Japan,Zhenfeng,male,75,4
Bill,France,Bill,male,100,1354
Daisuke,China,Daisuke,male,90,10
David,USA,David,male,100,65535
Yanhui,UK,Yanhui,male,52,29
Shuang-Yan,UK,Shuang-Yan,male,72,8865
Viktor,UK,Viktor,male,98,14163
Matthew,Austria,Matthew,male,100,21
Jia-Xing,Germany,Xing,male,83,6
Joerg,Schweiz,Joerg,male,99,1356
Frederic,Australia,Frederic,male,100,18
Katrin,Germany,Katrin,female,98,3857
Thomas,Germany,Thomas,male,99,27141
Alessandra,USA,Alessandra,female,99,3193
Michael,Denmark,Michael,male,100,2587
Yuxuan,USA,Yuxuan,male,61,18
Ifan,USA,Ifan,male,100,4
Keary,USA,Keary,male,71,17
Tongzhong,Germany,Tongzhong,male,75,4
Jianping,Germany,Jianping,unknown,50,2
Thorsten,Germany,Thorsten,male,99,4876
Felicitas,Netherlands,Felicitas,female,98,319
Felicitas,Germany,Felicitas,female,98,134
Cristian,USA,Cristian,male,98,1193
Timo,USA,Timo,male,99,78
Lionel,,Lionel,male,99,18136
Yanqiang,Japan,Yanqiang,male,100,3
Xiaodan,China,Xiaodan,female,77,31
Tetsuya,Japan,Tetsuya,male,100,490
Jing-Mei,Canada,Mei,female,96,24
Yuri,Switzerland,Yuri,male,92,50
Johanna,Switzerland,Johanna,female,97,125
David,France,David,male,98,65535
Teresa,Ireland,Teresa,female,99,166
Hélène,China,Hélène,female,100,7
Michael,UK,Michael,male,99,211741
Huiyu,China,Huiyu,female,55,11
Polly,Germany,Polly,female,95,44
Cuie,Austria,Cuie,female,100,3
Alexander,Spain,Alexander,male,98,1857
Kathrin,Switzerland,Kathrin,female,99,148
Susana,Switzerland,Susana,female,96,277
Davide,USA,Davide,male,99,241
Greta,Canada,Greta,female,100,21
Katie,Germany,Katie,female,97,154
Charles,Germany,Charles,male,76,613
Timo,Germany,Timo,male,100,4802
Wei,Germany,Wei,male,61,62
Elena,Germany,Elena,female,98,1805
Huixia,UK,Huixia,female,100,7
Lars,Korea,Lars,male,99,13478
James,,James,male,99,131879
Kyung,Switzerland,Kyung,male,75,4
Luciana,USA,Luciana,female,100,4909
Baozhong,Japan,Baozhong,male,80,5
Hyun,Korea,Hyun,male,82,1161
Shunichi,China,Shunichi,male,100,74
Dong,USA,Dong,male,91,136
Dongpeng,USA,Dongpeng,male,100,5
Martyn,USA,Martyn,male,97,69
Qinliang,Japan,,,,
Xiaoli,USA,Xiaoli,female,78,9
Yuichi,USA,Yuichi,male,100,16
Scott,Australia,Scott,male,100,1287
Thomas,Netherlands,Thomas,male,99,2042
Thi,USA,Thi,female,54,52
Johannes,Japan,Johannes,male,100,3
Morgan,Singapore,Morgan,male,73,26
Ryosuke,China,Ryosuke,male,75,4
Hanfeng,"Czech Republic",Hanfeng,male,100,12
Qi,Canada,Qi,male,60,20
Magda,USA,Magda,female,98,222
Ariel,Germany,Ariel,male,92,83
Yulin,Japan,Yulin,female,75,4
Fangzheng,Singapore,Fangzheng,male,80,5
Yusuke,Japan,Yusuke,male,100,1088
Jun,,Jun,male,88,6829
Satoshi,China,Satoshi,male,100,7
Zhong,USA,Zhong,male,66,29
Yueju,USA,,,,
Valentín,Italy,Valentín,male,99,237
Jinyoung,France,Jinyoung,male,59,195
Matteo,USA,Matteo,male,100,5513
Stéphane,Netherlands,Stéphane,male,100,14
Rajesh,Germany,Rajesh,male,97,35
Paweł,Switzerland,Paweł,male,93,15
Denise,Canada,Denise,female,100,637
Leo,USA,Leo,male,98,2618
David,UK,David,male,99,381770
Costas,Japan,Costas,male,75,4
Munawwer,,Munawwer,male,75,4
Tetsuaki,,Tetsuaki,male,100,12
Fei,USA,Fei,male,61,97
Shingo,USA,Shingo,male,100,11
Selvan,Switzerland,Selvan,male,95,193
Xiao-Chao,China,Chao,male,88,554
Mirva,Germany,Mirva,male,75,4
Jin,Sweden,Jin,male,53,17
Melissa,Japan,Melissa,female,99,90
Lianpeng,USA,Lianpeng,male,75,4
Shin-Ichi,USA,Shin,male,66,82
Rui,,Rui,male,98,25872
Dariush,USA,Dariush,male,100,27
Joachim,Germany,Joachim,male,99,2809
Shuangbing,USA,Shuangbing,male,75,4
Heinrich,Germany,Heinrich,male,98,801
Daniel,,Daniel,male,99,257742
Ali,Germany,Ali,male,97,9267
Claire-Lise,Italy,Claire,female,99,176
Pazhamalai,Singapore,Pazhamalai,male,100,5
Cristina,Germany,Cristina,female,95,548
Zhi-Liang,Germany,Zhi,male,100,5
Olga,"Republic of Korea",Olga,female,98,42388
Xiaoqing,Germany,Xiaoqing,unknown,50,2
Jaemoon,China,Jaemoon,male,100,14
Dietmar,,Dietmar,male,99,1635
Chuandong,USA,Chuandong,male,75,4
Xuee,Spain,Xuee,female,75,4
Richard,China,Richard,male,99,833
Carolina,Germany,Carolina,female,97,314
Zhonghua,Germany,Zhonghua,male,82,38
Christopher,Germany,Christopher,male,99,3075
Irene,France,Irene,female,97,1117
Katrin,USA,Katrin,female,98,81
Sunyoung,Canada,Sunyoung,female,75,4
Zhi-Yong,Netherlands,Yong,male,100,7
René,USA,René,male,72,97
Lars,USA,Lars,male,100,401
Lionel,USA,Lionel,male,100,3012
You-Gui,USA,Gui,male,88,32
Vincent,China,Vincent,male,99,896
Richard,USA,Richard,male,100,24609
Bingjie,Germany,Bingjie,female,75,16
Byungkwon,Israel,Byungkwon,male,100,3
Alexandre,Canada,Alexandre,male,100,835
Fuan,Germany,Fuan,male,75,4
Shuhui,Germany,Shuhui,female,77,35
Apurba,USA,Apurba,male,90,10
Franz,USA,Franz,male,99,169
Wenyan,USA,Wenyan,female,89,9
Jie,UK,Jie,male,61,1651
Fan,Germany,Fan,male,76,34
Robert,,Robert,male,99,145540
Daniela,Spain,Daniela,female,98,4123
Hung,UK,Hung,male,96,4894
Sander,France,Sander,male,91,23
Michael,USA,Michael,male,100,65535
Clotilde,Germany,Clotilde,female,100,8
Michael,USA,Michael,male,100,65535
Matthias,USA,Matthias,male,100,3407
