"First Name",Country,ga_first_name,ga_gender,ga_accuracy,ga_samples
Zhipeng,USA,Zhipeng,male,100,7
Debasis,USA,Debasis,male,100,6
Bartosz,USA,Bartosz,male,100,26
Fabio,USA,Fabio,male,100,612
Alanna,USA,Alanna,female,100,6518
José,USA,José,male,99,355
Jinxiong,USA,Jinxiong,male,100,6
Gang,USA,,,,
Thomas,Germany,Thomas,male,99,27141
Shufang,China,Shufang,female,88,8
Bernhard,Germany,Bernhard,male,98,3134
François,USA,François,male,99,73
Qing,USA,Qing,unknown,50,62
Kei,Japan,Kei,male,82,844
Zhong-Jian,China,Jian,male,93,610
Julien,France,Julien,male,99,61396
Jianquan,France,Jianquan,male,100,3
Robert,Germany,Robert,male,99,8458
Chenkun,USA,Chenkun,male,75,4
Jian,USA,Jian,male,84,124
Xiaojian,USA,Xiaojian,male,60,5
Juan-Ding,China,Juan,female,71,353
Arindam,"Republic of Korea",Arindam,male,100,1597
Xiao-Ye,China,Ye,male,68,196
Hanshen,China,Hanshen,male,75,4
Suning,Canada,Suning,female,57,14
Peng,Switzerland,Peng,unknown,50,2
Frédéric,France,Frédéric,male,98,8946
Yuebao,China,Yuebao,male,75,4
Jinhua,Romania,Jinhua,female,83,98
Elisha,USA,Elisha,female,98,4601
Rui,China,Rui,male,66,439
Florian,Germany,Florian,male,99,9022
John,USA,John,male,100,65535
Moon,USA,Moon,female,100,3763
Carsten,Germany,Carsten,male,100,4032
Kuduva,Germany,Kuduva,male,75,4
Xiaoxu,China,Xiaoxu,male,59,27
Jessica,France,Jessica,female,95,15222
Francesca,USA,Francesca,female,99,7161
Noriyoshi,Japan,Noriyoshi,male,95,20
Quanzheng,China,,,,
Quentin,France,Quentin,male,99,11763
Fan,China,Fan,male,65,507
Łukasz,Spain,Łukasz,male,100,10
Zhichao,China,Zhichao,male,92,24
Yunlong,China,Yunlong,male,97,33
Jeroen,Netherlands,Jeroen,male,99,5953
Tushar,USA,Tushar,male,99,121
Donghun,USA,Donghun,male,100,6
Baoguang,China,Baoguang,female,75,4
Rajkumar,India,Rajkumar,male,99,2776
Song,China,Song,male,100,74
Christopher,Switzerland,Christopher,male,99,135
Mattias,UK,Mattias,male,99,4006
Daniel,Germany,Daniel,male,99,22784
Ancheng,UK,Ancheng,male,75,4
William,UK,William,male,99,67797
Leonardo,Switzerland,Leonardo,male,98,255
Lucas,USA,Lucas,male,99,3684
Max,Belgium,Max,male,98,1048
Gaston,Netherlands,Gaston,male,96,52
Andrés,Spain,Andrés,male,99,2573
Lauren,Switzerland,Lauren,female,84,37
Yu,China,Yu,male,73,664
Lang,USA,Lang,male,79,66
Sijun,Korea,Sijun,male,86,7
Ding,USA,Ding,male,77,39
Stephen,UK,Stephen,male,99,46085
Nathaniel,"New Zealand",Nathaniel,male,100,22
Yi,China,Yi,male,73,459
Xuefeng,China,Xuefeng,male,94,50
Eiichi,UK,Eiichi,male,98,100
Jingfu,Canada,Jingfu,male,86,7
Anaëlle,France,Anaëlle,female,97,221
Kazuya,Japan,Kazuya,male,100,504
Lea,Germany,Lea,female,98,1067
Diego,Spain,Diego,male,99,17909
Yawen,USA,Yawen,female,80,5
Jia-Qi,China,Qi,male,73,234
Thomas,Denmark,Thomas,male,100,2294
Yusuke,Japan,Yusuke,male,100,1088
Shogo,Japan,Shogo,male,99,330
Han-Yue,China,Han,male,67,533
Zachary,USA,Zachary,male,100,6186
Nathaniel,"New Zealand",Nathaniel,male,100,22
Bing,Singapore,Bing,female,70,23
Hong,China,Hong,female,58,636
Jian,USA,Jian,male,84,124
Nikolay,Russia,Nikolay,male,100,1673
Chin,USA,,,,
Jason,Portugal,Jason,male,100,68
Fabian,Germany,Fabian,male,99,4595
Li-Qing,Ireland,Li,male,60,5
Markus,Japan,Markus,male,100,18
Jun,China,Jun,male,83,1190
Le,Singapore,Le,male,66,29
Guiming,China,Guiming,male,100,3
Kazuhiro,Japan,Kazuhiro,male,100,388
Xiang,China,Xiang,male,76,414
Zi-Qiang,"South Korea",Qiang,male,80,5
Anne,Germany,Anne,female,98,5064
Souvagya,USA,Souvagya,male,75,4
Christoph,Germany,Christoph,male,100,5773
Jin-Sheng,Japan,Jin,male,88,289
Zhi-An,China,Zhi,male,80,154
Indrajit,Germany,Indrajit,male,75,4
Chao,China,Chao,male,88,554
Yinghua,China,Yinghua,female,88,41
Adriana,USA,Adriana,female,96,2567
Xinjun,Germany,Xinjun,male,100,6
Lili,USA,Lili,female,95,385
Le,USA,Le,male,54,275
Chang-Hong,USA,Chang,male,66,132
Xing,China,Xing,male,72,292
Biting,China,Biting,unknown,50,2
Benjamin,Germany,Benjamin,male,100,5256
Yi-Hung,Germany,Hung,male,100,35
Jing,USA,Jing,female,76,249
Li-Jun,China,Jun,male,83,1190
James,UK,James,male,99,131879
Colet,Netherlands,Colet,female,75,4
Hao,Germany,Hao,male,91,23
Fei-Long,China,Fei,male,69,629
Partha,India,Partha,male,100,1465
Shengjian,"Saudi Arabia",Shengjian,male,100,3
Brian,Canada,Brian,male,100,2256
Gabriele,UK,Gabriele,male,83,20770
Kirill,Ireland,Kirill,male,75,4
Xiang-Yu,Finland,Xiang,male,75,4
Marian,Germany,Marian,male,95,629
Stephane,UK,Stephane,male,97,39455
Caihong,Japan,Caihong,female,75,4
Stefan,Germany,Stefan,male,97,20127
Mehdi,Germany,Mehdi,male,95,312
Rong,China,Rong,female,61,248
Yasuyuki,France,Yasuyuki,male,100,3
Johann,USA,Johann,male,94,180
Yi,Russia,Yi,male,75,4
Kristine,UK,Kristine,female,98,4482
Jiao,China,Jiao,female,71,96
Chikara,Japan,Chikara,male,100,47
Jianwei,China,Jianwei,male,98,40
Chuanrui,China,Chuanrui,male,75,4
Qingqing,Germany,Qingqing,unknown,50,4
Zhiyuan,USA,Zhiyuan,male,86,7
Can,Germany,Can,male,97,3351
Anfal,USA,Anfal,female,100,4
Michael,Germany,Michael,male,100,30913
Stéphanie,France,Stéphanie,female,97,14084
Kota,Japan,Kota,male,99,210
Kai,China,Kai,male,95,430
Yan-Long,Finland,Yan,male,75,4
Saeed,Netherlands,Saeed,male,96,57
Yan,China,Yan,female,69,1535
Sifeng,Japan,Sifeng,male,75,4
Soneela,Pakistan,,,,
Yao,China,Yao,male,58,406
Michaela,Germany,Michaela,female,68,7010
Yajuan,China,Yajuan,female,100,8
Honghong,China,Honghong,female,80,15
Youngsuk,"Republic of Korea",Youngsuk,male,74,27
Wei,USA,Wei,male,75,391
Oliver,USA,Oliver,male,99,1490
Qiu-Cheng,Israel,Qiu-Cheng,male,70,2157
Holger,Spain,Holger,male,97,68
Jacopo,Luxembourg,Jacopo,male,99,3923
Shin-Ichiro,Japan,Shin-Ichiro,male,100,11
Hironobu,Japan,Hironobu,male,100,71
Jeremy,USA,Jeremy,male,100,16054
Min,Australia,Min,male,58,33
Huaping,China,Huaping,male,100,3
Yuchong,China,Yuchong,male,100,4
Debabrata,Germany,Debabrata,male,75,4
Huaimin,USA,Huaimin,female,75,4
Xiaohuan,China,Xiaohuan,female,75,4
Jan,Germany,Jan,male,99,10566
Qian,USA,Qian,female,61,95
Kohei,Japan,Kohei,male,99,359
Somayyeh,Germany,Somayyeh,female,96,55
Weidong,China,Weidong,male,98,56
Xianghui,China,Xianghui,male,89,9
Weijia,Canada,Weijia,female,75,4
María,Spain,María,female,98,9881
Frank,Netherlands,Frank,male,99,4319
Michael,Germany,Michael,male,100,30913
Qingqing,China,Qingqing,female,83,52
Hao,China,Hao,male,89,723
Michal,Germany,Michal,male,97,386
Zechao,USA,Zechao,male,75,4
David,USA,David,male,100,65535
Matt,Canada,Matt,male,100,1837
Joos,France,Joos,unknown,50,6
Anne-Frédérique,UK,Anne-Frédérique,female,89,9
Mar,Spain,Mar,female,95,8407
Fabian,France,Fabian,male,99,603
Conghui,Germany,Conghui,female,80,5
Xingkuan,Germany,,,,
Xiaoyu,Germany,Xiaoyu,female,67,3
Wei,China,Wei,male,76,1859
Xiaoming,China,Xiaoming,male,84,105
Mercy,India,Mercy,female,95,207
Elizabeth,"Saudi Arabia",Elizabeth,female,100,15
Reiko,Singapore,Reiko,female,100,5
Jin,USA,Jin,male,68,337
Xin,Brazil,Xin,male,75,4
Juan,China,Juan,female,71,353
Claire,UK,Claire,female,98,32304
Yanwei,USA,Yanwei,female,75,4
Shanshan,China,Shanshan,female,97,163
Tomoya,Japan,Tomoya,male,100,286
Yao,USA,Yao,male,65,88
Youngchang,USA,Youngchang,male,100,4
Taichi,Japan,Taichi,male,99,183
Pedro,France,Pedro,male,98,2948
Laurens,Netherlands,Laurens,male,99,544
Daniel,Canada,Daniel,male,100,3264
Connie,Germany,Connie,female,89,56
Elena,Italy,Elena,female,99,20228
Zhongshu,Switzerland,Zhongshu,male,80,5
Yuanyuan,China,Yuanyuan,female,92,144
Antoine,France,Antoine,male,99,20093
Hyun,"Republic of Korea",Hyun,male,82,1161
Yuehua,France,Yuehua,female,66,29
Lu,China,Lu,male,56,370
Claudia,Italia,Claudia,female,98,72003
Leon,China,Leon,male,98,658
Stefan,Germany,Stefan,male,97,20127
Michele,Denmark,Michele,female,69,29
Yan,Japan,Yan,male,67,49
Ye-Hui,China,Ye,male,68,196
Orestes,Russia,Orestes,male,75,4
Norihiko,Japan,Norihiko,male,100,43
Zhi,Japan,Zhi,male,100,3
Sandro,USA,Sandro,male,99,218
Katie,USA,Katie,female,99,17496
Meng,USA,Meng,male,52,118
Adil,"Republic of Korea",Adil,male,97,24547
Yi,USA,Yi,male,56,263
Melanie,USA,Melanie,female,99,6458
Martin,Hungary,Martin,male,98,394
Ji-Rong,China,Ji,male,82,92
Yongan,China,Yongan,male,100,3
Liang,China,Liang,male,82,742
Pao-Tao,Taiwan,Tao,male,77,26
Ming,China,Ming,male,83,826
Bogdan,France,Bogdan,male,98,110
Bo,USA,Bo,male,91,1184
Andreas,USA,Andreas,male,100,2789
Mathieu,UK,Mathieu,male,99,28292
Jakub,UK,Jakub,male,99,23677
Peng,USA,Peng,male,91,133
Moritz,France,Moritz,male,87,15
Kwang,Germany,Kwang,unknown,50,2
Tzu-En,Taiwan,Tzu,female,72,25
Kirana,India,Kirana,male,62,13
György,Spain,György,male,100,3
Samydurai,Germany,Samydurai,male,75,4
Anthony,UK,Anthony,male,99,85303
Peng,UK,Peng,male,84,1353
Katherine,USA,Katherine,female,99,7045
Yidong,China,Yidong,male,100,11
Antonin,France,Antonin,male,98,853
Alfredo,Spain,Alfredo,male,99,5123
Mathias,Denmark,Mathias,male,99,573
Wenxing,China,Wenxing,male,91,11
Mohammad,USA,Mohammad,male,99,1098
Qian,China,Qian,female,65,385
Lei,UK,Lei,male,59,2374
Bing,Singapore,Bing,female,70,23
Kim,Sweden,Kim,male,83,1527
Yi,USA,Yi,male,56,263
Bappaditya,Germany,Bappaditya,male,99,110
Alexander,Germany,Alexander,male,98,11884
Michael,Israel,Michael,male,100,862
Sascha,Germany,Sascha,male,99,11090
Zhen,Singapore,Zhen,unknown,50,12
Moritz,Germany,Moritz,male,99,1375
Andrew,UK,Andrew,male,99,82448
Kotaro,France,Kotaro,male,75,4
Bichen,Singapore,Bichen,male,75,4
Qi,China,Qi,male,73,234
Yuki,Japan,Yuki,male,61,1797
Ming-Shui,China,Ming,male,83,826
Kazumasa,Japan,Kazumasa,male,100,97
Jeong,Korea,Jeong,male,79,463
Matthias,Germany,Matthias,male,100,9451
Lewis,UK,Lewis,male,99,7500
Colin,USA,Colin,male,100,3986
Johannes,USA,Johannes,male,99,135
Fernando,Germany,Fernando,male,99,704
Fabian,Germany,Fabian,male,99,4595
Xinle,USA,Xinle,male,75,4
Yu,UK,Yu,male,63,3415
Georgios,USA,Georgios,male,100,25
Sachiyo,Germany,Sachiyo,female,93,29
Neville,Deutschland,Neville,male,98,1235
Lydia,USA,Lydia,female,99,2260
Jennifer,France,Jennifer,female,97,13511
Huijun,Sweden,Huijun,female,63,27
Pu-Sheng,China,Sheng,male,91,230
Tingting,China,Tingting,female,99,193
Zhuang,China,Zhuang,male,74,69
Kaila,USA,Kaila,female,100,7113
Jiazhen,USA,Jiazhen,male,67,3
Carlos,Spain,Carlos,male,99,64701
Lu,China,Lu,male,56,370
Tao,UK,Tao,male,87,1999
Chaowei,China,Chaowei,male,100,7
Lin,China,Lin,female,50,1431
Marta,Spain,Marta,female,98,27058
Jianlei,China,Jianlei,male,100,3
Marco,Italy,Marco,male,100,65535
Rahul,India,Rahul,male,100,40928
Kilian,Sweden,Kilian,male,100,5
Andreas,Germany,Andreas,male,99,21215
Mitchell,USA,Mitchell,male,99,2606
Masashi,Japan,Masashi,male,100,437
Eamonn,UK,Eamonn,male,99,468
Michael,USA,Michael,male,100,65535
Hao-Yuan,USA,Hao,male,91,219
Yifan,Japan,Yifan,female,67,3
Siyuan,Germany,Siyuan,male,75,4
Adam,Poland,Adam,male,99,22818
Wen-Jun,China,Jun,male,83,1190
Toshiki,Japan,Toshiki,male,99,146
Aniello,UK,Aniello,male,99,1149
Pingyu,UK,Pingyu,male,75,4
Jaya,Canada,Jaya,female,77,13
Yu-Siang,Taiwan,Siang,unknown,50,10
Yang,Canada,Yang,male,70,47
Ana,UK,Ana,female,97,141747
Xiaohui,Germany,Xiaohui,male,75,4
Daniel,Germany,Daniel,male,99,22784
Maude,Spain,Maude,female,75,4
Elena,Japan,Elena,female,99,93
Volodymyr,Germany,Volodymyr,male,100,28
K,India,,,,
Martin,Germany,Martin,male,99,14619
Giorgio,Italy,Giorgio,male,99,22104
Uğur,Finland,Uğur,male,97,21554
Erik,Netherlands,Erik,male,99,4173
Songjie,Singapore,Songjie,male,75,4
Philipp,Germany,Philipp,male,99,5871
Ute,Germany,Ute,female,98,2960
Ali,Iraq,Ali,male,97,5992
Ben,France,Ben,male,96,11167
Aleksandr,Switzerland,Aleksandr,male,100,10
Jingkun,China,Jingkun,male,100,5
Xi,Canada,Xi,male,56,9
Sabrina,France,Sabrina,female,97,19791
Danielle,USA,Danielle,female,99,12284
Nima,USA,Nima,male,88,193
Wolfgang,Germany,Wolfgang,male,99,7880
James,Netherlands,James,male,99,606
Rory,France,Rory,male,62,34
Chih-Shan,Taiwan,Chih,male,84,64
Yutaro,Japan,Yutaro,male,100,97
Lucas,Austria,Lucas,male,98,100
Wei,Germany,Wei,male,61,62
Xiaofeng,China,Xiaofeng,male,81,107
Michal,Switzerland,Michal,male,89,55
Wei,China,Wei,male,76,1859
Fred,China,Fred,male,99,284
Jérémy,France,Jérémy,male,99,8999
Scott,UK,Scott,male,100,48262
Ichiro,Japan,Ichiro,male,99,159
Benjamin,UK,Benjamin,male,99,50718
Chae,"Republic of Korea",Chae,male,61,166
Stefano,Italy,Stefano,male,99,51491
Jian-Heng,China,Jian,male,93,610
Lilith,France,Lilith,female,95,102
Lukas,Austria,Lukas,male,100,1062
José,Spain,José,male,99,8211
Fabio,Russia,Fabio,male,99,73
Chang,USA,Chang,male,66,132
Lukas,"Czech Republic",Lukas,male,98,5195
Anthony,UK,Anthony,male,99,85303
Diana,USA,Diana,female,98,8050
Heeoon,USA,,,,
Cally,UK,Cally,female,75,401
He,China,He,male,74,204
Seiya,Japan,Seiya,male,100,189
Yi,China,Yi,male,73,459
Chengwu,Germany,Chengwu,male,100,16
Dan,China,Dan,female,56,578
Lei,Hungary,Lei,male,75,4
Emma,USA,Emma,female,98,5378
Shu,China,Shu,male,54,140
Xuefei,USA,Xuefei,unknown,50,4
Wenhai,Finland,Wenhai,male,100,10
Bryan,USA,Bryan,male,100,12066
Wuyuan,Spain,Wuyuan,male,67,3
Takuma,Japan,Takuma,male,100,232
Xiao,Singapore,Xiao,male,65,92
Yingfeng,China,Yingfeng,male,100,8
James,USA,James,male,100,47200
Tao,USA,Tao,male,90,147
Gebrekidan,Spain,Gebrekidan,male,100,3
Kun,USA,Kun,male,82,71
Katsuaki,Germany,Katsuaki,male,100,36
Taisuke,India,Taisuke,male,100,77
Peipei,USA,Peipei,female,86,7
Steffen,Germany,Steffen,male,99,5356
Jens,Germany,Jens,male,99,9230
Peng,China,Peng,male,85,704
Ryan,USA,Ryan,male,99,35179
Zejun,USA,Zejun,male,67,9
Dmitry,Israel,Dmitry,male,99,157
Angeles,Spain,Angeles,female,99,3131
Kiyohiko,Japan,Kiyohiko,male,100,10
Jiandong,China,Jiandong,male,100,7
Heinz,Germany,Heinz,male,98,2539
Junnian,China,Junnian,male,75,4
Peng,Germany,Peng,male,88,26
Xu-Lin,China,Xu,male,76,420
Xiaoting,USA,Xiaoting,female,100,3
Arun,USA,Arun,male,99,576
Hui,Germany,Hui,male,77,47
Justin,Japan,Justin,male,99,141
Yan,China,Yan,female,69,1535
Claudia,Germany,Claudia,female,95,8413
Luca,Spain,Luca,male,94,707
Yuanjun,China,Yuanjun,male,80,10
Ai-Hua,France,Ai,female,70,20
William,Brazil,William,male,100,4256
Mathieu,Canada,Mathieu,male,100,818
Molleigh,USA,Molleigh,female,100,5
Gisa,Germany,Gisa,female,94,52
Johannes,USA,Johannes,male,99,135
Jie,China,Jie,male,63,867
Gonzalo,Austria,Gonzalo,male,100,5
Hongyang,China,Hongyang,male,82,11
Michael,UK,Michael,male,99,211741
Michael,Finland,Michael,male,99,128
Raphael,Russia,Raphael,male,100,27
Zhaoqiang,China,Zhaoqiang,male,100,3
Shogo,Japan,Shogo,male,99,330
Peter,Germany,Peter,male,99,21321
Ye,China,Ye,male,68,196
Shreyas,Finland,Shreyas,male,100,1484
Congxin,China,Congxin,male,75,4
Athina,USA,Athina,female,100,35
Elisabeth,Austria,Elisabeth,female,99,781
Fedor,Russia,Fedor,male,99,439
Shin,Japan,Shin,male,97,697
Michael,Austria,Michael,male,99,4026
Serena,UK,Serena,female,98,17022
Philip,Canada,Philip,male,100,509
Jialiu,USA,Jialiu,unknown,50,2
Alexandra,UK,Alexandra,female,98,53680
Michael,USA,Michael,male,100,65535
Fumitaka,Japan,Fumitaka,male,100,29
Liat,Israel,Liat,female,97,172
Yong,China,Yong,male,95,502
Xiang,Germany,Xiang,male,100,15
Kang,China,Kang,male,80,197
Fengwang,China,,,,
Nuria,Portugal,Nuria,female,98,104
Jamie,UK,Jamie,male,62,29424
Wei,China,Wei,male,76,1859
Helena,USA,Helena,female,100,2994
Amit,Israel,Amit,male,85,363
Anton,Germany,Anton,male,98,1388
Romain,UK,Romain,male,99,34363
Xiaoling,Germany,Xiaoling,female,84,76
Ke,Singapore,Ke,male,85,20
Shoulei,Spain,Shoulei,male,75,4
Dan,China,Dan,female,56,578
Thomas,UK,Thomas,male,99,129177
Nir,Israel,Nir,male,100,406
Yao-Fu,China,Fu,male,79,82
Nikki,Canada,Nikki,female,97,263
Dongying,China,Dongying,female,100,4
Xingfeng,China,Xingfeng,male,71,7
Vadim,China,Vadim,male,100,7
Jonas,China,Jonas,male,100,50
Bo,USA,Bo,male,91,1184
Samantha,USA,Samantha,female,99,14072
Jinxiang,China,Jinxiang,female,63,8
Anup,Italy,Anup,male,75,4
Seong,"South Korea",Seong,male,96,193
Guoqing,China,Guoqing,male,100,28
Xu,China,Xu,male,76,420
Marko,Germany,Marko,male,99,1943
David,Spain,David,male,100,65535
Zhiwei,Singapore,Zhiwei,male,100,7
Davood,France,Davood,male,100,6
Teresa,Spain,Teresa,female,98,6422
Zhixin,China,Zhixin,male,87,15
Stefanie,France,Stefanie,female,98,308
Yanyan,Norway,Yanyan,female,71,345
Yuzhou,Germany,Yuzhou,male,86,14
Peng,Singapore,Peng,male,83,41
Rong,China,Rong,female,61,248
Ingo,Germany,Ingo,male,99,3119
Jinsong,Germany,Jinsong,male,93,40
Simon,USA,Simon,male,99,2413
Sajjad,Japan,Sajjad,male,100,4
Lucio,UK,Lucio,male,99,7323
Junjie,China,Junjie,male,95,108
Philippe,Canada,Philippe,male,100,719
Richard,Australia,Richard,male,100,1308
Sheng-Li,Taiwan,Sheng,male,94,67
Yifan,USA,Yifan,male,51,37
Suchol,"Saudi Arabia",Suchol,male,100,3
Wenyu,India,Wenyu,female,59,63
Edison,USA,Edison,male,99,201
Hülya,Germany,Hülya,female,96,621
Osama,"Saudi Arabia",Osama,male,99,1848
Fengkun,Japan,,,,
Takeru,Japan,Takeru,male,99,104
Mei,China,Mei,female,93,319
Gonzalo,Spain,Gonzalo,male,99,5271
Inés,Spain,Inés,female,99,891
Anna,Germany,Anna,female,97,8276
Nema,USA,Nema,male,59,22
Jinyu,China,Jinyu,female,56,32
Shavkat,Israel,Shavkat,male,75,4
Xu,USA,Xu,male,69,87
Xiang,Spain,Xiang,male,56,9
Yun-Suk,Switzerland,Yun,female,80,5
Malay,Australia,Malay,male,75,4
Wilbert,France,Wilbert,male,78,9
Chunqiu,USA,Chunqiu,male,100,3
Julien,Germany,Julien,male,99,475
Sabrina,Austria,Sabrina,female,97,954
Daria,USA,Daria,female,98,284
Hiroki,USA,Hiroki,male,96,28
Yu-Te,Taiwan,Yu-Te,male,100,3
Andrey,Australia,Andrey,male,100,16
Haixing,"Czech Republic",Haixing,male,67,12
Ulrike,Germany,Ulrike,female,86,2849
Shaofei,China,Shaofei,male,80,5
Nicholas,USA,Nicholas,male,100,10460
Olivier,France,Olivier,male,99,36743
Tianyu,China,Tianyu,male,87,46
Junjie,Japan,Junjie,unknown,50,2
Liangxin,China,Liangxin,unknown,50,2
Demetrio,France,Demetrio,male,75,4
Kerstin,Germany,Kerstin,female,98,5322
Sarah,Singapore,Sarah,female,96,270
Chuanle,China,,,,
Irina,Russia,Irina,female,98,6316
Huan-Ming,UK,Huan-Ming,male,79,3648
Jürgen,USA,Jürgen,male,100,28
Alexander,Canada,Alexander,male,100,600
Yi,Canada,Yi,male,66,38
Qinfeng,China,Qinfeng,male,80,5
Dan,China,Dan,female,56,578
Ye,China,Ye,male,68,196
Jian,Singapore,Jian,male,88,34
Trevor,USA,Trevor,male,100,4700
Peter,USA,Peter,male,100,15502
Hao,Germany,Hao,male,91,23
Thomas,Belgium,Thomas,male,99,3328
Chencheng,Australia,Chencheng,male,73,11
Minami,Japan,Minami,female,81,137
Shuang-Yan,China,Yan,female,69,1535
Zhiwei,China,Zhiwei,male,97,71
Satobhisha,Germany,,,,
Kewei,UK,Kewei,male,88,26
Jisook,"South Korea",Jisook,female,83,12
Terrance,USA,Terrance,male,100,14657
Ahria,UK,Ahria,female,100,3358
Xiu-Wen,China,Xiu,female,80,35
Leone,Italia,Leone,male,82,1488
Fei,China,Fei,male,69,629
André,Germany,André,male,100,2820
Xiaofeng,UK,Xiaofeng,male,78,167
Jiahe,USA,Jiahe,male,89,9
Lu,Singapore,Lu,female,52,25
Jie,USA,Jie,male,55,176
Takeo,Japan,Takeo,male,99,131
Joachim,Germany,Joachim,male,99,2809
Vivian,USA,Vivian,female,98,1831
Marcel,USA,Marcel,male,99,4249
Katharina,Germany,Katharina,female,98,3998
Shuo,China,Shuo,male,77,122
Namrata,India,Namrata,female,99,1317
Maotong,Canada,,,,
Alexander,Germany,Alexander,male,98,11884
Kevin,Switzerland,Kevin,male,99,1904
Lei,Australia,Lei,male,63,24
Yoon-Jung,"South Korea",Yoon-Jung,female,100,4
Hiromu,Japan,Hiromu,male,100,45
Alexander,Germany,Alexander,male,98,11884
Koki,Japan,Koki,male,100,179
Tingjian,USA,,,,
Runze,China,Runze,male,100,7
Cheng-Qiang,China,Qiang,male,98,373
San,Belgium,San,female,73,130
Bhavana,France,Bhavana,female,75,4
Jintao,Singapore,Jintao,male,75,4
Nathan,Singapore,Nathan,male,97,59
Lisa,"Saudi Arabia",Lisa,female,96,24
Yanming,USA,Yanming,male,80,5
Jacob,USA,Jacob,male,100,13097
Feng,USA,Feng,male,84,104
Katharina,Germany,Katharina,female,98,3998
Yasuyuki,Japan,Yasuyuki,male,100,153
Stefan,Germany,Stefan,male,97,20127
Bochao,Singapore,Bochao,male,100,6
Alexandra,Portugal,Alexandra,female,98,3627
Jaya,India,Jaya,female,52,2669
Montaha,Australia,Montaha,female,89,38
Christian,Germany,Christian,male,100,86
Zewen,China,Zewen,male,75,4
Jumpei,Switzerland,Jumpei,male,100,38
Xiao,USA,Xiao,male,62,138
Kun,Germany,Kun,male,85,20
Roopender,Spain,Roopender,male,100,3
Stephan,Switzerland,Stephan,male,100,664
Manuel,USA,Manuel,male,99,3096
Jeremy,France,Jeremy,male,99,19933
Ming,USA,Ming,male,73,237
Jean-Paul,France,Jean-Paul,male,98,2832
Jianbo,"South Korea",Jianbo,male,100,38
Erik,"Czech Republic",Erik,male,98,712
Azra,"Saudi Arabia",Azra,female,100,12
Raghavender,Poland,Raghavender,male,100,112
Shaofei,USA,Shaofei,male,75,4
Xuefei,China,Xuefei,unknown,50,16
Masashi,Japan,Masashi,male,100,437
Hui,China,Hui,male,54,700
Mathieu,Switzerland,Mathieu,male,99,313
Quinn,USA,Quinn,male,70,1028
Xinxin,China,Xinxin,female,82,65
Guangbo,USA,Guangbo,male,100,4
Andrew,UK,Andrew,male,99,82448
Pauline,France,Pauline,female,95,14647
Ananya,India,Ananya,female,92,1064
Luca,Italy,Luca,male,100,65535
Ludwig,Germany,Ludwig,male,98,681
Senbin,Germany,Senbin,male,75,4
Michiel,Belgium,Michiel,male,99,367
Merle,Germany,Merle,female,93,170
Aritra,India,Aritra,male,98,478
Dávid,Netherlands,Dávid,male,100,6
Shenghua,China,Shenghua,unknown,50,8
Jue,China,Jue,female,61,51
Xiao-Wei,China,Wei,male,76,1859
Sunita,Israel,Sunita,female,100,3
Chaoxian,China,,,,
Yang'en,China,,,,
Jongbok,USA,Jongbok,male,75,4
Michael,Russia,Michael,male,99,1363
Jun,USA,Jun,male,86,387
Hsiao-Chi,Taiwan,Hsiao,male,68,73
Pan,Germany,Pan,male,89,46
Le,Switzerland,Le,male,81,67
Stephen,France,Stephen,male,98,1014
Zhifen,China,Zhifen,female,67,3
Grigore,UK,Grigore,male,90,442
Christopher,Switzerland,Christopher,male,99,135
Gregory,Canada,Gregory,male,100,319
Wei,China,Wei,male,76,1859
Jing,USA,Jing,female,76,249
Charles,USA,Charles,male,100,15822
Katarzyna,Germany,Katarzyna,female,97,386
Verónica,China,Verónica,female,75,4
Pokpong,France,Pokpong,male,93,30
Kelli,USA,Kelli,female,99,2626
Jeffrey,USA,Jeffrey,male,100,10439
Yue,Japan,Yue,female,69,13
Gabriel,Austria,Gabriel,male,98,175
Pablo,Spain,Pablo,male,99,25211
Holly,UK,Holly,female,96,10201
Anna,Germany,Anna,female,97,8276
Joshua,USA,Joshua,male,100,20095
Christoph,Germany,Christoph,male,100,5773
Junya,Japan,Junya,male,100,234
Chuxin,China,Chuxin,male,75,4
Ling,USA,Ling,female,79,125
Steven,UK,Steven,male,99,59951
Nerea,Spain,Nerea,female,98,4790
Xiangyuan,USA,Xiangyuan,male,75,4
Shan,China,Shan,female,65,271
Luca,Germany,Luca,male,97,1351
Yuanxing,China,Yuanxing,male,75,4
Cheng-Min,Taiwan,Cheng,male,70,306
Zhihao,USA,Zhihao,male,100,6
Ming,USA,Ming,male,73,237
Beau,USA,Beau,male,98,1015
Benjamin,Canada,Benjamin,male,100,548
Sandra,USA,Sandra,female,98,9273
Sem,Netherlands,Sem,male,75,254
Junjun,China,Junjun,male,58,73
Xiaoyan,China,Xiaoyan,female,91,117
Dong,"Republic of Korea",Dong,male,87,2212
Hugo,UK,Hugo,male,99,35618
Ziguang,China,Ziguang,male,75,4
Emanuele,Germany,Emanuele,male,99,118
Craig,USA,Craig,male,100,9154
Gan,China,Gan,male,57,54
Christian,France,Christian,male,100,48300
Sarah,Denmark,Sarah,female,97,369
Xue-Qiang,China,Qiang,male,98,373
Hung-Chia,Taiwan,Hung,male,78,188
Wai-Pong,China,Wai,male,82,34
Taek,USA,Taek,male,100,7
Pavel,Germany,Pavel,male,99,295
Maxence,Canada,Maxence,male,91,11
Qingqing,China,Qingqing,female,83,52
Binlin,China,Binlin,male,75,4
Francisco,USA,Francisco,male,100,2954
Benjamin,USA,Benjamin,male,100,9079
Óscar,Spain,Óscar,male,99,878
Jannika,Germany,Jannika,female,100,22
Xianyong,USA,Xianyong,male,100,6
Chengwu,Germany,Chengwu,male,100,16
Fumiyoshi,Japan,Fumiyoshi,male,100,5
Ying-Zhao,Russia,Ying-Zhao,female,77,4136
Stefan,Austria,Stefan,male,99,3126
Michiel,USA,Michiel,male,96,25
Anna,Switzerland,Anna,female,97,1202
Nicola,Italy,Nicola,male,99,27143
Antoine,France,Antoine,male,99,20093
Reem,Israel,Reem,female,93,183
Jacob,"Saudi Arabia",Jacob,male,100,60
Marianna,Italy,Marianna,female,98,5541
Hangjia,China,,,,
Ann-Kristin,Germany,Ann-Kristin,female,95,59
Jiefeng,China,Jiefeng,male,100,3
Yanjie,USA,Yanjie,unknown,50,4
Cheng,China,Cheng,male,79,655
Indrajit,Germany,Indrajit,male,75,4
Zhihua,China,Zhihua,male,87,30
Zhi-Guo,China,Zhi,male,80,154
Albert,Switzerland,Albert,male,96,379
Yu,China,Yu,male,73,664
Manuel,UK,Manuel,male,99,96874
Jaehoon,"South Korea",Jaehoon,male,100,145
Jonathan,UK,Jonathan,male,99,84386
John,USA,John,male,100,65535
Shengliang,USA,Shengliang,male,75,4
Keyin,China,Keyin,female,60,10
Tao,USA,Tao,male,90,147
Ramarani,India,Ramarani,male,75,4
Yuan,USA,Yuan,male,57,152
Takahiro,Japan,Takahiro,male,99,846
Jia,China,Jia,female,54,498
Masahiro,Japan,Masahiro,male,100,703
Mina,Switzerland,Mina,female,96,128
Philip,Germany,Philip,male,100,1265
Kang,China,Kang,male,80,197
Shintaro,Japan,Shintaro,male,99,199
Guigang,France,,,,
Xiaoyu,China,Xiaoyu,female,53,179
Shao-Feng,China,Feng,male,82,850
Yifan,China,Yifan,male,81,110
Li,UK,Li,female,53,4165
Amanda,Germany,Amanda,female,96,389
Fei,China,Fei,male,69,629
Annemieke,Netherlands,Annemieke,female,99,350
Raju,UK,Raju,male,99,8344
Tobias,Germany,Tobias,male,100,9929
Cheng,China,Cheng,male,79,655
T,France,,,,
Shibaji,Canada,Shibaji,male,100,48
Ji-Xiang,Japan,Xiang,male,88,8
Yujin,"South Korea",Yujin,female,89,169
Yu,Japan,Yu,male,75,711
Xinxiang,China,Xinxiang,male,100,3
Julien,Netherlands,Julien,male,98,104
Yantao,China,Yantao,male,89,9
Eden,UK,Eden,female,81,6343
Cécile,UK,Cécile,female,98,8507
Anne,China,Anne,female,100,289
Qinbai,Singapore,,,,
Snehashis,USA,Snehashis,male,75,4
Zhi,Switzerland,Zhi,male,75,4
René,Germany,René,male,99,2921
Steven,USA,Steven,male,100,19562
Tobias,Austria,Tobias,male,99,279
Chao,USA,Chao,male,91,112
Qing-Yuan,Germany,Yuan,male,100,16
Yu,Germany,Yu,male,52,60
Zhuhua,USA,Zhuhua,male,75,4
Fei,China,Fei,male,69,629
Jiangliang,China,Jiangliang,male,100,4
Eri,Japan,Eri,female,98,325
Na,China,Na,female,92,72
Youqian,China,Youqian,male,75,4
Maruthi,USA,Maruthi,male,100,8
Ying,USA,Ying,female,85,200
Haifeng,China,Haifeng,male,94,89
Nicola,France,Nicola,male,92,568
Sebastian,Germany,Sebastian,male,100,13809
Thomas,Australia,Thomas,male,100,779
Paul,Germany,Paul,male,99,5117
Hiwa,UK,Hiwa,male,96,426
Guoxing,China,Guoxing,male,100,3
Moritz,Germany,Moritz,male,99,1375
Zijie,Canada,Zijie,male,89,19
Mike,Germany,Mike,male,99,7927
Ming,USA,Ming,male,73,237
Thibault,Japan,Thibault,male,100,5
Niels,Germany,Niels,male,99,418
Yoichi,Germany,Yoichi,male,75,4
Seungwoo,Germany,Seungwoo,male,98,84
Fei-Fei,Germany,Fei,male,75,12
Wei,USA,Wei,male,75,391
Phoebe,USA,Phoebe,female,100,3167
Jie,USA,Jie,male,55,176
Jan,Brazil,Jan,male,76,157
Jian,China,Jian,male,93,610
Lea,Switzerland,Lea,female,99,371
Yong-Qiang,Germany,Qiang,male,100,4
Xinghua,USA,Xinghua,female,75,4
Christian,Austria,Christian,male,100,48300
Marlene,Germany,Marlene,female,97,460
Romain,UK,Romain,male,99,34363
Alejandro,Germany,Alejandro,male,99,305
Jorge,Sweden,Jorge,male,99,159
Huanzhen,"Saudi Arabia",Huanzhen,male,75,4
Florian,Germany,Florian,male,99,9022
Jingxin,China,Jingxin,female,63,8
Peiyan,China,Peiyan,female,80,5
Scott,USA,Scott,male,100,30644
Serhii,Netherlands,Serhii,male,99,106
Liam,Norway,Liam,male,92,12
Yuyan,China,Yuyan,female,74,19
Wei-Lin,Taiwan,Wei-Lin,female,63,8
Zhuo-Zhuo,China,Zhuo,male,77,64
Peter,Germany,Peter,male,99,21321
Florian,France,Florian,male,99,18108
Keita,Japan,Keita,male,99,384
Zongyuan,Spain,Zongyuan,male,100,8
Binbin,China,Binbin,male,71,76
Robert,Italy,Robert,male,99,1879
Yuteng,Netherlands,Yuteng,female,75,4
Renhe,USA,Renhe,male,86,7
Huai-Bo,China,Bo,male,88,316
Filip,USA,Filip,male,99,135
Dake,China,Dake,male,100,5
Brittany,USA,Brittany,female,99,11553
Lingwen,China,Lingwen,male,75,4
Qingquan,Germany,Qingquan,male,100,5
Xin-Wei,France,Xin,female,61,46
Wenyi,UK,Wenyi,female,67,58
Jing,China,Jing,female,78,1267
Haosen,Singapore,Haosen,male,100,5
Chengwei,USA,Chengwei,male,67,3
Quanbing,China,,,,
Emily,USA,Emily,female,99,20625
Zhe,UK,Zhe,male,80,504
Clare,Thailand,Clare,female,100,5
Min,China,Min,female,56,572
Xurong,Singapore,Xurong,male,75,4
Mariam,France,Mariam,female,97,779
Cecilia,Belgium,Cecilia,female,100,99
Rajkumar,ROC,Rajkumar,male,99,3132
Yun-Ting,China,Ting,female,81,465
Guangxu,USA,Guangxu,male,100,5
Gengwen,Germany,Gengwen,male,75,4
Hejian,Singapore,Hejian,male,75,4
Wataru,Japan,Wataru,male,100,276
Sukdev,India,Sukdev,male,100,29
Xinwei,China,Xinwei,male,68,22
Mohamed,India,Mohamed,male,99,3743
Xiao,China,Xiao,male,56,757
Shitu,China,Shitu,male,68,40
Youai,Sweden,,,,
Gong,USA,Gong,male,68,19
Xiong,Singapore,Xiong,male,100,8
Adrianne,USA,Adrianne,female,100,3443
Khyarul,Korea,Khyarul,male,75,4
Sönke,Germany,Sönke,male,100,170
Yizhou,China,Yizhou,male,74,19
Madanodaya,Sweden,,,,
Bin,Sweden,Bin,male,75,4
Xuesong,USA,Xuesong,male,80,5
Andreas,Germany,Andreas,male,99,21215
Charles,France,Charles,male,98,8083
Xubo,USA,Xubo,male,75,4
Alexander,Germany,Alexander,male,98,11884
Claudia,Germany,Claudia,female,95,8413
Egor,USA,Egor,male,100,36
Naoki,Japan,Naoki,male,100,826
Xinchen,China,Xinchen,male,75,4
Tomoki,Japan,Tomoki,male,100,196
Hua,USA,Hua,male,65,57
Sohyeon,"Republic of Korea",Sohyeon,female,89,9
Anastassia,UK,Anastassia,female,98,260
Martins,France,Martins,male,63,282
Baolei,China,Baolei,male,100,4
Chukwuemeka,USA,Chukwuemeka,male,96,24
Lihan,China,Lihan,male,60,10
Zhiqiang,China,Zhiqiang,male,100,68
Xiaoxu,China,Xiaoxu,male,59,27
Freideriki,UK,,,,
Ilya,Switzerland,Ilya,male,83,6
Reto,Switzerland,Reto,male,100,1136
Maomao,SA,Maomao,female,54,115
Jun,China,Jun,male,83,1190
Heng,Germany,Heng,male,75,4
Oliver,Russia,Oliver,male,93,40
Alexander,UK,Alexander,male,99,56237
Sijun,China,Sijun,male,75,4
Dhevalapally,India,,,,
Liangbin,USA,Liangbin,male,100,4
Chao,China,Chao,male,88,554
Anthony,France,Anthony,male,99,33135
Ondřej,"Czech Republic",Ondřej,male,98,2854
Wen,China,Wen,female,52,563
Brant,Germany,Brant,male,71,7
Johannes,Germany,Johannes,male,99,3611
Yuanjie,China,Yuanjie,male,80,5
Aoxuan,China,,,,
Jianfeng,China,Jianfeng,male,96,67
Huayi,USA,Huayi,unknown,50,2
Danny,France,Danny,male,87,898
Kai,USA,Kai,male,99,18599
Zachary,USA,Zachary,male,100,6186
Paul,McMaster,Paul,male,99,140849
Tao,China,Tao,male,89,751
Qiang,Netherlands,Qiang,male,75,4
Hailong,Netherlands,Hailong,male,75,4
Lei,Japan,Lei,male,63,38
S,China,,,,
Anna,Germany,Anna,female,97,8276
Junyang,UK,Junyang,male,86,21
Justus,Spain,Justus,male,75,4
Matthew,Japan,Matthew,male,100,136
Xiaomeng,Taiwan,Xiaomeng,female,63,54
Guido,Switzerland,Guido,male,98,273
Michał,Japan,Michał,unknown,50,2
Jeffrey,Canada,Jeffrey,male,100,489
Yi-Yeoun,UK,Yi-Yeoun,male,62,1410
Ana,Switzerland,Ana,female,97,979
Wai-Shing,Germany,Wai,male,71,7
Jie,Germany,Jie,female,73,15
Antoine,France,Antoine,male,99,20093
Martin,Germany,Martin,male,99,14619
Claudia,USA,Claudia,female,98,3960
Colin,USA,Colin,male,100,3986
Ya-Pan,USA,Pan,male,67,72
Janis,Germany,Janis,male,89,229
Elizaveta,Portugal,Elizaveta,female,75,4
Ze-Hua,China,Ze,male,93,30
Lipeng,China,Lipeng,male,100,20
Ronald,Austria,Ronald,male,98,169
Yongchun,Russia,Yongchun,male,96,23
Ezra,USA,Ezra,male,99,2423
Fei,Russia,Fei,male,100,5
Felix,Germany,Felix,male,99,4905
Shogo,Japan,Shogo,male,99,330
Emanuele,Australia,Emanuele,male,100,23
Olaf,Germany,Olaf,male,99,2670
Yongming,USA,Yongming,male,100,3
Tim,Germany,Tim,male,99,7477
Shengwei,P R.,Shengwei,male,70,10
Xiaoyu,France,Xiaoyu,female,60,5
Rui,"Czech Republic",Rui,male,100,6
Hong-Wen,China,Hong,female,58,636
Zewen,USA,Zewen,male,75,4
Yunru,China,Yunru,female,100,4
Peilei,China,Peilei,male,75,4
Lorena,Switzerland,Lorena,female,98,214
Hiroyuki,Japan,Hiroyuki,male,100,955
Zhuo,China,Zhuo,male,77,64
Tsubasa,Japan,Tsubasa,male,89,219
Takao,Japan,Takao,male,98,205
Francesca,Spain,Francesca,female,99,537
Shan,USA,Shan,male,52,324
Nir,Israel,Nir,male,100,406
Yujiro,Japan,Yujiro,male,100,35
Johanna,Japan,Johanna,female,100,9
Jingjing,Japan,Jingjing,female,75,4
Magnus,Japan,Magnus,male,100,5
Ken-Ichi,Japan,Ken-Ichi,male,100,27
Syo,Japan,Syo,male,99,137
Yugen,USA,Yugen,male,75,4
Giuseppe,Italy,Giuseppe,male,100,65535
Sara,Spain,Sara,female,98,23241
Hua-Jie,China,Jie,male,63,867
Nikolaos,Germany,Nikolaos,male,100,84
Jan,Germany,Jan,male,99,10566
Yasuhiro,Korea,Yasuhiro,male,100,455
Zhibin,China,Zhibin,male,97,30
Matteo,USA,Matteo,male,100,5513
Jessica,UK,Jessica,female,98,115595
Weiwei,China,Weiwei,female,63,221
Yosuke,Japan,Yosuke,male,100,373
Weichao,Germany,Weichao,female,75,4
Wusheng,Spain,Wusheng,male,100,7
Amit,Singapore,Amit,male,99,77
Jeffrey,Germany,Jeffrey,male,99,238
Atsushi,Japan,Atsushi,male,100,843
Alaa,France,Alaa,male,86,176
Marthe,Germany,Marthe,female,92,12
Jakob,Denmark,Jakob,male,100,657
Xiaofang,China,Xiaofang,female,90,40
Liang,China,Liang,male,82,742
Xian-Kai,China,Kai,male,95,430
Bo,Italy,Bo,male,75,189
Sandra,Germany,Sandra,female,98,12614
Shusuke,Japan,Shusuke,male,100,28
Mohammed,USA,Mohammed,male,99,1678
Matthias,USA,Matthias,male,100,3407
Jianzhong,China,Jianzhong,male,93,15
Hoi-Ki,Singapore,Ki,male,67,3
Tobias,Switzerland,Tobias,male,99,548
Bichu,Germany,Bichu,male,98,56
Jine,USA,Jine,female,60,58
Alfredo,Spain,Alfredo,male,99,5123
Hongwei,"Czech Republic",Hongwei,male,88,89
Marcel,Switzerland,Marcel,male,99,1574
Stephan,Germany,Stephan,male,98,6568
Arnab,Canada,Arnab,male,100,9
Marian,Germany,Marian,male,95,629
Yajie,Germany,Yajie,female,76,17
Vanessa,UK,Vanessa,female,98,78451
Qing,USA,Qing,unknown,50,62
Keiichi,Japan,Keiichi,male,100,167
Haruka,Japan,Haruka,female,82,318
Henry,Germany,Henry,male,99,1097
Lei,China,Lei,male,77,1080
Weichen,China,Weichen,male,100,6
Shiqing,China,Shiqing,unknown,50,4
Tianshan,USA,Tianshan,unknown,50,2
Agnieszka,Germany,Agnieszka,female,98,578
Zhensheng,Canada,Zhensheng,male,75,4
Binuraj,UK,Binuraj,male,100,14
Saikat,Germany,Saikat,male,75,4
Geoffroy,Canada,Geoffroy,male,100,10
Jian,USA,Jian,male,84,124
Markus,Germany,Markus,male,99,15230
Samantha,USA,Samantha,female,99,14072
Min,China,Min,female,56,572
Xu,Netherlands,Xu,male,67,6
Vittorio,Austria,Vittorio,male,100,7
Hangyu,China,Hangyu,male,100,3
John,UK,John,male,99,219085
Xiu-Ying,China,Ying,female,86,923
Mohamed,China,Mohamed,male,96,222
Yanjie,China,Yanjie,female,67,18
Lina,China,Lina,female,98,357
Martin,Germany,Martin,male,99,14619
Chenglong,China,Chenglong,male,100,29
Xun,USA,Xun,male,75,12
J,Germany,,,,
Xuewei,USA,Xuewei,female,80,5
Andrés,Switzerland,Andrés,male,100,14
Pinglu,France,Pinglu,male,75,4
Sascha,Germany,Sascha,male,99,11090
Riccardo,China,Riccardo,male,100,15
Thirupathi,USA,Thirupathi,male,75,4
Nicolas,Germany,Nicolas,male,100,664
Zhihan,USA,Zhihan,female,67,3
Tao,USA,Tao,male,90,147
Honghui,China,Honghui,male,67,9
Hemma,Germany,Hemma,female,100,3
Junjie,China,Junjie,male,95,108
Marta,Germany,Marta,female,97,678
Yong,USA,Yong,male,82,158
Hyung,Canada,Hyung,male,93,145
Le,China,Le,male,74,94
Shanshan,China,Shanshan,female,97,163
Manuel,Spain,Manuel,male,99,38516
Tyler,USA,Tyler,male,97,15339
Haiping,USA,Haiping,unknown,50,2
Jaime,UK,Jaime,male,90,24921
Mingxing,China,Mingxing,male,92,25
Young,Canada,Young,male,100,51
Petra,Switzerland,Petra,female,98,435
Alex,Canada,Alex,male,91,2610
Cai-Xia,USA,Xia,female,73,66
Yin,China,Yin,male,51,318
Shusuke,Japan,Shusuke,male,100,28
Li,China,Li,male,68,1023
Yashar,UK,Yashar,male,98,798
Min,China,Min,female,56,572
Jeongho,Rep,Jeongho,male,99,69
Yueqin,USA,Yueqin,male,75,4
Joël,France,Joël,male,98,1198
Laerte,Switzerland,Laerte,male,99,305
Veera,Spain,Veera,unknown,50,2
James,UK,James,male,99,131879
Julius,USA,Julius,male,100,7130
Ana,UK,Ana,female,97,141747
Lanlan,China,Lanlan,female,89,56
Yuankai,China,Yuankai,male,100,4
Khetpakorn,USA,,,,
David,Switzerland,David,male,99,3802
Jonathan,Canada,Jonathan,male,100,1923
Hao,Russia,Hao,male,75,4
Zonghua,China,Zonghua,female,75,4
Davide,Spain,Davide,male,99,299
Jingjing,Australia,Jingjing,female,100,3
Giuseppe,Italy,Giuseppe,male,100,65535
Wei,Singapore,Wei,male,80,153
Rudrakshula,Poland,Rudrakshula,male,75,4
Siwei,China,Siwei,male,65,17
Yanfang,China,Yanfang,female,82,17
Kersten,Germany,Kersten,male,82,88
Shuntaro,Japan,Shuntaro,male,100,23
Helene,Switzerland,Helene,female,99,101
Ning,China,Ning,male,61,378
Saad,China,Saad,male,96,23
Guillaume,Sweden,Guillaume,male,100,13
Qunchao,China,,,,
Jin-Chang,México,Jin-Chang,male,72,6868
Tyler,USA,Tyler,male,97,15339
Yongbo,USA,Yongbo,male,75,4
Polly,Germany,Polly,female,95,44
Xiaofang,Poland,Xiaofang,female,92,49
Hui,USA,Hui,female,51,102
Koen,Netherlands,Koen,male,99,1253
Paolo,Spain,Paolo,male,99,658
Anthony,USA,Anthony,male,100,21929
Mirosław,Poland,Mirosław,male,99,2240
Kenzo,USA,Kenzo,male,100,15
Yanran,USA,Yanran,female,100,4
Bartolome,Germany,Bartolome,male,75,4
Liping,Germany,Liping,female,81,126
Subrata,USA,Subrata,male,94,17
Wilfred,UK,Wilfred,male,99,1812
Rong-Bin,China,Bin,male,92,677
Yuchen,Germany,Yuchen,female,75,4
Peter,Switzerland,Peter,male,99,2588
André,Deutschland,André,male,99,25357
Leibniz,USA,Leibniz,male,75,4
Alexander,USA,Alexander,male,100,6939
Chakadola,Israel,Chakadola,male,75,4
Martin,Germany,Martin,male,99,14619
Philip,USA,Philip,male,100,5264
Jinming,China,Jinming,male,100,9
Vitaly,Switzerland,Vitaly,male,100,3
Thomas,Germany,Thomas,male,99,27141
Zhilong,China,Zhilong,male,100,17
Isabel,Germany,Isabel,female,97,866
Anzhela,Germany,Anzhela,female,100,5
Bastian,Greece,Bastian,male,75,4
Yun,USA,Yun,male,54,104
Yosuke,Japan,Yosuke,male,100,373
Metages,China,Metages,male,67,9
Yuanyuan,China,Yuanyuan,female,92,144
Donglong,Netherlands,Donglong,male,100,3
Qiang,China,Qiang,male,98,373
Stijn,France,Stijn,male,100,5
Shikui,China,Shikui,male,75,4
Alessandro,Germany,Alessandro,male,97,865
Kévin,France,Kévin,male,99,8485
Cristóbal,Germany,Cristóbal,male,100,533
Yoshio,Japan,Yoshio,male,100,214
Tobias,Japan,Tobias,male,100,15
Yingxia,China,Yingxia,female,100,4
Laura,Spain,Laura,female,98,36972
Sarah,UK,Sarah,female,98,127402
Eufemio,France,Eufemio,male,75,4
Belén,Spain,Belén,female,98,1341
Simon,Germany,Simon,male,99,4069
Alexei,UK,Alexei,male,98,1403
Jingrun,China,,,,
Robin,Austria,Robin,male,95,111
Casper,Russia,Casper,male,97,29
Isabel,Spain,Isabel,female,98,14221
Andrew,UK,Andrew,male,99,82448
Charles,USA,Charles,male,100,15822
Tomohiro,Japan,Tomohiro,male,100,395
Rebecca,USA,Rebecca,female,99,14934
Romain,Finland,Romain,male,75,4
Zhiming,China,Zhiming,male,96,27
Lucien,Netherlands,Lucien,male,99,137
Qi,USA,Qi,male,58,115
Anniina,Germany,Anniina,female,96,131
Ēriks,UK,Ēriks,male,100,56
Lin,China,Lin,female,50,1431
Wei,China,Wei,male,76,1859
Eiichi,Japan,Eiichi,male,99,86
Xinxing,USA,Xinxing,male,71,14
Yuk-Chi,Taiwan,Chi,female,59,215
Denisa,"Czech Republic",Denisa,female,99,5077
Kun,USA,Kun,male,82,71
Guillaume,USA,Guillaume,male,99,183
Ross,UK,Ross,male,91,10276
Alexander,USA,Alexander,male,100,6939
Xuelei,Netherlands,Xuelei,unknown,50,6
Manuel,USA,Manuel,male,99,3096
Tumpa,India,Tumpa,female,96,51
Wenting,China,Wenting,female,86,35
David,Germany,David,male,99,10714
Lucie,France,Lucie,female,98,13586
Menghua,China,Menghua,unknown,50,2
Zheng,USA,Zheng,male,85,108
Paula,USA,Paula,female,99,5334
Nan-Nan,Netherlands,Nan,female,72,57
Sandro,France,Sandro,male,97,528
Jeffrey,USA,Jeffrey,male,100,10439
Michał,Poland,Michał,male,100,30420
Mridula,Germany,Mridula,female,100,3
Yingfeng,China,Yingfeng,male,100,8
Dong,Sweden,Dong,male,67,3
Lingchun,China,,,,
Barry,USA,Barry,male,100,3714
Alexander,Germany,Alexander,male,98,11884
Lili,China,Lili,female,88,479
Maxime,Germany,Maxime,female,100,14
Thu-Thuy,UK,Thu-Thuy,female,86,8586
Deshuang,China,,,,
Emily,UK,Emily,female,98,36641
Teresa,Denmark,Teresa,female,93,43
Takeshi,Denmark,Takeshi,male,99,1290
Parijat,Japan,Parijat,male,83,163
Xiaotian,China,Xiaotian,male,78,32
Jess,USA,Jess,female,80,2673
Ala,Switzerland,Ala,female,56,18
Connor,USA,Connor,male,98,2956
Kazuhiro,Egypt,Kazuhiro,male,100,419
Jonas,UK,Jonas,male,99,20200
Maxwell,USA,Maxwell,male,100,19084
Adriano,"Czech Republic",Adriano,male,100,14
Corina,Romania,Corina,female,99,1192
Josep,UK,Josep,male,99,5674
Lei,China,Lei,male,77,1080
Vasilios,UK,Vasilios,male,99,191
Takato,Japan,Takato,male,100,31
Kohei,Japan,Kohei,male,99,359
David,USA,David,male,100,65535
Chunlei,USA,Chunlei,male,83,6
Hai-Jun,Singapore,Jun,male,83,147
Chengming,"Saudi Arabia",Chengming,male,90,10
Kirill,USA,Kirill,male,100,115
Tonia,USA,Tonia,female,100,566
Maximilian,Germany,Maximilian,male,98,1949
Tim,USA,Tim,male,100,20818
Manoj,Switzerland,Manoj,male,100,15
Min,"Republic of Korea",Min,male,65,4933
Amy,UK,Amy,female,98,42632
Feng,China,Feng,male,82,850
Chao,Australia,Chao,male,83,6
Li,China,Li,male,68,1023
Natalia,Japan,Natalia,female,97,65
Jörn,Germany,Jörn,male,99,640
Keunsuk,USA,Keunsuk,male,75,4
Cheng-Hang,China,Cheng,male,79,655
Fei,USA,Fei,male,61,97
Rong,"Hong Kong",Rong,female,60,5
Bishnu,USA,Bishnu,male,100,24
Maarten,Netherlands,Maarten,male,99,2087
Wei,"Saudi Arabia",Wei,male,75,4
Timothy,USA,Timothy,male,100,9427
Annamalai,India,Annamalai,male,100,134
Niels,UK,Niels,male,99,4587
Merle,Germany,Merle,female,93,170
Orian,USA,Orian,male,67,12
Yuan,China,Yuan,male,51,765
Mayumi,Japan,Mayumi,female,98,375
Tayeb,USA,Tayeb,male,100,14
Yi-Yin,China,Yi,male,73,459
Felipe,USA,Felipe,male,99,1278
Samuel,"New Zealand",Samuel,male,100,100
Daniel,Germany,Daniel,male,99,22784
Yan-Ling,China,Ling,female,82,646
Miriam,France,Miriam,female,99,415
Joel,USA,Joel,male,99,8032
Xuan,USA,Xuan,female,62,131
Margarita,USA,Margarita,female,100,7014
Hehua,China,Hehua,female,67,3
Hao,China,Hao,male,89,723
Arseni,Japan,Arseni,male,91,65
Kolanu,Israel,Kolanu,male,100,7
David,Spain,David,male,100,65535
M,USA,,,,
S,Japan,,,,
Xue-Ping,Germany,Xue,female,67,6
Shi-Yong,China,Yong,male,95,502
Yubao,Germany,Yubao,male,100,6
Yang,China,Yang,male,65,1965
Liang,China,Liang,male,82,742
Hongming,China,Hongming,male,94,18
Yan,China,Yan,female,69,1535
Zdeněk,Singapore,Zdeněk,male,99,4350
Chen-Yu,USA,Yu,male,64,274
Jianbing,USA,Jianbing,male,89,9
Yan,Singapore,Yan,male,60,164
Thomas,Sweden,Thomas,male,99,3089
Sarra,France,Sarra,female,96,352
Tsukuru,Japan,Tsukuru,male,100,4
Vitor,France,Vitor,male,97,373
Masaru,Japan,Masaru,male,99,283
Dongsheng,Germany,Dongsheng,male,75,4
Wei,Switzerland,Wei,male,94,16
Prasant,Germany,Prasant,male,100,391
Susana,Spain,Susana,female,98,11386
Ping,France,Ping,male,65,51
Yongquan,China,Yongquan,male,100,10
Zehua,China,Zehua,male,80,15
Daniel,Germany,Daniel,male,99,22784
Qin,USA,Qin,female,67,33
Anna,Israel,Anna,female,99,376
Yishi,China,Yishi,male,71,7
Haoran,China,Haoran,male,97,37
Emma,UK,Emma,female,91,44680
Xu,Switzerland,Xu,male,75,4
Santosh,Germany,Santosh,male,100,22
Vincent,USA,Vincent,male,100,4308
Tao,China,Tao,male,89,751
Xiaoyan,Germany,Xiaoyan,female,75,4
Jiaqi,China,Jiaqi,male,57,69
Yuki,Japan,Yuki,male,61,1797
Shaohua,China,Shaohua,male,78,36
Anh,USA,Anh,female,54,333
Hirosuke,Japan,Hirosuke,male,100,4
Supakit,Thailand,Supakit,male,97,127
Cheng-Pin,China,Cheng,male,79,655
Lin,UK,Lin,female,58,6456
Yuanyuan,China,Yuanyuan,female,92,144
Venkataraman,UK,Venkataraman,male,99,110
Rabi,USA,Rabi,male,81,21
Minsoo,USA,Minsoo,male,89,18
Zhiwei,USA,Zhiwei,male,100,9
Tian,USA,Tian,male,57,81
Takuya,Japan,Takuya,male,100,1004
Chunlin,China,Chunlin,male,93,14
Marc,Germany,Marc,male,100,7914
Yong,Japan,Yong,male,95,20
Sebastian,Switzerland,Sebastian,male,100,387
He,China,He,male,74,204
Chao,China,Chao,male,88,554
Wenjing,China,Wenjing,female,86,42
Lijie,Canada,Lijie,male,75,4
Yuki,Japan,Yuki,male,61,1797
Michael,Canada,Michael,male,100,4889
Joseph,UK,Joseph,male,99,63161
Zhen,Germany,Zhen,male,58,12
Helmut,Denmark,Helmut,male,100,6
Valerio,UK,Valerio,male,99,10686
Kyle,USA,Kyle,male,99,17235
Alexey,France,Alexey,male,100,31
Kevin,Germany,Kevin,male,99,11155
Akihiro,Japan,Akihiro,male,100,349
Jingxiang,Japan,Jingxiang,male,83,6
Yong-Qiang,Germany,Qiang,male,100,4
Akira,Japan,Akira,male,97,1276
Jingxiang,Japan,Jingxiang,male,83,6
Shunpei,Japan,Shunpei,male,100,14
Xiaoxu,China,Xiaoxu,male,59,27
Dennis,Germany,Dennis,male,99,12843
Saurabh,UK,Saurabh,male,100,11574
Esben,USA,Esben,male,100,4
Yu-Feng,Germany,Feng,male,60,15
Alexander,USA,Alexander,male,100,6939
Patrick,Germany,Patrick,male,99,14512
Liying,China,Liying,female,92,36
Yoichi,Spain,Yoichi,male,75,4
Andreas,Germany,Andreas,male,99,21215
Tao,Germany,Tao,male,91,33
Bin,USA,Bin,male,83,140
T,USA,,,,
Lukas,UK,Lukas,male,99,22120
Lu,USA,Lu,female,68,408
Lennart,Germany,Lennart,male,99,324
Jorge,Spain,Jorge,male,99,30533
Haifeng,USA,Haifeng,male,92,12
Xiaolan,France,Xiaolan,female,75,4
Apparao,USA,Apparao,male,75,4
Daniel,Switzerland,Daniel,male,99,4213
Philipp,Denmark,Philipp,male,100,5
Tanja,Germany,Tanja,female,98,7261
Xingyu,USA,Xingyu,male,80,5
Wenxin,Australia,Wenxin,female,75,4
Feng,Spain,Feng,male,73,15
Tomo,Germany,Tomo,male,94,16
Yue,Germany,Yue,female,71,14
Emile,France,Emile,male,94,1178
Ryo,Japan,Ryo,male,98,2022
Qing,Singapore,Qing,female,65,20
Fábio,Portugal,Fábio,male,99,2618
Janis,Germany,Janis,male,89,229
Qilong,Italy,Qilong,male,93,15
Karin,Japan,Karin,female,92,50
Baosheng,China,Baosheng,male,100,5
Weimin,USA,Weimin,male,90,10
Éva,Hungary,Éva,female,99,7976
Indrek,USA,Indrek,male,75,4
Rong-Bin,Singapore,Bin,male,88,25
Chunyan,USA,Chunyan,female,100,5
Benjamin,Germany,Benjamin,male,100,5256
Yanjie,Germany,Yanjie,female,75,4
Louise,Germany,Louise,female,95,84
Keishi,Norway,Keishi,male,92,38
Klaus,Canada,Klaus,male,100,30
Cheng,USA,Cheng,male,77,149
Jordan,Netherlands,Jordan,male,91,162
Edmundo,UK,Edmundo,male,99,1192
Xiaolong,USA,Xiaolong,male,100,12
Bertrand,USA,Bertrand,female,57,203
Congqing,China,,,,
Kim,USA,Kim,female,94,14095
Fu-Sheng,Finland,Fu-Sheng,male,75,1124
Sumit,USA,Sumit,male,99,173
Yi-Hung,Germany,Hung,male,100,35
Abhishek,Japan,Abhishek,male,100,15
Yanfei,USA,Yanfei,male,80,5
Amit,USA,Amit,male,98,818
Jesús,Spain,Jesús,male,99,5148
Noriaki,Japan,Noriaki,male,100,101
Xiao-Qiang,China,Qiang,male,98,373
Masato,Japan,Masato,male,100,530
Jun,China,Jun,male,83,1190
Seiji,Japan,Seiji,male,99,298
Kang,Austria,Kang,unknown,50,2
Bo,Australia,Bo,male,83,30
Christopher,Germany,Christopher,male,99,3075
Shan,Japan,Shan,male,89,28
Yusuke,Japan,Yusuke,male,100,1088
Zhongyu,USA,Zhongyu,male,75,4
Michele,USA,Michele,female,95,5683
Hang,China,,,,
Bartosz,France,Bartosz,male,100,12
Raja,Germany,Raja,male,76,72
Hao,China,Hao,male,89,723
Jing,China,Jing,female,78,1267
Guillaume,UK,Guillaume,male,99,37030
Chenkun,USA,Chenkun,male,75,4
Lifei,Germany,Lifei,female,75,4
Michael,UK,Michael,male,99,211741
Shaodong,Germany,Shaodong,male,100,4
Vladimir,Russia,Vladimir,male,99,5819
Hewei,China,Hewei,male,80,5
Guang,China,Guang,male,93,146
David,USA,David,male,100,65535
Manuela,Australia,Manuela,female,91,11
José,Germany,José,male,96,184
Biprajit,Germany,Biprajit,male,100,16
Yandong,Netherlands,Yandong,male,100,13
Chang,Germany,Chang,male,88,8
Sean,USA,Sean,male,99,17810
Vladimir,Switzerland,Vladimir,male,99,89
Manuel,Germany,Manuel,male,99,5956
Jiandong,Germany,Jiandong,male,100,9
Lei,Finland,Lei,male,100,3
Davide,Germany,Davide,male,100,376
Yifeng,USA,Yifeng,male,71,7
Junpei,Japan,Junpei,male,100,119
Hongkun,USA,Hongkun,male,88,8
Rodrigo,UK,Rodrigo,male,99,36660
Li-Qiang,China,Qiang,male,98,373
Anu,Switzerland,Anu,female,58,12
Tomokazu,Japan,Tomokazu,male,100,83
Fabian,Germany,Fabian,male,99,4595
Chunzhen,France,Chunzhen,female,75,4
Weijing,China,Weijing,unknown,50,6
Akhil,India,Akhil,male,100,5125
Stephanie,Canada,Stephanie,female,99,1466
Shu,China,Shu,male,54,140
Markus,USA,Markus,male,100,4802
Pier,UK,Pier,male,97,2999
Nicholas,USA,Nicholas,male,100,10460
Ping,USA,Ping,male,56,90
Anja,Germany,Anja,female,98,6430
Mariame,France,Mariame,female,96,219
Alessandro,Switzerland,Alessandro,male,100,662
Jesse,China,Jesse,male,91,208
Petra,Switzerland,Petra,female,98,435
Jingjing,China,Jingjing,female,89,198
Meng,China,Meng,male,53,425
Zhenkun,China,Zhenkun,male,83,6
Blane,USA,Blane,male,99,78
Igor,Spain,Igor,male,99,1214
Wei,China,Wei,male,76,1859
Yu,USA,Yu,male,64,274
Jibin,Singapore,Jibin,male,75,4
Shuichi,Japan,Shuichi,male,100,135
Zvi,UK,Zvi,male,97,151
Samrat,India,Samrat,male,100,885
Uttam,Germany,Uttam,male,100,5
Stella,Germany,Stella,female,98,737
Johannes,Germany,Johannes,male,99,3611
Zhenwei,USA,Zhenwei,male,75,4
Yury,Germany,Yury,male,88,26
Changho,"Republic of Korea",Changho,male,100,78
Carmen,or,Carmen,female,94,3768
Adebola,USA,Adebola,male,82,11
Sérgio,Germany,Sérgio,male,100,15
Priya,USA,Priya,female,99,515
Peikun,China,Peikun,male,75,4
Dominik,Germany,Dominik,male,99,5255
Eva-Maria,Germany,Eva-Maria,female,99,344
Luis,Germany,Luis,male,85,1139
Glen,Australia,Glen,male,99,302
Róbert,Hungary,Róbert,male,100,2703
Anna,Switzerland,Anna,female,97,1202
Samuel,"New Zealand",Samuel,male,100,100
Xiaoyan,China,Xiaoyan,female,91,117
Wan-Ting,Taiwan,Wan-Ting,female,100,13
Connor,UK,Connor,male,99,6084
Alexandre,Germany,Alexandre,male,100,125
Marcel,Switzerland,Marcel,male,99,1574
Xiangdong,China,Xiangdong,male,100,8
Osami,Japan,Osami,male,100,4
Nina,Austria,Nina,female,97,622
Yuriy,Japan,Yuriy,male,100,2292
Aurélien,Austria,Aurélien,male,99,5891
Sabine,Germany,Sabine,female,99,8637
Nora,USA,Nora,female,98,1454
Yafei,China,Yafei,male,65,26
Paola,Italy,Paola,female,98,18156
Bing,USA,Bing,male,63,116
Wongu,Sweden,Wongu,male,100,7
Pirmin,Germany,Pirmin,male,96,24
Yu,China,Yu,male,73,664
Indrajit,Germany,Indrajit,male,75,4
Marcos,Netherlands,Marcos,male,100,81
Wen-Hsuan,Taiwan,Hsuan,female,79,77
Jinqiang,Australia,Jinqiang,male,100,10
Kai,China,Kai,male,95,430
Thomas,Germany,Thomas,male,99,27141
Cen,China,Cen,male,65,26
Xiao-Long,China,Xiao,male,56,757
Deborah,Germany,Deborah,female,99,276
Lianghu,Germany,,,,
Subhajit,China,Subhajit,male,75,4
Narayan,Spain,Narayan,male,95,21
Bo,USA,Bo,male,91,1184
Chengzhou,China,Chengzhou,male,75,4
Vladislav,Germany,Vladislav,male,100,51
Lewis,UK,Lewis,male,99,7500
Zhichun,China,Zhichun,male,80,5
Frédéric,UK,Frédéric,male,98,11476
Charlynn,Singapore,Charlynn,female,100,28
Manas,Germany,Manas,male,100,4
Aaron,Brazil,Aaron,male,98,55
Jasmine,France,Jasmine,female,97,696
Sining,Switzerland,Sining,female,63,8
Marcin,Germany,Marcin,male,100,713
Juliet,"New Zealand",Juliet,female,100,17
Xiangyu,UK,Xiangyu,male,63,95
Joshua,USA,Joshua,male,100,20095
Konrad,Germany,Konrad,male,99,692
He,China,He,male,74,204
Lucas,Japan,Lucas,male,98,178
Lei,Israel,Lei,male,59,2374
Kristina,Japan,Kristina,female,100,17
Karthikeyan,Germany,Karthikeyan,male,100,4
György,Germany,György,male,100,40
Jie,China,Jie,male,63,867
Markus,Austria,Markus,male,99,3499
Kai,China,Kai,male,95,430
Witold,Germany,Witold,male,100,49
Liguo,China,Liguo,male,100,5
Hans,"New Zealand",Hans,male,95,19
Hongsoo,"Republic of Korea",Hongsoo,male,86,7
Sahng,Netherlands,,,,
Yan,India,Yan,male,86,14
Wenjie,USA,Wenjie,male,56,25
Alexandar,USA,Alexandar,male,92,13
Hannes,Netherlands,Hannes,male,94,93
Walter,USA,Walter,male,99,3526
Beatrice,UK,Beatrice,female,98,19496
Stefan,Germany,Stefan,male,97,20127
Xiaobao,Singapore,Xiaobao,male,75,4
Leif,Germany,Leif,male,96,133
Chongwen,Israel,Chongwen,male,100,3
Ziyang,China,Ziyang,male,75,20
Julia,Italy,Julia,female,98,913
Richard,Germany,Richard,male,99,2147
Guhuan,China,,,,
Vincenzo,Italy,Vincenzo,male,99,31988
Wei,Singapore,Wei,male,80,153
Ren-Zhe,USA,Zhe,male,75,64
Joohyun,Korea,Joohyun,male,53,58
Yun,China,Yun,female,53,415
Zhixing,Germany,Zhixing,female,75,4
Jonas,Germany,Jonas,male,99,2401
Dávid,Germany,Dávid,male,95,20
Jin-Xian,China,Jin,male,61,856
Benjamin,UK,Benjamin,male,99,50718
Ke-Zhao,USA,Zhao,male,77,52
Yanqiu,China,Yanqiu,female,89,9
Jordan,USA,Jordan,male,76,12969
Jian,USA,Jian,male,84,124
Kwang-Im,USA,Kwang,male,86,21
Qiushi,UK,Qiushi,male,81,21
Ting-Zheng,USA,Zheng,male,85,108
Martin,UK,Martin,male,98,139211
William,Germany,William,male,98,951
He-Lue,China,Lue,male,100,5
Basudev,Switzerland,Basudev,male,99,154
Guolin,USA,Guolin,unknown,50,2
Songcan,Australia,Songcan,male,75,4
Stefan,Spain,Stefan,male,95,609
Steffen,UK,Steffen,male,99,6430
Jinqiang,Germany,Jinqiang,male,100,10
Julian,Germany,Julian,male,89,4005
Jun,China,Jun,male,83,1190
Jin,"Saudi Arabia",Jin,male,100,12
Fangsong,China,,,,
Jiangnan,USA,Jiangnan,male,75,4
Eike,Germany,Eike,male,89,458
Jianyi,China,Jianyi,male,63,8
Daniel,UK,Daniel,male,99,257742
Zoltan,Australia,Zoltan,male,100,13
Xukai,China,Xukai,male,75,4
Anna,USA,Anna,female,99,11850
William,UK,William,male,99,67797
Ren-Qi,China,Qi,male,73,234
Debasish,USA,Debasish,male,100,13
Mona,USA,Mona,female,98,1053
Christian,Canada,Christian,male,100,48300
Wai,"Hong Kong",Wai,male,85,306
Lin,Germany,Lin,female,83,120
Heejin,Japan,Heejin,female,100,3
Long,USA,Long,male,100,89
Juan,China,Juan,female,71,353
Yifeng,France,Yifeng,male,95,78
Stephan,Germany,Stephan,male,98,6568
Luca,Germany,Luca,male,97,1351
Niels,Switzerland,Niels,male,100,36
Pim,Germany,Pim,male,59,27
Janek,Germany,Janek,male,100,144
Stig,USA,Stig,male,100,17
Sarah,USA,Sarah,female,99,32394
Klaus,Germany,Klaus,male,98,10045
Alexander,Ukraine,Alexander,male,100,1847
Fabian,Poland,Fabian,male,99,366
Ching,Singapore,Ching,unknown,50,30
Kento,Japan,Kento,male,100,172
Weimin,UK,Weimin,male,94,66
F,USA,,,,
Engelbert,Switzerland,Engelbert,male,75,4
Bo,China,Bo,male,88,316
Mukundan,USA,Mukundan,male,100,5
Lingjie,China,Lingjie,male,67,6
Jingshan,USA,Jingshan,female,57,14
Ling,China,Ling,female,82,646
Indrek,Germany,Indrek,male,98,223
Marco,India,Marco,male,100,60
Tobias,Germany,Tobias,male,100,9929
Shaoyu,China,Shaoyu,male,75,4
Dan,USA,Dan,male,100,20473
Monika,Russia,Monika,female,100,64
Yuichi,Japan,Yuichi,male,100,409
Hideya,Japan,Hideya,male,100,21
Cory,USA,Cory,male,94,4857
David,Switzerland,David,male,99,3802
Yizhan,Israel,Yizhan,male,75,4
Yufei,USA,Yufei,male,67,12
Tetiana,"South Korea",Tetiana,female,75,4
Daisuke,Japan,Daisuke,male,100,1249
Guang,China,Guang,male,93,146
Arnaud,UK,Arnaud,male,98,25142
Xiaodong,China,Xiaodong,male,94,108
Lei,China,Lei,male,77,1080
Christopher,Germany,Christopher,male,99,3075
Longyang,Israel,Longyang,male,75,4
Niklas,France,Niklas,male,100,30
Takuya,Germany,Takuya,male,80,5
Zhi-Chen,China,Zhi,male,80,154
Beatriz,Spain,Beatriz,female,98,8415
Scott,UK,Scott,male,100,48262
Hannes,Germany,Hannes,male,99,1213
Lei,USA,Lei,male,57,231
Kiseong,Korea,Kiseong,male,100,4
Ken-Ichi,Japan,Ken-Ichi,male,100,27
Xian-Wei,USA,Wei,male,75,391
Jingwen,China,Jingwen,female,69,32
Jian,USA,Jian,male,84,124
Xinqiang,China,Xinqiang,male,100,3
Xiaogang,China,Xiaogang,male,100,35
Gordon,USA,Gordon,male,99,1930
Masato,Japan,Masato,male,100,530
Huai-Wei,USA,Wei,male,75,391
Hong,USA,Hong,female,53,198
Frédéric,USA,Frédéric,male,100,42
Yi,France,Yi,male,61,38
Chaoliang,Singapore,Chaoliang,male,75,4
Rafael,USA,Rafael,male,99,2923
Jack,UK,Jack,male,97,59917
Thach,USA,Thach,male,95,22
Lucy,Germany,Lucy,female,97,450
Donghui,USA,Donghui,male,100,4
Changkun,China,Changkun,male,75,4
Daisuke,Japan,Daisuke,male,100,1249
Jiabin,Japan,Jiabin,male,93,27
Martijn,Germany,Martijn,male,100,14
Heejun,USA,Heejun,male,97,37
Giuseppe,Italy,Giuseppe,male,100,65535
Yong-Feng,China,Yong,male,95,502
Alicia,USA,Alicia,female,99,6852
Sijia,China,Sijia,female,88,24
Shaoqi,Sweden,Shaoqi,male,75,4
Brandon,USA,Brandon,male,100,21063
Leslie-Joana,Switzerland,Joana,female,97,220
Sunewang,China,,,,
Hao,China,Hao,male,89,723
Christian,USA,Christian,male,100,48214
Yongming,USA,Yongming,male,100,3
Caiyou,China,,,,
Shuo,China,Shuo,male,77,122
Hwangseo,Korea,,,,
Nicholas,UK,Nicholas,male,100,21206
Shaowen,"Saudi Arabia",Shaowen,male,67,9
Sergio,Spain,Sergio,male,99,33830
Alexander,Russia,Alexander,male,100,6822
Hannah,Germany,Hannah,female,97,676
Trixia,USA,Trixia,female,100,3
Saravanan,France,Saravanan,male,100,3117
Javier,Madrid,Javier,male,99,67247
Yingfeng,Netherlands,Yingfeng,male,82,11
Kai,Austria,Kai,male,98,61
Erik,Germany,Erik,male,64,2426
Alberto,UK,Alberto,male,99,73988
Yuan,China,Yuan,male,51,765
Peng,Singapore,Peng,male,83,41
Maria,France,Maria,female,97,6924
Jiang,USA,Jiang,male,68,40
Tomoya,Japan,Tomoya,male,100,286
Alberto,Italy,Alberto,male,99,23379
Peter,Spain,Peter,male,98,2975
Elena,Spain,Elena,female,98,17829
Xiangwen,UK,Xiangwen,unknown,50,2
Xiaoyi,Australia,Xiaoyi,male,75,4
Jugal,USA,Jugal,male,100,6
Sooyeon,Taiwan,Sooyeon,female,91,76
Molly,USA,Molly,female,99,4935
Gen-Cheng,USA,Cheng,male,77,149
Arshad,USA,Arshad,male,97,72
Dominik,Poland,Dominik,male,98,4950
Chaoxian,China,,,,
Jessica,UK,Jessica,female,98,115595
Kengo,Japan,Kengo,male,99,177
Johannes,Germany,Johannes,male,99,3611
Wilke,Germany,Wilke,male,71,14
Chen-Yu,France,Chen,male,62,145
Rongning,China,,,,
Daiki,Japan,Daiki,male,100,414
Yasunori,Switzerland,Yasunori,male,99,126
Ji-Xiang,China,Ji,male,82,92
Huaimin,USA,Huaimin,female,75,4
Bing,China,Bing,male,71,379
Rintaro,Japan,Rintaro,male,100,29
Stephan,Japan,Stephan,male,100,8
Shaohua,Japan,Shaohua,male,79,43
Yuan,Japan,Yuan,male,71,14
Noureldin,Germany,Noureldin,male,75,4
Yi-Qi,France,Qi,male,78,18
Xiaoping,China,Xiaoping,male,60,63
Mario,Austria,Mario,male,99,2024
Sivathmeehan,Austria,,,,
Teng-Teng,China,Teng,male,78,95
Changping,China,Changping,male,75,4
Terrance,USA,Terrance,male,100,14657
Fan,China,Fan,male,65,507
Zhi-Gang,Germany,Zhi,male,100,5
Fabian,Germany,Fabian,male,99,4595
Bo,China,Bo,male,88,316
Oliver,UK,Oliver,male,98,22853
Stephen,UK,Stephen,male,99,46085
Felix,Germany,Felix,male,99,4905
Leifeng,USA,Leifeng,male,75,4
Emmanouil,France,Emmanouil,male,99,143
Tiange,USA,Tiange,male,75,4
Andrea,Germany,Andrea,female,84,10166
Katherine,USA,Katherine,female,99,7045
Thibault,Spain,Thibault,male,100,12
Yong,Sweden,Yong,male,100,3
Irene,USA,Irene,female,99,1974
Hui,Germany,Hui,male,77,47
Geoffrey,UK,Geoffrey,male,99,11232
Sai,China,Sai,male,85,80
Patrick,UK,Patrick,male,99,118290
Ning,China,Ning,male,61,378
Baptiste,France,Baptiste,male,98,5673
Ke,USA,Ke,male,65,101
Timo,Germany,Timo,male,100,4802
Matthew,USA,Matthew,male,100,30646
Steven,USA,Steven,male,100,19562
Muhammad,Australia,Muhammad,male,100,115
Boris,Germany,Boris,male,100,1099
Alla,India,Alla,male,86,42
Maxime,France,Maxime,male,98,23542
Tom,Germany,Tom,male,99,7237
Jin,"Republic of Korea",Jin,male,72,4739
Haruhiko,Japan,Haruhiko,male,100,41
Massimiliano,UK,Massimiliano,male,99,13500
Kwan,China,Kwan,male,83,18
Chunji,China,Chunji,female,56,16
Keigo,Japan,Keigo,male,100,116
Jie,China,Jie,male,63,867
Abolghasem,USA,Abolghasem,male,75,4
Can,China,Can,male,71,107
Qi-Jun,China,Jun,male,83,1190
Jing,USA,Jing,female,76,249
Kosuke,Japan),Kosuke,male,99,286
Tianyu,UK,Tianyu,male,85,84
Chun,China,Chun,male,61,148
Andreas,Russia,Andreas,male,100,74
Wenjing,China,Wenjing,female,86,42
Aleksandr,Lithuania,Aleksandr,male,99,172
Minami,Japan,Minami,female,81,137
Srikrishna,Germany,Srikrishna,male,99,116
Sajesh,Australia,Sajesh,male,75,4
Karl,USA,Karl,male,100,2609
Wen-Jie,China,Jie,male,63,867
Hamish,Australia,Hamish,male,99,145
Hanyong,Canada,Hanyong,male,93,14
Ambika,USA,Ambika,female,100,32
Emma,UK,Emma,female,91,44680
Zijian,USA,Zijian,male,75,4
Jake,UK,Jake,male,98,19342
Xiao-Fang,China,Fang,female,68,564
Qiushui,China,Qiushui,unknown,50,2
Björn,Australia,Björn,male,100,4
Jessica,USA,Jessica,female,99,36554
Angelica,UK,Angelica,female,98,14919
Yannan,China,Yannan,female,83,6
Qiang,China,Qiang,male,98,373
Zhen,China,Zhen,male,68,311
Wei,Germany,Wei,male,61,62
Hiroshi,Japan,Hiroshi,male,99,1448
Shu-Sen,China,Sen,male,86,105
Zhi-Min,USA,Zhi,male,81,58
Jose,USA,Jose,male,99,11929
Bart,Belgium,Bart,male,99,3739
Koji,Japan,Koji,male,99,780
Chenguang,China,Chenguang,male,100,18
Xiao,USA,Xiao,male,62,138
Rosie,Spain,Rosie,female,97,32
Jennifer,USA,Jennifer,female,99,41490
Xin-Ming,Denmark,Xin-Ming,male,70,4351
Sheng,France,Sheng,male,85,13
Rui,China,Rui,male,66,439
Yann,France,Yann,male,98,14337
Shou-Guo,China,Shou,male,91,11
Benxiang,China,,,,
Yun-Hai,China,Hai,male,85,184
Ping,USA,Ping,male,56,90
Ren-Rong,China,Ren,male,62,182
Qin,Germany,Qin,unknown,50,4
Manuel,Spain,Manuel,male,99,38516
Benjamin,UK,Benjamin,male,99,50718
J,USA,,,,
Abhinandan,Germany,Abhinandan,male,100,547
Longlu,USA,,,,
Bo,USA,Bo,male,91,1184
Irene,Italy,Irene,female,99,5385
Xun,USA,Xun,male,75,12
Song,USA,Song,male,100,74
Amanda,Italy,Amanda,female,98,1194
Avishai,Israel,Avishai,male,98,41
Kun,Germany,Kun,male,85,20
Shenglai,Switzerland,Shenglai,male,100,4
Yuta,Japan,Yuta,male,100,747
So,Korea,So,female,58,3437
Qingquan,Germany,Qingquan,male,100,5
Julie,USA,Julie,female,99,14484
Jiangman,USA,,,,
Kevin,USA,Kevin,male,100,35080
Toshifumi,Japan,Toshifumi,male,100,38
Thomas-Xavier,France,Xavier,male,99,14211
Nina,"South Korea",Nina,female,100,61
Michael,Canada,Michael,male,100,4889
Carlos,Spain,Carlos,male,99,64701
Ricardo,Germany,Ricardo,male,98,1176
Dongjoon,USA,Dongjoon,male,75,4
Werner,University,Werner,male,99,7865
Chuantian,China,Chuantian,male,75,4
Nonappa,Finland,,,,
Judit,Spain,Judit,female,99,1480
Felix,Germany,Felix,male,99,4905
Elango,USA,Elango,male,100,16
Han,Germany,Han,male,81,114
Yinhua,Singapore,Yinhua,female,93,41
F,USA,,,,
Duan-Jian,USA,Jian,male,84,124
Nathan,USA,Nathan,male,100,13599
James,UK,James,male,99,131879
Jia-Liang,USA,Liang,male,87,106
Frederik,Germany,Frederik,male,100,454
Leonardus,Germany,Leonardus,male,100,102
Jean-Pierre,Finland,Jean,male,100,32
Daniel,Germany,Daniel,male,99,22784
Yuwei,Italy,Yuwei,male,58,83
Areetha,Singapore,,,,
Hyun-Joo,China,Hyun,male,72,18
Philip,Germany,Philip,male,100,1265
Ursula,Germany,Ursula,female,99,2589
Johanna,Germany,Johanna,female,98,1282
Yongxing,USA,Yongxing,male,100,5
Florian,France,Florian,male,99,18108
Heiko,Germany,Heiko,male,83,5136
Hua,Switzerland,Hua,male,52,891
Yuya,Japan,Yuya,male,100,423
Eden,Israel,Eden,female,65,117
Douglas,Canada,Douglas,male,100,411
Naokazu,Japan,Naokazu,male,100,6
Yongjin,China,Yongjin,male,100,7
Zhongshu,Switzerland,Zhongshu,male,80,5
Martin,Poland,Martin,male,99,740
Gleb,Germany,Gleb,male,100,21
Cong,China,Cong,male,78,135
Chang,Canada,Chang,male,81,21
Xiang-Yu,Finland,Xiang,male,75,4
Vijay,USA,Vijay,male,99,652
Naoki,Japan,Naoki,male,100,826
Alex,Germany,Alex,male,93,13090
Serhii,Switzerland,Serhii,male,99,106
Danyang,"South Korea",Danyang,male,61,18
Gaël,USA,Gaël,male,89,9
Dayne,Australia,Dayne,male,100,17
Robbert,Russia,Robbert,male,75,4
Kaiwu,Germany,,,,
Minh,USA,Minh,male,87,379
Stéphanie,Belgium,Stéphanie,female,98,1345
Kai,Germany,Kai,male,99,5784
Fengjiao,China,Fengjiao,female,100,3
Martin,Germany,Martin,male,99,14619
Daniel,Austria,Daniel,male,99,2748
Haoli,China,Haoli,unknown,50,4
Yanyong,China,Yanyong,male,67,3
Rubén,UK,Rubén,male,99,4550
Heping,China,Heping,male,90,10
Qiang-Shuai,China,Qiang,male,98,373
Magnus,UK,Magnus,male,99,5496
Xin,USA,Xin,male,63,194
David,USA,David,male,100,65535
Yoshihiko,Japan,Yoshihiko,male,100,102
Wei,UK,Wei,male,73,4003
Yun-Hai,China,Hai,male,85,184
Kohei,Japan,Kohei,male,99,359
Zhen,China,Zhen,male,68,311
Akira,Japan,Akira,male,97,1276
Zhi-Yun,China,Zhi,male,80,154
Jan,Germany,Jan,male,99,10566
Su,Korea,Su,female,70,4242
Carolina,USA,Carolina,female,95,1684
Jindřich,"Czech Republic",Jindřich,male,99,714
Xiaofei,China,Xiaofei,male,59,70
Kirsi,Canada,Kirsi,female,75,4
Markus,Australia,Markus,male,100,37
Marcel,Germany,Marcel,male,99,13238
Marco,USA,Marco,male,99,2827
Moritz,UK,Moritz,male,99,1782
Yusuke,Japan,Yusuke,male,100,1088
Quang,USA,Quang,male,98,138
Iñigo,UK,Iñigo,male,99,1763
Christopher,USA,Christopher,male,100,26017
Kenta,Japan,Kenta,male,100,583
Chaoying,China,Chaoying,female,60,5
Ryan,Canada,Ryan,male,99,2741
Shuo,China,Shuo,male,77,122
Angel,Japan,Angel,male,100,27062
Martin,Australia,Martin,male,100,601
Julian,Germany,Julian,male,89,4005
Yuanjun,China,Yuanjun,male,80,10
Hongcai,USA,Hongcai,male,100,3
Xin,USA,Xin,male,63,194
Stefanie,Germany,Stefanie,female,98,5659
Iliya,Russia,Iliya,male,99,74
Hai-Ying,China,Ying,female,86,923
Matthew,USA,Matthew,male,100,30646
Cristina,UK,Cristina,female,98,70974
Ulrike,Germany,Ulrike,female,86,2849
Shrivats,India,Shrivats,male,100,8
Keith,UK,Keith,male,98,21035
Niklas,France,Niklas,male,100,30
Alexandra,Germany,Alexandra,female,98,3713
Koki,Japan,Koki,male,100,179
Xiaolong,USA,Xiaolong,male,100,12
Liang,USA,Liang,male,87,106
Masahito,Japan,Masahito,male,100,48
Eszter,USA,Eszter,female,100,21
Gia,Spain,Gia,female,69,32
Ji-Rong,Japan,Rong,female,67,3
Heike,Germany,Heike,female,98,4368
Kenta,Germany,Kenta,male,100,3
Yang,Switzerland,Yang,unknown,50,10
Poulami,Germany,Poulami,female,99,201
Hyounmyung,USA,,,,
Sanjog,France,Sanjog,male,97,173
Rui,Sweden,Rui,male,91,11
Alexander,Germany,Alexander,male,98,11884
Guohua,China,Guohua,female,53,36
Kazutaka,Japan,Kazutaka,male,99,77
Ming,USA,Ming,male,73,237
Milan,India,Milan,male,96,1446
Wei,Canada,Wei,male,72,71
Marielle,Switzerland,Marielle,female,100,35
Wen,China,Wen,female,52,563
Eduard,Russia,Eduard,male,100,444
Christopher,UK,Christopher,male,99,55041
Antonius,Germany,Antonius,male,98,46
Jie,China,Jie,male,63,867
Ryo,Japan,Ryo,male,98,2022
Yu,USA,Yu,male,64,274
Karel,Germany,Karel,male,95,93
Kaiwu,China,,,,
Muhammad,Israel,Muhammad,male,98,84
Rui,China,Rui,male,66,439
Bo,China,Bo,male,88,316
Wei,Australia,Wei,male,67,39
Peng,Japan,Peng,male,75,16
Gurudas,Japan,Gurudas,male,100,77
Dana,UK,Dana,female,91,29276
Anne,USA,Anne,female,99,5550
Xiaolong,China,Xiaolong,male,100,93
Zachariah,"Republic of Korea",Zachariah,male,100,8876
Siyu,Canada,Siyu,female,67,3
Gongming,China,Gongming,male,75,4
Thangavelu,France,Thangavelu,male,100,20
Marc,Germany,Marc,male,100,7914
Lei,China,Lei,male,77,1080
Jiawang,China,Jiawang,male,100,4
Masahiro,Japan,Masahiro,male,100,703
Dominic,UK,Dominic,male,98,9763
Hucheng,China,Hucheng,male,100,5
Christopher,Germany,Christopher,male,99,3075
Maarten,Netherlands,Maarten,male,99,2087
Bruno,USA,Bruno,male,100,3887
Mária,Hungary,Mária,female,99,4741
Satyajit,Germany,Satyajit,male,75,4
Ioana,Germany,Ioana,female,95,55
Sean,UK,Sean,male,99,37072
Gabriel,Russia,Gabriel,male,96,106
Janina,Australia,Janina,female,100,11
Yunxia,China,Yunxia,female,92,13
Mohand,USA,Mohand,male,85,13
Jiawei,China,Jiawei,male,80,54
Qiangqiang,Germany,Qiangqiang,male,100,5
Hejia,USA,Hejia,male,75,4
Chun-Wei,USA,Chun-Wei,male,80,5
Sebastian,USA,Sebastian,male,99,1962
Sourov,Finland,Sourov,male,100,66
Jun-Hao,China,Hao,male,89,723
Tran,France,Tran,male,63,103
Penghao,USA,Penghao,male,100,4
Ruo-Can,China,Ruo,male,80,5
Ye,China,Ye,male,68,196
Jinyu,China,Jinyu,female,56,32
Oishika,USA,Oishika,female,75,4
Johannes,Germany,Johannes,male,99,3611
Astha,China,Astha,female,75,4
Peng,USA,Peng,male,91,133
Weimin,USA,Weimin,male,90,10
Christos,France,Christos,male,100,26
Sarah,Germany,Sarah,female,98,9213
Guangwu,Singapore,Guangwu,male,75,4
Xiaofeng,Germany,Xiaofeng,unknown,50,2
Brian,USA,Brian,male,100,40133
Zhixue,Korea,Zhixue,male,75,4
Shiyao,Japan,Shiyao,male,75,8
Wei,China,Wei,male,76,1859
Hui,USA,Hui,female,51,102
Zhijian,Germany,Zhijian,male,96,27
Samir,ROC,Samir,male,98,46586
Yi-Ru,Taiwan,Ru,female,57,21
Yan-Long,China,Yan,female,69,1535
Qing,USA,Qing,unknown,50,62
Alfredo,Spain,Alfredo,male,99,5123
Bijoy,"Republic of Korea",Bijoy,male,99,633
Wenjing,Germany,Wenjing,female,100,5
Titel,USA,Titel,male,75,57
Nicolai,USA,Nicolai,male,100,42
Naoki,Japan,Naoki,male,100,826
Sanghyuk,Germany,Sanghyuk,male,75,4
Kaiwu,Germany,,,,
Soichiro,Japan,Soichiro,male,100,69
Kolle,USA,Kolle,female,75,4
Marie,Germany,Marie,female,93,6817
Miao,China,Miao,female,60,194
Qiu-Ju,Singapore,Qiu,female,63,8
Jin,China,Jin,male,61,856
Hideto,Japan,Hideto,male,100,81
Liangbing,China,Liangbing,male,75,4
Jens,Germany,Jens,male,99,9230
Chaolumen,Japan,,,,
Xi,Germany,Xi,male,63,16
Jian,USA,Jian,male,84,124
Shigeki,Japan,Shigeki,male,100,108
Hao,Switzerland,Hao,male,80,5
Qiming,China,Qiming,male,95,19
Daeok,Korea,Daeok,male,75,4
Gao-Feng,USA,Feng,male,84,104
Tsung-Han,USA,Tsung,male,100,4
Zhongpeng,China,Zhongpeng,male,75,4
Kai,China,Kai,male,95,430
Fei,China,Fei,male,69,629
Yu,China,Yu,male,73,664
Eva-Maria,Germany,Eva-Maria,female,99,344
Bing,China,Bing,male,71,379
Feijie,Canada,Feijie,male,100,4
Colin,USA,Colin,male,100,3986
Enol,Spain,Enol,male,96,55
Philipp,France,Philipp,male,100,85
Xiyue,USA,Xiyue,female,75,4
Meng,Canada,Meng,male,57,14
Niklas,Finland,Niklas,male,100,159
Ning,Germany,Ning,female,58,12
Minghao,China,Minghao,male,100,28
Tao,China,Tao,male,89,751
Pingwei,China,Pingwei,male,75,4
Tatsuya,"Saudi Arabia",Tatsuya,male,99,739
Philipp,Germany,Philipp,male,99,5871
Lichen,Japan,Lichen,male,75,4
Ze-Yu,China,Ze,male,93,30
Bin,USA,Bin,male,83,140
Sergio,Italy,Sergio,male,99,14402
Arnaud,France,Arnaud,male,99,20152
Yinshi,China,Yinshi,female,95,21
Olena,Germany,Olena,female,100,25
Chongqing,China,Chongqing,female,75,4
Guigao,China,Guigao,male,75,4
Qiuyuan,China,Qiuyuan,female,75,4
Graham,USA,Graham,male,98,1457
Chunxian,USA,Chunxian,female,60,5
Tomonari,Japan,Tomonari,male,100,29
Qiwei,China,Qiwei,male,100,11
Helen,UK,Helen,female,98,23138
Patrick,USA,Patrick,male,100,18462
Anja,Belgium,Anja,female,98,797
Wenxian,China,Wenxian,unknown,50,6
Anass,UK,Anass,male,97,3926
Gavin,USA,Gavin,male,99,1594
Chiyoung,"South Korea",Chiyoung,male,75,8
Veronika,"Czech Republic",Veronika,female,99,18973
Min,China,Min,female,56,572
Christian,Spain,Christian,male,100,48300
Xun,China,Xun,male,79,91
Wuyu,China,Wuyu,male,63,8
Sebastian,Germany,Sebastian,male,100,13809
Lukas,Finland,Lukas,male,100,8
Paolo,Switzerland,Paolo,male,99,527
Fuzhuo,China,,,,
Brett,Australia,Brett,male,99,686
Antonio,Spain,Antonio,male,99,60132
Allison,Germany,Allison,female,86,35
Bo,China,Bo,male,88,316
Zhen,China,Zhen,male,68,311
Bo,China,Bo,male,88,316
Chong,China,Chong,male,75,110
Yuko,Japan,Yuko,female,99,513
Jun,China,Jun,male,83,1190
Tao,Russia,Tao,male,86,7
Bernhard,Germany,Bernhard,male,98,3134
Korwin,Germany,Korwin,male,75,4
Wangcheng,USA,Wangcheng,male,100,5
Geert,Belgium,Geert,male,98,2062
Keiki,Japan,Keiki,male,91,11
Jingsan,China,,,,
Yi-Hung,Japan,Hung,male,100,16
Joseph,Germany,Joseph,male,99,432
Yazhi,Canada,Yazhi,female,83,6
Qianming,USA,,,,
Daniel,USA,Daniel,male,100,35866
Miao,Japan,Miao,unknown,50,2
Jacopo,Belgium,Jacopo,male,100,3
Karina,Israel,Karina,female,95,39
Giacomo,Spain,Giacomo,male,99,88
Roderich,Germany,Roderich,male,100,19
Yecan,China,,,,
Nicole,USA,Nicole,female,98,19219
Jing,USA,Jing,female,76,249
Huifeng,"Saudi Arabia",Huifeng,male,82,11
Christoph,Germany,Christoph,male,100,5773
Heejae,"Republic of Korea",Heejae,male,71,48
Yan,China,Yan,female,69,1535
Lin,Sweden,Lin,female,80,44
Andy,Switzerland,Andy,male,97,1043
Stephanie,Austria,Stephanie,female,99,185
Bartosz,Ireland,Bartosz,male,98,54
Xinqi,USA,Xinqi,female,57,7
Janakiram,Norway,Janakiram,male,100,88
Christoph,Germany,Christoph,male,100,5773
Yoshiteru,Japan,Yoshiteru,male,100,22
Subrata,Israel,Subrata,male,99,1458
Zhifeng,USA,Zhifeng,male,100,4
Zhen,China,Zhen,male,68,311
Claudia,Germany,Claudia,female,95,8413
Monu,Germany,Monu,male,100,8
Jing,China,Jing,female,78,1267
Hirotsugu,Japan,Hirotsugu,male,100,30
A,Spain,,,,
Laura,Switzerland,Laura,female,97,1577
Thomas,Denmark,Thomas,male,100,2294
Allyssa,Sweden,Allyssa,female,100,3685
Tsukasa,Japan,Tsukasa,male,90,133
Vincent,France,Vincent,male,98,32067
Yujin,Germany,Yujin,female,67,3
Nadja,Germany,Nadja,female,99,1668
Osama,Germany,Osama,male,99,76
Qichen,China,Qichen,male,100,5
Anxiang,China,Anxiang,female,75,4
Yuan,USA,Yuan,male,57,152
Valeryia,"Czech Republic",Valeryia,female,86,7
Yun,Switzerland,Yun,female,80,5
John,USA,John,male,100,65535
Zheng-Jian,China,Jian,male,93,610
Shuang,Singapore,Shuang,female,75,4
Mengxiao,USA,Mengxiao,male,75,4
Francesca,Spain,Francesca,female,99,537
Xingxing,China,Xingxing,male,55,40
Sergiy,México,Sergiy,male,99,665
Juanjuan,Singapore,Juanjuan,female,75,4
Yan-Cong,Belgium,Yan,male,94,120
Soren,China,Soren,male,100,3
Tingting,China,Tingting,female,99,193
Eric,France,Eric,male,99,42701
Vanessa,USA,Vanessa,female,98,7167
Luca,Ireland,Luca,male,97,62
Serena,Spain,Serena,female,99,279
Jeffrey,Canada,Jeffrey,male,100,489
Qiuming,Canada,Qiuming,male,75,4
Nayan,Japan,Nayan,male,75,4
Subrata,Germany,Subrata,male,75,4
Pauline,UK,Pauline,female,96,26196
Hirokazu,Japan,Hirokazu,male,100,209
Sarah,USA,Sarah,female,99,32394
Rickdeb,China,Rickdeb,male,75,4
Melodi,Great,Melodi,female,89,314
Juhyeon,"Republic of Korea",Juhyeon,male,68,19
Teng-Yi,Taiwan,Teng,male,56,25
Giulia,Italy,Giulia,female,99,27083
Na,China,Na,female,92,72
Huifeng,"Saudi Arabia",Huifeng,male,82,11
Jiaming,Switzerland,Jiaming,male,90,70
Quentin,USA,Quentin,male,100,8850
Keita,Japan,Keita,male,99,384
Sopan,India,Sopan,male,99,122
Yinsong,China,Yinsong,male,75,4
Kyuchul,Canada,Kyuchul,male,100,7
Marie-Emmanuelle,UK,Marie-Emmanuelle,female,100,32
Ki-Tae,Korea,Ki-Tae,male,100,12
Kishore,Germany,Kishore,male,100,4
Diogo,Switzerland,Diogo,male,99,196
Hang,USA,,,,
Evan,USA,Evan,male,98,6584
Yoshiyuki,Japan,Yoshiyuki,male,100,258
Mei,UK,Mei,female,89,2342
Wangqing,Switzerland,Wangqing,male,67,6
Youqing,China,Youqing,female,75,4
Maxime,Italy,Maxime,male,87,53
C,UK,,,,
Wei,Singapore,Wei,male,80,153
Bo,China,Bo,male,88,316
Dimitris,Greece,Dimitris,male,99,9754
Chongqing,Germany,Chongqing,female,75,4
Takashi,Japan,Takashi,male,99,1549
Xiaohu,China,Xiaohu,male,100,27
Tarali,Japan,Tarali,female,100,4
Zi-Yu,China,Yu,male,73,664
Ronny,Germany,Ronny,male,99,3351
Maksymilian,Austria,Maksymilian,male,75,4
Xi-Jia,China,Xi,male,58,149
Takao,Japan,Takao,male,98,205
Kun,Germany,Kun,male,85,20
Nicolas,Switzerland,Nicolas,male,99,1424
Jongwoo,USA,Jongwoo,male,100,6
Li,USA,Li,female,50,359
Changliang,Singapore,Changliang,male,100,9
Ning,China,Ning,male,61,378
Florian,USA,Florian,male,99,159
Jegadesan,Australia,Jegadesan,male,100,4
Ji,USA,Ji,male,59,90
Jerome,USA,Jerome,male,100,1674
Luca,Italy,Luca,male,100,65535
Alexander,UK,Alexander,male,99,56237
Martine,UK,Martine,female,97,26046
Bo,China,Bo,male,88,316
Anup,Germany,Anup,male,100,5
Shengtong,Germany,Shengtong,male,75,4
Takanori,Korea,Takanori,male,99,257
Marion,France,Marion,female,96,18341
Lara,Germany,Lara,female,97,1547
Han,China,Han,male,67,533
Bingbing,China,Bingbing,female,72,54
Erik,USA,Erik,male,100,6437
Alessio,France,Alessio,male,99,138
Alicia,USA,Alicia,female,99,6852
T,USA,,,,
Bo,China,Bo,male,88,316
Ricardo,Spain,Ricardo,male,99,9427
Jing,China,Jing,female,78,1267
Daniel,Germany,Daniel,male,99,22784
Mathieu,France,Mathieu,male,99,23066
Christina,Germany,Christina,female,83,9175
Pengju,China,Pengju,male,75,4
Dimitri,Germany,Dimitri,male,100,360
Sin,China,Sin,male,87,31
Bernhard,Germany,Bernhard,male,98,3134
Mondo,Japan,Mondo,male,100,4
Saifang,Japan,Saifang,male,75,4
Peilei,Singapore,Peilei,female,67,3
Qin,Germany,Qin,unknown,50,4
Eduardo,Brazil,Eduardo,male,100,13431
Weidong,Switzerland,Weidong,male,99,77
Ricardo,Israel,Ricardo,male,100,38
Xiangbin,China,Xiangbin,male,100,5
Li-Xue,China,Xue,female,74,300
Ping,China,Ping,female,57,434
Fanglin,USA,Fanglin,female,63,8
Ryota,China,Ryota,male,75,4
Zhenbo,USA,Zhenbo,male,75,4
Tim,Germany,Tim,male,99,7477
Yi,China,Yi,male,73,459
Ángel,UK,Ángel,male,98,2337
Nurbey,Poland,Nurbey,male,100,5
Stephan,Germany,Stephan,male,98,6568
Wujun,China,Wujun,male,71,7
Dilip,Korea,Dilip,male,99,5230
Erin,USA,Erin,female,97,12801
David,USA,David,male,100,65535
Elena,Netherlands,Elena,female,98,235
Lingying,China,Lingying,female,67,3
Bijandra,USA,Bijandra,male,75,4
Javix,Canada,Javix,male,100,13
Julius,Croatia,Julius,male,75,4
Weichun,Netherlands,Weichun,male,77,13
Xin,USA,Xin,male,63,194
Hiu,Australia,Hiu,female,75,4
Jonathan,UK,Jonathan,male,99,84386
Keisuke,Japan,Keisuke,male,100,723
Jiasheng,Canada,Jiasheng,male,93,15
Muhammet,Japan,Muhammet,male,100,4
Ying,China,Ying,female,86,923
Adrian,Germany,Adrian,male,99,2156
Yunteng,USA,Yunteng,male,75,4
Chengcheng,China,Chengcheng,female,53,36
Maria,Spain,Maria,female,100,65535
Dake,USA,Dake,male,83,6
Soichi,Japan,Soichi,male,100,29
Hongwen,China,Hongwen,male,75,4
Jonathan,USA,Jonathan,male,100,21578
Mattia,Japan,Mattia,male,100,6
Martin,UK,Martin,male,98,139211
Qi,China,Qi,male,73,234
Abhijit,UK,Abhijit,male,100,3960
Youwei,Germany,Youwei,male,75,4
Prithankar,India,Prithankar,male,75,4
Youai,Sweden,,,,
Ludger,Cuba,Ludger,male,99,294
Markus,Germany,Markus,male,99,15230
Yang,USA,Yang,male,69,340
Lukas,Canada,Lukas,male,100,61
Xi-Jie,Canada,Jie,male,67,18
Benjamin,Germany,Benjamin,male,100,5256
Jiamei,China,Jiamei,female,67,6
Ciaran,UK,Ciaran,male,97,1096
Mauricio,USA,Mauricio,male,100,1064
Emily,Canada,Emily,female,98,1039
Sukdev,India,Sukdev,male,100,29
Hong,USA,Hong,female,53,198
Mike,Germany,Mike,male,99,7927
Keita,Japan,Keita,male,99,384
Qianru,USA,Qianru,female,75,4
Philip,USA,Philip,male,100,5264
Rickdeb,"Saudi Arabia",Rickdeb,male,75,4
Ji,Germany,Ji,male,53,32
Kazuki,Japan,Kazuki,male,99,657
Dong,USA,Dong,male,91,136
Masanori,Japan,Masanori,male,100,259
Nir,Japan,Nir,male,75,4
Giulia,Japan,Giulia,female,100,5
Shaohua,USA,Shaohua,male,100,3
Dan,China,Dan,female,56,578
Christopher,Japan,Christopher,male,100,127
Ke,China,Ke,male,84,144
Thomas,"Saudi Arabia",Thomas,male,99,91
Dorus,Netherlands,Dorus,male,98,53
Bobo,USA,Bobo,male,84,56
Feng,China,Feng,male,82,850
Rosa,Germany,Rosa,female,97,619
Mira,Lebanon,Mira,female,98,392
Daniel,USA,Daniel,male,100,35866
Michael,Germany,Michael,male,100,30913
Robert,Germany,Robert,male,99,8458
Justin,USA,Justin,male,100,25338
Christian,Netherlands,Christian,male,100,48300
Jian,China,Jian,male,93,610
Tomoya,Australia,Tomoya,male,75,4
Michal,Israel,Michal,female,97,333
Thomas,France,Thomas,male,98,35110
Zhizeng,Canada,,,,
Eric,Netherlands,Eric,male,99,2451
Luca,Spain,Luca,male,94,707
Xiaona,China,Xiaona,female,100,10
Walter,Germany,Walter,male,81,2941
Heejeong,"Republic of Korea",Heejeong,female,90,31
Yiting,Spain,Yiting,female,75,4
Thorsten,Germany,Thorsten,male,99,4876
Frederik,USA,Frederik,male,98,46
John,UK,John,male,99,219085
Zhixiong,Germany,Zhixiong,male,100,7
Xingfeng,USA,Xingfeng,male,75,4
Qiqiang,China,Qiqiang,male,75,4
Franziska,Germany,Franziska,female,98,2591
Sarah,UK,Sarah,female,98,127402
Indranil,Germany,Indranil,male,100,589
Shu-Shan,UK,Shu-Shan,male,71,5234
Marli,France,Marli,female,92,13
Pan,China,Pan,male,64,299
Lei-Min,USA,Lei,male,57,231
Mario,Germany,Mario,male,99,7876
Sander,Netherlands,Sander,male,99,3223
Yang,USA,Yang,male,69,340
Liang-Wen,China,Liang,male,82,742
Sarah,Japan,Sarah,female,98,170
Min,China,Min,female,56,572
Youdong,China,Youdong,male,80,5
Silja,Germany,Silja,female,98,40
Claire,Australia,Claire,female,99,397
Sixiang,USA,Sixiang,male,75,4
Lei,China,Lei,male,77,1080
Jian-Fang,China,Jian,male,93,610
Eva,Kingdom,Eva,female,98,79421
Suhua,UK,Suhua,female,80,10
Li-Cheng,Singapore,Cheng,male,74,87
Yongseok,Japan,Yongseok,male,100,43
Akihiro,Japan,Akihiro,male,100,349
Abbas,Germany,Abbas,male,97,207
Xiangcheng,USA,Xiangcheng,male,100,3
Sehoon,"South Korea",Sehoon,male,98,43
Christoph,Singapore,Christoph,male,100,5
Jingfu,Canada,Jingfu,male,86,7
Alexandre,Japan,Alexandre,male,99,250
Franziska,Germany,Franziska,female,98,2591
Sang-Beom,"Republic of Korea",Sang-Beom,male,88,2501
Tomoya,Japan,Tomoya,male,100,286
Colin,USA,Colin,male,100,3986
Xiangzhao,Singapore,,,,
Pablo,Netherlands,Pablo,male,99,279
Guanfeng,Singapore,Guanfeng,male,100,5
Ashok,USA,Ashok,male,100,281
Judith,Liechtenstein,Judith,female,75,4
Ross,Spain,Ross,female,67,231
Ke-Han,China,Ke,male,84,144
Vuk,France,Vuk,male,100,13
Marta,Spain,Marta,female,98,27058
Julie,Spain,Julie,female,99,437
Binju,Israel,Binju,unknown,50,12
Thomas,Germany,Thomas,male,99,27141
Jana,Germany,Jana,female,98,4230
Xingxing,China,Xingxing,male,55,40
Kazuhiro,Japan,Kazuhiro,male,100,388
Rubén,UK,Rubén,male,99,4550
Narayan,India,Narayan,male,99,1374
Patrick,Germany,Patrick,male,99,14512
Taisei,France,Taisei,male,100,40
Wen,Germany,Wen,female,54,26
Shohei,Japan,Shohei,male,100,267
James,"Republic of Korea",James,male,99,131879
V,China,,,,
Huifeng,China,Huifeng,male,80,10
Hannah,UK,Hannah,female,99,20781
Matt,Canada,Matt,male,100,1837
Jun,China,Jun,male,83,1190
Yin,China,Yin,male,51,318
Laura,Spain,Laura,female,98,36972
Xiang,China,Xiang,male,76,414
Bocheng,China,Bocheng,male,100,3
T,USA,,,,
Huan,China,Huan,male,60,190
A,USA,,,,
Chenggen,USA,Chenggen,male,100,6
Oleg,Russia,Oleg,male,100,4791
Paula,Japan,Paula,female,98,118
Shaodong,China,Shaodong,male,100,4
Jin-Xian,China,Jin,male,61,856
Clément,Canada,Clément,male,100,45
Xingcen,China,,,,
Thomas,Germany,Thomas,male,99,27141
Zuhai,China,Zuhai,male,75,4
Long,China,Long,male,100,89
Pei-Chang,Taiwan,Pei,female,90,128
Xiachang,USA,,,,
Yuan,Japan,Yuan,male,71,14
Tsukasa,Japan,Tsukasa,male,90,133
Lihan,Japan,Lihan,female,75,4
Joshua,Australia,Joshua,male,100,748
Michael,Germany,Michael,male,100,30913
Beate,Netherlands,Beate,female,100,20
Claire,USA,Claire,female,99,3578
Zhijun,China,Zhijun,male,97,33
Andong,China,Andong,male,100,6
Manas,USA,Manas,male,95,37
Zhen,USA,Zhen,male,76,62
Raúl,Spain,Raúl,male,99,3563
Ning,China,Ning,male,61,378
Haokun,China,Haokun,male,83,6
Zhong,China,Zhong,male,68,185
Christoph,Germany,Christoph,male,100,5773
Ben,China,Ben,male,98,774
Atanu,India,Atanu,male,100,629
Mijoon,USA,,,,
Jian,China,Jian,male,93,610
Dongtao,China,Dongtao,male,100,4
Takumi,Japan,Takumi,male,99,389
Ning,China,Ning,male,61,378
Christian,Germany,Christian,male,100,86
Kerstin,Germany,Kerstin,female,98,5322
Daniel,Germany,Daniel,male,99,22784
Naiwrit,India,Naiwrit,male,75,4
Shiming,China,Shiming,male,100,12
Shlomy,Denmark,Shlomy,male,100,15
Alistair,USA,Alistair,male,95,110
Zhengwen,UK,Zhengwen,male,100,4
Mario,Italy,Mario,male,99,43430
Narayan,Germany,Narayan,male,100,5
Zhi-Jun,Germany,Zhi,male,100,5
Hidenori,Japan,Hidenori,male,100,81
Lucie,Ireland,Lucie,female,96,53
Nehru,Ireland,Nehru,male,96,93
Cuihong,China,Cuihong,female,75,4
Kunfang,China,Kunfang,male,75,4
Yuxuan,China,Yuxuan,male,68,37
Yuta,Japan,Yuta,male,100,747
Trish,USA,Trish,female,99,1602
Donato,USA,Donato,male,100,63
Su,"Republic of Korea",Su,female,70,4242
Mike,Germany,Mike,male,99,7927
Friederike,Germany,Friederike,female,99,261
Xiaoqing,France,Xiaoqing,female,75,4
Johannes,Germany,Johannes,male,99,3611
Marcel,USA,Marcel,male,99,4249
Junfeng,France,Junfeng,male,93,45
Wei,China,Wei,male,76,1859
Song,China,Song,male,100,74
Wilhelm,Germany,Wilhelm,male,98,764
Brenda,Netherlands,Brenda,female,98,686
Kota,Korea,Kota,male,86,594
Tamas,Japan,Tamas,male,96,1457
Seung,Korea,Seung,male,93,447
Shoichi,Japan,Shoichi,male,100,125
Takuya,Japan,Takuya,male,100,1004
Mark,Denmark,Mark,male,100,48064
Patrick,Spain,Patrick,male,98,819
Sri,USA,Sri,male,63,201
Rui,"Czech Republic",Rui,male,100,6
Masato,Japan,Masato,male,100,530
Rene,Germany,Rene,male,99,5907
Maha,France,Maha,female,83,129
Dinghai,China,Dinghai,male,75,4
Barry,USA,Barry,male,100,3714
Paramita,Japan,Paramita,female,75,4
Ying,USA,Ying,female,85,200
Midori,Japan,Midori,female,92,201
Kim,Spain,Kim,male,66,448
Akira,Japan,Akira,male,97,1276
Yuan,USA,Yuan,male,57,152
Shun-Suke,Japan,Shun,male,99,555
Danielle,Japan,Danielle,female,98,42
Pablo,Germany,Pablo,male,99,587
Yue,China,Yue,female,54,508
Zhixiong,Germany,Zhixiong,male,100,7
Matthew,USA,Matthew,male,100,30646
Xiao-Qiang,China,Qiang,male,98,373
Beibei,China,Beibei,female,83,81
Theo,Germany,Theo,male,98,729
Jinxing,USA,Jinxing,male,75,4
Jeremy,USA,Jeremy,male,100,16054
Naoki,Japan,Naoki,male,100,826
Thomas,Austria,Thomas,male,100,4185
Yiyang,UK,Yiyang,male,61,46
Bu,Singapore,Bu,male,67,3
Mimi,Germany,Mimi,female,89,625
Chengzhang,Germany,Chengzhang,male,75,4
Yahui,UK,Yahui,female,71,42
Saibal,India,Saibal,male,100,111
Ana,UK,Ana,female,97,141747
Luca,Germany,Luca,male,97,1351
Dainis,Austria,Dainis,male,99,192
Christian,UK,Christian,male,100,48300
Wei,Switzerland,Wei,male,94,16
Junnian,China,Junnian,male,75,4
Juli-Anna,USA,Anna,female,99,11850
Fu-Min,China,Fu,male,79,82
David,USA,David,male,100,65535
Junpei,Japan,Junpei,male,100,119
Erez,Germany,Erez,male,75,4
Jae,Korea,Jae,male,76,1609
Jonathan,Germany,Jonathan,male,99,714
Meng,Germany,Meng,male,63,16
Gábor,Italy,Gábor,male,100,9
Wei,Denmark,Wei,female,75,4
Taekyung,UK,Taekyung,male,81,21
Kang,Germany,Kang,male,100,8
Iñaki,Spain,Iñaki,male,99,2569
Wenqian,USA,Wenqian,male,60,5
Xin,USA,Xin,male,63,194
Simona,Italy,Simona,female,98,17193
Florian,Germany,Florian,male,99,9022
Richard,USA,Richard,male,100,24609
Stefanie,Germany,Stefanie,female,98,5659
Junjun,USA,Junjun,male,83,12
Juan,Spain,Juan,male,100,65535
Samuel,Sweden,Samuel,male,99,542
Virginia,Germany,Virginia,female,99,256
Fei-Fei,China,Fei,male,69,629
Falu,China,Falu,male,75,4
Juan,Spain,Juan,male,100,65535
Jinqiang,Canada,Jinqiang,male,100,10
Fenglin,China,Fenglin,male,75,4
Matthew,USA,Matthew,male,100,30646
Rahul,Taiwan,Rahul,male,100,4
Lihao,China,Lihao,male,93,14
Federica,Denmark,Federica,female,75,4
Mingshan,China,Mingshan,male,100,5
Philipp,Germany,Philipp,male,99,5871
Masataka,Japan,Masataka,male,100,134
Hui,Germany,Hui,male,77,47
Biao,USA,Biao,male,80,5
Sven,Spain,Sven,male,97,90
Nils,USA,Nils,male,100,153
Xingliang,China,Xingliang,male,75,4
Xiangmeng,UK,,,,
Abraham,Germany,Abraham,male,98,101
Judit,Spain,Judit,female,99,1480
Shigang,China,,,,
Rafael,Argentina,Rafael,male,100,400
Shinji,Japan,Shinji,male,99,394
Philippe,Canada,Philippe,male,100,719
Xiao,China,Xiao,male,56,757
Niels,Germany,Niels,male,99,418
Alexander,Germany,Alexander,male,98,11884
Matic,Slovenia,Matic,male,99,308
Fupin,Switzerland,,,,
Elizabeth,USA,Elizabeth,female,99,20330
Jianbang,Israel,Jianbang,male,100,5
Haitao,China,Haitao,male,96,90
Monika,Poland,Monika,female,98,31399
Fabian,Russia,Fabian,male,91,23
Subrata,Israel,Subrata,male,99,1458
Haiyan,USA,Haiyan,female,100,12
Corina,Germany,Corina,female,98,414
Jacob,Germany,Jacob,male,96,304
Zhongyan,China,Zhongyan,male,67,6
Nicklas,Germany,Nicklas,male,100,70
Solène,India,Solène,female,98,1239
Dimpy,India,Dimpy,female,69,101
Jian-Siang,Belgium,Jian,male,89,1215
Thorsten,Germany,Thorsten,male,99,4876
Lige,China,Lige,male,60,5
Zhuang,USA,Zhuang,male,100,4
Tomoaki,Japan,Tomoaki,male,100,167
Jinying,USA,Jinying,female,75,4
Tetsuaki,Japan,Tetsuaki,male,100,11
Ze-Peng,China,Ze,male,93,30
Alexandra,Germany,Alexandra,female,98,3713
Derek,Singapore,Derek,male,100,139
Sjoerd,Netherlands,Sjoerd,male,99,881
Li,Germany,Li,female,75,212
Paolo,Germany,Paolo,male,98,471
Yoshiaki,USA,Yoshiaki,male,100,4
Cameron,Finland,Cameron,male,75,4
Matthew,UK,Matthew,male,100,51412
Sébastien,France,Sébastien,male,99,15658
Andrew,UK,Andrew,male,99,82448
Sean,USA,Sean,male,99,17810
John,Switzerland,John,male,99,1369
Jan,Germany,Jan,male,99,10566
Xiao,R.,Xiao,male,53,1772
Mateusz,UK,Mateusz,male,100,24887
Chang-Hong,USA,Chang,male,66,132
Hang-Fei,China,Fei,male,69,629
Chang,USA,Chang,male,66,132
Marta,Denmark,Marta,female,100,47
Stacey,Canada,Stacey,female,93,361
Rossella,Italy,Rossella,female,98,6555
Dirk,Germany,Dirk,male,99,8318
Arindam,Germany,Arindam,male,75,4
Di,Japan,Di,male,93,14
Hiroya,Japan,Hiroya,male,99,84
Meisam,China,Meisam,male,98,620
Laurence,France,Laurence,female,98,15569
Xing,Japan,Xing,male,86,7
Veluru,India,Veluru,male,67,6
He,China,He,male,74,204
Mamoru,Japan,Mamoru,male,99,137
Meng-Yang,Australia,Meng,male,67,12
Yao,USA,Yao,male,65,88
Gang,USA,,,,
Xirui,China,Xirui,female,57,7
Martin,Germany,Martin,male,99,14619
Anirudra,Germany,Anirudra,male,100,14
Wei,China,Wei,male,76,1859
Svenja,Israel,Svenja,female,98,1874
Pablo,France,Pablo,male,99,1253
Zhipeng,USA,Zhipeng,male,100,7
Tao,USA,Tao,male,90,147
Yulei,China,Yulei,male,75,4
Hong,Japan,Hong,male,68,22
Vijayakumar,Japan,Vijayakumar,male,75,4
Yuanchen,USA,Yuanchen,male,77,13
Hui,China,Hui,male,54,700
Ziqing,USA,Ziqing,male,100,4
Tairan,Canada,Tairan,male,75,4
Lin-Song,Japan,Lin,female,56,77
Shikha,India,Shikha,female,98,1917
Fei,USA,Fei,male,61,97
Indrek,Germany,Indrek,male,98,223
Satoshi,Japan,Satoshi,male,100,1038
Zhe,USA,Zhe,male,75,64
Alberto,Italy,Alberto,male,99,23379
Xue-Hui,USA,Xue,female,65,40
Federico,Israel,Federico,male,75,4
Sarah,USA,Sarah,female,99,32394
Arcadio,"Czech Republic",Arcadio,male,75,4
Ning,China,Ning,male,61,378
Hai,China,Hai,male,85,184
Elisabeth,Switzerland,Elisabeth,female,97,308
Zhao,USA,Zhao,male,77,52
Kaluvu,USA,,,,
Riccardo,China,Riccardo,male,100,15
Linda,Germany,Linda,female,98,2611
Daniel,Germany,Daniel,male,99,22784
Kai,Germany,Kai,male,99,5784
William,USA,William,male,100,24483
Huseyin,Canada,Huseyin,male,100,4
Xin,Germany,Xin,male,71,21
Natalia,Germany,Natalia,female,99,902
Shinobu,Japan,Shinobu,male,66,109
Denis,Estonia,Denis,male,98,109
Daniel,Germany,Daniel,male,99,22784
Zhi,China,Zhi,male,80,154
Magnus,Germany,Magnus,male,99,183
David,Germany,David,male,99,10714
Dario,Netherlands,Dario,male,97,99
Charles,USA,Charles,male,100,15822
Russell,UK,Russell,male,99,7800
Helmut,Germany,Helmut,male,98,3338
Ross,UK,Ross,male,91,10276
Xiaoming,Germany,Xiaoming,male,75,4
Susana,Spain,Susana,female,98,11386
Manuel,Switzerland,Manuel,male,99,1661
Helmut,Germany,Helmut,male,98,3338
Libin,China,Libin,male,93,30
K,USA,,,,
Kaitlyn,USA,Kaitlyn,female,99,2554
Kyohei,Japan,Kyohei,male,100,133
Hongwei,Netherlands,Hongwei,male,88,89
Felix,Japan,Felix,male,100,36
Ki,Korea,Ki,male,69,1131
Eva-Maria,Austria,Eva-Maria,female,100,53
Xiaolong,China,Xiaolong,male,100,93
Michael,Germany,Michael,male,100,30913
Naoki,Japan,Naoki,male,100,826
Oliver,Germany,Oliver,male,99,7903
Aslam,India,Aslam,male,100,902
Yuki,Japan,Yuki,male,61,1797
Yao,USA,Yao,male,65,88
Ryota,Japan,Ryota,male,100,574
Do-Hyoung,Korea,Do-Hyoung,male,64,2339
Mao-Sheng,USA,Sheng,male,67,55
Jaehee,USA,Jaehee,female,56,9
Jun,China,Jun,male,83,1190
Togati,India,,,,
Youngwook,"Republic of Korea",Youngwook,male,100,30
Miguel,Germany,Miguel,male,99,897
Xubin,China,Xubin,male,100,9
Vianney,France,Vianney,male,98,434
Holger,UK,Holger,male,99,4992
Akira,Japan,Akira,male,97,1276
Tatsuya,Japan,Tatsuya,male,100,660
Qing-Wei,China,Wei,male,76,1859
Giulio,Germany,Giulio,male,97,79
John,USA,John,male,100,65535
Manabu,Japan,Manabu,male,99,238
Zhou,USA,Zhou,male,68,47
Hangcheng,China,Hangcheng,male,75,4
Yan,China,Yan,female,69,1535
Hong,China,Hong,female,58,636
Weijie,Germany,Weijie,male,87,79
Anne,Germany,Anne,female,98,5064
James,UK,James,male,99,131879
Jürgen,Germany,Jürgen,male,99,7863
Lisi,"Saudi Arabia",Lisi,female,75,4
Sebastian,Switzerland,Sebastian,male,100,387
Rajkumar,ROC,Rajkumar,male,99,3132
Ana,Spain,Ana,female,98,54404
Zhaohui,USA,Zhaohui,male,60,5
Jeffrey,Germany,Jeffrey,male,99,238
Giacomo,Spain,Giacomo,male,99,88
Jason,USA,Jason,male,100,39059
Valentino,Germany,Valentino,male,99,226
Eva,USA,Eva,female,99,2294
Tian,USA,Tian,male,57,81
Chao-Yuan,USA,Chao,male,91,112
Ariane,France,Ariane,female,98,841
Philipp,Germany,Philipp,male,99,5871
Stanley,Canada,Stanley,male,98,119
Chun,"Saudi Arabia",Chun,male,73,905
Hongya,China,Hongya,female,75,4
Bin,Spain,Bin,male,89,19
Jamin,USA,Jamin,male,96,133
Bo,China,Bo,male,88,316
Matthew,USA,Matthew,male,100,30646
Yunbin,Germany,Yunbin,male,83,6
Qunfeng,China,Qunfeng,male,100,5
Wei,China,Wei,male,76,1859
Jinling,Netherlands,Jinling,female,90,31
Peng,China,Peng,male,85,704
Jong-Su,"South Korea",Jong,male,99,355
Moses,UK,Moses,male,99,12280
Jiankang,China,Jiankang,male,75,4
Younan,USA,Younan,male,100,6
Chao-Ze,China,Ze,male,93,30
Hong,China,Hong,female,58,636
Ting,China,Ting,female,81,465
Praveen,Sweden,Praveen,male,83,6
Oleksandr,Germany,Oleksandr,male,100,22
Brandon,France,Brandon,male,99,1468
Roly,UK,Roly,male,86,366
Rafał,Poland,Rafał,male,100,16125
Seong,China,Seong,male,100,5
Simon,Switzerland,Simon,male,99,1626
Jochem,UK,Jochem,male,99,497
Mengyun,Pakistan,Mengyun,female,81,16
Verónica,Spain,Verónica,female,98,1699
Sebastian,Germany,Sebastian,male,100,13809
Juan,France,Juan,male,97,1865
Simon,UK,Simon,male,98,57458
Wenpei,USA,Wenpei,male,100,3
Toni,Germany,Toni,male,97,3962
Huai-Bo,China,Bo,male,88,316
Daniel,USA,Daniel,male,100,35866
Yutao,USA,Yutao,male,75,4
Guohua,China,Guohua,female,53,36
Éric,Canada,Éric,male,100,168
Wen-Bo,China,Bo,male,88,316
Thomas,Germany,Thomas,male,99,27141
Lei,Japan,Lei,male,63,38
Jie,China,Jie,male,63,867
Yuchao,USA,Yuchao,male,75,4
Meera,"Saudi Arabia",Meera,female,100,16
Zi-Shuo,Japan,Zi,unknown,50,4
Yusuke,Japan,Yusuke,male,100,1088
Jinpeng,USA,Jinpeng,male,75,4
Min,China,Min,female,56,572
Eduardo,UK,Eduardo,male,99,50597
Jean-Philippe,Canada,Jean-Philippe,male,100,255
Guorui,China,Guorui,male,83,6
Kasturi,Japan,Kasturi,female,80,339
Tao,China,Tao,male,89,751
Vincent,France,Vincent,male,98,32067
Ester,Spain,Ester,female,98,2204
Guangfeng,Singapore,Guangfeng,male,100,4
Chengwu,Spain,Chengwu,male,100,16
Guodong,Germany,Guodong,male,75,4
Huamin,China,Huamin,male,67,3
Kurt,Finland,Kurt,male,100,19
Jiangtao,Australia,Jiangtao,male,100,28
Fengwang,Australia,,,,
Masayuki,Taiwan,Masayuki,male,99,597
Giorgia,UK,Giorgia,female,99,11501
Weiwei,China,Weiwei,female,63,221
Jos,USA,Jos,male,88,127
Judith,Germany,Judith,female,97,1040
Bo,Sweden,Bo,male,99,529
Ryo,Japan,Ryo,male,98,2022
Yifu,Singapore,Yifu,male,75,4
Matias,Germany,Matias,male,100,61
Dennis,Austria,Dennis,male,97,146
Mareike,Singapore,Mareike,female,98,1038
Yufeng,USA,Yufeng,male,70,10
Zsófia,"Czech Republic",Zsófia,female,75,4
Kwan-Ting,China,Kwan,male,83,18
Zhuo,China,Zhuo,male,77,64
Evgen,Greece,Evgen,male,75,4
Johan,China,Johan,male,98,44
Raphael,Russia,Raphael,male,100,27
J,Germany,,,,
Cai,China,Cai,male,55,204
Hirofumi,Japan,Hirofumi,male,100,157
Matthew,USA,Matthew,male,100,30646
Dapeng,China,Dapeng,male,100,16
Changchun,China,Changchun,male,100,7
Zhipeng,China,Zhipeng,male,100,38
Kim,France,Kim,female,60,1889
María,Germany,María,female,100,35
Pengzuo,China,,,,
Xin,China,Xin,male,62,851
Julia,Germany,Julia,female,98,8793
Shaodong,China,Shaodong,male,100,4
Kayo,Japan,Kayo,female,93,100
Andreas,Germany,Andreas,male,99,21215
Fabio,Spain,Fabio,male,99,1258
Xenia,Hungary,Xenia,female,100,15
Arimasa,Japan,,,,
Alicia,Germany,Alicia,female,98,350
Paola,Israel,Paola,female,100,7
Yunfeng,Canada,Yunfeng,male,75,4
Jun,China,Jun,male,83,1190
Chinatsu,USA,Chinatsu,female,100,6
Anaïs,"South Korea",Anaïs,female,75,4
Aradhana,USA,Aradhana,female,89,9
Kaoru,Japan,Kaoru,male,55,301
Satoshi,Japan,Satoshi,male,100,1038
Yun-Long,China,Yun,female,53,415
Sangen,China,Sangen,male,75,4
Svitlana,USA,Svitlana,female,100,29
Yun,USA,Yun,male,54,104
Fan,Germany,Fan,male,76,34
Laith,China,Laith,male,100,3
Jaap,Netherlands,Jaap,male,98,1997
Vladislav,USA,Vladislav,male,100,56
Xinyi,China,Xinyi,female,80,56
Yvonne,Switzerland,Yvonne,female,99,375
Seok,"South Korea",Seok,male,99,202
Eric,USA,Eric,male,100,31662
Patrick,Germany,Patrick,male,99,14512
Marat,USA,Marat,male,100,46
Huanhuan,"Saudi Arabia",Huanhuan,female,74,31
Christian,Germany,Christian,male,100,86
Andrew,UK,Andrew,male,99,82448
Simon,UK,Simon,male,98,57458
Xu,USA,Xu,male,69,87
Xunshan,China,,,,
Yuichi,Japan,Yuichi,male,100,409
Mahla,Canada,Mahla,female,75,4
Ben,China,Ben,male,98,774
Jens,Germany,Jens,male,99,9230
Tao,USA,Tao,male,90,147
Marcus,Germany,Marcus,male,99,4940
Longin,France,Longin,unknown,50,4
Ze,China,Ze,male,93,30
Chunhui,Netherlands,Chunhui,male,64,39
Moritz,Germany,Moritz,male,99,1375
Antje,Austria,Antje,female,100,19
Lukas,Switzerland,Lukas,male,100,898
Qinghe,China,Qinghe,male,100,8
Mustafa,"Saudi Arabia",Mustafa,male,100,1033
Miguel,Germany,Miguel,male,99,897
Paula,Spain,Paula,female,98,12043
Md,Canada,Md,male,89,19
Julia,UK,Julia,female,97,57688
Yi,UK,Yi,male,61,1397
Christoph,Germany,Christoph,male,100,5773
Stephanie,USA,Stephanie,female,99,24141
Stefan,USA,Stefan,male,100,1196
Felipe,Germany,Felipe,male,99,162
Merle,Germany,Merle,female,93,170
Takuji,Japan,Takuji,male,100,47
Hong-Hao,China,Hao,male,89,723
Barry,USA,Barry,male,100,3714
Camillo,"South Korea",Camillo,male,99,1195
Yongsheng,USA,Yongsheng,male,75,4
Qingquan,Germany,Qingquan,male,100,5
Benjamin,"New Zealand",Benjamin,male,99,85
Susanne,Germany,Susanne,female,98,5764
Francisco,UK,Francisco,male,99,62346
Severin,Germany,Severin,male,92,126
Roopender,Switzerland,Roopender,male,75,4
Mark,USA,Mark,male,100,47989
Natalia,Germany,Natalia,female,99,902
Daniel,"Republic of Korea",Daniel,male,99,257742
Yang,Switzerland,Yang,unknown,50,10
Dang,Germany,Dang,male,88,8
Peter,Germany,Peter,male,99,21321
Demelza,Germany,Demelza,female,75,4
Chia-I,USA,Chia,female,64,33
Kegan,China,Kegan,male,75,4
