"First Name",Country,ga_first_name,ga_gender,ga_accuracy,ga_samples
Horst,Germany,Horst,male,98,3472
Igor,Ukraine,Igor,male,100,3034
Filipe,Germany,Filipe,male,97,144
Jaephil,"South Korea",Jaephil,male,75,4
Musahid,USA,Musahid,male,75,4
Wim,Belgium,Wim,male,99,2222
Jürgen,Germany,Jürgen,male,99,7863
Masahiro,Japan,Masahiro,male,100,703
Hans-Günther,Germany,Hans-Günther,male,100,11
Jian,Singapore,Jian,male,88,34
Jeffrey,Switzerland,Jeffrey,male,100,56
Venkataramanarao,India,Venkataramanarao,male,100,3
Aiwen,China,Aiwen,male,60,10
Yong,China,Yong,male,95,502
Nancy,USA,Nancy,female,99,11346
Markus,Germany,Markus,male,99,15230
Jinxing,China,Jinxing,male,79,19
Matthew,USA,Matthew,male,100,30646
J,USA,,,,
Fernanda,Portugal,Fernanda,female,98,2746
Igor,UK,Igor,male,99,31134
Otto,Germany,Otto,male,96,943
Wolfgang,Germany,Wolfgang,male,99,7880
Leonid,Germany,Leonid,male,100,94
Dietmar,Germany,Dietmar,male,99,1199
Ashutosh,USA,Ashutosh,male,100,81
Benjamin,Germany,Benjamin,male,100,5256
Wenhao,China,Wenhao,male,98,40
John,India,John,male,99,4419
Darren,UK,Darren,male,99,16621
Ive,Switzerland,Ive,male,75,8
Fred,USA,Fred,male,99,4740
Andries,Netherlands,Andries,male,99,289
Hironao,Japan,Hironao,male,100,16
Patrick,France,Patrick,male,98,34424
Huiqi,China,Huiqi,female,75,4
Valery,USA,Valery,female,99,3767
Matthias,Germany,Matthias,male,100,9451
Qi-Lin,China,Qi,male,73,234
Marcin,Poland,Marcin,male,99,41661
Jon,USA,Jon,male,100,12707
Moungi,USA,Moungi,female,75,4
Xinrong,China,Xinrong,male,80,5
Takeo,Japan,Takeo,male,99,131
Bo,Denmark,Bo,male,98,527
Arno,Germany,Arno,male,99,547
Sven,Germany,Sven,male,99,13636
Eiji,Japan,Eiji,male,100,298
Werner,USA,Werner,male,100,105
Richard,USA,Richard,male,100,24609
Hannu,Finland,Hannu,male,100,598
Kuo-Wei,China,Kuo,male,83,24
Paul,USA,Paul,male,100,28746
Weimin,China,Weimin,male,100,31
Richard,UK,Richard,male,99,97659
Kiyotomi,Japan,,,,
Richard,"New Zealand",Richard,male,100,381
Jin-Quan,USA,Quan,male,93,216
Kazuhiko,Japan,Kazuhiko,male,99,170
Scott,USA,Scott,male,100,30644
Mitsuhiko,Japan,Mitsuhiko,male,100,13
Shankar,UK,Shankar,male,100,3938
Jonathan,UK,Jonathan,male,99,84386
Sailing,China,Sailing,male,73,15
Etienne,USA,Etienne,male,93,105
John,USA,John,male,100,65535
Graham,UK,Graham,male,99,10110
Gil,Israel,Gil,male,95,335
Anja,Netherlands,Anja,female,99,1470
Weihong,USA,Weihong,unknown,50,6
Yao,China,Yao,male,58,406
Azzedine,France,Azzedine,male,99,311
Bo,China,Bo,male,88,316
John,USA,John,male,100,65535
Ahmed,USA,Ahmed,male,99,2824
Rolf,Germany,Rolf,male,99,3089
Xinhe,China,Xinhe,male,75,4
Robert,Canada,Robert,male,100,3137
Frank,Netherlands,Frank,male,99,4319
Naohiko,Singapore,Naohiko,male,100,20
Doris,Austria,Doris,female,98,567
David,UK,David,male,99,381770
Joshua,UK,Joshua,male,100,35201
Bernhard,Germany,Bernhard,male,98,3134
Peter,Sweden,Peter,male,99,6779
Pingyun,USA,,,,
Moungi,USA,Moungi,female,75,4
Guangxin,China,Guangxin,male,75,4
Lixin,China,Lixin,male,72,60
Kristina,Italy,Kristina,female,98,530
Weiping,China,Weiping,male,74,27
Helmut,Germany,Helmut,male,98,3338
Karen,USA,Karen,female,99,17594
Zhiqun,USA,Zhiqun,male,75,4
Yixin,Singapore,Yixin,female,57,7
V,UK,,,,
Harold,USA,Harold,male,99,2160
Sujit,India,Sujit,male,100,1911
Edward,USA,Edward,male,100,7932
Janine,France,Janine,female,97,1081
Xueyuan,China,Xueyuan,male,67,6
Johannes,UK,Johannes,male,99,7870
Yao-Ting,Taiwan,Yao-Ting,male,100,3
Martin,Switzerland,Martin,male,98,2426
Michel,Netherlands,Michel,male,99,3343
Ulrike,Germany,Ulrike,female,86,2849
Younan,USA,Younan,male,100,6
Eunkyoung,"South Korea",Eunkyoung,female,100,25
Thomas,"South Korea",Thomas,male,99,131
Manfred,Germany,Manfred,male,99,5121
Neil,UK,Neil,male,99,16868
Walter,Germany,Walter,male,81,2941
James,USA,James,male,100,47200
Frank,Germany,Frank,male,98,16573
Siegfried,Germany,Siegfried,male,99,899
Luis,Spain,Luis,male,99,43667
Yasuteru,Japan,Yasuteru,male,100,7
Shu-Li,China,Li,male,68,1023
Yusuke,Japan,Yusuke,male,100,1088
Sun,Korea,Sun,male,61,5099
Guido,Germany,Guido,male,99,1620
Simon,USA,Simon,male,99,2413
Maha,USA,Maha,female,86,161
Kilian,Spain,Kilian,male,98,339
Andrew,UK,Andrew,male,99,82448
Roberta,Italy,Roberta,female,99,17646
Werner,Switzerland,Werner,male,100,437
Robert,Germany,Robert,male,99,8458
Swaminathan,India,Swaminathan,male,100,243
Hans-Joachim,Germany,Hans-Joachim,male,100,359
Annette,Germany,Annette,female,98,1119
Osamu,Japan,Osamu,male,99,342
Ying-Chun,China,Ying,female,86,923
Tetsuro,Japan,Tetsuro,male,100,83
Ian,UK,Ian,male,99,34076
Malek,France,Malek,male,93,748
Ichio,Japan,Ichio,male,75,4
Jiangyun,China,Jiangyun,male,75,4
Tapan,India,Tapan,male,99,994
Hiromi,Japan,Hiromi,female,79,363
Satoshi,Japan,Satoshi,male,100,1038
Marcin,Poland,Marcin,male,99,41661
Franc,Germany,Franc,male,97,33
Dieter,USA,Dieter,male,98,84
Jun-ichiro,Japan,Jun-Ichiro,male,100,5
Gordon,USA,Gordon,male,99,1930
Martin,France,Martin,male,90,5965
Lars,Denmark,Lars,male,100,1927
Klaus,Germany,Klaus,male,98,10045
A,USA,,,,
Eric,USA,Eric,male,100,31662
An-Wu,China,Wu,male,75,353
Alessandro,UK,Alessandro,male,99,79631
Hiroyuki,Japan,Hiroyuki,male,100,955
Takanori,Japan,Takanori,male,100,230
Matthias,Germany,Matthias,male,100,9451
Henrik,Sweden,Henrik,male,99,2914
Juan,Argentina,Juan,male,99,3049
Barbara,Poland,Barbara,female,99,7961
Kendall,USA,Kendall,female,57,1725
Peter,Switzerland,Peter,male,99,2588
R,USA,,,,
Xianzhi,China,Xianzhi,male,100,6
Douglas,Canada,Douglas,male,100,411
Takanori,Taiwan,Takanori,male,99,257
Jingsong,China,Jingsong,male,80,5
Petra,Germany,Petra,female,98,8277
Shan,China,Shan,female,65,271
Walter,Germany,Walter,male,81,2941
Andreas,Germany,Andreas,male,99,21215
William,USA,William,male,100,24483
Armando,Sweden,Armando,male,95,59
Manfred,UK,Manfred,male,99,7550
Steven,UK,Steven,male,99,59951
John,Canada,John,male,100,4453
Juan,Spain,Juan,male,100,65535
Stefan,Germany,Stefan,male,97,20127
Thomas,Germany,Thomas,male,99,27141
Ira,Israel,Ira,female,90,105
Masakatsu,Japan,Masakatsu,male,97,29
Leroy,UK,Leroy,male,98,8423
Siegfried,Germany,Siegfried,male,99,899
Sylvie,Germany,Sylvie,female,99,155
Helene,Sweden,Helene,female,99,492
Xingfu,China,Xingfu,male,79,14
Alexander,Germany,Alexander,male,98,11884
Kendall,USA,Kendall,female,57,1725
Matthieu,France,Matthieu,male,99,10629
Paul,USA,Paul,male,100,28746
Jonathan,USA,Jonathan,male,100,21578
Stephen,USA,Stephen,male,100,16681
Qi-Lin,China,Qi,male,73,234
Konrad,Germany,Konrad,male,99,692
Philip,China,Philip,male,100,164
Albert,Netherlands,Albert,male,99,1439
Angus,Netherlands,Angus,male,100,7
Chuang-chuang,China,Chuang,male,89,38
Guy,USA,Guy,male,99,1664
Robert,France,Robert,male,95,9988
Philippe,France,Philippe,male,98,44155
Erwin,UK,Erwin,male,99,8787
Dietmar,Germany,Dietmar,male,99,1199
Chun-yang,China,Yang,male,65,1965
Udo,Australia,Udo,male,100,4
Rainer,Germany,Rainer,male,99,4309
Wolfgang,Argentina,Wolfgang,male,75,4
Virginia,USA,Virginia,female,98,2778
Gernot,Germany,Gernot,male,98,221
Gerrit,Germany,Gerrit,male,99,477
Gisbert,Germany,Gisbert,male,98,87
Kazuyoshi,Japan,Kazuyoshi,male,100,97
Jun,Germany,Jun,male,85,52
Craig,USA,Craig,male,100,9154
Philip,USA,Philip,male,100,5264
Eunjoo,Korea,Eunjoo,female,97,70
Sabine,UK,Sabine,female,98,22561
Simon,UK,Simon,male,98,57458
Tamejiro,Japan,,,,
Tharmalingam,India,Tharmalingam,male,100,12
Jurriaan,Netherlands,Jurriaan,male,97,67
Datong,Canada,Datong,male,100,5
Milko,Israel,Milko,male,98,366
Thomas,USA,Thomas,male,100,20215
Christopher,Germany,Christopher,male,99,3075
Eelco,Netherlands,Eelco,male,99,256
Taku,Japan,Taku,male,99,469
Matthias,Germany,Matthias,male,100,9451
Ken,Japan,Ken,male,99,1450
Hidetoshi,Japan,Hidetoshi,male,100,81
James,Singapore,James,male,99,722
Gene-Hsiang,Taiwan,Hsiang,male,72,58
Donald,USA,Donald,male,100,6155
Erick,Switzerland,Erick,male,100,42
Iuliana,Germany,Iuliana,female,100,8
Eric,USA,Eric,male,100,31662
Horst,Germany,Horst,male,98,3472
Atsuhiro,Japan,Atsuhiro,male,100,17
Yoonkey,Korea,,,,
Masayuki,Japan,Masayuki,male,99,556
Mitsuhiko,Japan,Mitsuhiko,male,100,13
Ronald,Austria,Ronald,male,98,169
Linda,Canada,Linda,female,99,1269
Nicolai,Switzerland,Nicolai,male,94,31
Hellmut,Germany,Hellmut,male,100,18
Anna,Sweden,Anna,female,99,6066
Kálmán,Sweden,Kálmán,male,100,5
Eva-Kathrin,Singapore,Eva,female,99,86
Yi,USA,Yi,male,56,263
Steven,USA,Steven,male,100,19562
David,UK,David,male,99,381770
Frank,USA,Frank,male,100,11178
Valery,USA,Valery,female,99,3767
Leroy,UK,Leroy,male,98,8423
Lars,Germany,Lars,male,100,4773
Kuiling,China,,,,
Wolfgang,Germany,Wolfgang,male,99,7880
Matthias,Germany,Matthias,male,100,9451
Abhaya,USA,Abhaya,female,75,4
Nathaniel,USA,Nathaniel,male,100,2500
Antonio,Spain,Antonio,male,99,60132
Can,China,Can,male,71,107
Christian,Germany,Christian,male,100,86
Can,China,Can,male,71,107
Hong-Cai,USA,Hong,female,53,198
Guangbin,USA,Guangbin,male,75,4
Uwe,Germany,Uwe,male,99,7562
Yu,China,Yu,male,73,664
Rongchao,USA,Rongchao,male,75,4
Mitsuhiko,Japan,Mitsuhiko,male,100,13
Gang,Canada,,,,
Juan,Spain,Juan,male,100,65535
Bernd,Austria,Bernd,male,99,483
M,UK,,,,
Frans,Australia,Frans,male,100,15
Tobin,Australia,Tobin,male,100,4
Song,China,Song,male,100,74
Wonwoo,Korea,Wonwoo,male,100,27
Masami,Japan,Masami,male,57,212
Petri,Finland,Petri,male,100,1018
Nataša,Slovenia,Nataša,female,98,409
Chi-Huey,Taiwan,Chi,female,59,215
Uwe,Germany,Uwe,male,99,7562
Ewan,UK,Ewan,male,98,944
Karl,Denmark,Karl,male,99,84
Hilal,Switzerland,Hilal,female,86,7
Paul,Canada,Paul,male,100,3145
Atsuhiro,Japan,Atsuhiro,male,100,17
Dolores,Spain,Dolores,female,98,1528
Scott,USA,Scott,male,100,30644
Henning,Germany,Henning,male,96,1022
Xile,Switzerland,Xile,male,64,14
Damien,France,Damien,male,99,23738
Kazuaki,Japan,Kazuaki,male,100,140
Thomas,USA,Thomas,male,100,20215
Allen,USA,Allen,male,99,4538
Yao,China,Yao,male,58,406
Hong-Jie,China,Jie,male,63,867
Josef,Germany,Josef,male,99,1788
Georg,Germany,Georg,male,99,2436
Marc,France,Marc,male,98,27772
Maarten,Belgium,Maarten,male,99,849
Karthik,Canada,Karthik,male,100,17
Andrew,UK,Andrew,male,99,82448
Fritz,Germany,Fritz,male,97,1280
Zhen,China,Zhen,male,68,311
Toshiyuki,Japan,Toshiyuki,male,100,261
Herman,Netherlands,Herman,male,99,1562
Yasuyuki,Japan,Yasuyuki,male,100,153
Jinwoo,Korea,Jinwoo,male,99,293
Heon,"Republic of Korea",Heon,male,100,37
Jianjun,USA,Jianjun,male,100,7
Stephen,USA,Stephen,male,100,16681
Zhiqun,USA,Zhiqun,male,75,4
Lin,USA,Lin,female,73,465
Xiaogang,China,Xiaogang,male,100,35
Milko,Israel,Milko,male,98,366
John,USA,John,male,100,65535
Katsuhiko,Japan,Katsuhiko,male,100,102
Azzedine,China,Azzedine,male,98,1233
Ryohei,Japan,Ryohei,male,100,178
Trevor,USA,Trevor,male,100,4700
Vivian,China,Vivian,female,98,1098
Michael,USA,Michael,male,100,65535
Shigefumi,Japan,Shigefumi,male,100,5
Zhaomin,Japan,Zhaomin,female,67,6
Carlos,USA,Carlos,male,100,10179
Peter,Germany,Peter,male,99,21321
Sukbok,Korea,,,,
Masahiro,Japan,Masahiro,male,100,703
Jeffrey,Canada,Jeffrey,male,100,489
Jason,UK,Jason,male,99,76567
Yadong,China,Yadong,male,94,18
Christoph,Germany,Christoph,male,100,5773
Mark,UK,Mark,male,100,48064
Florian,Germany,Florian,male,99,9022
Varinder,UK,Varinder,male,94,496
Xuefeng,China,Xuefeng,male,94,50
Jean-Christophe,Switzerland,Jean-Christophe,male,96,28
Andreas,Germany,Andreas,male,99,21215
David,USA,David,male,100,65535
Aiwen,China,Aiwen,male,60,10
Shi,Australia,Shi,female,67,6
Grace,Ireland,Grace,female,100,25751
Nikhil,India,Nikhil,male,100,12112
Nenad,USA,Nenad,male,96,48
Thomas,Germany,Thomas,male,99,27141
Ramón,Germany,Ramón,male,100,38
Ren,USA,Ren,male,58,270
Marinella,France,Marinella,female,98,50
Peng-Fei,China,Peng,male,85,704
Peter,Canada,Peter,male,100,2362
Jianhui,China,Jianhui,male,82,17
Pascal,Netherlands,Pascal,male,97,1648
Ann,Australia,Ann,female,99,195
Xuefeng,China,Xuefeng,male,94,50
Jieping,Switzerland,Jieping,female,67,3
Manuel,Germany,Manuel,male,99,5956
Joseph,Israel,Joseph,male,99,140
Rolf,Germany,Rolf,male,99,3089
Yee,S,Yee,female,67,806
Eriks,USA,Eriks,male,100,10
Jonathan,UK,Jonathan,male,99,84386
Guillaume,France,Guillaume,male,99,32404
Samuel,USA,Samuel,male,100,6468
Chulbom,"Republic of Korea",,,,
Christoph,Germany,Christoph,male,100,5773
C,Spain,,,,
Eric,Switzerland,Eric,male,99,1023
Yangzhong,China,,,,
Wenzhuo,USA,Wenzhuo,female,67,3
Mark,Canada,Mark,male,100,48064
Hongjun,China,Hongjun,male,94,16
Susumu,Japan,Susumu,male,98,154
Tomislav,USA,Tomislav,male,100,27
Norio,Germany,Norio,male,75,4
Stefan,Switzerland,Stefan,male,99,2521
Liming,China,Liming,male,78,81
Arun,India,Arun,male,100,21207
Karl,Germany,Karl,male,96,3903
Atsuhiro,Japan,Atsuhiro,male,100,17
Philip,UK,Philip,male,99,21773
Dirk,Netherlands,Dirk,male,98,1600
Carlos,Spain,Carlos,male,99,64701
Aaron,Israel,Aaron,male,98,64
Emmanuel,Switzerland,Emmanuel,male,99,182
Kyle,USA,Kyle,male,99,17235
Armido,Germany,Armido,male,100,20
Makoto,Japan,Makoto,male,97,995
James,USA,James,male,100,47200
Claude,Australia,Claude,male,83,29
George,USA,George,male,100,12253
Huisheng,China,Huisheng,male,75,4
Kumar,India,Kumar,male,99,7930
Young,Korea,Young,male,100,51
Andrea,Germany,Andrea,female,84,10166
Shubin,China,Shubin,male,100,4
Arthur,USA,Arthur,male,99,3128
Liu-Zhu,China,Zhu,male,61,457
Xingwei,China,Xingwei,male,100,4
Ryo,Japan,Ryo,male,98,2022
Chien-Hong,Taiwan,Chien-Hong,male,100,4
Wolfgang,Germany,Wolfgang,male,99,7880
Mikael,Denmark,Mikael,male,99,312
Andreas,Germany,Andreas,male,99,21215
Laurel,Canada,Laurel,female,97,93
Johan,Norway,Johan,male,99,232
Lijun,China,Lijun,male,55,84
Andreas,Netherlands,Andreas,male,100,231
Catharine,USA,Catharine,female,96,116
Brandon,USA,Brandon,male,100,21063
Jean-François,France,Jean-François,male,99,3014
Ron,Australia,Ron,male,100,283
Jonathan,UK,Jonathan,male,99,84386
Guanying,China,Guanying,male,75,4
Florian,Germany,Florian,male,99,9022
Pauline,"Hong Kong",Pauline,female,98,50
Yves,UK,Yves,male,98,19181
Hon,UK,Hon,male,85,486
Shintaro,Japan,Shintaro,male,99,199
William,USA,William,male,100,24483
Nigel,UK,Nigel,male,99,9908
Sebastian,Deutschland,Sebastian,male,99,47850
Stefan,Germany,Stefan,male,97,20127
Christine,USA,Christine,female,99,11335
Göran,Sweden,Göran,male,99,1301
Karsten,Germany,Karsten,male,99,2650
Kurt,USA,Kurt,male,100,2922
Helge,Germany,Helge,female,71,1604
Steven,Belgium,Steven,male,99,2648
Marina,USA,Marina,female,99,1670
Christopher,Deutschland,Christopher,male,99,55041
Zhen,China,Zhen,male,68,311
Freddy,Canada,Freddy,male,100,40
Jean-Marie,Kingdom,Jean-Marie,male,98,4712
Ib,Denmark,Ib,male,93,150
Dennis,Switzerland,Dennis,male,99,256
Bert,Netherlands,Bert,male,98,3144
Peter,Germany,Peter,male,99,21321
Xingwei,China,Xingwei,male,100,4
Junji,Japan,Junji,male,100,115
Adriaan,Netherlands,Adriaan,male,99,402
Samuel,Canada,Samuel,male,100,618
Olivier,France,Olivier,male,99,36743
Dionicio,USA,Dionicio,male,100,27
Frank,Germany,Frank,male,98,16573
Ahmet,Netherlands,Ahmet,male,96,775
Véronique,UK,Véronique,female,98,8797
Huadong,China,Huadong,male,100,9
Kwangmeyung,Korea,,,,
Shigehiro,Japan,Shigehiro,male,100,19
Alois,Germany,Alois,male,96,303
Nicolas,France,Nicolas,male,99,55561
Rai-Shung,Taiwan,Shung,male,100,6
Xinping,China,Xinping,male,83,6
Xinchen,China,Xinchen,male,75,4
Makoto,Japan,Makoto,male,97,995
Jim,UK,Jim,male,99,40318
Tobias,USA,Tobias,male,100,2610
Gaël,France,Gaël,male,96,948
Grace,Ireland,Grace,female,100,25751
Masanobu,Japan,Masanobu,male,100,73
Omid,USA,Omid,male,99,143
Alexander,USA,Alexander,male,100,6939
J,Germany,,,,
Herbert,Germany,Herbert,male,98,1663
Roger,USA,Roger,male,100,5911
Andreas,Netherlands,Andreas,male,100,231
Elsa,USA,Elsa,female,100,3423
T,India,,,,
Varinder,UK,Varinder,male,94,496
Luis,Spain,Luis,male,99,43667
James,USA,James,male,100,47200
Karl,USA,Karl,male,100,2609
Daniel,Sweden,Daniel,male,99,6702
Shannon,USA,Shannon,female,88,11948
Younan,USA,Younan,male,100,6
Chi-Ming,China,Ming,male,83,826
Shouheng,USA,Shouheng,male,75,4
James,USA,James,male,100,47200
Matthew,USA,Matthew,male,100,30646
John,Germany,John,male,98,3765
Robert,USA,Robert,male,100,43118
John,Switzerland,John,male,99,1369
Sara,USA,Sara,female,99,13063
Ian,UK,Ian,male,99,34076
Tohru,Japan,Tohru,male,96,77
Masahiro,Japan,Masahiro,male,100,703
Jinbo,China,Jinbo,male,89,19
Markus,Germany,Markus,male,99,15230
Ole,Denmark,Ole,male,99,950
Rhett,Germany,Rhett,male,100,6
Wolfgang,Germany,Wolfgang,male,99,7880
Zempachi,Japan,,,,
Can,China,Can,male,71,107
Benjamin,USA,Benjamin,male,100,9079
Phil,USA,Phil,male,100,5283
Yong,China,Yong,male,95,502
David,Israel,David,male,99,1241
Xinyuan,China,Xinyuan,female,56,16
Craig,USA,Craig,male,100,9154
Thomas,Australia,Thomas,male,100,779
Rajesh,"Republic of Korea",Rajesh,male,100,25751
Ashraf,Israel,Ashraf,male,95,216
David,USA,David,male,100,65535
Xiong,China,Xiong,male,76,124
Liangti,China,,,,
Yoshihiro,Japan,Yoshihiro,male,100,350
José,Spain,José,male,99,8211
Valery,USA,Valery,female,99,3767
Kirill,Russia,Kirill,male,100,2613
Agnès,France,Agnès,female,98,2543
Shalom,USA,Shalom,male,61,70
Darren,USA,Darren,male,100,3167
Jieping,Switzerland,Jieping,female,67,3
Naoto,Japan,Naoto,male,99,340
Robert,USA,Robert,male,100,43118
Martin,Germany,Martin,male,99,14619
Christian,Germany,Christian,male,100,86
Martin,USA,Martin,male,100,5868
Karen,USA,Karen,female,99,17594
Shengming,China,Shengming,male,100,4
Max,USA,Max,male,98,5582
Tanja,Germany,Tanja,female,98,7261
Reinhard,Switzerland,Reinhard,male,98,44
Michael,USA,Michael,male,100,65535
Shi,Australia,Shi,female,67,6
Olafs,USA,Olafs,male,100,17
Lyle,USA,Lyle,male,100,3456
Matthias,Germany,Matthias,male,100,9451
Ning,China,Ning,male,61,378
Dieter,Germany,Dieter,male,98,5789
Otto,Germany,Otto,male,96,943
Claude,Switzerland,Claude,male,93,692
Christian,USA,Christian,male,100,48214
Ning,China,Ning,male,61,378
Peter,UK,Peter,male,99,146529
Tomás,Spain,Tomás,male,99,887
Wendelin,Switzerland,Wendelin,male,100,4
Susan,USA,Susan,female,99,16157
Janine,France,Janine,female,97,1081
Qing-Wen,China,Qing,female,54,451
Liu-Zhu,China,Zhu,male,61,457
Yasushi,Japan,Yasushi,male,99,197
Min,China,Min,female,56,572
Anna,USA,Anna,female,99,11850
R,Austria,,,,
Markus,Germany,Markus,male,99,15230
Craig,USA,Craig,male,100,9154
Chihaya,Japan,Chihaya,male,55,11
Kathrin,Austria,Kathrin,female,98,207
Neso,France,Neso,male,100,6
Ive,Switzerland,Ive,male,75,8
Scott,USA,Scott,male,100,30644
Muriel,France,Muriel,female,98,6573
Joseph,USA,Joseph,male,100,21534
James,USA,James,male,100,47200
Sungwoo,Korea,Sungwoo,male,100,112
Michael,Canada,Michael,male,100,4889
Andrei,Canada,Andrei,male,100,71
Douglas,Canada,Douglas,male,100,411
Marius,Germany,Marius,male,99,1864
Jean-Louis,France,Jean-Louis,male,99,2800
Tanja,Germany,Tanja,female,98,7261
Chunming,China,Chunming,male,67,12
Shankar,UK,Shankar,male,100,3938
George,USA,George,male,100,12253
Michael,Canada,Michael,male,100,4889
Michael,Germany,Michael,male,100,30913
Bishwajit,India,Bishwajit,male,100,95
Lechosław,Poland,Lechosław,male,100,16
Zhifeng,Canada,Zhifeng,male,97,34
Matthew,UK,Matthew,male,100,51412
Thomas,Germany,Thomas,male,99,27141
Timothy,USA,Timothy,male,100,9427
Robert,USA,Robert,male,100,43118
Sébastien,France,Sébastien,male,99,15658
Judith,USA,Judith,female,98,2146
Paul,Germany,Paul,male,99,5117
Jaume,Spain,Jaume,male,99,2841
Shao,Singapore,Shao,male,100,10
Nagao,Japan,Nagao,male,100,10
Dongsheng,China,Dongsheng,male,96,23
T,USA,,,,
Patrick,USA,Patrick,male,100,18462
Jin,China,Jin,male,61,856
Yi,USA,Yi,male,56,263
Constantin,Germany,Constantin,male,91,337
J,USA,,,,
Björn,Sweden,Björn,male,99,2026
Haoshen,Japan,,,,
Janine,France,Janine,female,97,1081
Katherine,USA,Katherine,female,99,7045
Petr,"Czech Republic",Petr,male,98,58847
Jan,Netherlands,Jan,male,96,13276
Wenjing,China,Wenjing,female,86,42
Glenn,Canada,Glenn,male,98,377
Martin,Germany,Martin,male,99,14619
Matthias,Germany,Matthias,male,100,9451
Jaiwook,Korea,,,,
Nicola,Portugal,Nicola,male,68,28
Olivier,France,Olivier,male,99,36743
Christine,Denmark,Christine,female,99,142
Jason,Canada,Jason,male,100,2949
Giuseppe,UK,Giuseppe,male,99,72416
Hon,UK,Hon,male,85,486
Matthew,UK,Matthew,male,100,51412
Daniel,Germany,Daniel,male,99,22784
Bernhard,Germany,Bernhard,male,98,3134
Günter,Germany,Günter,male,99,1803
Petr,"Czech Republic",Petr,male,98,58847
Holger,Germany,Holger,male,100,4362
Johan,Belgium,Johan,male,99,3277
Guido,France,Guido,male,94,125
Sensuke,Japan,Sensuke,male,75,4
Eduardo,Spain,Eduardo,male,99,10309
Samuel,USA,Samuel,male,100,6468
Hubertus,Germany,Hubertus,male,100,128
Hirokazu,Japan,Hirokazu,male,100,209
Gideon,UK,Gideon,male,100,8529
Thomas,Germany,Thomas,male,99,27141
Michael,Canada,Michael,male,100,4889
Samuel,USA,Samuel,male,100,6468
Masahiro,Nagoya,Masahiro,male,100,783
Alexander,Netherlands,Alexander,male,99,918
Wanqing,China,Wanqing,female,100,6
Claudio,Spain,Claudio,male,99,1807
Aubry,Germany,Aubry,male,75,4
Wilder,Germany,Wilder,female,100,7
Matthew,USA,Matthew,male,100,30646
Sankar,USA,Sankar,male,100,47
Laurent,,Laurent,male,97,55808
Bernhard,Germany,Bernhard,male,98,3134
William,China,William,male,98,929
Steven,USA,Steven,male,100,19562
Massimo,Italy,Massimo,male,99,38175
Stephen,Ireland,Stephen,male,99,1236
J,UK,,,,
Jeffrey,Switzerland,Jeffrey,male,100,56
Nicolai,Switzerland,Nicolai,male,94,31
Ruikang,China,Ruikang,male,75,4
Sailing,China,Sailing,male,73,15
Jean-Marc,France,Jean-Marc,male,99,4482
E,Netherlands,,,,
Sebastian,China,Sebastian,male,96,67
Kazuki,Japan,Kazuki,male,99,657
Mark,USA,Mark,male,100,47989
Yunfeng,USA,Yunfeng,male,67,3
Philipp,Germany,Philipp,male,99,5871
Achim,Germany,Achim,male,99,1756
Ali,USA,Ali,male,62,4661
Gregory,USA,Gregory,male,100,6184
Manfred,UK,Manfred,male,99,7550
Alexander,USA,Alexander,male,100,6939
Emmanuel,France,Emmanuel,male,98,10753
Paul,Germany,Paul,male,99,5117
Jürgen,USA,Jürgen,male,100,28
Qing,USA,Qing,unknown,50,62
Christoph,Germany,Christoph,male,100,5773
Sébastien,France,Sébastien,male,99,15658
José,,José,male,98,35243
Hans,Germany,Hans,male,97,10718
Thomas,Switzerland,Thomas,male,99,3106
Jullien,France,Jullien,male,87,45
Frank,Germany,Frank,male,98,16573
Paul,Australia,Paul,male,100,2694
Frank,Germany,Frank,male,98,16573
Jeffrey,Switzerland,Jeffrey,male,100,56
Franc,Russia,Franc,male,100,7
Paul,Australia,Paul,male,100,2694
Takao,Japan,Takao,male,98,205
Yi-Chou,Taiwan,Chou,male,65,147
Norio,Japan,Norio,male,99,125
Zhibin,USA,Zhibin,male,100,4
Jürgen,China,Jürgen,male,99,9431
Michael,Germany,Michael,male,100,30913
Liu-Zhu,China,Zhu,male,61,457
Gong-Li,China,Gong,male,73,90
Frank,Germany,Frank,male,98,16573
Jon,USA,Jon,male,100,12707
Luis,Spain,Luis,male,99,43667
Shik,UK,Shik,male,66,38
Teck-Peng,Singapore,Teck,male,100,11
Peter,USA,Peter,male,100,15502
Gunther,Germany,Gunther,male,100,199
Stephen,USA,Stephen,male,100,16681
Heinrich,Russia,Heinrich,male,100,4
Thierry,France,Thierry,male,98,31969
Chien-Hong,Taiwan,Chien-Hong,male,100,4
J,USA,,,,
Miguel,Spain,Miguel,male,99,40797
Norbert,Germany,Norbert,male,99,3231
Kazunobu,Japan,Kazunobu,male,100,21
David,USA,David,male,100,65535
Thomas,USA,Thomas,male,100,20215
Ray,UK,Ray,male,94,21658
Karl,Denmark,Karl,male,99,84
Robert,USA,Robert,male,100,43118
Motomu,Japan,Motomu,male,100,14
Torben,Australia,Torben,male,100,3
Ludwig,USA,Ludwig,male,100,60
Jimmy,USA,Jimmy,male,99,5671
Yong-Gui,China,Yong,male,95,502
Hang,USA,,,,
Dongyuan,China,Dongyuan,unknown,50,2
Stephen,USA,Stephen,male,100,16681
T,India,,,,
C,India,,,,
Mitsuru,Japan,Mitsuru,male,96,152
Thomas,Mexico,Thomas,male,99,220
Younan,USA,Younan,male,100,6
Herbert,Germany,Herbert,male,98,1663
James,USA,James,male,100,47200
Mizuki,Japan,Mizuki,female,65,176
Cameron,Australia,Cameron,male,99,616
Burkhard,Germany,Burkhard,male,99,502
David,UK,David,male,99,381770
Christian,Germany,Christian,male,100,86
Sheng-Hsien,,Sheng-Hsien,male,74,687
Lei,China,Lei,male,77,1080
Dirk,Germany,Dirk,male,99,8318
Taeghwan,Korea,,,,
John,UK,John,male,99,219085
Tyler,USA,Tyler,male,97,15339
Alexander,USA,Alexander,male,100,6939
Thierry,France,Thierry,male,98,31969
Jianwei,China,Jianwei,male,98,40
Yanlin,China,Yanlin,female,68,19
Franc,Germany,Franc,male,97,33
Peter,"Republic of Korea",Peter,male,99,146529
Uwe,France,Uwe,male,100,25
Steen,Denmark,Steen,male,100,519
Alois,Germany,Alois,male,96,303
Matthias,Germany,Matthias,male,100,9451
Olivier,France,Olivier,male,99,36743
Hiroshi,Japan,Hiroshi,male,99,1448
Hiroshi,Japan,Hiroshi,male,99,1448
Tehshik,USA,,,,
Gregory,USA,Gregory,male,100,6184
Chunying,,Chunying,female,83,18
Maja,Germany,Maja,female,97,735
Thorsten,Germany,Thorsten,male,99,4876
Günther,Austria,Günther,male,99,417
Jie,USA,Jie,male,55,176
Shinsuke,Japan,Shinsuke,male,100,139
Wei,China,Wei,male,76,1859
Mohamed,USA,Mohamed,male,99,2583
Jose,UK,Jose,male,97,148383
Myunghyun,"Republic of Korea",Myunghyun,male,57,7
Edit,Israel,,,,
Dawei,China,Dawei,male,99,91
Robert,,Robert,male,99,145540
Xuefei,USA,Xuefei,unknown,50,4
Krzysztof,Germany,Krzysztof,male,99,464
Xinchen,China,Xinchen,male,75,4
Evelin,Belgium,Evelin,female,100,8
Shengming,China,Shengming,male,100,4
Zhiyong,,Zhiyong,male,99,75
Justin,Germany,Justin,male,94,1092
C,Austria,,,,
Piero,Italy,Piero,male,99,10657
Shengqian,USA,Shengqian,male,75,4
Wei-Chieh,Taiwan,Wei-Chieh,male,75,8
Ulrich,Germany,Ulrich,male,99,1577
Rainer,Germany,Rainer,male,99,4309
Licheng,China,Licheng,male,85,13
Hsing-Wen,ROC,Hsing-Wen,female,55,2010
Akos,USA,Akos,male,92,12
Lia,Israel,Lia,female,100,29
Paul,Germany,Paul,male,99,5117
Robin,USA,Robin,female,83,8088
Hiroyuki,Japan,Hiroyuki,male,100,955
Petr,UK,Petr,male,98,61668
Peter,USA,Peter,male,100,15502
Younan,USA,Younan,male,100,6
Hongjie,USA,Hongjie,male,67,3
Kazunari,Japan,Kazunari,male,100,87
Jin-Heng,China,Heng,male,89,111
Hong-Cai,USA,Hong,female,53,198
Stephen,USA,Stephen,male,100,16681
Marco,Italy,Marco,male,100,65535
Bernard,Germany,Bernard,male,98,170
Jean'ne,USA,Jeanne,female,99,1930
Hans-Achim,Germany,Achim,male,99,1756
Mark,Canada,Mark,male,100,48064
Manfred,Germany,Manfred,male,99,5121
Alfredo,Germany,Alfredo,male,99,192
Malini,Singapore,Malini,female,100,5
Koji,Japan,Koji,male,99,780
Carlo,Germany,Carlo,male,100,639
Jeremy,USA,Jeremy,male,100,16054
Michael,USA,Michael,male,100,65535
John,USA,John,male,100,65535
Michael,Germany,Michael,male,100,30913
Christian,Germany,Christian,male,100,86
Jiangyun,China,Jiangyun,male,75,4
He,China,He,male,74,204
Frank,Netherlands,Frank,male,99,4319
Derek,Canada,Derek,male,100,915
Joost,Netherlands,Joost,male,99,1873
Ian,UK,Ian,male,99,34076
Anish,USA,Anish,male,100,182
E,Netherlands,,,,
Cameron,,Cameron,male,93,9233
Takeji,Japan,Takeji,male,75,4
Yoshinobu,Japan,Yoshinobu,male,99,91
Zhang-Jie,China,Jie,male,63,867
Petra,Germany,Petra,female,98,8277
Sukbok,Korea,,,,
Haiping,China,Haiping,male,78,9
Masahiro,Japan,Masahiro,male,100,703
Jan,Germany,Jan,male,99,10566
John,USA,John,male,100,65535
Eric,USA,Eric,male,100,31662
Munetaka,Japan,Munetaka,male,100,8
John,UK,John,male,99,219085
Akihide,Japan,Akihide,male,100,17
F,USA,,,,
Ayyappanpillai,India,,,,
Warren,,Warren,male,99,5767
Shū,Japan,,,,
Aiwen,,Aiwen,male,67,24
Ludovic,France,Ludovic,male,98,16991
Younan,USA,Younan,male,100,6
Chuan,USA,Chuan,male,87,23
Koichi,Japan,Koichi,male,99,394
Katsuhiko,Japan,Katsuhiko,male,100,102
Hong,,Hong,female,53,3853
Thorfinnur,Ireland,Thorfinnur,female,75,4
Ning,China,Ning,male,61,378
Hagan,UK,Hagan,male,84,55
Michael,Switzerland,Michael,male,99,3003
Larry,USA,Larry,male,99,10620
Shigeru,Japan,Shigeru,male,100,190
Larry,USA,Larry,male,99,10620
M,Spain,,,,
Victor,USA,Victor,male,100,6752
Naohiko,Singapore,Naohiko,male,100,20
Mark,Canada,Mark,male,100,48064
Michael,Canada,Michael,male,100,4889
Hongbin,China,Hongbin,male,93,27
Huub,Netherlands,Huub,male,98,511
José,Spain,José,male,99,8211
Vladimir,USA,Vladimir,male,100,690
Brian,USA,Brian,male,100,40133
Alessandro,Germany,Alessandro,male,97,865
Nan,USA,Nan,female,87,420
Yong,"Republic of Korea",Yong,male,87,2262
Steven,,Steven,male,99,59951
Christian,Germany,Christian,male,100,86
Erwin,UK,Erwin,male,99,8787
Matthew,,Matthew,male,100,51412
Jeffrey,Switzerland,Jeffrey,male,100,56
Thalappil,India,,,,
Roland,Switzerland,Roland,male,99,1061
Punit,Germany,Punit,male,99,1406
Timo,,Timo,male,99,8332
Oren,USA,Oren,male,98,184
Son-Jong,Germany,Jong,male,100,3
Martin,Hungary,Martin,male,98,394
Dénes,Germany,Dénes,male,100,6
Ulrich,Germany,Ulrich,male,99,1577
Frank,Spain,Frank,male,98,2844
Fernando,Japan,Fernando,male,99,403
Ken,Germany,Ken,male,98,411
Jörg,USA,Jörg,male,95,21
Peter,Germany,Peter,male,99,21321
Paul,USA,Paul,male,100,28746
Hong-Cai,France,Hong,female,61,44
Laurent,,Laurent,male,97,55808
Su,Switzerland,Su,female,73,22
Jeffrey,Germany,Jeffrey,male,99,238
Rolf,Japan,Rolf,male,100,4
Motoo,France,Motoo,male,94,18
Carine,UK,Carine,female,98,13515
David,USA,David,male,100,65535
Jin,USA,Jin,male,68,337
Michael,Japan,Michael,male,99,446
Yasuhiro,Germany,Yasuhiro,male,100,455
Dayang,USA,Dayang,female,75,4
Maurice,Japan,Maurice,male,100,13
Kazunori,Belgium,Kazunori,male,100,208
Erik,"Republic of Korea",Erik,male,96,31753
Peter,Singapore,Peter,male,99,480
Cheol-Min,Germany,Min,female,61,56
Markus,,Markus,male,99,30782
Guy,Australia,Guy,male,99,160
Xiong,Germany,Xiong,male,79,207
Frank,USA,Frank,male,100,11178
R,Italy,,,,
Piero,USA,Piero,male,100,68
John,UK,John,male,99,219085
David,Italy,David,male,99,6501
Luca,USA,Luca,male,100,12754
Marie,Germany,Marie,female,93,6817
Dirk,Switzerland,Dirk,male,100,114
Valeria,Switzerland,Valeria,female,99,168
Andreas,USA,Andreas,male,100,2789
Joshua,France,Joshua,male,98,480
Olivier,China,Olivier,male,96,69
Kuiling,China,,,,
Wanbin,"Czech Republic",Wanbin,female,75,4
Jana,,Jana,female,98,74581
Can,India,Can,male,75,4
Ayan,China,Ayan,female,55,11
Gaorong,USA,Gaorong,male,75,4
Kim,Denmark,Kim,male,98,1588
Bo,,Bo,male,85,5389
X,Netherlands,,,,
Alfons,Germany,Alfons,male,97,317
Herbert,USA,Herbert,male,100,4471
Michael,UK,Michael,male,99,211741
Nigel,Japan,Nigel,male,100,7
Kazuaki,,Kazuaki,male,99,152
Chris,Australia,Chris,male,95,2855
Michael,Japan,Michael,male,99,446
Hiroaki,USA,Hiroaki,male,100,14
Jerry,UK,Jerry,male,98,23367
W,Switzerland,,,,
Jeffrey,,Jeffrey,male,100,19324
Christian,France,Christian,male,100,48300
Margaret,Germany,Margaret,female,96,81
Christopher,France,Christopher,male,98,6987
Anne,USA,Anne,female,99,5550
Dmitry,China,Dmitry,male,100,23
Wen-Jing,USA,Jing,female,76,249
Lawrence,Denmark,Lawrence,male,83,6
Ib,USA,Ib,male,77,26
Izzat,China,Izzat,male,97,385
Giuseppe,Germany,Giuseppe,male,99,1616
Joachim,China,Joachim,male,100,9
Chunhai,USA,Chunhai,male,67,6
Ayusman,DSM,Ayusman,male,100,6
John,Germany,John,male,98,3765
Hansgeorg,Japan,Hansgeorg,male,100,8
Kenichiro,France,Kenichiro,male,100,113
Christian,Spain,Christian,male,100,48300
Nicola,Denmark,Nicola,male,71,17
Karl,Austria,Karl,male,99,997
Wolfgang,UK,Wolfgang,male,99,10782
Eoghan,Singapore,Eoghan,male,99,201
Hua,USA,Hua,male,65,57
Francis,USA,Francis,male,88,1639
Timothy,China,Timothy,male,98,80
Liming,USA,Liming,male,69,13
Christopher,China,Christopher,male,99,128
Qihua,Japan,Qihua,male,100,6
Tohru,China,Tohru,male,89,95
Changyin,Japan,Changyin,male,75,4
Atsuhiro,Germany,Atsuhiro,male,100,20
Michael,USA,Michael,male,100,65535
Yi,,Yi,male,61,1397
Jaephil,France,Jaephil,male,75,4
Françoise,Canada,Françoise,female,96,46
Rongmin,Germany,Rongmin,male,75,4
Jody,"Czech Republic",Jody,female,59,4108
Diego,,Diego,male,99,67382
Arne,Japan,Arne,male,100,3
Zhiyong,China,Zhiyong,male,100,51
Akio,USA,Akio,male,94,18
Bin,Russia,Bin,male,67,6
Viktor,Singapore,Viktor,male,100,6
Igor,Japan,Igor,male,100,58
Teck-Peng,Australia,Peng,male,89,9
Hidetoshi,China,Hidetoshi,male,75,4
David,Netherlands,David,male,99,2101
En-Bo,Japan,Bo,male,92,12
Wilhelm,Norway,Wilhelm,male,94,16
Masaki,China,Masaki,unknown,50,4
Helmer,Germany,Helmer,male,100,6
Tai-Chu,Spain,Chu,male,61,33
Hans-Ulrich,USA,Hans,male,99,791
Juan,Germany,Juan,male,97,900
David,USA,David,male,100,65535
Gerhard,USA,Gerhard,male,100,59
Zhanhu,Germany,Zhanhu,male,75,4
Alexander,Germany,Alexander,male,98,11884
Gerhard,Switzerland,Gerhard,male,100,90
Udo,China,Udo,male,100,3
Xile,Singapore,Xile,male,64,14
Hui,Spain,Hui,male,67,27
Teck-Peng,USA,Teck,male,100,7
M,Germany,,,,
Vladislav,Japan,Vladislav,male,75,4
Ingo,China,Ingo,male,100,4
Masaharu,USA,Masaharu,male,75,4
Thomas,Japan,Thomas,male,99,151
Philip,,Philip,male,99,21773
Hiroshi,Korea,Hiroshi,male,99,1730
Warren,Australia,Warren,male,99,237
Jaephil,France,Jaephil,male,75,4
Udo,China,Udo,male,100,3
Christian,China,Christian,male,100,48300
Qi-Lin,Germany,Lin,female,83,120
Zhiwei,UK,Zhiwei,male,90,119
Benjamin,Japan,Benjamin,male,96,77
Jose,USA,Jose,male,99,11929
Hiroyuki,Germany,Hiroyuki,male,100,5
Liming,USA,Liming,male,69,13
Nuno,"South Korea",Nuno,male,100,9
Aaron,Italy,Aaron,male,98,189
Sangyong,India,Sangyong,male,97,37
Davide,Taiwan,Davide,male,100,3
Padmanabhan,Germany,Padmanabhan,male,100,201
Chen-Sheng,Switzerland,Sheng,male,75,4
Armido,China,Armido,male,100,20
Erick,Israel,Erick,male,100,5
Guofu,Netherlands,Guofu,male,100,5
Milko,China,Milko,male,75,4
Emiel,Germany,Emiel,male,100,7
Yong,Germany,Yong,male,75,12
Alexander,China,Alexander,male,98,199
Michael,France,Michael,male,98,11452
Yi,Greece,Yi,female,75,4
Alphonse,Spain,Alphonse,male,100,17
Georgios,China,Georgios,male,100,5
Mathias,China,Mathias,male,95,21
Ling,Denmark,Ling,female,100,3
Shuai,USA,Shuai,male,74,23
Lars,China,Lars,male,100,27
Benjamin,Singapore,Benjamin,male,100,325
Daoyong,Japan,Daoyong,male,75,4
Xue-Wei,USA,Wei,male,75,391
Takuzo,France,Takuzo,male,100,4
Hisashi,USA,Hisashi,male,100,6
Cyril,USA,Cyril,male,96,208
Slavi,USA,Slavi,male,75,4
Y-H,Germany,Y-H,male,60,5
Patrick,Japan,Patrick,male,99,143
Werner,Japan,Werner,male,100,3
Shoji,China,Shoji,male,75,4
Tsutomu,USA,Tsutomu,male,75,4
Xiaoming,Canada,Xiaoming,male,75,4
Alexander,Germany,Alexander,male,98,11884
Stephen,,Stephen,male,99,46085
Urs,Germany,Urs,male,94,119
Do,,Do,male,63,2305
Sigurd,China,Sigurd,male,98,253
Rai-Shung,USA,Rai,male,51,67
Jianzhong,Germany,Jianzhong,male,93,27
R,Switzerland,,,,
Manuel,,Manuel,male,99,96874
Javier,France,Javier,male,99,367
Steven,Germany,Steven,male,99,3061
Pierre,Singapore,Pierre,male,97,36
Kinga,Japan,Kinga,male,67,3
Hongyu,USA,Hongyu,male,75,8
Hiroshi,China,Hiroshi,male,100,10
Marvin,Italy,Marvin,male,96,179
Guodong,USA,Guodong,male,100,4
Piero,Germany,Piero,male,100,152
Colin,China,Colin,male,99,237
Walter,USA,Walter,male,99,3526
Chun-Hua,"United Kingdom",Chun,male,95,19
Timothy,SAR,Timothy,male,99,15778
John,Korea,John,male,99,219085
Dik-Lung,Japan,Dik,male,100,5
Jaheon,France,Jaheon,male,75,4
Masakatsu,Italy,Masakatsu,male,75,4
Michaël,China,Michaël,male,75,4
Maurizio,China,Maurizio,male,100,20
Pei-Qiang,USA,Qiang,male,95,40
Xumu,Germany,Xumu,male,75,4
Huw,Germany,Huw,male,99,360
Leif,Japan,Leif,male,100,4
Olga,,Olga,female,98,42388
Susumu,USA,Susumu,male,100,7
Lei,USA,Lei,male,57,231
Bartosz,USA,Bartosz,male,100,26
Craig,Australia,Craig,male,100,1015
Kyle,USA,Kyle,male,99,17235
Cameron,Italy,Cameron,male,73,41
Bartosz,,Bartosz,male,100,7087
Francesco,China,Francesco,male,98,59
Tuo,Netherlands,Tuo,male,87,127
Wei,USA,Wei,male,75,391
Vinod,Germany,Vinod,male,100,15
Janis,Germany,Janis,male,89,229
Ian,Germany,Ian,male,99,227
Maja,China,Maja,female,100,5
Janina,USA,Janina,female,99,105
Bo,Germany,Bo,male,91,178
Jiyuan,USA,Jiyuan,male,67,6
Tom,Germany,Tom,male,99,7237
Pingyun,China,,,,
Lutz,UK,Lutz,male,98,1744
Yong-Gui,Netherlands,Gui,male,100,7
Clare,UK,Clare,female,98,8889
Inge,USA,Inge,female,94,70
Hon,Germany,Hon,female,67,3
Richmond,China,Richmond,male,100,6
Walter,Germany,Walter,male,81,2941
Huisheng,Switzerland,Huisheng,male,86,7
Markus,USA,Markus,male,100,4802
Beat,"Czech Republic",Beat,male,100,68
Haibo,Brazil,Haibo,male,95,87
Simona,USA,Simona,female,97,197
José,Japan,José,male,100,18
Michael,,Michael,male,99,211741
Takashi,Germany,Takashi,male,100,4
Cameron,Germany,Cameron,male,79,33
Walter,Japan,Walter,male,98,103
Alexander,,Alexander,male,99,56237
Motoo,USA,Motoo,male,94,18
Douglas,UK,Douglas,male,99,18529
John,France,John,male,98,12594
Carol,Spain,Carol,female,98,3453
Jean-Marc,USA,Jean-Marc,male,100,55
Luis,Spain,Luis,male,99,43667
Anastassia,USA,Anastassia,female,100,18
Ernesto,Canada,Ernesto,male,100,39
Zachary,Netherlands,Zachary,male,100,9
Masood,Germany,Masood,male,100,17
Michel,Singapore,Michel,male,81,16
Klaus,Germany,Klaus,male,98,10045
Yanli,Finland,Yanli,female,81,54
Clemens,Germany,Clemens,male,99,563
Petri,USA,Petri,male,87,15
Frank,Germany,Frank,male,98,16573
Eranthie,USA,,,,
Lorenz,USA,Lorenz,male,95,37
Rich,Denmark,Rich,male,100,65
Frieder,USA,Frieder,male,75,4
Michael,Germany,Michael,male,100,30913
Juli,,Juli,female,63,5284
Alexander,France,Alexander,male,99,429
Toshihide,Germany,Toshihide,male,100,22
Michel,China,Michel,male,82,114
Börje,Germany,Börje,male,99,217
Sergey,China,Sergey,male,100,39
Alexander,USA,Alexander,male,100,6939
Peng,UK,Peng,male,84,1353
F,Australia,,,,
Duncan,Italy,Duncan,male,100,42
Shuhei,Germany,Shuhei,male,75,4
Maurizio,,Maurizio,male,99,24776
Florian,China,Florian,male,100,22
Hagan,USA,Hagan,male,68,22
Yao,Germany,Yao,male,65,17
Chengde,,Chengde,male,100,5
Jun,France,Jun,male,72,101
David,Germany,David,male,99,10714
Anja,Japan,Anja,female,100,6
Horst,USA,Horst,male,97,31
Tsunehiro,Switzerland,Tsunehiro,male,100,11
Francisco,Japan,Francisco,male,100,78
Etienne,Spain,Etienne,male,89,36
Takuzo,USA,Takuzo,male,100,4
Babil,USA,Babil,male,94,71
Christopher,Spain,Christopher,male,99,346
Bartosz,Australia,Bartosz,male,75,4
Luis,Germany,Luis,male,85,1139
Frank,China,Frank,male,98,1262
Frank,USA,Frank,male,100,11178
Fuk,USA,Fuk,unknown,50,2
Ralph,Japan,Ralph,male,94,16
Laura,Germany,Laura,female,98,4794
Hiromitsu,Japan,Hiromitsu,male,100,50
Mirko,Switzerland,Mirko,male,99,251
Yoshihiro,China,Yoshihiro,male,75,4
Alfons,USA,Alfons,male,100,6
Shengming,USA,Shengming,male,100,5
K,Japan,,,,
David,USA,David,male,100,65535
Satoshi,China,Satoshi,male,100,7
Elizabeth,France,Elizabeth,female,97,635
Shu-Hong,USA,Shu,female,57,74
Beat,USA,Beat,male,100,68
David,USA,David,male,100,65535
Michael,Japan,Michael,male,99,446
Ning,Taiwan,Ning,female,82,50
Noritaka,China,Noritaka,male,100,38
Rai-Shung,Japan,Rai,male,83,35
Yong,Sweden,Yong,male,100,3
Hiroshi,Australia,Hiroshi,male,100,4
Sascha,Germany,Sascha,male,99,11090
John,Singapore,John,male,99,1185
Michael,France,Michael,male,98,11452
Ying-Yeung,Singapore,Ying,female,84,49
Philippe,USA,Philippe,male,100,410
Yanli,France,Yanli,female,100,3
Michael,USA,Michael,male,100,65535
Pascale,France,Pascale,female,98,7697
Mitchell,France,Mitchell,male,95,20
Xavier,Japan,Xavier,male,94,33
Laurent,China,Laurent,male,96,49
Seiji,Japan,Seiji,male,99,298
Erhong,USA,,,,
Yasushige,Germany,Yasushige,male,75,4
Guangbin,UK,Guangbin,male,91,11
Alexander,USA,Alexander,male,100,6939
Chris,China,Chris,male,79,1121
Richard,Japan,Richard,male,99,237
Jing,Germany,Jing,female,81,36
Shigehiro,UK,Shigehiro,male,100,22
Jürgen,Taiwan,Jürgen,male,99,9431
Oren,Italy,Oren,male,67,6
Yi-Chou,USA,Chou,male,67,15
Giovanna,USA,Giovanna,female,99,4738
Phil,UK,Phil,male,98,25391
Weiping,France,Weiping,male,73,45
Matthew,USA,Matthew,male,100,30646
Sandrine,Spain,Sandrine,female,100,100
Hong-Cai,Spain,Cai,male,60,20
Vladimir,China,Vladimir,male,100,31
Matthias,UK,Matthias,male,100,17148
Shuanhu,Japan,,,,
Jason,Spain,Jason,male,99,481
Hikomitsu,Japan,,,,
Ernesto,Germany,Ernesto,male,99,208
Shiroh,Germany,Shiroh,female,75,4
Michael,USA,Michael,male,100,65535
Thomas,China,Thomas,male,99,449
Anders,USA,Anders,male,99,280
Wen-Jing,USA,Jing,female,76,249
Alexander,Japan,Alexander,male,100,115
Christopher,,Christopher,male,99,55041
Masaaki,France,Masaaki,male,100,256
Ken,Germany,Ken,male,98,411
Janine,Schweiz,Janine,female,98,9033
Ulrich,Germany,Ulrich,male,99,1577
Thomas,Netherlands,Thomas,male,99,2042
Walter,France,Walter,male,97,809
Gerard,Germany,Gerard,male,100,126
Jean-Luc,,Jean-Luc,male,99,6928
Jan,Germany,Jan,male,99,10566
Chao-Jun,USA,Chao,male,91,112
Daniel,Austria,Daniel,male,99,2748
Karl,USA,Karl,male,100,2609
Bernhard,USA,Bernhard,male,98,44
Howard,Japan,Howard,male,100,9
Zachary,Spain,Zachary,male,88,8
Yan,,Yan,male,73,8519
Mercedes,China,Mercedes,female,81,16
Matthew,,Matthew,male,100,51412
Huanfeng,France,,,,
Dang,Germany,Dang,male,88,8
Eric,"Republic of Korea",Eric,male,99,121922
Stefan,Israel,Stefan,male,94,18
Eun,USA,Eun,female,71,24
Ashraf,Italy,Ashraf,male,95,105
Wei,Japan,Wei,male,70,53
Vito,USA,Vito,male,99,231
Sei-ichi,Australia,Sei-Ichi,male,65,501
Neal,,Neal,male,99,2785
Rob,France,Rob,male,97,539
Rui,Singapore,Rui,male,63,30
Damien,Korea,Damien,male,99,30575
Xiong,USA,Xiong,male,100,4
Ick,Israel,Ick,male,79,56
Rudolf,Japan,Rudolf,male,100,6
Milko,UK,Milko,male,98,366
Susumu,UK,Susumu,male,98,170
Benjamin,Spain,Benjamin,male,98,966
Patrick,Germany,Patrick,male,99,14512
Xavier,USA,Xavier,male,99,1665
Nuno,Netherlands,Nuno,male,100,86
William,USA,William,male,100,24483
Krijn,Netherlands,Krijn,male,100,75
Liming,USA,Liming,male,69,13
Gert,Japan,Gert,male,75,4
Ryan,USA,Ryan,male,99,35179
Keiji,Germany,Keiji,male,75,4
Joseph,Korea,Joseph,male,99,63161
Annie,Switzerland,Annie,female,95,124
Seong,China,Seong,male,100,5
Franziska,China,Franziska,female,75,4
Ning,Austria,Ning,female,74,1915
Jinbo,USA,Jinbo,male,93,27
Rolf,Germany,Rolf,male,99,3089
Spencer,USA,Spencer,male,98,3631
Carsten,Ireland,Carsten,male,100,4
James,USA,James,male,100,47200
Thorfinnur,France,Thorfinnur,female,75,4
Daniel,Spain,Daniel,male,99,25559
Anny,UK,Anny,female,96,5261
Silvia,USA,Silvia,female,95,1236
David,Japan,David,male,100,604
Peter,Japan,Peter,male,99,186
Noritaka,Japan,Noritaka,male,100,34
Jun-ichi,Denmark,Jun,unknown,50,6
Noritaka,Germany,Noritaka,male,100,38
Niels,Germany,Niels,male,99,418
Ute,Canada,Ute,female,100,3
Annette,UK,Annette,female,98,8428
Michael,Singapore,Michael,male,100,612
Victor,UK,Victor,male,99,78043
Xiong,Japan,Xiong,female,75,4
Andrew,UK,Andrew,male,99,82448
Akira,UK,Akira,female,73,7383
Jonathan,Germany,Jonathan,male,99,714
Richard,Korea,Richard,male,99,97659
Claudia,Japan,Claudia,female,97,188
Eunkyoung,USA,Eunkyoung,female,100,3
Takashi,USA,Takashi,male,98,49
Eric,USA,Eric,male,100,31662
Tewodros,France,Tewodros,male,100,258
Lee,France,Lee,male,72,438
Claudine,Japan,Claudine,female,75,4
Einar,Germany,Einar,male,100,19
Noritaka,Germany,Noritaka,male,100,38
Christian,USA,Christian,male,100,48214
Alois,Japan,Alois,male,95,1863
Adrien,Germany,Adrien,male,97,63
Shigeki,China,Shigeki,male,100,118
Peter,USA,Peter,male,100,15502
Yefeng,China,Yefeng,male,100,8
Thuc-Quyen,USA,Thuc,male,83,18
Wei,UK,Wei,male,73,4003
Francesco,USA,Francesco,male,100,2172
Jonathan,Japan,Jonathan,male,100,149
Irving,USA,Irving,male,100,2743
Kyoko,Italy,Kyoko,female,100,7
Fred,UK,Fred,male,96,49830
Simonetta,Japan,Simonetta,female,98,1347
Shik,Japan,Shik,male,75,4
Takayuki,Australia,Takayuki,male,75,4
Tohru,Switzerland,Tohru,male,89,95
Matthew,Germany,Matthew,male,99,616
Rudi,China,Rudi,male,90,10
Reinhold,Spain,Reinhold,male,100,4
Feihe,UK,,,,
Rodolfo,Germany,Rodolfo,male,95,65
Harry,Germany,Harry,male,99,1485
Michael,Germany,Michael,male,100,30913
Hartmut,Japan,Hartmut,male,99,1298
Jan,Denmark,Jan,male,99,1585
Masahiro,China,Masahiro,male,100,783
Mogens,USA,Mogens,male,100,4
Shu-Hong,Korea,Shu-Hong,female,50,4835
Zhong,Germany,Zhong,male,75,4
Hee,Germany,Hee,unknown,50,2
Frank,USA,Frank,male,100,11178
Dirk,Spain,Dirk,male,98,92
Kate,UK,Kate,female,98,27239
Kilian,China,Kilian,male,75,4
David,USA,David,male,100,65535
Zhu-Jun,Germany,Zhu,male,86,7
Keiichi,USA,Keiichi,male,100,5
Thomas,Japan,Thomas,male,99,151
Ralph,Australia,Ralph,male,100,62
Toshiaki,China,Toshiaki,male,99,193
Dylan,Taiwan,Dylan,male,100,87
Huimin,USA,Huimin,female,71,7
Yi-Chou,USA,Chou,male,67,15
Christian,Canada,Christian,male,100,48300
Shih-Yuan,Japan,Yuan,male,71,14
G,,,,,
Hidehito,USA,Hidehito,male,75,4
Stephen,Switzerland,Stephen,male,100,63
Binrui,,Binrui,unknown,50,2
Holger,Germany,Holger,male,100,4362
Takahiro,Canada,Takahiro,male,100,3
Ingo,USA,Ingo,male,100,30
Mark,USA,Mark,male,100,47989
Richard,Spain,Richard,male,99,2164
Amir,Japan,Amir,male,94,33
Carlos,Netherlands,Carlos,male,98,643
Yasushi,USA,Yasushi,male,100,10
Nico,Denmark,Nico,male,96,53
Gary,Australia,Gary,male,99,594
Christine,Germany,Christine,female,98,3190
J,UK,,,,
David,,David,male,99,381770
Hon,,Hon,male,85,486
Trong-On,Japan,On,male,75,4
Christopher,,Christopher,male,99,55041
Tomokazu,China,Tomokazu,male,100,90
Yangzhong,UK,,,,
Younan,USA,Younan,male,100,6
Véronique,Korea,Véronique,female,98,8797
Christopher,Japan,Christopher,male,100,127
Seung,USA,Seung,male,94,35
Ken,Japan,Ken,male,99,1450
J,USA,,,,
Qiang,Japan,Qiang,male,100,4
Shannon,USA,Shannon,female,88,11948
Shu,France,Shu,female,63,32
Amir,Germany,Amir,male,97,883
Olivier,Canada,Olivier,male,100,506
Matthias,UK,Matthias,male,100,17148
Peter,USA,Peter,male,100,15502
Kostas,,Kostas,male,99,10318
Yadong,,Yadong,male,88,26
Chun-Wei,,Chun-Wei,male,92,24
Mark,USA,Mark,male,100,47989
P,USA,,,,
Dunwei,Spain,,,,
Nicolas,Austria,Nicolas,male,100,55
Paolo,Switzerland,Paolo,male,99,527
Wolfgang,France,Wolfgang,male,99,81
Hubert,Switzerland,Hubert,male,96,97
Angela,Japan,Angela,female,98,135
Antonio,Germany,Antonio,male,97,2673
Yoshihiro,USA,Yoshihiro,male,100,13
Markus,China,Markus,male,100,24
Kai,Netherlands,Kai,male,94,131
Yuanhong,Spain,Yuanhong,female,75,4
E,UK,,,,
Dirk,Germany,Dirk,male,99,8318
Joseph,USA,Joseph,male,100,21534
Thomas,Japan,Thomas,male,99,151
Timothy,USA,Timothy,male,100,9427
Norio,,Norio,male,99,143
Ya-Ping,Netherlands,Ya,male,83,12
Dennis,France,Dennis,male,94,160
Albertus,China,Albertus,male,75,4
Dominique,China,Dominique,male,82,38
Jianwei,UK,Jianwei,male,97,65
Yen,UK,Yen,female,81,2432
Daren,"Republic of Korea",Daren,male,97,2441
Gareth,USA,Gareth,male,97,303
Taeyun,China,Taeyun,male,91,23
William,Japan,William,male,100,202
Dongyuan,Germany,Dongyuan,male,80,5
Hirokazu,France,Hirokazu,male,100,225
Stefan,Germany,Stefan,male,97,20127
Bruno,China,Bruno,male,99,91
Krzysztof,China,Krzysztof,male,100,5
Quanbin,Germany,,,,
Liangbing,Japan,Liangbing,male,75,4
Herbert,India,Herbert,male,100,23
Ryo,China,Ryo,male,92,25
Tapan,,Tapan,male,99,1188
Yuanhong,Germany,Yuanhong,female,75,4
David,,David,male,99,381770
Frank,Germany,Frank,male,98,16573
Victor,Germany,Victor,male,96,577
Harald,USA,Harald,male,100,52
Helmut,Switzerland,Helmut,male,98,54
Yi,Israel,Yi,male,61,1397
Jérôme,USA,Jérôme,male,100,40
Sason,USA,Sason,male,100,3
Tariq,"Czech Republic",Tariq,male,75,4
Michael,Japan,Michael,male,99,446
Ivo,USA,Ivo,male,99,96
Nobuharu,Mexico,Nobuharu,male,100,11
Tomislav,France,Tomislav,male,100,12
Kim,China,Kim,male,61,567
Frédéric,USA,Frédéric,male,100,42
Jun-An,USA,Jun,male,86,387
Xingjian,Japan,Xingjian,male,91,11
Stephen,Deutschland,Stephen,male,99,46085
Susumu,USA,Susumu,male,100,7
Gerald,Germany,Gerald,male,99,697
Pingyun,USA,,,,
Richard,Germany,Richard,male,99,2147
Sanford,Japan,Sanford,male,95,157
Matthias,Germany,Matthias,male,100,9451
Ken,USA,Ken,male,100,9888
Ulrich,Germany,Ulrich,male,99,1577
Guy,France,Guy,male,98,8515
Uwe,Italy,Uwe,male,89,9
Emmanuel,Germany,Emmanuel,male,98,182
Giovanni,France,Giovanni,male,98,1415
Stefan,Germany,Stefan,male,97,20127
Martin,USA,Martin,male,100,5868
Bernd,Singapore,Bernd,male,75,4
Sotiris,Germany,Sotiris,male,100,27
Qichun,USA,Qichun,male,100,4
Robert,Germany,Robert,male,99,8458
Radoslav,Germany,Radoslav,male,100,21
Alexander,USA,Alexander,male,100,6939
Ralf,,Ralf,male,99,9994
Thomas,China,Thomas,male,99,449
Tao,,Tao,male,87,1999
Hongbin,Japan,Hongbin,male,91,47
Haeshin,Singapore,Haeshin,male,75,4
Hiroki,Singapore,Hiroki,male,75,4
Jianrong,Germany,Jianrong,male,82,11
Rainer,USA,Rainer,male,100,60
Ingo,China,Ingo,male,100,4
Xudong,Japan,Xudong,male,97,79
Takeshi,Germany,Takeshi,male,100,11
Shigehiro,,Shigehiro,male,100,22
Hans-Günther,Germany,Hans-Günther,male,100,11
Chun-Hung,Germany,Hung,male,100,35
Sebastian,Japan,Sebastian,male,100,57
Carsten,USA,Carsten,male,98,57
Hideki,USA,Hideki,male,100,25
Alice,Germany,Alice,female,98,614
Robert,Spain,Robert,male,99,3456
Nazario,France,Nazario,male,88,16
Antoni,Japan,Antoni,male,100,3
Antoine,USA,Antoine,male,100,7984
Makoto,USA,Makoto,male,85,41
Michael,France,Michael,male,98,11452
Steve,USA,Steve,male,100,25945
Valérie,Canada,Valérie,female,99,187
Tom,USA,Tom,male,100,19527
Suning,USA,Suning,female,75,4
Marcus,UK,Marcus,male,99,25073
Jiyong,Korea,Jiyong,male,86,85
Michael,Australia,Michael,male,100,3838
Jae-Hyung,China,Jae,male,75,12
Jaephil,Germany,Jaephil,male,75,4
Zhongping,USA,Zhongping,male,75,4
Hans-Joachim,Switzerland,Hans-Joachim,male,100,4
Christian,China,Christian,male,100,48300
Jeffrey,Spain,Jeffrey,male,100,87
Andreas,Singapore,Andreas,male,100,20
Carlos,USA,Carlos,male,100,10179
Jagadese,,,,,
Xuan,China,Xuan,female,55,208
Ren-Hua,USA,Hua,male,65,57
Jianfang,China,Jianfang,female,67,6
Yi,USA,Yi,male,56,263
Aiwen,Germany,Aiwen,male,67,24
Michael,Germany,Michael,male,100,30913
Werner,Japan,Werner,male,100,3
Herbert,Germany,Herbert,male,98,1663
Kazuya,Germany,Kazuya,male,100,7
Dirk,China,Dirk,male,100,38
Gerald,Japan,Gerald,male,93,15
Jianbo,Singapore,Jianbo,male,100,38
Ken,China,Ken,male,98,846
James,ROC,James,male,99,131879
Qing-Hua,USA,Hua,male,65,57
Pi-Tai,Germany,Tai,male,81,27
Yadong,France,Yadong,male,88,26
Alexander,China,Alexander,male,98,199
Bernard,China,Bernard,male,100,76
Jie-Sheng,USA,Sheng,male,67,55
Huanfeng,"Republic of Korea",,,,
Brandon,Serbia,Brandon,male,100,4
Tae,Japan,Tae,female,80,35
Radomir,Germany,Radomir,male,100,10
Atsuhiro,USA,Atsuhiro,male,100,20
Bernhard,Germany,Bernhard,male,98,3134
Jon,Denmark,Jon,male,99,173
Frank,India,Frank,male,98,264
Troels,Japan,Troels,male,100,224
Uwe,USA,Uwe,male,98,45
Kazushi,Germany,Kazushi,male,99,69
Murray,Japan,Murray,male,67,3
Leonhard,Canada,Leonhard,male,75,4
Masahiro,Japan,Masahiro,male,100,703
Neil,France,Neil,male,93,209
Hideo,USA,Hideo,male,100,14
Nicolas,Japan,Nicolas,male,99,71
Timothy,USA,Timothy,male,100,9427
Tamejiro,Australia,,,,
Mi,Germany,Mi,male,59,368
Joel,Germany,Joel,male,96,524
Matthias,UK,Matthias,male,100,17148
Christian,Germany,Christian,male,100,86
Lyn,Singapore,Lyn,female,100,95
Dirk,USA,Dirk,male,99,483
Teck-Peng,Japan,Peng,male,75,16
Bruce,Germany,Bruce,male,99,200
Shigeru,Germany,Shigeru,male,100,216
Bernhard,USA,Bernhard,male,98,44
Frank,USA,Frank,male,100,11178
Paul,,Paul,male,99,140849
Neal,,Neal,male,99,2785
Shuit-Tong,USA,Tong,male,69,86
Mark,USA,Mark,male,100,47989
Stephen,,Stephen,male,99,46085
Jerry,,Jerry,male,98,23367
Rosalind,Norway,Rosalind,female,75,4
Taolei,Australia,,,,
Karl,Taiwan,Karl,male,100,38
Wei,France,Wei,male,59,70
Gene-Hsiang,Japan,Gene-Hsiang,male,57,1418
Juan,Japan,Juan,male,96,224
Mitsuru,Turkey,Mitsuru,male,95,172
Hiroaki,USA,Hiroaki,male,100,14
Sefik,Japan,Sefik,male,99,208
Binghe,Germany,Binghe,unknown,50,2
Takashi,USA,Takashi,male,98,49
J,China,,,,
Carlos,USA,Carlos,male,100,10179
Shu-Hong,Australia,Shu,female,75,4
James,Japan,James,male,98,379
Clive,Japan,Clive,male,75,4
Susumu,Germany,Susumu,male,98,170
Yuji,USA,Yuji,male,100,29
Armido,USA,Armido,male,100,20
Milan,,Milan,male,98,31710
J,China,,,,
Sergey,USA,Sergey,male,100,435
Lei,,Lei,male,59,2374
George,,George,male,99,63411
Bartosz,Germany,Bartosz,male,98,126
Hongze,France,Hongze,male,100,8
Siegfried,China,Siegfried,male,100,3
Harald,Switzerland,Harald,male,100,50
Chun-Ying,Israel,Chun-Ying,unknown,50,4
Jieping,China,Jieping,female,75,4
Yoram,Japan,Yoram,male,99,247
Weimin,Japan,Weimin,male,75,4
Shigehiro,France,Shigehiro,male,100,22
Shigeki,USA,Shigeki,male,100,3
Frédéric,Israel,Frédéric,male,98,11476
Christian,USA,Christian,male,100,48214
Micha,France,Micha,male,64,229
Olafs,Netherlands,Olafs,male,100,17
Maurice-Bernard,USA,Bernard,male,99,1250
Bas,USA,Bas,male,86,29
Peter,China,Peter,male,99,1605
Olga,USA,Olga,female,98,1278
Weiping,Germany,Weiping,unknown,50,2
Ross,China,Ross,male,82,56
Bernd,Switzerland,Bernd,male,100,77
Yikang,Germany,Yikang,male,100,7
Robert,China,Robert,male,98,503
Franziska,China,Franziska,female,75,4
Shu-Li,France,Li,female,66,302
Xinhe,China,Xinhe,male,75,4
Yann,USA,Yann,male,100,86
Yong,USA,Yong,male,82,158
Karl,Japan,Karl,male,96,28
Derek,USA,Derek,male,100,8119
Hideo,France,Hideo,male,100,3
Paul,Spain,Paul,male,98,1992
Jean-Luc,Spain,Jean-Luc,male,100,24
Paolo,UK,Paolo,male,99,60571
Pablo,China,Pablo,male,100,48
Mark,Germany,Mark,male,100,75
Yanlei,Germany,Yanlei,male,67,6
Markus,Germany,Markus,male,99,15230
Hendrik,Korea,Hendrik,male,99,4118
Helmuth,USA,Helmuth,male,86,7
Seung,USA,Seung,male,94,35
David,Germany,David,male,99,10714
Robert,"South Korea",Robert,male,99,132
Christof,UK,Christof,male,99,1226
Leonard,Germany,Leonard,male,99,268
Patrick,Italy,Patrick,male,99,1400
Alec,Germany,Alec,male,80,69
Simonetta,Switzerland,Simonetta,female,83,6
Ulrich,,Ulrich,male,98,3912
Markus,Portugal,Markus,male,100,19
Graham,China,Graham,male,100,42
Vasco,Germany,Vasco,male,96,51
Aiwen,France,Aiwen,male,67,24
Rolf,USA,Rolf,male,99,112
Dominique,France,Dominique,male,62,25283
Glenn,USA,Glenn,male,99,3709
Valérie,USA,Valérie,female,96,27
Helen,USA,Helen,female,99,3367
Jiong,Germany,Jiong,unknown,50,2
H,Spain,,,,
Jacob,UK,Jacob,male,99,25605
Félix,,Félix,male,99,2244
Kathleen,,Kathleen,female,99,10967
W,USA,,,,
Michaele,USA,Michaele,female,98,46
F,USA,,,,
Seth,,Seth,male,99,7627
Greg,Belgium,Greg,male,99,1095
Graham,Germany,Graham,male,96,49
Dirk,China,Dirk,male,100,38
Mathias,Germany,Mathias,male,98,2842
Aiwen,USA,Aiwen,female,67,3
Guido,France,Guido,male,94,125
Jeffrey,China,Jeffrey,male,98,215
Guillaume,Italy,Guillaume,male,97,35
Chun-Hua,Germany,Hua,male,70,10
Lorenzo,USA,Lorenzo,male,100,1071
Martin,Israel,Martin,male,100,48
Jos,,Jos,male,94,8597
Yitzhak,Belgium,Yitzhak,male,98,59
Douglas,,Douglas,male,99,18529
Sandrine,,Sandrine,female,98,39063
Euan,Singapore,Euan,male,75,4
Anthony,China,Anthony,male,99,278
Naohiko,Japan,Naohiko,male,100,17
Zhong,Germany,Zhong,male,75,4
Mikiko,Japan,Mikiko,female,98,48
Peter,UK,Peter,male,99,146529
Norio,USA,Norio,male,75,4
Ifor,USA,Ifor,male,93,15
Stephen,Germany,Stephen,male,99,331
Lloyd,Japan,Lloyd,male,100,9
Iris,China,Iris,female,96,396
Takahiko,Germany,Takahiko,male,75,4
Chi-Ming,Japan,Chi,female,67,64
Katharina,Korea,Katharina,female,98,5457
Noritaka,China,Noritaka,male,100,38
Thomas,Switzerland,Thomas,male,99,3106
Feng,Germany,Feng,male,60,15
Hansjörg,Germany,Hansjörg,male,100,50
Edward,USA,Edward,male,100,7932
Stefan,Germany,Stefan,male,97,20127
Tadeusz,USA,Tadeusz,male,100,22
Wolfgang,Japan,Wolfgang,male,100,11
Ralph,UK,Ralph,male,99,8958
Mikiko,UK,Mikiko,female,96,83
Philip,Denmark,Philip,male,100,143
Jason,,Jason,male,99,76567
Ib,Germany,Ib,male,100,4
Anthony,USA,Anthony,male,100,21929
Robert,Germany,Robert,male,99,8458
Andrew,Germany,Andrew,male,99,574
Guntram,UK,Guntram,male,98,170
Martin,Germany,Martin,male,99,14619
Jonathan,Germany,Jonathan,male,99,714
André,USA,André,male,99,251
Aránzazu,Germany,Aránzazu,female,100,24
Marcel,China,Marcel,male,96,47
Oliver,,Oliver,male,98,22853
Xinhua,Singapore,Xinhua,male,75,4
David,USA,David,male,100,65535
David,USA,David,male,100,65535
François,Switzerland,François,male,99,355
Grzegorz,Israel,Grzegorz,male,75,4
Donald,USA,Donald,male,100,6155
Itamar,Sweden,Itamar,male,75,4
John,Germany,John,male,98,3765
Esko,Canada,Esko,male,75,4
Jun,Germany,Jun,male,85,52
Douglas,USA,Douglas,male,100,5371
Reiner,China,Reiner,male,99,1526
Michel,UK,Michel,male,97,68146
Mei-Xiang,USA,Mei,female,94,124
Helen,China,Helen,female,97,983
Assunta,Germany,Assunta,female,100,26
Liwu,Germany,Liwu,male,100,4
Oliver,Germany,Oliver,male,99,7903
Klaus,Switzerland,Klaus,male,99,168
Frank,USA,Frank,male,100,11178
Bastien,China,Bastien,male,75,4
Vicki,Japan,Vicki,female,67,3
Zhimou,India,,,,
Kyoko,France,Kyoko,female,89,9
Ankan,China,Ankan,male,87,267
Jean,Netherlands,Jean,male,82,492
Chun-Ying,Australia,Chun,male,100,5
Herman,Israel,Herman,male,88,8
Paul,France,Paul,male,98,16260
Sason,Germany,Sason,male,77,26
Manuel,France,Manuel,male,98,4322
Thomas,Spain,Thomas,male,99,642
Uwe,Spain,Uwe,male,100,50
Tomás,Germany,Tomás,male,100,10
Avelino,Switzerland,Avelino,male,97,30
Brigitte,Germany,Brigitte,female,99,3784
Rudi,USA,Rudi,male,85,127
Carsten,Switzerland,Carsten,male,100,39
Steven,Spain,Steven,male,99,608
Karl,USA,Karl,male,100,2609
Luisa,USA,Luisa,female,98,2843
Patrick,Germany,Patrick,male,99,14512
Liming,USA,Liming,male,69,13
Frank,"Saudi Arabia",Frank,male,97,64
Edward,UK,Edward,male,99,24073
Yu,Germany,Yu,male,52,60
Lee,China,Lee,male,66,1808
Helmut,USA,Helmut,male,100,51
Rey-Ting,Germany,Rey,male,80,64
Thomas,Germany,Thomas,male,99,27141
Juan,USA,Juan,male,99,7532
Gabriel,India,Gabriel,male,99,163
Steven,USA,Steven,male,100,19562
Kana,USA,Kana,female,83,54
Larry,USA,Larry,male,99,10620
John,Japan,John,male,99,665
Corey,Denmark,Corey,male,100,7
Norio,Netherlands,Norio,male,99,143
Anders,USA,Anders,male,99,280
Krijn,Japan,Krijn,male,99,80
Bartosz,,Bartosz,male,100,7087
Hiroyuki,Germany,Hiroyuki,male,100,5
Oren,Switzerland,Oren,male,96,678
Alexander,,Alexander,male,99,56237
Erick,Switzerland,Erick,male,100,42
Paul,,Paul,male,99,140849
Jeffrey,Canada,Jeffrey,male,100,489
Shik,UK,Shik,male,66,38
David,Japan,David,male,100,604
Kieran,,Kieran,male,99,9456
Toshio,Japan,Toshio,male,99,188
Xingfu,,Xingfu,male,70,23
Nao,Japan,Nao,male,65,558
Masaya,China,Masaya,male,95,317
Masakatsu,Germany,Masakatsu,male,97,32
Maochun,UK,,,,
Burkhard,,Burkhard,male,99,552
Peter,USA,Peter,male,100,15502
Liu-Zhu,USA,Liu,male,64,109
Neil,China,Neil,male,99,158
Yat,USA,Yat,male,75,4
Jie,USA,Jie,male,55,176
LeGrande,Japan,Legrande,male,100,5
Mohammad,Belgium,Mohammad,male,100,53
Akio,France,Akio,male,86,7
Stefaan,"South Korea",Stefaan,male,98,834
Bernard,Spain,Bernard,male,98,165
Leonard,China,Leonard,male,98,47
Teodor,Korea,Teodor,male,98,1034
Jiangyun,USA,Jiangyun,male,75,4
Heung,Germany,Heung,male,81,27
Bruce,Germany,Bruce,male,99,200
Jeroen,USA,Jeroen,male,100,32
Harald,Italy,Harald,male,100,46
Timothy,USA,Timothy,male,100,9427
Alberto,China,Alberto,male,98,62
Gojko,Germany,Gojko,male,100,5
Zhongwen,China,Zhongwen,male,100,8
Sven,Spain,Sven,male,97,90
Jinbo,China,Jinbo,male,89,19
Salvador,France,Salvador,male,95,197
Yang,Germany,Yang,male,73,49
Azzedine,Denmark,Azzedine,male,75,4
Matthias,USA,Matthias,male,100,3407
Monica,Germany,Monica,female,97,432
David,Germany,David,male,99,10714
Susnata,China,Susnata,male,63,8
Diana,China,Diana,female,100,268
Zhang-Jie,USA,Zhang,male,65,105
Lei,China,Lei,male,77,1080
Andreas,USA,Andreas,male,100,2789
Shengming,UK,Shengming,male,100,5
Sherry,USA,Sherry,female,99,4198
Paul,Spain,Paul,male,98,1992
Raymond,UK,Raymond,male,99,20118
Miguel,Germany,Miguel,male,99,897
Christine,Germany,Christine,female,98,3190
Robert,USA,Robert,male,100,43118
Helmut,USA,Helmut,male,100,51
John,UK,John,male,99,219085
Christopher,USA,Christopher,male,100,26017
John,Japan,John,male,99,665
H,Canada,,,,
Masakatsu,Spain,Masakatsu,male,97,32
Thomas,Singapore,Thomas,male,100,332
Nazario,Australia,Nazario,male,75,4
Yonggui,China,Yonggui,female,75,4
Richard,Canada,Richard,male,100,2403
Feng,Switzerland,Feng,male,75,4
Dmitrii,Australia,Dmitrii,male,75,4
Clément,Korea,Clément,male,98,7544
Shi,USA,Shi,female,54,81
Sukbok,Germany,,,,
Donald,USA,Donald,male,100,6155
Helmut,Germany,Helmut,male,98,3338
George,UK,George,male,99,63411
Nermin,UK,Nermin,female,74,3157
Jason,UK,Jason,male,99,76567
K,UK,,,,
Andrew,Denmark,Andrew,male,100,47
Alexey,Netherlands,Alexey,male,100,10
Torben,Germany,Torben,male,100,863
Bert,Germany,Bert,male,98,402
Milton,Japan,Milton,male,98,110
Eric,China,Eric,male,99,1948
Masahiro,,Masahiro,male,100,783
Aiwen,Germany,Aiwen,male,67,24
Seung-Man,Germany,Man,male,72,175
Armido,USA,Armido,male,100,20
Matthias,Germany,Matthias,male,100,9451
Bartosz,Switzerland,Bartosz,male,100,7087
Linda,Japan,Linda,female,98,95
Karl-Heinz,USA,Karl-Heinz,male,100,4
Noritaka,USA,Noritaka,male,100,38
Qian,China,Qian,female,65,385
Kim,Japan,Kim,female,51,244
Jin-Heng,Germany,Heng,male,75,4
Masahito,,Masahito,male,100,58
Evgeny,Italy,Evgeny,male,100,4
Roman,USA,Roman,male,100,7028
Renzo,,Renzo,male,99,3933
Chengde,Russia,Chengde,male,100,5
Hua,China,Hua,female,54,497
Alexander,Japan,Alexander,male,100,115
Gang,UK,,,,
Hisanori,China,Hisanori,male,100,37
Leroy,Japan,Leroy,male,100,4
Guo-Cong,Japan,Cong,male,89,9
Tadashi,UK,Tadashi,male,99,370
Hiroaki,USA,Hiroaki,male,100,14
Matthew,,Matthew,male,100,51412
Melanie,Japan,Melanie,female,100,20
Jennifer,,Jennifer,female,98,88317
Toshio,Spain,Toshio,male,75,4
Gangadhar,USA,Gangadhar,male,100,15
Vladimir,USA,Vladimir,male,100,690
Zhihong,Poland,Zhihong,male,72,43
Patrick,Germany,Patrick,male,99,14512
Regina,Germany,Regina,female,99,2417
Olga,Japan,Olga,female,98,40
Jürgen,China,Jürgen,male,99,9431
Takashi,USA,Takashi,male,98,49
Haichao,USA,Haichao,male,100,3
Xiangfeng,China,Xiangfeng,male,91,11
Samuel,Japan,Samuel,male,99,93
Zhaohui,USA,Zhaohui,male,60,5
Norihiro,Japan,Norihiro,male,100,47
Daniel,Germany,Daniel,male,99,22784
Keisuke,USA,Keisuke,male,100,11
Thomas,Denmark,Thomas,male,100,2294
Tyler,USA,Tyler,male,97,15339
Frank,Switzerland,Frank,male,99,536
Vojislav,Netherlands,Vojislav,male,100,248
Erick,Japan,Erick,male,100,86
Ben,Switzerland,Ben,male,98,539
Maho,Australia,Maho,male,82,736
Erick,Switzerland,Erick,male,100,42
Richard,China,Richard,male,99,833
Erick,Korea,Erick,male,99,15004
Qiuquan,Switzerland,,,,
Jae,Germany,Jae,male,73,11
Nathan,USA,Nathan,male,100,13599
Stefan,USA,Stefan,male,100,1196
Stefan,Japan,Stefan,male,100,27
Yuval,Switzerland,Yuval,male,100,6
Seiji,Japan,Seiji,male,99,298
Roger,Germany,Roger,male,99,735
Keiji,USA,Keiji,male,100,18
Giusy,Germany,Giusy,female,94,113
W,China,,,,
Peter,France,Peter,male,98,2446
Ying-Chun,Germany,Ying,female,71,34
Sylviane,China,Sylviane,female,75,4
Matthias,Germany,Matthias,male,100,9451
Xiaobing,Switzerland,Xiaobing,male,81,43
Mathias,USA,Mathias,male,100,3505
Jay,France,Jay,male,94,1109
Julius,Germany,Julius,male,99,489
Sébastien,UK,Sébastien,male,99,18623
Maurice,Austria,Maurice,male,96,26
Mark,Germany,Mark,male,100,75
Bernhard,USA,Bernhard,male,98,44
Michael,Japan,Michael,male,99,446
Michael,,Michael,male,99,211741
Atsuhiro,China,Atsuhiro,male,100,20
Jun-ichi,,Jun-Ichi,male,100,16
Bin,,Bin,male,89,2162
Michael,Japan,Michael,male,99,446
Jincai,China,Jincai,male,60,5
Takashi,China,Takashi,male,100,9
Xinchen,Germany,Xinchen,male,56,9
Shi-Kai,Netherlands,Kai,male,94,131
Stephan,Japan,Stephan,male,100,8
Adriaan,Netherlands,Adriaan,male,99,402
Atsushi,Germany,Atsushi,male,100,6
Jeroen,Singapore,Jeroen,male,100,3
Markus,Germany,Markus,male,99,15230
Xiaogang,USA,Xiaogang,male,100,5
Johannes,Germany,Johannes,male,99,3611
R,Finland,,,,
Nuno,USA,Nuno,male,97,88
Makoto,China,Makoto,male,100,10
Stephen,Germany,Stephen,male,99,331
Jianbo,Germany,Jianbo,male,100,38
Helmut,Germany,Helmut,male,98,3338
Oliver,USA,Oliver,male,99,1490
Peer,USA,Peer,male,100,83
Patrick,Spain,Patrick,male,98,819
Ulrich,France,Ulrich,male,96,449
Esther,USA,Esther,female,98,1844
Boris,Canada,Boris,male,100,108
Scott,USA,Scott,male,100,30644
Dmitry,Japan,Dmitry,male,100,14
Eric,USA,Eric,male,100,31662
Shogo,,Shogo,male,99,365
James,Germany,James,male,98,1248
Hiroshi,India,Hiroshi,male,88,8
Stefan,China,Stefan,male,100,66
Ravinder,,Ravinder,male,96,2616
Zhongwei,Germany,Zhongwei,male,75,4
Victor,USA,Victor,male,100,6752
Frank,Japan,Frank,male,97,152
Christopher,USA,Christopher,male,100,26017
Noritaka,USA,Noritaka,male,100,38
Sukwon,USA,Sukwon,male,100,3
Emmanuel,Switzerland,Emmanuel,male,99,182
Zhiqun,Germany,Zhiqun,male,100,5
Reto,France,Reto,male,80,5
Jan,UK,Jan,male,92,104026
Jean,Japan,Jean,male,84,127
Edward,USA,Edward,male,100,7932
Shigeru,Germany,Shigeru,male,100,216
Gianluigi,USA,Gianluigi,male,100,8
Thomas,Japan,Thomas,male,99,151
Sheng,Ireland,Sheng,male,74,646
Shigeyoshi,China,Shigeyoshi,male,100,20
Wolfgang,China,Wolfgang,male,93,14
Zhang-Jie,Switzerland,Zhang,female,60,5
Wenjie,Japan,Wenjie,male,67,3
Nicolai,China,Nicolai,male,100,3
Ken,Switzerland,Ken,male,99,128
Chi-Ming,,Chi-Ming,male,100,7
François,China,François,male,100,18
X,Germany,,,,
Qi-Lin,Germany,Lin,female,83,120
Michael,UK,Michael,male,99,211741
Christian,Israel,Christian,male,100,48300
Victor,,Victor,male,99,78043
Ehud,UK,Ehud,male,100,93
Eunkyoung,China,Eunkyoung,female,100,29
Andrew,Spain,Andrew,male,95,617
Tao,China,Tao,male,89,751
Miguel,,Miguel,male,99,89766
Xiaoming,"South Korea",Xiaoming,unknown,50,2
Yasuhiro,USA,Yasuhiro,male,100,14
Soojin,Spain,Soojin,female,91,121
Neil,Japan,Neil,male,100,26
Pilar,USA,Pilar,female,96,323
Yoshiji,USA,Yoshiji,male,75,4
Thomas,Spain,Thomas,male,99,642
Scott,USA,Scott,male,100,30644
Alberto,"South Korea",Alberto,male,100,11
Weihong,Japan,Weihong,male,70,40
Sang,India,Sang,male,62,50
Toshiharu,USA,Toshiharu,male,75,4
Arun,Korea,Arun,male,99,24419
Andy,Netherlands,Andy,male,98,713
Bong,UK,Bong,male,86,832
Marc,UK,Marc,male,99,77461
Shik,USA,Shik,male,66,38
Leroy,Spain,Leroy,male,98,49
Bartosz,Australia,Bartosz,male,75,4
Kilian,USA,Kilian,male,100,33
Gottfried,,Gottfried,male,100,354
Lauren,USA,Lauren,female,99,16489
Rai-Shung,Canada,Rai,male,62,13
W,Germany,,,,
Victor,USA,Victor,male,100,6752
Thomas,USA,Thomas,male,100,20215
Alexander,Australia,Alexander,male,99,379
D,Japan,,,,
David,China,David,male,99,2917
Toshiaki,USA,Toshiaki,male,100,6
Bin,USA,Bin,male,83,140
Jerry,USA,Jerry,male,99,8844
Ross,"United Kingdom",Ross,male,99,3876
Chris,Spain,Chris,male,86,1042
Jonathan,Japan,Jonathan,male,100,149
F,USA,,,,
Donglin,Germany,Donglin,male,88,16
Hiroaki,Belgium,Hiroaki,male,75,4
Bernhard,India,Bernhard,male,75,4
Bert,Germany,Bert,male,98,402
Akhil,China,Akhil,male,75,4
Otto,USA,Otto,male,98,273
Feng-Ling,France,Feng,male,83,41
Martin,Singapore,Martin,male,99,156
Antoine,Japan,Antoine,male,100,10
Choon-Hong,USA,Choon,male,63,8
Masahiro,Canada,Masahiro,male,75,4
R,Germany,,,,
Neil,USA,Neil,male,100,3353
F,China,,,,
Regan,Germany,Regan,male,75,4
Ji-Kai,Canada,Kai,male,91,94
Christian,Germany,Christian,male,100,86
Michael,USA,Michael,male,100,65535
Katharina,,Katharina,female,98,5457
Hans-Conrad,Japan,Conrad,male,100,4
Matthew,USA,Matthew,male,100,30646
Takashi,USA,Takashi,male,98,49
Ramesh,,Ramesh,male,99,13662
Michael,France,Michael,male,98,11452
Jim,Germany,Jim,male,98,537
Michel,USA,Michel,male,83,715
Frank,Sweden,Frank,male,99,360
Kenneth,Israel,Kenneth,male,100,5
Jan-E,USA,Jan,female,77,3645
Itamar,Germany,Itamar,male,75,4
Marisa,Japan,Marisa,female,100,47
Christina,China,Christina,female,99,387
Tohru,China,Tohru,male,89,95
Licheng,Germany,Licheng,male,85,20
Qing-Xiao,Japan,Qing,female,60,5
Oliver,USA,Oliver,male,99,1490
Chao,USA,Chao,male,91,112
Tomislav,Poland,Tomislav,male,100,1829
Carolyn,China,Carolyn,female,99,69
Lechosław,Japan,Lechosław,male,100,19
Mark,Germany,Mark,male,100,75
Takehiko,UK,Takehiko,male,100,68
Johannes,USA,Johannes,male,99,135
Thomas,USA,Thomas,male,100,20215
Michel,China,Michel,male,82,114
A,USA,,,,
Su,India,Su,male,63,84
Wei,USA,Wei,male,75,391
Ayyappanpillai,China,,,,
Kristin,Germany,Kristin,female,95,1271
Lina,Poland,Lina,female,93,41
Michael,India,Michael,male,99,898
Andrzej,USA,Andrzej,male,99,85
Barindra,China,Barindra,male,100,12
Kenneth,China,Kenneth,male,98,138
Yan,China,Yan,female,69,1535
Ye,UK,Ye,male,75,1057
Shengming,China,Shengming,male,100,4
Ian,USA,Ian,male,100,8095
Dongyuan,,Dongyuan,male,80,5
Eugene,"South Korea",Eugene,male,60,133
Jonathan,China,Jonathan,male,99,287
Sangyong,USA,Sangyong,male,100,3
Rui,Germany,Rui,male,97,211
Joshua,,Joshua,male,100,35201
Joseph,Germany,Joseph,male,99,432
Gang,UK,,,,
Dieter,USA,Dieter,male,98,84
Annette,USA,Annette,female,98,2562
John,UK,John,male,99,219085
Omar,Germany,Omar,male,98,661
Mary,Japan,Mary,female,97,230
Cosima,India,Cosima,female,92,227
Kazuhito,Australia,Kazuhito,male,100,63
Thalappil,USA,,,,
Gerhard,Germany,Gerhard,male,99,2024
Louis,Korea,Louis,male,97,22473
Stefan,Germany,Stefan,male,97,20127
Cheon-Gyu,China,Cheon-Gyu,male,84,196
Nuno,Netherlands,Nuno,male,100,86
Qian,Japan,Qian,female,80,5
Ben,Japan,Ben,male,97,151
Yasunori,Japan,Yasunori,male,99,110
Makoto,France,Makoto,male,89,9
Masakatsu,Belgium,Masakatsu,male,97,32
Christophe,China,Christophe,male,98,43
Clément,,Clément,male,98,7544
Yun-Gui,Canada,Gui,male,100,11
Jason,Canada,Jason,male,100,2949
Louis,USA,Louis,male,99,3027
Stephen,Singapore,Stephen,male,100,158
Jeffrey,"South Korea",Jeffrey,male,98,47
Yonggui,Germany,Yonggui,unknown,50,2
Yang-Kook,USA,Yang,male,69,340
Krzysztof,Germany,Krzysztof,male,99,464
Piotr,USA,Piotr,male,99,179
Guido,USA,Guido,male,100,184
Kit,Germany,Kit,female,53,30
Manuel,India,Manuel,male,98,114
Paul,USA,Paul,male,100,28746
Rajadurai,UK,Rajadurai,male,98,46
Markus,USA,Markus,male,100,4802
Jonathan,UK,Jonathan,male,99,84386
Hisashi,China,Hisashi,male,75,4
Peter,Germany,Peter,male,99,21321
Zhenfeng,Germany,Zhenfeng,male,100,11
Georg,Japan,Georg,male,100,4
Martin,USA,Martin,male,100,5868
Takeshi,Germany,Takeshi,male,100,11
Randall,USA,Randall,male,99,2263
Peter,Germany,Peter,male,99,21321
Haskell,Germany,Haskell,male,100,11
Olaf,USA,Olaf,male,99,75
Wilhelm,UK,Wilhelm,male,98,1428
William,Japan,William,male,100,202
Paul,USA,Paul,male,100,28746
Takeshi,UK,Takeshi,male,99,1290
Hong-Cai,China,Hong,female,58,636
Benjamin,Australia,Benjamin,male,100,493
Yan-Mei,Germany,Yan,female,100,29
Min,USA,Min,male,56,258
Matthias,USA,Matthias,male,100,3407
Thomas,USA,Thomas,male,100,20215
Shuwei,,Shuwei,male,76,25
Liming,USA,Liming,male,69,13
Manuel,Netherlands,Manuel,male,98,430
Vijay,,Vijay,male,99,23293
Christophe,Germany,Christophe,male,97,104
Akkattu,USA,,,,
Wolfgang,ROC.,Wolfgang,male,99,10782
Eric,Israel,Eric,male,99,69
Hao-Yuan,,Hao-Yuan,male,72,3768
Doron,UK,Doron,male,97,429
Bengang,,,,,
Christopher,Italy,Christopher,male,99,458
Gang,Germany,,,,
Roberta,France,Roberta,female,92,210
Gerhard,UK,Gerhard,male,99,4931
Sylviane,France,Sylviane,female,98,2725
Guy,China,Guy,male,97,58
Frédéric,Japan,Frédéric,male,100,8
Zhan-Ting,France,Zhan,male,80,5
Akio,UK,Akio,male,96,305
Alexandre,Germany,Alexandre,male,100,125
David,China,David,male,99,2917
Mitsuhiko,USA,Mitsuhiko,male,100,3
Boshun,USA,,,,
Stephen,USA,Stephen,male,100,16681
G,France,,,,
Richard,Germany,Richard,male,99,2147
Thomas,Germany,Thomas,male,99,27141
Martin,Germany,Martin,male,99,14619
Marcus,USA,Marcus,male,100,5165
Gerald,Japan,Gerald,male,93,15
Jon,Germany,Jon,male,98,333
Masakatsu,Switzerland,Masakatsu,male,97,32
Arndt,Japan,Arndt,male,75,4
Xile,UK,Xile,male,64,14
Noritaka,USA,Noritaka,male,100,38
John,Japan,John,male,99,665
Michael,China,Michael,male,99,1989
Mike,USA,Mike,male,100,41496
Shu-Li,Germany,Li,female,75,212
Jon,Germany,Jon,male,98,333
Hans-Peter,USA,Hans-Peter,male,100,7
Herbert,USA,Herbert,male,100,4471
Marcus,USA,Marcus,male,100,5165
William,China,William,male,98,929
Joseph,Spain,Joseph,male,98,573
Lehui,China,Lehui,male,75,4
Santiago,Canada,Santiago,male,98,44
Yong-Min,USA,Yong,male,82,158
Robbert,China,Robbert,male,100,3
Jürgen,China,Jürgen,male,99,9431
Jing,China,Jing,female,78,1267
Feng,Italy,Feng,male,93,15
Shunai,Japan,Shunai,female,100,6
Anna,France,Anna,female,96,6827
Shinji,Israel,Shinji,male,98,563
Gaëtan,Switzerland,Gaëtan,male,100,42
Reshef,Canada,Reshef,male,100,5
Helma,Korea,Helma,female,98,443
Tom,UK,Tom,male,99,87429
Ajayan,Japan,Ajayan,male,75,4
P,USA,,,,
Hideo,Spain,Hideo,male,75,4
Vladislav,USA,Vladislav,male,100,56
Fernando,Japan,Fernando,male,99,403
Timothy,Germany,Timothy,male,99,164
Hiroharu,USA,Hiroharu,male,100,6
Martin,UK,Martin,male,98,139211
Stephen,USA,Stephen,male,100,16681
Jeremy,USA,Jeremy,male,100,16054
Xiaoyuan,USA,Xiaoyuan,unknown,50,2
Peter,Italy,Peter,male,99,1728
Chad,China,Chad,male,97,36
Sara,Italy,Sara,female,98,37619
Hongjie,Germany,Hongjie,female,75,4
Margherita,UK,Margherita,female,98,4332
Josef,UK,Josef,male,98,26385
Jonathan,China,Jonathan,male,99,287
Benjamin,Netherlands,Benjamin,male,98,461
Hanmin,USA,Hanmin,male,75,4
Bert,Spain,Bert,male,96,116
George,USA,George,male,100,12253
Alberto,China,Alberto,male,98,62
Xudong,USA,Xudong,male,100,12
Yuan-Jiang,UK,Yuan-Jiang,male,61,2394
Shaoyi,Germany,Shaoyi,male,67,6
Victoria,UK,Victoria,female,98,33384
Rolf,USA,Rolf,male,99,112
Jonathan,Germany,Jonathan,male,99,714
Mu-Hyun,Netherlands,Mu,male,83,6
Axel,Japan,Axel,male,95,19
Gerrit,Germany,Gerrit,male,99,477
Keiji,Germany,Keiji,male,75,4
Volkmar,France,Volkmar,male,75,4
Thorsten,Italy,Thorsten,male,100,4
Sébastien,China,Sébastien,male,100,14
Finizia,China,Finizia,female,88,8
Qing,Slovenia,Qing,female,58,728
Hongbin,USA,Hongbin,male,71,7
Zdenko,Japan,Zdenko,male,75,4
Stephen,China,Stephen,male,98,406
Yusuke,Germany,Yusuke,male,99,1232
Chengjian,Spain,Chengjian,male,100,5
Gerhard,China,Gerhard,male,100,3
Paolo,Japan,Paolo,male,100,17
Qun,Japan,Qun,male,75,4
Keiji,Germany,Keiji,male,75,4
Yoshihiro,France,Yoshihiro,male,100,383
Aliaksandr,USA,Aliaksandr,male,100,5
Elisabeth,Switzerland,Elisabeth,female,97,308
Vladimir,USA,Vladimir,male,100,690
Dario,USA,Dario,male,100,2313
Souvik,Japan,Souvik,male,100,1116
Chad,China,Chad,male,97,36
Hiroyuki,China,Hiroyuki,male,100,6
Qi-Xiang,China,Xiang,male,76,414
Liu-Zhu,China,Zhu,male,61,457
Jinbo,Japan,Jinbo,male,93,27
Kuiling,China,,,,
Naoki,Germany,Naoki,male,75,4
Feiyu,Germany,Feiyu,male,83,24
Thomas,USA,Thomas,male,100,20215
Kazuhito,Ireland,Kazuhito,male,100,63
Gregory,USA,Gregory,male,100,6184
Thorfinnur,Singapore,Thorfinnur,female,75,4
Leonard,USA,Leonard,male,99,1472
Hua,Japan,Hua,male,67,12
Joerg,Germany,Joerg,male,99,1129
Masahiro,Germany,Masahiro,male,100,3
Thomas,France,Thomas,male,98,35110
Andreas,"Republic of Korea",Andreas,male,99,44818
Bruno,USA,Bruno,male,100,3887
Seungjoo,USA,Seungjoo,male,75,4
John,USA,John,male,100,65535
Scott,Singapore,Scott,male,99,75
Jianjun,USA,Jianjun,male,100,7
Yixin,USA,Yixin,unknown,50,12
Jens,Japan,Jens,male,100,8
Kristi,Switzerland,Kristi,male,80,5
Hiroyuki,USA,Hiroyuki,male,100,26
Robert,Spain,Robert,male,99,3456
Ya-Ping,Germany,Ya,male,59,61
Antoni,USA,Antoni,male,92,53
Dieter,Helmholtz-Zentrum,Dieter,male,98,7678
Cláudio,Japan,Cláudio,male,100,3
Rolf,UK,Rolf,male,99,5940
Yuji,Japan,Yuji,male,99,665
Stephen,USA,Stephen,male,100,16681
Noritaka,USA,Noritaka,male,100,38
Samuel,China,Samuel,male,97,291
Benjamin,Germany,Benjamin,male,100,5256
Zuowei,Italy,Zuowei,male,100,3
Markus,USA,Markus,male,100,4802
Michael,Netherlands,Michael,male,98,4003
Linda,China,Linda,female,98,1116
Andrew,Switzerland,Andrew,male,99,140
Hong-Bo,Japan,Bo,male,92,12
Alexandre,Germany,Alexandre,male,100,125
Akio,Germany,Akio,male,67,3
Christof,USA,Christof,male,100,25
Christopher,China,Christopher,male,99,128
Annaliese,USA,Annaliese,female,100,39
Liu-Zhu,China,Zhu,male,61,457
Thomas,UK,Thomas,male,99,129177
Wen-Jing,Germany,Jing,female,81,36
Steven,USA,Steven,male,100,19562
André,Norway,André,male,99,149
Brett,France,Brett,male,97,68
Ole,UK,Ole,male,94,2972
Agnès,Japan,Agnès,female,75,4
Michaele,Germany,Michaele,female,82,17
Takashi,Japan,Takashi,male,99,1549
Klaus,Denmark,Klaus,male,100,424
Yoshinori,Japan,Yoshinori,male,100,243
Troels,China,Troels,male,75,4
Toshihide,Germany,Toshihide,male,100,22
Lei,France,Lei,male,54,107
Andreas,Japan,Andreas,male,100,21
Ivan,UK,Ivan,male,99,80498
Kyoko,Germany,Kyoko,female,100,3
Ivana,China,Ivana,female,100,10
Roland,USA,Roland,male,100,1123
Shiyong,China,Shiyong,male,100,10
James,USA,James,male,100,47200
Hanzhong,Japan,Hanzhong,male,100,3
Priyabrata,Spain,Priyabrata,male,100,285
Nobuo,China,Nobuo,male,75,4
Francesco,Switzerland,Francesco,male,99,678
Yadong,Japan,Yadong,male,88,26
Alexandre,China,Alexandre,male,98,59
Kentaro,Spain,Kentaro,male,75,4
Ming-Hua,Spain,Hua,male,100,6
María,Germany,María,female,100,35
Carlos,Japan,Carlos,male,98,695
Mathias,Israel,Mathias,male,75,4
Shigehiro,Italy,Shigehiro,male,100,22
Ashraf,Germany,Ashraf,male,98,66
Stefano,"United Kingdom",Stefano,male,100,371
Nediljko,France,Nediljko,male,100,8
Kevin,Germany,Kevin,male,99,11155
Jean,China,Jean,female,53,343
Konrad,Germany,Konrad,male,99,692
Qilong,Germany,Qilong,male,93,15
Roderich,USA,Roderich,male,67,3
Heinz,USA,Heinz,male,99,67
Jing,USA,Jing,female,76,249
Joseph,Switzerland,Joseph,male,99,185
Yadong,Germany,Yadong,male,75,4
Jeffrey,Italy,Jeffrey,male,97,74
Michael,Korea,Michael,male,99,211741
Davide,Germany,Davide,male,100,376
Jin,Korea,Jin,male,72,4739
Dieter,USA,Dieter,male,98,84
Sung,Japan,Sung,male,75,8
Vladimir,Germany,Vladimir,male,99,398
Hiroshi,Singapore,Hiroshi,male,100,4
Hans-Joachim,France,Joachim,male,99,845
Martin,Netherlands,Martin,male,99,3751
Anna,USA,Anna,female,99,11850
Dick,Germany,Dick,male,86,49
François,USA,François,male,99,73
Uwe,Germany,Uwe,male,99,7562
Ralph,UK,Ralph,male,99,8958
Bernd,Australia,Bernd,male,100,11
Maxim,USA,Maxim,male,100,3892
Frank,Germany,Frank,male,98,16573
Xiaoyuan,Japan,Xiaoyuan,female,57,28
Markus,France,Markus,male,99,217
Noritaka,China,Noritaka,male,100,38
Jean-Pierre,USA,Jean-Pierre,male,100,104
Xiaoguang,Germany,Xiaoguang,male,100,38
Todd,China,Todd,male,98,46
Thomas,USA,Thomas,male,100,20215
Chun,Germany,Chun,unknown,50,6
Nan,USA,Nan,female,87,420
Frank,Japan,Frank,male,97,152
Younan,Korea,Younan,male,98,40
Junko,China,Junko,female,75,4
Seung-Man,Japan,Seung,male,100,3
Yi-Tao,Germany,Yi,female,100,15
Teruyuki,USA,Teruyuki,male,75,4
Michael,Germany,Michael,male,100,30913
Jianmin,USA,Jianmin,male,83,30
Matthias,Germany,Matthias,male,100,9451
Fu-Yang,Korea,Fu-Yang,male,68,4734
Christoph,Germany,Christoph,male,100,5773
Sang,Switzerland,Sang,male,75,4
Michael,Austria,Michael,male,99,4026
Kay,USA,Kay,female,93,2451
Michael,Germany,Michael,male,100,30913
Xuan,Germany,Xuan,male,79,19
J,Switzerland,,,,
Franz,France,Franz,male,97,276
Gisbert,USA,Gisbert,male,98,96
Oleg,China,Oleg,male,100,15
Jiayi,Japan,Jiayi,female,75,4
Qi-Lin,Spain,Qi,male,60,5
Yasuhiro,Germany,Yasuhiro,male,100,455
Miguel,Spain,Miguel,male,99,40797
Harald,Singapore,Harald,male,99,4998
Enrique,USA,Enrique,male,100,1544
XiongWen,USA,Xiongwen,male,75,4
Edward,Spain,Edward,male,98,441
Eugene,Japan,Eugene,male,89,27
Avelino,China,Avelino,male,75,4
Kazushi,Germany,Kazushi,male,99,69
Weiping,France,Weiping,male,73,45
Johannes,USA,Johannes,male,99,135
Anne,Taiwan,Anne,female,100,157
Ahmed,UK,Ahmed,male,98,156410
Chien-Hong,China,Chien,male,95,21
Duncan,China,Duncan,male,94,36
Linjie,Japan,Linjie,male,75,4
Man,Japan,Man,male,91,34
Shoji,Japan,Shoji,male,99,146
Norimitsu,USA,Norimitsu,male,100,10
Ken,Japan,Ken,male,99,1450
John,Switzerland,John,male,99,1369
Tamio,China,Tamio,male,94,18
François,Germany,François,male,100,39
Régis,USA,Régis,male,100,11
Andreas,Netherlands,Andreas,male,100,231
Darrin,Canada,Darrin,male,100,46
Mischa,UK,Mischa,male,74,981
Mario,Taiwan,Mario,male,100,23
Paul,Korea,Paul,male,99,140849
Rai-Shung,Spain,Rai,male,90,189
Hyoyoung,China,Hyoyoung,unknown,50,2
Michael,Japan,Michael,male,99,446
Chi-Ming,Germany,Chi,male,59,54
Hideyuki,"Republic of Korea",Hideyuki,male,100,204
Roland,Korea,Roland,male,99,22308
Sang,Israel,Sang,male,88,2448
Hyun,Japan,Hyun,male,80,15
Avi,Japan,Avi,male,100,3
Masahiro,,Masahiro,male,100,783
Kiyotomi,Korea,,,,
Marcos,Canada,Marcos,male,100,51
Hyung,Germany,Hyung,female,75,4
Chang-Chun,USA,Chun,male,71,52
Christoph,China,Christoph,male,100,7
Zoltan,"Republic of Korea",Zoltan,male,99,2799
Bin,France,Bin,male,89,61
Chan,Netherlands,Chan,female,86,78
