"First Name",Country,ga_first_name,ga_gender,ga_accuracy,ga_samples
Zhiqun,USA,Zhiqun,male,75,4
Itamar,Israel,Itamar,male,99,133
Mike,Japan,Mike,male,97,279
Jon,USA,Jon,male,100,12707
Hans-Peter,Germany,Hans-Peter,male,99,450
Herbert,Germany,Herbert,male,98,1663
Lehui,China,Lehui,male,75,4
Santiago,Spain,Santiago,male,99,5295
Yong-Min,China,Yong,male,95,502
Jürgen,USA,Jürgen,male,100,28
Jing,China,Jing,female,78,1267
Feng,China,Feng,male,82,850
Shunai,China,Shunai,female,100,3
Anna,Italy,Anna,female,98,36781
Shinji,Japan,Shinji,male,99,394
Gaëtan,France,Gaëtan,male,99,1055
Reshef,Israel,Reshef,male,75,4
Helma,Switzerland,Helma,female,75,4
Tom,Canada,Tom,male,100,1197
Hideo,Japan,Hideo,male,100,210
Vladislav,USA,Vladislav,male,100,56
Fernando,Spain,Fernando,male,99,22528
Timothy,USA,Timothy,male,100,9427
Hiroharu,Japan,Hiroharu,male,100,6
Martin,Germany,Martin,male,99,14619
Stephen,USA,Stephen,male,100,16681
Jeremy,UK,Jeremy,male,99,45294
Peter,USA,Peter,male,100,15502
Chad,USA,Chad,male,100,9565
Sara,Italy,Sara,female,98,37619
Hongjie,China,Hongjie,male,67,18
Josef,Germany,Josef,male,99,1788
Jonathan,UK,Jonathan,male,99,84386
Benjamin,UK,Benjamin,male,99,50718
Hanmin,China,Hanmin,male,75,4
Bert,Netherlands,Bert,male,98,3144
George,USA,George,male,100,12253
Alberto,Spain,Alberto,male,99,31002
Xudong,USA,Xudong,male,100,12
Yuan-Jiang,China,Jiang,male,63,472
Shaoyi,USA,Shaoyi,male,67,6
Victoria,UK,Victoria,female,98,33384
Rolf,Germany,Rolf,male,99,3089
Jonathan,UK,Jonathan,male,99,84386
Mu-Hyun,USA,Hyun,male,74,61
Axel,Germany,Axel,male,99,2526
Armido,Germany,Armido,male,100,20
Isaac,USA,Isaac,male,99,3762
Peter,USA,Peter,male,100,15502
Stephen,UK,Stephen,male,99,46085
Mikio,Japan,Mikio,male,100,103
Gerrit,Netherlands,Gerrit,male,98,1544
Keiji,Japan,Keiji,male,100,185
Volkmar,Germany,Volkmar,male,99,163
Thorsten,Germany,Thorsten,male,99,4876
Sébastien,France,Sébastien,male,99,15658
Finizia,Italy,Finizia,female,88,8
Qing,China,Qing,female,54,451
Hongbin,China,Hongbin,male,93,27
Zdenko,Slovenia,Zdenko,male,89,37
Stephen,USA,Stephen,male,100,16681
Yusuke,Japan,Yusuke,male,100,1088
Chengjian,China,Chengjian,male,100,4
Gerhard,Germany,Gerhard,male,99,2024
Paolo,Spain,Paolo,male,99,658
Qun,China,Qun,male,54,48
Keiji,Japan,Keiji,male,100,185
Yoshihiro,Japan,Yoshihiro,male,100,350
Aliaksandr,Germany,Aliaksandr,male,75,4
Elisabeth,France,Elisabeth,female,98,6430
Vladimir,USA,Vladimir,male,100,690
Dario,Switzerland,Dario,male,99,746
Souvik,USA,Souvik,male,100,15
Chad,USA,Chad,male,100,9565
Andrew,USA,Andrew,male,100,34858
Hiroyuki,Japan,Hiroyuki,male,100,955
Qi-Xiang,China,Xiang,male,76,414
Liu-Zhu,China,Zhu,male,61,457
Jinbo,China,Jinbo,male,89,19
Kuiling,China,,,,
Naoki,Japan,Naoki,male,100,826
Feiyu,China,Feiyu,male,80,15
Thomas,Germany,Thomas,male,99,27141
Kazuhito,Germany,Kazuhito,male,100,63
Gregory,USA,Gregory,male,100,6184
Thorfinnur,Ireland,Thorfinnur,female,75,4
Leonard,USA,Leonard,male,99,1472
Hua,Singapore,Hua,male,86,14
Joerg,USA,Joerg,male,100,24
Masahiro,Japan,Masahiro,male,100,703
Thomas,Germany,Thomas,male,99,27141
Andreas,Germany,Andreas,male,99,21215
Bruno,France,Bruno,male,98,25603
Seungjoo,"Republic of Korea",Seungjoo,male,60,15
Helmut,"Republic of Korea",Helmut,male,98,4881
John,USA,John,male,100,65535
Scott,USA,Scott,male,100,30644
Jianjun,USA,Jianjun,male,100,7
Yixin,Singapore,Yixin,female,57,7
Jens,USA,Jens,male,97,183
Kristi,USA,Kristi,female,99,3001
Hiroyuki,Japan,Hiroyuki,male,100,955
Robert,Switzerland,Robert,male,99,830
Ya-Ping,USA,Ping,male,56,90
Antoni,Spain,Antoni,male,99,1320
Dieter,Germany,Dieter,male,98,5789
Cláudio,USA,Cláudio,male,100,12
Rolf,Helmholtz-Zentrum,Rolf,male,99,5940
Yuji,Japan,Yuji,male,99,665
Stephen,UK,Stephen,male,99,46085
Noritaka,Japan,Noritaka,male,100,34
Samuel,USA,Samuel,male,100,6468
Benjamin,USA,Benjamin,male,100,9079
Zuowei,China,Zuowei,male,75,4
Markus,Germany,Markus,male,99,15230
Michael,Italy,Michael,male,99,4713
Linda,USA,Linda,female,99,16312
Andrew,Netherlands,Andrew,male,98,304
Hong-Bo,China,Bo,male,88,316
Alexandre,Switzerland,Alexandre,male,99,706
Akio,Japan,Akio,male,99,211
Christof,Germany,Christof,male,99,501
Christopher,Germany,Christopher,male,99,3075
Annaliese,USA,Annaliese,female,100,39
Liu-Zhu,China,Zhu,male,61,457
Thomas,USA,Thomas,male,100,20215
Wen-Jing,China,Jing,female,78,1267
Steven,UK,Steven,male,99,59951
André,Germany,André,male,100,2820
Brett,USA,Brett,male,98,6286
Ole,Norway,Ole,male,99,612
Dante,Italy,Dante,male,99,1127
Agnès,France,Agnès,female,98,2543
Michaele,UK,Michaele,female,82,119
Takashi,Japan,Takashi,male,99,1549
Klaus,Germany,Klaus,male,98,10045
Yoshinori,Japan,Yoshinori,male,100,243
Troels,Denmark,Troels,male,100,200
Toshihide,Japan,Toshihide,male,100,18
Lei,China,Lei,male,77,1080
Andreas,Germany,Andreas,male,99,21215
Ivan,France,Ivan,male,97,1422
Kyoko,Japan,Kyoko,female,97,225
Ivana,UK,Ivana,female,97,28763
Roland,Germany,Roland,male,99,3490
Shiyong,China,Shiyong,male,100,10
James,USA,James,male,100,47200
Hanzhong,China,Hanzhong,male,75,4
Priyabrata,USA,Priyabrata,male,100,6
Nobuo,Japan,Nobuo,male,100,72
Francesco,Spain,Francesco,male,99,470
Yadong,China,Yadong,male,94,18
Alexandre,Switzerland,Alexandre,male,99,706
Kentaro,Japan,Kentaro,male,100,338
Ming-Hua,China,Ming,male,83,826
María,Spain,María,female,98,9881
Carlos,Spain,Carlos,male,99,64701
Mathias,Germany,Mathias,male,98,2842
Shigehiro,Japan,Shigehiro,male,100,19
Ashraf,Israel,Ashraf,male,95,216
Stefano,Italy,Stefano,male,99,51491
Nediljko,Germany,Nediljko,male,100,8
Kevin,"United Kingdom",Kevin,male,99,10366
Jean,France,Jean,male,98,46475
Konrad,Germany,Konrad,male,99,692
Qilong,China,Qilong,male,89,9
Roderich,Germany,Roderich,male,100,19
Heinz,Germany,Heinz,male,98,2539
Jing,USA,Jing,female,76,249
Alexander,Germany,Alexander,male,98,11884
Joseph,USA,Joseph,male,100,21534
Chi-Huey,Taiwan,Chi,female,59,215
Yadong,USA,Yadong,male,88,26
Jeffrey,Switzerland,Jeffrey,male,100,56
Clare,UK,Clare,female,98,8889
Michael,Germany,Michael,male,100,30913
Davide,Italy,Davide,male,99,42786
Jin,Korea,Jin,male,72,4739
Dieter,Germany,Dieter,male,98,5789
Sung,Korea,Sung,male,87,992
Vladimir,USA,Vladimir,male,100,690
Hiroshi,Japan,Hiroshi,male,99,1448
Hans-Joachim,Germany,Hans-Joachim,male,100,359
Martin,Singapore,Martin,male,99,156
Stefan,Germany,Stefan,male,97,20127
Anna,France,Anna,female,96,6827
Manfred,Germany,Manfred,male,99,5121
Dick,Netherlands,Dick,male,99,1202
François,USA,François,male,99,73
Uwe,Germany,Uwe,male,99,7562
Ralph,USA,Ralph,male,99,2651
Bernd,Germany,Bernd,male,99,6529
Maxim,UK,Maxim,male,99,10925
Lars,UK,Lars,male,99,13478
Sebastian,Germany,Sebastian,male,100,13809
Edward,UK,Edward,male,99,24073
Antoine,France,Antoine,male,99,20093
Zhiyong,China,Zhiyong,male,100,51
Kyo,"Republic of Korea",Kyo,male,83,700
Hayao,Japan,Hayao,male,75,4
Christian,Germany,Christian,male,100,86
Michael,USA,Michael,male,100,65535
Rakesh,USA,Rakesh,male,99,325
Roland,Germany,Roland,male,99,3490
Jürgen,Germany,Jürgen,male,99,7863
Junqi,China,Junqi,male,64,11
Frank,Australia,Frank,male,100,378
Xiaoyuan,USA,Xiaoyuan,unknown,50,2
Peter,France,Peter,male,98,2446
Dirk,Germany,Dirk,male,99,8318
Markus,Germany,Markus,male,99,15230
Noritaka,Japan,Noritaka,male,100,34
Jean-Pierre,France,Jean-Pierre,male,99,6423
Xiaoguang,China,Xiaoguang,male,100,26
Todd,USA,Todd,male,100,9824
Thomas,Germany,Thomas,male,99,27141
Chun,China,Chun,male,61,148
Nan,USA,Nan,female,87,420
Frank,Germany,Frank,male,98,16573
Younan,USA,Younan,male,100,6
Junko,Japan,Junko,female,98,255
Seung-Man,Korea,Seung-Man,male,100,3
Yi-Tao,China,Tao,male,89,751
Teruyuki,Japan,Teruyuki,male,100,22
Michael,Germany,Michael,male,100,30913
Jianmin,USA,Jianmin,male,83,30
Matthias,Germany,Matthias,male,100,9451
Fu-Yang,USA,Yang,male,69,340
Christoph,Germany,Christoph,male,100,5773
Sang,Korea,Sang,male,88,2448
Michael,Germany,Michael,male,100,30913
Kay,Switzerland,Kay,male,89,130
Michael,Austria,Michael,male,99,4026
Xuan,USA,Xuan,female,62,131
Carsten,Germany,Carsten,male,100,4032
J,Germany,,,,
Franz,Germany,Franz,male,98,2203
Gisbert,Switzerland,Gisbert,male,98,96
Oleg,France,Oleg,male,99,95
Jiayi,USA,Jiayi,female,85,27
Qi-Lin,China,Qi,male,73,234
Yasuhiro,Japan,Yasuhiro,male,100,425
Miguel,Spain,Miguel,male,99,40797
James,USA,James,male,100,47200
Harald,Germany,Harald,male,99,2992
Enrique,Spain,Enrique,male,99,9527
XiongWen,Singapore,Xiongwen,male,75,4
Edward,USA,Edward,male,100,7932
Michael,USA,Michael,male,100,65535
Eugene,USA,Eugene,male,99,2015
Avelino,Spain,Avelino,male,96,221
Kazushi,Japan,Kazushi,male,98,64
Fabian,Germany,Fabian,male,99,4595
Weiping,China,Weiping,male,74,27
Johannes,Germany,Johannes,male,99,3611
Anne,France,Anne,female,98,16310
Ahmed,USA,Ahmed,male,99,2824
Chien-Hong,Taiwan,Chien-Hong,male,100,4
Duncan,UK,Duncan,male,99,6587
Linjie,China,Linjie,male,82,11
Stefan,Germany,Stefan,male,97,20127
Man,China,Man,male,72,185
Shoji,Japan,Shoji,male,99,146
Jonathan,"United Kingdom",Jonathan,male,99,5744
Norimitsu,Japan,Norimitsu,male,100,9
Ken,Japan,Ken,male,99,1450
John,USA,John,male,100,65535
Tamio,Japan,Tamio,male,100,12
François,Switzerland,François,male,99,355
Régis,China,Régis,male,100,4
Andreas,Germany,Andreas,male,99,21215
Erick,Switzerland,Erick,male,100,42
Darrin,USA,Darrin,male,100,4888
Mischa,Netherlands,Mischa,male,79,182
Mario,Canada,Mario,male,99,658
Jianlin,China,Jianlin,male,83,12
Paul,UK,Paul,male,99,140849
Rai-Shung,Taiwan,Shung,male,100,6
Hyoyoung,Korea,Hyoyoung,female,67,12
Guosheng,China,Guosheng,male,100,3
Thomas,Germany,Thomas,male,99,27141
Michinori,Japan,Michinori,male,100,9
Michael,Spain,Michael,male,97,1973
Yongwon,Korea,Yongwon,male,100,27
Fiona,UK,Fiona,female,98,12159
Xue,UK,Xue,female,74,494
Zhongwen,China,Zhongwen,male,100,8
Chi-Ming,China,Ming,male,83,826
Karl,Denmark,Karl,male,99,84
Stefan,Germany,Stefan,male,97,20127
C,Austria,,,,
Zhan-Ting,China,Ting,female,81,465
Antonio,Italy,Antonio,male,100,65535
Nuno,Germany,Nuno,male,99,155
Jianhua,China,Jianhua,male,91,45
Frank,Germany,Frank,male,98,16573
Ning,China,Ning,male,61,378
Fraser,USA,Fraser,male,97,72
Giuseppe,Italy,Giuseppe,male,100,65535
Fabien,France,Fabien,male,98,18829
Nazario,Spain,Nazario,male,98,40
Frank,Germany,Frank,male,98,16573
Nobuyuki,Japan,Nobuyuki,male,100,203
Jörn,Germany,Jörn,male,99,640
Olivier,France,Olivier,male,99,36743
Michael,Canada,Michael,male,100,4889
Ana,Sweden,Ana,female,95,192
Etsuko,USA,Etsuko,female,89,9
Hideyuki,Japan,Hideyuki,male,100,182
David,Israel,David,male,99,1241
Tingbing,China,,,,
Marco,Canada,Marco,male,100,414
Tomohiro,Japan,Tomohiro,male,100,395
Gerhard,Germany,Gerhard,male,99,2024
Hua,Singapore,Hua,male,86,14
Stefan,Germany,Stefan,male,97,20127
Clara,Spain,Clara,female,99,4503
H-F,USA,H-F,male,80,5
Roland,Germany,Roland,male,99,3490
Esben,Denmark,Esben,male,100,141
Regine,Germany,Regine,female,99,209
Reshef,Israel,Reshef,male,75,4
Herbert,Germany,Herbert,male,98,1663
Bruno,France,Bruno,male,98,25603
Marcey,USA,Marcey,female,100,25
T,USA,,,,
Lawrence,USA,Lawrence,male,99,2880
Ruben,Spain,Ruben,male,99,17850
Christian,USA,Christian,male,100,48214
Keiichi,Japan,Keiichi,male,100,167
Sang,"Republic of Korea",Sang,male,88,2448
Bernd,Germany,Bernd,male,99,6529
Volker,Germany,Volker,male,100,2821
Achim,USA,Achim,male,91,11
Shannon,Denmark,Shannon,female,75,4
Kristian,Switzerland,Kristian,male,100,49
Jérôme,China,Jérôme,male,100,5
Gongquan,Korea,Gongquan,male,75,4
Hyun,Israel,Hyun,male,82,1161
David,Germany,David,male,99,10714
Mathias,USA,Mathias,male,100,3505
Matthew,China,Matthew,male,100,209
Weixin,Israel,Weixin,male,65,26
Avi,USA,Avi,male,93,410
Michael,Italy,Michael,male,99,4713
Marta,China,Marta,female,97,32
Hanfa,Japan,Hanfa,female,57,7
Yasukazu,Japan,Yasukazu,male,100,9
Masahiro,Germany,Masahiro,male,100,3
Wolfgang,China,Wolfgang,male,93,14
Licheng,USA,Licheng,male,75,4
Tristan,USA,Tristan,male,92,1594
Darrell,Germany,Darrell,male,100,16
Armido,Japan,Armido,male,100,20
Zhaomin,India,Zhaomin,female,67,6
Debabrata,Deutschland,Debabrata,male,100,809
Peter,UK,Peter,male,99,146529
Simon,Japan,Simon,male,99,89
Kazuaki,Japan,Kazuaki,male,100,140
Masaharu,USA,Masaharu,male,75,4
Seth,Japan,Seth,male,96,24
Shuji,UK,Shuji,male,100,154
Peter,Japan,Peter,male,99,186
Kiyotomi,Japan,,,,
Noritaka,UK,Noritaka,male,100,38
Alan,USA,Alan,male,100,8296
Karen,Germany,Karen,female,91,489
Paul,China,Paul,male,99,805
Huadong,Italy,Huadong,male,100,14
Marco,USA,Marco,male,99,2827
Pinghua,France,Pinghua,male,100,7
Kay,Germany,Kay,male,96,1524
Otto,University,Otto,male,97,4276
Uwe,Germany,Uwe,male,99,7562
Peter,Germany,Peter,male,99,21321
Barbara,Dept,Barbara,female,98,58381
Heike,Spain,Heike,female,90,30
Franc,Germany,Franc,male,97,33
Alfred,Germany,Alfred,male,99,1057
Klaus,Germany,Klaus,male,98,10045
Gerhard,USA,Gerhard,male,100,59
Randall,Germany,Randall,male,95,19
Robert,Denmark,Robert,male,100,215
Stig,Israel,Stig,male,98,1053
Dror,France,Dror,male,75,4
Cyril,Singapore,Cyril,male,95,19
Hua,Switzerland,Hua,male,52,891
Ive,Canada,Ive,male,52,394
Robert,China,Robert,male,98,503
Chun-Hua,Japan,Hua,male,67,12
Yoshihiro,France,Yoshihiro,male,100,383
Max,Japan,Max,male,96,168
Shinji,Japan,Shinji,male,99,394
Kazunari,Germany,Kazunari,male,100,93
Nikolai,,Nikolai,male,100,4736
Marcos,Korea,Marcos,male,99,43582
Hyung,Turkey,Hyung,male,93,145
Engin,China,Engin,male,75,8
Can,USA,Can,male,87,119
Seungpyo,Germany,Seungpyo,male,100,16
Lukas,China,Lukas,male,100,18
Min,Germany,Min,female,61,56
Reiner,Germany,Reiner,male,99,1289
Thomas,Germany,Thomas,male,99,27141
Myriam,Italy,Myriam,female,99,362
Vincenzo,China,Vincenzo,male,100,18
Takayoshi,Belgium,Takayoshi,male,100,93
Zeger,China,Zeger,male,93,29
Dongsheng,China,Dongsheng,male,96,23
Xiang,USA,Xiang,male,83,60
Ulrich,China,Ulrich,male,100,7
Guangtao,Singapore,Guangtao,male,100,4
Xue-Wei,Switzerland,Wei,male,94,16
Daniel,Korea,Daniel,male,99,257742
Won-Gun,China,Gun,male,94,17
Dawei,Japan,Dawei,male,75,4
Sensuke,Canada,Sensuke,male,75,4
Chang-Chun,Sweden,Chang,male,86,7
Armando,Germany,Armando,male,99,253
Christoph,France,Christoph,male,99,77
Myrtil,Germany,Myrtil,female,67,12
Frank,Canada,Frank,male,99,801
Curtis,Australia,Curtis,male,100,49
Markus,USA,Markus,male,100,4802
Christopher,China,Christopher,male,99,128
Zhifei,France,Zhifei,male,75,4
Mihail,,Mihail,male,99,2197
Steven,USA,Steven,male,100,19562
Julius,France,Julius,male,99,169
Mohamed,China,Mohamed,male,96,222
Chunhai,Switzerland,Chunhai,male,67,6
Stefan,Canada,Stefan,male,100,253
Suning,China,Suning,male,56,9
He,France,He,male,65,40
Guido,China,Guido,male,100,12
X,USA,,,,
Zoltan,Italy,Zoltan,male,95,22
Valentina,Switzerland,Valentina,female,94,311
Xile,Japan,Xile,male,64,14
Yoshihito,Sweden,Yoshihito,male,100,77
Per-Ola,Spain,Per,male,90,84
José,Australia,José,male,100,8
Paul,China,Paul,male,99,805
Yue,Germany,Yue,female,71,14
Stefan,Canada,Stefan,male,100,253
Andreas,Germany,Andreas,male,99,21215
Achim,USA,Achim,male,91,11
Robin,Canada,Robin,male,56,655
Sergey,India,Sergey,male,100,13
K,USA,,,,
Scott,Spain,Scott,male,98,173
Luis,Germany,Luis,male,85,1139
Manfred,Singapore,Manfred,male,100,12
Yonggui,Germany,Yonggui,unknown,50,2
Claus,China,Claus,male,100,3
Bin,China,Bin,male,92,677
Kang-Nian,France,Kang,male,100,13
Louise,UK,Louise,female,97,19170
Graham,Spain,Graham,male,100,69
Ricardo,Germany,Ricardo,male,98,1176
Dietmar,China,Dietmar,male,99,1635
Xue-Mei,Germany,Mei,female,80,49
Markus,Germany,Markus,male,99,15230
Martin,Germany,Martin,male,99,14619
Hans-Joachim,USA,Joachim,male,100,83
Liming,Italy,Liming,male,75,4
Alceo,Australia,Alceo,male,98,55
Tong,China,Tong,male,64,270
Kuiling,China,,,,
Huiqi,Germany,Huiqi,female,89,9
Armido,Switzerland,Armido,male,100,20
Erick,Germany,Erick,male,100,70
Alois,Spain,Alois,male,83,6
José,Canada,José,male,98,40
Andrei,Switzerland,Andrei,male,96,27
Heinz,USA,Heinz,male,99,67
Wei,Japan,Wei,male,70,53
Susumu,China,Susumu,male,75,4
Jin-Pei,France,Jin,male,82,159
Philippe,Germany,Philippe,male,100,241
Matthias,China,Matthias,male,100,21
Xiao-Ying,China,Ying,female,86,923
Flemming,China,Flemming,male,100,5
Ning,USA,Ning,male,58,85
George,Switzerland,George,male,99,209
Gisbert,China,Gisbert,male,75,4
Franklin,Sweden,Franklin,male,100,11
Björn,USA,Björn,male,96,27
Guy,Turkey,Guy,male,85,13
Engin,Austria,Engin,male,96,90
Barbara,Switzerland,Barbara,female,98,827
Nicolai,China,Nicolai,male,100,3
Qi-Lin,France,Qi,male,78,18
Gilles,USA,Gilles,male,100,108
Kendall,Germany,Kendall,male,75,4
Uwe,UK,Uwe,male,99,8221
Anthony,Japan,Anthony,male,99,145
Shū,Japan,,,,
Kouichi,Japan,Kouichi,male,99,160
Masahiro,France,Masahiro,male,75,4
Laurence,USA,Laurence,male,87,459
H,"Republic of Korea",,,,
Chan,Japan,Chan,male,64,56
Atsuhiro,China,Atsuhiro,male,100,20
David,Germany,David,male,99,10714
Martin,Japan,Martin,male,98,131
M,France,,,,
Thibault,Germany,Thibault,male,89,9
Dietmar,Germany,Dietmar,male,99,1199
Jeremiah,Netherlands,Jeremiah,male,100,10
Diana,Japan,Diana,female,98,120
Takashi,Germany,Takashi,male,100,4
Ingo,Germany,Ingo,male,99,3119
Matthias,USA,Matthias,male,100,3407
David,India,David,male,99,1677
Prasanta,USA,Prasanta,male,100,4
A,France,,,,
Oliver,Netherlands,Oliver,male,100,80
Ben,USA,Ben,male,100,17026
Zhong,Singapore,Zhong,male,67,18
Jagadese,Spain,,,,
Isabel,USA,Isabel,female,98,1708
Ludwik,China,Ludwik,male,99,213
Feng,USA,Feng,male,84,104
Maxim,Spain,Maxim,male,93,107
Ramendra,India,Ramendra,male,100,117
Gregori,Canada,Gregori,male,98,371
Tapan,Germany,Tapan,male,99,1188
Jean-François,Australia,François,male,100,6
Helmuth,Germany,Helmuth,male,100,92
David,Germany,David,male,99,10714
Otto,Germany,Otto,male,96,943
Helmut,USA,Helmut,male,100,51
Stephan,Canada,Stephan,male,100,160
L,Korea,,,,
Mark,Switzerland,Mark,male,100,48064
Unyong,"Republic of Korea",Unyong,male,75,4
Jeffrey,USA,Jeffrey,male,100,10439
Mahn-Joo,China,Joo,female,58,12
Hongjie,Korea,Hongjie,male,69,29
Hao-Li,USA,Hao,male,91,219
Bun,USA,Bun,male,73,15
Steve,Japan,Steve,male,100,127
James,USA,James,male,100,47200
Hideo,Germany,Hideo,male,75,4
Janis,China,Janis,female,70,10
Arno,France,Arno,male,99,2014
Keitaro,Germany,Keitaro,male,75,4
Christian,China,Christian,male,100,48300
Frank,UK,Frank,male,99,66241
Limin,Netherlands,Limin,male,62,100
Ishmael,Spain,Ishmael,male,100,6
Dirk,USA,Dirk,male,99,483
Pedro,Turkey,Pedro,male,91,46
Alison,Germany,Alison,female,88,34
Engin,Spain,Engin,male,75,4
Margit,Germany,Margit,female,98,400
Concepció,USA,Concepció,female,75,4
Michael,Switzerland,Michael,male,99,3003
Michael,USA,Michael,male,100,65535
Ryan,Germany,Ryan,male,99,358
Minseob,Spain,Minseob,male,100,13
Paul,USA,Paul,male,100,28746
Carme,Italy,Carme,female,58,40
Bruce,China,Bruce,male,99,651
Giorgio,USA,Giorgio,male,99,141
Aiwen,USA,Aiwen,female,67,3
Luke,Mexico,Luke,male,96,45
John,China,John,male,98,1880
Kim,Denmark,Kim,male,98,1588
Jianhui,Japan,Jianhui,male,90,30
Kurt,USA,Kurt,male,100,2922
Norihiro,Germany,Norihiro,male,100,49
Gregory,Japan,Gregory,male,97,34
Matthias,China,Matthias,male,100,21
Shin'ichi,USA,Shinichi,male,100,20
Philip,Switzerland,Philip,male,100,209
Jon,Germany,Jon,male,98,333
Thomas,China,Thomas,male,99,449
Jan,Canada,Jan,female,52,314
Wen,USA,Wen,male,52,147
Mingyao,USA,Mingyao,male,100,3
Elizabeth,France,Elizabeth,female,97,635
R,Germany,,,,
Vincent,Germany,Vincent,male,99,671
Nikolaus,Switzerland,Nikolaus,male,100,13
Horst,Spain,Horst,male,100,32
Donald,Iceland,Donald,male,100,4
Kilian,Germany,Kilian,male,100,297
Oddur,USA,Oddur,male,100,21
Detlev,,Detlev,male,99,404
Jin,USA,Jin,male,68,337
Jason,China,Jason,male,99,2270
Sarah,Japan,Sarah,female,98,170
Jun-An,USA,Jun,male,86,387
Yoichi,,Yoichi,male,99,197
Harry,USA,Harry,male,98,2960
Igor,USA,Igor,male,99,720
Peter,USA,Peter,male,100,15502
Andrey,Taiwan,Andrey,unknown,50,2
Melanie,USA,Melanie,female,99,6458
Chung-Yi,USA,Chung,male,87,61
Ralph,USA,Ralph,male,99,2651
Ayusman,USA,Ayusman,male,100,6
Huw,Germany,Huw,male,99,360
Bing,Korea,Bing,male,63,1057
Rüdiger,Germany,Rüdiger,male,100,1081
Cheol-Hee,,Cheol-Hee,male,63,595
Werner,,Werner,male,99,7865
M,Spain,,,,
Andrew,Japan,Andrew,male,100,219
Juan,UK,Juan,male,98,106011
Ken,Switzerland,Ken,male,99,128
Nigel,Spain,Nigel,male,98,57
Thomas,UK,Thomas,male,99,129177
John,China,John,male,98,1880
Benjamin,Netherlands,Benjamin,male,98,461
Yu,Japan,Yu,male,75,711
Paul,USA,Paul,male,100,28746
Takashi,USA,Takashi,male,98,49
Xumu,UK,Xumu,male,75,4
Mercouri,Germany,,,,
Carsten,Spain,Carsten,male,100,26
Oliver,USA,Oliver,male,99,1490
Tomás,China,Tomás,male,99,2068
Kenneth,UK,Kenneth,male,99,20555
Ying-Chun,Germany,Ying,female,71,34
David,USA,David,male,100,65535
Karsten,UK,Karsten,male,99,3416
Robert,USA,Robert,male,100,43118
Michael,Japan,Michael,male,99,446
Stephen,USA,Stephen,male,100,16681
Kazuyuki,USA,Kazuyuki,male,100,6
Karl,India,Karl,male,98,65
Janis,Japan,Janis,male,75,4
Sabyasachi,Taiwan,Sabyasachi,male,100,550
Zhaomin,Australia,Zhaomin,female,67,6
Kuo,Switzerland,Kuo,male,74,281
Sridhar,Spain,Sridhar,male,100,2551
Erick,UK,Erick,male,99,15004
Jan,USA,Jan,female,77,3645
Roy,Germany,Roy,male,99,650
Banglin,UK,,,,
Oliver,Korea,Oliver,male,98,22853
Mateus,Singapore,Mateus,male,75,4
Taeghwan,Korea,,,,
Huaqiang,USA,Huaqiang,male,100,5
Kwangyeol,Spain,Kwangyeol,male,75,4
Hiroshi,Austria,Hiroshi,male,75,4
David,USA,David,male,100,65535
Bernhard,France,Bernhard,male,88,24
Kim,Japan,Kim,female,51,244
Jean-Marie,UK,Jean-Marie,male,98,4712
Isao,China,Isao,male,99,212
Andrew,USA,Andrew,male,100,34858
Zhiping,Italy,Zhiping,male,78,32
Younan,Japan,Younan,male,98,40
Krzysztof,Netherlands,Krzysztof,male,100,270
Ken,Netherlands,Ken,male,98,167
Frank,Germany,Frank,male,98,16573
Ben,Germany,Ben,male,96,3171
Peter,UK,Peter,male,99,146529
Hans-Jörg,USA,Hans,male,99,791
Sven,Singapore,Sven,male,100,4
Douglas,France,Douglas,male,98,247
Chuan-Fa,,Chuan-Fa,male,63,1955
Alain,UK,Alain,male,98,53597
Adrian,Germany,Adrian,male,99,2156
Cameron,France,Cameron,male,86,165
Harald,USA,Harald,male,100,52
Dario,Australia,Dario,male,100,21
Jean'ne,USA,Jeanne,female,99,1930
Michael,China,Michael,male,99,1989
Li,UK,Li,female,53,4165
Ning,Germany,Ning,female,58,12
Alexander,UK,Alexander,male,99,56237
Rudolf,,Rudolf,male,99,5465
Michael,Japan,Michael,male,99,446
Ferenc,Canada,Ferenc,male,100,9
Seiji,"Hong Kong",Seiji,male,99,362
Sergey,Korea,Sergey,male,100,16316
Guochen,France,Guochen,male,100,4
Seung-Man,Switzerland,Man,male,96,55
Corinne,UK,Corinne,female,98,26655
Jean-Louis,France,Jean-Louis,male,99,2800
Thomas,USA,Thomas,male,100,20215
Alberto,Netherlands,Alberto,male,100,161
Keykavous,Germany,,,,
Gadi,Germany,Gadi,unknown,50,2
Paul,Germany,Paul,male,99,5117
Christian,Germany,Christian,male,100,86
Dirk,Germany,Dirk,male,99,8318
Franc,Japan,Franc,female,75,4
Matthias,China,Matthias,male,100,21
Susumu,China,Susumu,male,75,4
Jing,"Republic of Korea",Jing,female,75,2534
Deyue,UK,Deyue,male,75,4
Michael,USA,Michael,male,100,65535
Leroy,Korea,Leroy,male,98,8423
Julius,China,Julius,male,72,39
Sung,China,Sung,male,88,42
Chuangtian,USA,,,,
Rui,UK,Rui,male,98,25872
Stephen,France,Stephen,male,98,1014
Michael,China,Michael,male,99,1989
Valérie,Denmark,Valérie,female,75,4
Song,China,Song,male,100,74
Jesper,Canada,Jesper,male,100,8
Jian-Xin,Switzerland,Jian,male,100,3
Mark,Germany,Mark,male,100,75
Erick,USA,Erick,male,100,2026
Patrik,China,Patrik,male,100,7
Scott,China,Scott,male,99,231
Qiang,,Qiang,male,97,531
Rui,France,Rui,male,96,621
Stephen,Japan,Stephen,male,100,96
Antoine,USA,Antoine,male,100,7984
Masahiro,Singapore,Masahiro,male,100,783
Christopher,Japan,Christopher,male,100,127
Ming-Yong,Japan,Yong,male,95,20
Yoshio,USA,Yoshio,male,100,21
Yasuhiko,Japan,Yasuhiko,male,98,64
Wenbin,UK,Wenbin,male,91,81
Masahisa,Japan,Masahisa,male,100,15
Duncan,Singapore,Duncan,male,100,21
Akio,Germany,Akio,male,67,3
Xiaogang,,Xiaogang,male,100,46
Emad,Switzerland,Emad,male,100,7
Stephen,Canada,Stephen,male,100,1468
Matthias,Germany,Matthias,male,100,9451
Stephen,USA,Stephen,male,100,16681
Jan,Germany,Jan,male,99,10566
José,Spain,José,male,99,8211
Benjamin,Germany,Benjamin,male,100,5256
F,USA,,,,
Uwe,Japan,Uwe,male,75,4
Younan,Germany,Younan,male,75,4
Seiji,Japan,Seiji,male,99,298
Christian,USA,Christian,male,100,48214
Hiroshi,Italy,Hiroshi,male,100,13
Stephen,USA,Stephen,male,100,16681
Antonietta,USA,Antonietta,female,95,21
Vincent,Netherlands,Vincent,male,99,1834
George,Japan,George,male,98,166
François,Belgium,François,male,98,1239
Tsutomu,USA,Tsutomu,male,75,4
Veronique,USA,Veronique,female,98,94
Weiping,Japan,Weiping,male,73,45
Andrew,Germany,Andrew,male,99,574
Kazuhiko,USA,Kazuhiko,male,100,5
Horst,UK,Horst,male,98,4102
Jeffrey,Japan,Jeffrey,male,100,49
K,Germany,,,,
Toshikazu,Germany,Toshikazu,male,100,73
Thomas,China,Thomas,male,99,449
Krzysztof,Germany,Krzysztof,male,99,464
Deyue,Japan,Deyue,male,75,4
Marcus,UK,Marcus,male,99,25073
Seiji,USA,Seiji,male,100,22
Timothy,Japan,Timothy,male,100,44
Julius,Israel,Julius,male,75,4
Makoto,China,Makoto,male,100,10
David,Japan,David,male,100,604
Shuit-Tong,Germany,Tong,male,75,8
Hitoshi,Germany,Hitoshi,male,100,3
Herbert,Belgium,Herbert,male,100,55
Herbert,Canada,Herbert,male,100,52
Hans,Canada,Hans,male,99,99
Bruce,China,Bruce,male,99,651
Julianne,USA,Julianne,female,100,7143
Zhiyong,UK,Zhiyong,male,99,75
David,USA,David,male,100,65535
Leroy,Spain,Leroy,male,98,49
Xianhui,Spain,Xianhui,male,60,10
Miguel,UK,Miguel,male,99,89766
Eduardo,USA,Eduardo,male,100,2615
Leroy,Canada,Leroy,male,100,18
Mark,USA,Mark,male,100,47989
Christian,Spain,Christian,male,100,48300
Nitash,Germany,Nitash,male,100,8
Nazario,Switzerland,Nazario,male,75,4
Manfred,China,Manfred,male,100,16
Erick,USA,Erick,male,100,2026
Jin-Heng,France,Jin,male,82,159
Adam,USA,Adam,male,100,23089
Dimitri,USA,Dimitri,male,98,287
Mary,USA,Mary,female,98,20629
Zhiqun,China,Zhiqun,male,100,4
Regan,USA,Regan,female,98,5541
Wei-Shen,USA,Wei,male,75,391
Gary,USA,Gary,male,100,13394
Ming,Ireland,Ming,male,100,4
F,Germany,,,,
Martin,China,Martin,male,99,466
Stefan,China,Stefan,male,100,66
Guanying,Germany,Guanying,male,100,3
Xintao,USA,Xintao,male,75,4
Bart,Germany,Bart,male,98,113
R,Germany,,,,
Herbert,Germany,Herbert,male,98,1663
Daniel,Singapore,Daniel,male,99,642
Ulf,USA,Ulf,male,100,15
Hongyu,Germany,Hongyu,male,67,82
Emmanuel,USA,Emmanuel,male,99,1782
Henning,Japan,Henning,male,75,4
Zhibin,Taiwan,Zhibin,male,98,45
Ken,China,Ken,male,98,846
Chien-Hong,USA,Chien,male,74,35
Zhan-Ting,UK,Zhan-Ting,female,63,1917
Russell,Finland,Russell,male,75,4
Michele,Germany,Michele,male,65,945
Markus,Germany,Markus,male,99,15230
Uwe,Netherlands,Uwe,male,100,25
Fritz,Germany,Fritz,male,97,1280
Jan,Germany,Jan,male,99,10566
Matthias,USA,Matthias,male,100,3407
Benjamin,USA,Benjamin,male,100,9079
Binghe,USA,Binghe,unknown,50,2
Lai-Sheng,Japan,Lai,female,60,10
Karsten,Switzerland,Karsten,male,97,37
Masaharu,Germany,Masaharu,male,99,102
Andreas,Germany,Andreas,male,99,21215
Justin,UK,Justin,male,98,43826
Benjamin,UK,Benjamin,male,99,50718
Ian,Japan,Ian,male,100,88
Gareth,Germany,Gareth,male,100,22
Norio,USA,Norio,male,75,4
Hans-Günther,Germany,Hans-Günther,male,100,11
Andrei,China,Andrei,male,100,12
Stefan,China,Stefan,male,100,66
Shu,Germany,Shu,male,58,19
Weiping,Korea,Weiping,male,73,45
Thomas,USA,Thomas,male,100,20215
Jaephil,UK,Jaephil,male,75,4
David,Germany,David,male,99,10714
Yuri,UK,Yuri,male,81,8959
Peter,"South Korea",Peter,male,100,370
Wilhelm,Germany,Wilhelm,male,98,764
Kyeong,Germany,Kyeong,male,88,34
Herbert,Taiwan,Herbert,male,100,19
Jacob,USA,Jacob,male,100,13097
Yongfang,USA,Yongfang,female,75,4
Bryan,Italy,Bryan,male,98,431
Martin,France,Martin,male,90,5965
Francesca,Japan,Francesca,female,100,7
Innocenzo,France,Innocenzo,male,98,136
Seijiro,Germany,Seijiro,male,100,11
François,USA,François,male,99,73
Alexander,Belgium,Alexander,male,99,393
Stephen,USA,Stephen,male,100,16681
Charles-André,Japan,Charles,male,99,141
Thomas,UK,Thomas,male,99,129177
Donglin,Germany,Donglin,male,88,16
Simon,USA,Simon,male,99,2413
Ernst,Germany,Ernst,male,98,907
Stephen,Japan,Stephen,male,100,96
Jens,Canada,Jens,male,97,32
Norio,Germany,Norio,male,75,4
Chao-Jun,UK,Chao-Jun,male,88,7964
Angelika,USA,Angelika,female,98,139
Christopher,USA,Christopher,male,100,26017
Jon,Japan,Jon,male,99,104
William,Japan,William,male,100,202
Keiji,China,Keiji,male,75,4
Kentaro,USA,Kentaro,male,100,24
Herbert,Denmark,Herbert,male,86,7
Wenbin,China,Wenbin,male,96,51
Karl,Korea,Karl,male,98,18575
Dang,USA,Dang,male,89,65
Sang,USA,Sang,male,92,174
Timothy,Japan,Timothy,male,100,44
David,Switzerland,David,male,99,3802
Michinori,Switzerland,Michinori,male,100,11
Mathieu,Germany,Mathieu,male,98,57
Christoph,Germany,Christoph,male,100,5773
Stefan,Japan,Stefan,male,100,27
Uwe,USA,Uwe,male,98,45
Yasutaka,USA,Yasutaka,male,100,4
Mercouri,China,,,,
Lynden,France,Lynden,male,80,81
Lan-Sun,USA,Lan,female,76,218
Marie-Paule,Spain,Marie-Paule,female,100,4
Samuel,USA,Samuel,male,100,6468
Carlos,Korea,Carlos,male,99,174998
Stephen,Germany,Stephen,male,99,331
Sang,Japan,Sang,male,100,11
Mohamed,USA,Mohamed,male,99,2583
Kazuyuki,France,Kazuyuki,male,75,4
Steven,USA,Steven,male,100,19562
Agílio,Japan,,,,
David,USA,David,male,100,65535
Shunichi,"Czech Republic",Shunichi,male,100,74
Lei,UK,Lei,male,59,2374
Michal,Japan,Michal,male,71,7
Peter,Korea,Peter,male,99,146529
Kazuyuki,Japan,Kazuyuki,male,100,202
Tae,Germany,Tae,female,75,4
Takashi,Japan,Takashi,male,99,1549
Gerhard,China,Gerhard,male,100,3
Akio,Germany,Akio,male,67,3
Shu-Li,Japan,Shu,male,98,227
Jens,USA,Jens,male,97,183
Kazuya,Japan,Kazuya,male,100,504
Daniel,USA,Daniel,male,100,35866
Tamio,UK,Tamio,male,94,18
Steven,China,Steven,male,99,1209
Lidia,Germany,Lidia,female,98,240
Zhong-Qun,France,Zhong,male,90,10
Alois,Germany,Alois,male,96,303
Jean-François,UK,Jean-François,male,99,4129
Jonas,UK,Jonas,male,99,20200
Ian,Germany,Ian,male,99,227
Dominic,Switzerland,Dominic,male,99,417
Oliver,USA,Oliver,male,99,1490
Nicolai,Netherlands,Nicolai,male,97,35
Pawel,Switzerland,Pawel,male,93,28
Albert,UK,Albert,male,98,31368
Ryan,Germany,Ryan,male,99,358
Eva,Korea,Eva,female,98,79421
Stephen,USA,Stephen,male,100,16681
Kyung,Canada,Kyung,male,72,240
Wei,China,Wei,male,76,1859
John,Germany,John,male,98,3765
Ying-Chun,USA,Ying,female,85,200
Ulf,India,Ulf,male,99,2152
Richard,Taiwan,Richard,male,100,413
Frank,China,Frank,male,98,1262
Pi-Tai,China,Tai,male,87,53
Di,India,Di,male,72,25
Biao,UK,Biao,male,95,81
Amit,"New Zealand",Amit,male,100,33
David,France,David,male,98,65535
Margaret,USA,Margaret,female,99,4570
Peter,France,Peter,male,98,2446
Alexei,Germany,Alexei,male,97,30
Jean-Paul,UK,Jean-Paul,male,98,4546
R,USA,,,,
Paul,France,Paul,male,98,16260
Floyd,Canada,Floyd,male,96,25
Didier,Germany,Didier,male,100,77
Eric,Germany,Eric,male,99,2580
Armido,UK,Armido,male,100,20
Thorsten,UK,Thorsten,male,99,5261
Steven,Germany,Steven,male,99,3061
Stuart,USA,Stuart,male,99,2086
Wolfgang,,Wolfgang,male,99,10782
Elizabeth,Japan,Elizabeth,female,93,118
Stephen,France,Stephen,male,98,1014
Shigeru,,Shigeru,male,100,216
Jean-Paul,China,Paul,male,99,805
Anthony,Spain,Anthony,male,100,894
Jianzhang,USA,Jianzhang,male,75,4
Vicente,Switzerland,Vicente,male,100,26
Karl,USA,Karl,male,100,2609
Hansjörg,Germany,Hansjörg,male,100,50
Ognjen,Switzerland,Ognjen,male,100,7
François,USA,François,male,99,73
Karl,China,Karl,male,98,95
Salvatore,Germany,Salvatore,male,99,962
Kuiling,Canada,,,,
Ulrich,Sweden,Ulrich,male,100,11
Douglas,Netherlands,Douglas,male,97,37
Bo,China,Bo,male,88,316
Sijbren,Germany,Sijbren,male,100,4
Guosheng,USA,Guosheng,male,100,3
Manuel,China,Manuel,male,99,68
Xianhui,USA,Xianhui,unknown,50,2
Xiao-Ying,China,Ying,female,86,923
Liming,USA,Liming,male,69,13
Mitsuhiko,Canada,Mitsuhiko,male,100,19
Nicolai,Netherlands,Nicolai,male,97,35
André,China,André,male,100,19
Jan,USA,Jan,female,77,3645
Jie-Sheng,Japan,Jie,male,74,19
Daniel,China,Daniel,male,99,1130
Kenso,Japan,Kenso,male,75,4
Zhenfeng,Germany,Zhenfeng,male,100,11
Susumu,USA,Susumu,male,100,7
Patrick,China,Patrick,male,98,422
Peng,USA,Peng,male,91,133
Zheng,USA,Zheng,male,85,108
Freek,China,Freek,male,75,4
H,Germany,,,,
Feng,India,Feng,male,75,4
Yao-Wen,Canada,Wen,male,60,20
Kana,USA,Kana,female,83,54
Cathleen,USA,Cathleen,female,98,319
Anders,Japan,Anders,male,100,4
George,USA,George,male,100,12253
Hiromitsu,Japan,Hiromitsu,male,100,50
Scott,USA,Scott,male,100,30644
Masaya,UK,Masaya,male,95,317
Shih-Yuan,USA,Yuan,male,57,152
Véronique,,Véronique,female,98,8797
Corey,ROC,Corey,male,94,7614
Robert,China,Robert,male,98,503
Hsing-Wen,Australia,Wen,female,57,14
Qi-Lin,USA,Lin,female,73,465
Michael,Germany,Michael,male,100,30913
Lei,USA,Lei,male,57,231
Pavel,France,Pavel,male,99,115
James,Switzerland,James,male,98,633
Catherine,USA,Catherine,female,99,6220
Franziska,UK,Franziska,female,98,3237
Ad,UK,Ad,male,89,2756
Karl,Germany,Karl,male,96,3903
Chris,Japan,Chris,male,91,341
Holger,China,Holger,male,100,4
Takahiko,USA,Takahiko,male,100,56
Chun-An,Canada,Chun,male,75,4
Weiping,USA,Weiping,male,75,8
Dwight,USA,Dwight,male,100,1075
Marina,Germany,Marina,female,98,2981
Jin-Quan,USA,Quan,male,93,216
Michael,France,Michael,male,98,11452
Ramanarayanan,Spain,Ramanarayanan,male,100,14
Marc,Canada,Marc,male,100,1432
Carlos,USA,Carlos,male,100,10179
Cathleen,Germany,Cathleen,female,97,158
Stephen,Japan,Stephen,male,100,96
Frank,Germany,Frank,male,98,16573
Akira,USA,Akira,female,98,5084
Sven,Switzerland,Sven,male,99,783
James,Spain,James,male,98,1317
Erick,USA,Erick,male,100,2026
Claudio,Germany,Claudio,male,99,640
Francesco,Italy,Francesco,male,100,65535
Roberto,Taiwan,Roberto,male,100,23
Elio,Germany,Elio,male,100,38
Shih-Hsiung,USA,Shih,unknown,50,6
Harald,Netherlands,Harald,male,99,181
Kian,Portugal,Kian,male,75,4
Michael,UK,Michael,male,99,211741
Tomislav,China,Tomislav,male,100,1829
Robert,China,Robert,male,98,503
Lynne,Italy,Lynne,female,100,4
Zhen,China,Zhen,male,68,311
Walther,Japan,Walther,male,98,445
Guoqiang,China,Guoqiang,male,100,21
Zhaomin,Germany,Zhaomin,female,67,6
Aiwen,Germany,Aiwen,male,67,24
Michael,USA,Michael,male,100,65535
Malte,Germany,Malte,male,99,980
Jeffrey,USA,Jeffrey,male,100,10439
Matthias,USA,Matthias,male,100,3407
Younan,UK,Younan,male,98,40
Steven,Japan,Steven,male,99,113
Christopher,Japan,Christopher,male,100,127
Takuzo,Canada,Takuzo,male,100,4
Masakatsu,France,Masakatsu,male,97,32
Thomas,USA,Thomas,male,100,20215
Eric,China,Eric,male,99,1948
Chris,USA,Chris,male,96,56027
Kang-Nian,China,Kang,male,80,197
Omid,UK,Omid,male,99,5236
Quan,Switzerland,Quan,male,100,3
David,China,David,male,99,2917
Eric,Singapore,Eric,male,99,540
Xingwei,France,Xingwei,male,71,7
Yixin,USA,Yixin,unknown,50,12
Raymond,Germany,Raymond,male,99,145
Claudia,USA,Claudia,female,98,3960
Ute,Switzerland,Ute,female,97,29
Markus,China,Markus,male,100,24
E,China,,,,
Jian,Germany,Jian,male,90,21
Jianhua,USA,Jianhua,male,75,8
Alois,China,Alois,male,75,4
Craig,USA,Craig,male,100,9154
Hong-Bo,Germany,Bo,male,91,178
Gerhard,Switzerland,Gerhard,male,100,90
Norbert,China,Norbert,male,100,10
A,Germany,,,,
Xingwei,Germany,Xingwei,female,75,4
Armin,Germany,Armin,male,100,1621
Thomas,USA,Thomas,male,100,20215
Paul,USA,Paul,male,100,28746
James,Sweden,James,male,99,342
Tomislav,Switzerland,Tomislav,male,100,16
Kálmán,Korea,Kálmán,male,98,686
Jérôme,"Republic of Korea",Jérôme,male,99,5714
Kyung-Hwa,China,Hwa,female,84,25
Kimoon,Germany,Kimoon,male,100,8
Yufang,China,Yufang,female,100,9
Georg,Japan,Georg,male,100,4
Yong,Spain,Yong,male,100,17
Mitsuru,Canada,Mitsuru,male,95,172
Ernest,USA,Ernest,male,100,1369
Patrick,USA,Patrick,male,100,18462
François,Japan,François,male,100,13
Gunda,Germany,Gunda,female,94,173
Mitsuo,USA,Mitsuo,male,100,5
Dirk,Japan,Dirk,male,100,11
John,USA,John,male,100,65535
Yutaka,France,Yutaka,male,75,4
J,Germany,,,,
Heinz,Taiwan,Heinz,male,75,4
Rhett,Germany,Rhett,male,100,6
Yi-Chou,China,Yi,male,73,459
Harald,USA,Harald,male,100,52
Haibin,Australia,Haibin,male,92,48
James,Russia,James,male,98,178
Richard,Germany,Richard,male,99,2147
Christiane,Spain,Christiane,female,96,50
Hans-Achim,Taiwan,Achim,male,100,3
Eduardo,France,Eduardo,male,99,462
Huan-Tsung,Germany,Huan,male,94,16
Ivan,China,Ivan,male,98,418
Stefan,UK,Stefan,male,98,50890
Kai,Japan,Kai,male,93,189
P,Spain,,,,
Kazunari,Italy,Kazunari,male,100,93
Babil,Germany,Babil,male,100,3
Pier,USA,Pier,male,68,28
Herbert,Singapore,Herbert,male,100,12
Trevor,China,Trevor,male,95,41
Cheol-Min,Australia,Min,male,58,33
Zhuang,China,Zhuang,male,74,69
Dan,China,Dan,female,56,578
Guochuan,Germany,Guochuan,male,75,4
Lan,China,Lan,female,82,345
Dang,Germany,Dang,male,88,8
Haijun,Netherlands,Haijun,male,96,46
Ute,USA,Ute,female,94,35
Romano,USA,Romano,male,100,18
Klavs,USA,Klavs,male,75,4
Hongjie,UK,Hongjie,male,69,29
Theodor,USA,Theodor,male,100,21
Peter,Australia,Peter,male,100,3051
Rupert,USA,Rupert,male,97,76
Nils,Spain,Nils,male,97,29
Andrzej,Switzerland,Andrzej,male,95,20
Berta,USA,Berta,female,97,118
Hubert,Korea,Hubert,male,98,8761
Agnes,France,Agnes,female,98,4309
Sanghee,Germany,Sanghee,male,53,75
Fabien,USA,Fabien,male,99,81
Paul,Sweden,Paul,male,99,457
Yadong,China,Yadong,male,94,18
Armando,Germany,Armando,male,99,253
Zhang-Jie,Germany,Jie,female,73,15
Rocco,Japan,Rocco,male,100,3
Nediljko,Germany,Nediljko,male,100,8
Hiroshi,Germany,Hiroshi,male,100,7
Andreas,China,Andreas,male,100,46
Manfred,Netherlands,Manfred,male,99,121
Wen-Jing,Japan,Jing,female,64,25
Hero,UK,Hero,male,100,59
Zen-ichi,Japan,Ichi,male,92,60
Robert,China,Robert,male,98,503
Hirofumi,Canada,Hirofumi,male,99,171
Boshun,Netherlands,,,,
Mark,Spain,Mark,male,100,48064
Joost,USA,Joost,male,95,20
Vladimir,Italy,Vladimir,male,98,349
Omid,China,Omid,male,88,8
Silvio,USA,Silvio,male,99,141
Daofeng,Japan,Daofeng,male,100,4
Chad,China,Chad,male,97,36
Kazuhiko,Denmark,Kazuhiko,male,99,192
Qiangbin,Germany,,,,
Bo,USA,Bo,male,91,1184
Dominik,USA,Dominik,male,100,5078
Paul,Taiwan,Paul,male,99,476
Stephen,Switzerland,Stephen,male,100,63
Dario,USA,Dario,male,100,2313
Daniel,UK,Daniel,male,99,257742
Hans-Joachim,Germany,Hans-Joachim,male,100,359
Mark,Japan,Mark,male,100,48064
Peter,Japan,Peter,male,99,186
Katsuaki,Italy,Katsuaki,male,100,36
Toshio,USA,Toshio,male,100,7
Marco,Netherlands,Marco,male,99,4297
Amir,Germany,Amir,male,97,883
Jos,China,Jos,male,75,12
Felix,Netherlands,Felix,male,99,188
Xue,China,Xue,female,74,300
Jan,USA,Jan,female,77,3645
Xiaomei,Japan,Xiaomei,female,75,4
Javier,Spain,Javier,male,99,46053
Kenichiro,China,Kenichiro,male,100,113
Elena,"Hong Kong",Elena,female,95,21
Weisheng,Germany,Weisheng,female,75,4
Guochen,USA,Guochen,male,75,4
Thomas,China,Thomas,male,99,449
Armen,USA,Armen,male,98,120
Zheng,France,Zheng,male,81,32
Darrell,Switzerland,Darrell,male,99,2940
Cyrille,USA,Cyrille,male,94,31
Paul,,Paul,male,99,140849
John,Taiwan,John,male,99,756
Neil,ROC,Neil,male,99,16868
Pi-Tai,Iran,Pi,male,75,4
Kwok-Kong,Germany,Kong,male,100,4
Yusuke,USA,Yusuke,male,100,39
Thomas,Germany,Thomas,male,99,27141
Martin,China,Martin,male,99,466
Thomas,USA,Thomas,male,100,20215
George,Germany,George,male,97,1386
Younan,China,Younan,male,75,4
Gerhard,Singapore,Gerhard,male,99,4931
Ruqin,Germany,Ruqin,female,75,4
Shao,Japan,Shao,male,75,4
Kamal,Japan,Kamal,male,93,29
Kenso,UK,Kenso,male,100,14
Yoshito,Germany,Yoshito,male,75,4
Thomas,USA,Thomas,male,100,20215
Iuliana,Canada,Iuliana,female,75,4
Sungho,UK,Sungho,male,100,185
J,Japan,,,,
Erik,Japan,Erik,male,99,75
Shunichi,USA,Shunichi,male,75,4
Hiroyuki,Singapore,Hiroyuki,male,100,3
Brian,Canada,Brian,male,100,2256
Naohiko,USA,Naohiko,male,100,20
Steen,China,Steen,male,100,3
E,Japan,,,,
Qian,UK,Qian,female,65,678
Mitsuo,France,Mitsuo,unknown,50,2
Ifor,USA,Ifor,male,93,15
Louis,Spain,Louis,male,95,200
Alexander,UK,Alexander,male,99,56237
Xavier,France,Xavier,male,99,14211
Mikael,Germany,Mikael,male,97,88
Fabrice,China,Fabrice,male,100,24
Christian,Ireland,Christian,male,100,48300
Zijian,China,Zijian,male,100,17
Mauro,Singapore,Mauro,male,100,7
Itamar,Germany,Itamar,male,75,4
Siti,USA,Siti,female,96,55
Walter,Germany,Walter,male,81,2941
Bartosz,USA,Bartosz,male,100,26
Walter,USA,Walter,male,99,3526
Tom,Spain,Tom,male,98,1051
Qin,USA,Qin,female,67,33
Delia,Germany,Delia,female,98,118
John,Germany,John,male,98,3765
Uwe,China,Uwe,male,100,9
Peter,Switzerland,Peter,male,99,2588
Zhihong,Spain,Zhihong,male,72,43
Helma,USA,Helma,female,100,4
Juan,USA,Juan,male,99,7532
John,UK,John,male,99,219085
Stephen,China,Stephen,male,98,406
Richard,USA,Richard,male,100,24609
Paul,USA,Paul,male,100,28746
M,China,,,,
Joerg,USA,Joerg,male,100,24
Xianhua,Japan,Xianhua,female,75,4
John,Austria,John,male,97,338
Kouichi,USA,Kouichi,male,75,4
C,"South Korea",,,,
Kim,Taiwan,Kim,male,58,143
Hyungdon,Japan,Hyungdon,male,75,4
Rai-Shung,Japan,Rai,male,83,35
Mikio,Japan,Mikio,male,100,103
Fumio,USA,Fumio,male,100,6
Masakatsu,Germany,Masakatsu,male,97,32
Sheng,USA,Sheng,male,67,55
Dietmar,China,Dietmar,male,99,1635
Jeremy,Sweden,Jeremy,male,100,38
Jin,Taiwan,Jin,female,52,98
Mikael,USA,Mikael,male,95,181
Sheng-Hsien,China,Sheng,male,91,230
Liming,Germany,Liming,female,75,4
Jin-Pei,Switzerland,Jin,male,63,16
Robert,China,Robert,male,98,503
Stefan,USA,Stefan,male,100,1196
Lei,UK,Lei,male,59,2374
Younan,Germany,Younan,male,75,4
Daniel,Japan,Daniel,male,99,580
Matthias,USA,Matthias,male,100,3407
Atsuhiro,Germany,Atsuhiro,male,100,20
Sandra,USA,Sandra,female,98,9273
Ruth,Germany,Ruth,female,98,900
John,Japan,John,male,99,665
Stephan,Japan,Stephan,male,100,8
Hiroshi,USA,Hiroshi,male,100,56
Masakatsu,Sweden,Masakatsu,male,97,32
Hai-Lung,Japan,Hai,male,90,10
Olof,USA,Olof,male,100,7
Kei,Poland,Kei,male,74,1478
Michael,Australia,Michael,male,100,3838
Ludmiła,Australia,Ludmiła,female,99,106
Gao,USA,Gao,male,52,31
Paul,Germany,Paul,male,99,5117
John,Germany,John,male,98,3765
Carlo,Canada,Carlo,male,100,94
Sven,Germany,Sven,male,99,13636
Bruce,China,Bruce,male,99,651
Ralf,Spain,Ralf,male,98,145
Peng,Japan,Peng,male,75,16
J,USA,,,,
Hideto,Korea,Hideto,male,99,99
Chuanbin,France,Chuanbin,male,75,4
Insung,UK,Insung,male,96,55
Richard,USA,Richard,male,100,24609
Varinder,China,Varinder,male,94,496
Mohammad,USA,Mohammad,male,99,1098
Xiulin,Japan,Xiulin,female,100,4
John,China,John,male,98,1880
Takeshi,China,Takeshi,male,100,7
Jian,Netherlands,Jian,male,67,6
Karl,USA,Karl,male,100,2609
Marc,Germany,Marc,male,100,7914
Erik,Japan,Erik,male,99,75
Willi,USA,Willi,male,88,41
Kazushi,Japan,Kazushi,male,98,64
Samuel,USA,Samuel,male,100,6468
Masa-aki,USA,Masa,male,70,53
Robert,Germany,Robert,male,99,8458
Selim,Deutschland,Selim,male,96,18492
Joachim,,Joachim,male,99,6027
Helmut,USA,Helmut,male,100,51
Ian,Japan,Ian,male,100,88
Patrick,"South Korea",Patrick,male,99,125
Itaru,China,Itaru,male,100,35
Dong-Pyo,USA,Dong,male,91,136
Xiu-Ping,USA,Xiu,female,67,9
Robert,Italy,Robert,male,99,1879
John,Germany,John,male,98,3765
Silvia,USA,Silvia,female,95,1236
Oliver,Germany,Oliver,male,99,7903
Jianghong,China,Jianghong,male,71,7
Nora,Korea,Nora,female,97,15230
Xueyuan,Japan,Xueyuan,male,57,7
Tae-Woo,USA,Woo,male,83,29
Yasuyuki,Finland,Yasuyuki,male,100,164
Samuel,Canada,Samuel,male,100,618
Ilkka,Italy,Ilkka,male,100,362
Janusz,Japan,Janusz,male,75,4
Marco,Germany,Marco,male,99,12863
Hiroyuki,Spain,Hiroyuki,male,100,1050
Matthias,USA,Matthias,male,100,3407
Jaime,Finland,Jaime,male,75,4
David,USA,David,male,100,65535
Petri,USA,Petri,male,87,15
Paul,China,Paul,male,99,805
Patrick,UK,Patrick,male,99,118290
Guangxin,China,Guangxin,male,75,4
Peter,Korea,Peter,male,99,146529
Yadong,USA,Yadong,male,88,26
Youngjong,China,Youngjong,male,100,5
Shaoyi,China,Shaoyi,male,67,3
Xiaofeng,China,Xiaofeng,male,81,107
Lei,Japan,Lei,male,63,38
Junqi,USA,Junqi,male,100,5
Kazuo,Japan,Kazuo,male,99,306
Matthias,Japan,Matthias,male,75,4
Masaki,Korea,Masaki,male,97,788
Yukishige,Germany,,,,
Seung,Italy,Seung,female,75,4
Annie,USA,Annie,female,99,4008
Michelangelo,China,Michelangelo,male,75,4
Weihong,Israel,Weihong,male,70,40
Hanmin,USA,Hanmin,male,75,4
Ashraf,USA,Ashraf,male,97,215
Robert,USA,Robert,male,100,43118
Gregory,Germany,Gregory,male,99,111
Stephen,Singapore,Stephen,male,100,158
Michael,USA,Michael,male,100,65535
Shunsuke,Japan,Shunsuke,male,100,280
Lynden,Switzerland,Lynden,male,80,81
Satoshi,Netherlands,Satoshi,male,99,1177
Beat,China,Beat,male,100,68
Aldrik,Sweden,Aldrik,male,100,17
Xingang,Singapore,Xingang,male,100,10
Jan-E,Germany,Jan,male,99,10566
Young-Tae,Germany,Tae,female,75,4
Ulrich,Germany,Ulrich,male,99,1577
Bernd,USA,Bernd,male,100,54
Alfred,China,Alfred,male,100,102
Doug,India,Doug,male,100,6
Suhua,Japan,Suhua,female,80,10
Narayan,China,Narayan,male,100,6
Shin-ichi,Germany,Shin,male,90,20
Jingsong,USA,Jingsong,male,75,4
Gernot,USA,Gernot,male,100,4
Pieter,Japan,Pieter,male,100,4
Abigail,Netherlands,Abigail,female,100,66
Zhaomin,USA,Zhaomin,female,67,6
Herman,Switzerland,Herman,male,100,6
Guy,USA,Guy,male,99,1664
Robert,Germany,Robert,male,99,8458
Michel,Korea,Michel,male,97,68146
Harald,Switzerland,Harald,male,100,50
Yung,Germany,Yung,male,88,8
Erick,Netherlands,Erick,male,99,110
Bernd,Japan,Bernd,male,75,4
Ben,USA,Ben,male,100,17026
Atsuhiro,UK,Atsuhiro,male,100,20
Jeff,Germany,Jeff,male,97,428
Ruth,France,Ruth,female,97,329
Siegfried,USA,Siegfried,male,100,19
Marinella,France,Marinella,female,98,50
Samuel,France,Samuel,male,98,7756
Alain,Germany,Alain,male,100,241
Janine,Germany,Janine,female,98,3007
Lutz,USA,Lutz,male,90,10
Lars,Canada,Lars,male,100,40
Nenad,Japan,Nenad,male,100,3
Andrei,Germany,Andrei,male,98,192
Dirk,China,Dirk,male,100,38
Jun,Japan,Jun,male,93,1455
Guangjun,Brazil,Guangjun,male,100,12
Takashi,Germany,Takashi,male,100,4
Marcos,China,Marcos,male,94,32
Harald,Switzerland,Harald,male,100,50
Guibin,France,Guibin,male,100,6
Luis,China,Luis,male,97,148
Thomas,USA,Thomas,male,100,20215
Xiao-Juan,USA,Juan,male,99,7532
Karl,Germany,Karl,male,96,3903
James,India,James,male,99,1573
Karsten,China,Karsten,male,100,4
Srinivasan,China,Srinivasan,male,75,4
Xiaomei,,Xiaomei,female,97,69
Jun-An,USA,Jun,male,86,387
Jintao,Germany,Jintao,male,96,24
Mircea,Spain,Mircea,male,96,125
Michael,Israel,Michael,male,100,862
Nazario,Korea,Nazario,male,98,383
Igor,Germany,Igor,male,99,768
Byoung-Ki,Germany,Ki,female,57,61
Frank,USA,Frank,male,100,11178
Philip,Spain,Philip,male,98,165
Liviu,UK,Liviu,male,99,2234
María,China,María,female,75,4
Jeremy,Switzerland,Jeremy,male,99,302
Wei-Xue,France,Xue,female,89,18
Oleg,USA,Oleg,male,99,328
Carole,Sweden,Carole,female,100,11
Paul,Japan,Paul,male,100,242
Stefan,Germany,Stefan,male,97,20127
Shuji,China,Shuji,male,100,154
Klaus,Korea,Klaus,male,98,13207
Huisheng,China,Huisheng,male,75,4
Wooyoung,Japan,Wooyoung,unknown,50,2
Jing,Sweden,Jing,female,89,19
Nagao,China,Nagao,male,75,4
Kajsa,China,Kajsa,female,99,528
Shuit-Tong,China,Tong,male,64,270
Guangtao,USA,Guangtao,male,100,4
Jiannian,USA,Jiannian,male,75,4
Younan,Switzerland,Younan,male,98,40
Peter,Germany,Peter,male,99,21321
Xile,Germany,Xile,male,64,14
Matthias,Japan,Matthias,male,75,4
Richard,Germany,Richard,male,99,2147
Takeo,China,Takeo,unknown,50,2
Patrick,Germany,Patrick,male,99,14512
Qiang,UK,Qiang,male,97,531
Harald,UK,Harald,male,99,4998
Harry,Fachbereich,Harry,male,98,24473
Philip,USA,Philip,male,100,5264
Michael,Austria,Michael,male,99,4026
Younan,Japan,Younan,male,98,40
Karl,Japan,Karl,male,96,28
Kazuaki,Japan,Kazuaki,male,100,140
Takeshi,Canada,Takeshi,male,100,6
Motonari,China,Motonari,male,100,18
Dagobert,Netherlands,Dagobert,male,100,3
Weiyue,USA,Weiyue,male,71,7
Han,Germany,Han,male,81,114
Barbara,UK,Barbara,female,98,58381
Ulf,Japan,Ulf,male,99,2152
Kenneth,USA,Kenneth,male,100,7907
Keiji,USA,Keiji,male,100,18
Olga,Germany,Olga,female,97,1426
Gong,USA,Gong,male,68,19
Bernhard,Russia,Bernhard,male,98,4878
Markus,Switzerland,Markus,male,99,1931
Maurizio,Ireland,Maurizio,male,100,11
Raffaele,China,Raffaele,male,100,3
John,France,John,male,98,12594
Jinying,France,Jinying,female,75,4
Jieping,Sweden,Jieping,female,67,3
Annie,Switzerland,Annie,female,95,124
Vladislav,Germany,Vladislav,male,100,51
Erick,China,Erick,male,92,53
Helmut,USA,Helmut,male,100,51
Chi-Ming,Japan,Chi,female,67,64
Hidde,USA,Hidde,male,75,4
Tamio,Japan,Tamio,male,100,12
B,China,,,,
Toshikazu,USA,Toshikazu,male,75,4
Wei-Ping,Switzerland,Wei,male,94,16
Vladimir,France,Vladimir,male,98,401
François,Germany,François,male,100,39
Elisabeth,Germany,Elisabeth,female,99,1848
Alexander,Germany,Alexander,male,98,11884
Thomas,Germany,Thomas,male,99,27141
Armido,USA,Armido,male,100,20
Dennis,Japan,Dennis,male,99,79
Christopher,France,Christopher,male,98,6987
Hiroyuki,China,Hiroyuki,male,100,6
Christian,UK,Christian,male,100,48300
Zhong-Xia,Germany,Xia,female,75,8
Laurence,Canada,Laurence,female,65,155
Matthias,Japan,Matthias,male,75,4
Hanadi,Germany,Hanadi,female,92,13
Masayuki,USA,Masayuki,male,100,8
Herbert,China,Herbert,male,96,26
Scott,Japan,Scott,male,100,116
Ye,USA,Ye,male,58,95
Kiyotaka,Japan,Kiyotaka,male,100,66
Alan,Germany,Alan,male,98,520
Masakatsu,Germany,Masakatsu,male,97,32
Thomas,Germany,Thomas,male,99,27141
Alexander,UK,Alexander,male,99,56237
Helmut,Denmark,Helmut,male,100,6
Timothy,Canada,Timothy,male,100,387
Thomas,USA,Thomas,male,100,20215
Jayachandran,"Czech Republic",Jayachandran,male,100,176
Paul,USA,Paul,male,100,28746
Ullrich,Japan,Ullrich,male,96,100
Marvin,Netherlands,Marvin,male,99,509
Jun-ichi,Taiwan,Jun,male,83,145
Emiel,Canada,Emiel,male,75,4
Sue-Lein,USA,Sue,female,99,4663
Janusz,UK,Janusz,male,99,6824
Rudi,USA,Rudi,male,85,127
Michael,Germany,Michael,male,100,30913
Hongjie,Germany,Hongjie,female,75,4
Evamarie,Germany,Evamarie,female,75,4
Thomas,USA,Thomas,male,100,20215
Andrey,Denmark,Andrey,male,100,4
Jon,USA,Jon,male,100,12707
Troels,UK,Troels,male,100,224
Fred,Germany,Fred,male,98,1136
David,USA,David,male,100,65535
Christian,Germany,Christian,male,100,86
Marshall,Japan,Marshall,male,100,8
Jean-Marie,Spain,Jean-Marie,male,100,10
Yoshihito,Netherlands,Yoshihito,male,100,77
Luis,USA,Luis,male,100,8179
Ludo,Canada,Ludo,male,100,6
John,China,John,male,98,1880
Eugenia,China,Eugenia,female,92,13
Qiuquan,Netherlands,,,,
Yanxing,USA,Yanxing,male,75,4
E,USA,,,,
Kate,Japan,Kate,female,93,67
Tianbo,Germany,Tianbo,male,100,7
Tohru,Japan,Tohru,male,96,77
Matthias,Switzerland,Matthias,male,100,748
Masato,Japan,Masato,male,100,530
Jérôme,China,Jérôme,male,100,5
Hiroki,USA,Hiroki,male,96,28
Biao,Germany,Biao,male,75,4
Jens,USA,Jens,male,97,183
Ulrich,Singapore,Ulrich,male,98,3912
George,Austria,George,male,100,113
Jackie,Spain,Jackie,female,86,123
Ian,USA,Ian,male,100,8095
Miquel,China,Miquel,male,75,4
Jinming,Italy,Jinming,male,100,21
Xiaoming,China,Xiaoming,male,84,105
Enrico,UK,Enrico,male,99,21620
Alan,Germany,Alan,male,98,520
Andrew,USA,Andrew,male,100,34858
Nils,China,Nils,male,100,8
Ralph,Germany,Ralph,male,99,1304
Xiaoming,"Republic of Korea",Xiaoming,male,83,144
Bernd,Germany,Bernd,male,99,6529
Jongheop,Germany,,,,
Frank,Japan,Frank,male,97,152
Martin,Germany,Martin,male,99,14619
Takafumi,USA,Takafumi,male,100,5
Jörg,Germany,Jörg,male,99,6145
Nicholas,France,Nicholas,male,98,172
Thomas,Japan,Thomas,male,99,151
Fouzia,Germany,Fouzia,female,100,13
Hiroshi,Germany,Hiroshi,male,100,7
Otto,Germany,Otto,male,96,943
Andreas,Poland,Andreas,male,98,112
Rolf,Germany,Rolf,male,99,3089
Lechosław,Kyoto,Lechosław,male,100,19
Wolfgang,France,Wolfgang,male,99,81
Atsuhiro,Japan,Atsuhiro,male,100,17
Cyril,USA,Cyril,male,96,208
Masakatsu,"Republic of Korea",Masakatsu,male,97,32
Brian,Japan,Brian,male,100,157
Sunwoo,Germany,Sunwoo,female,75,4
Kazuhiko,Germany,Kazuhiko,male,75,4
Gerald,USA,Gerald,male,100,2668
Johannes,USA,Johannes,male,99,135
Shoujun,USA,Shoujun,male,75,4
M,USA,,,,
Christopher,Germany,Christopher,male,99,3075
F,USA,,,,
Alexander,Germany,Alexander,male,98,11884
Liming,USA,Liming,male,69,13
Hans,China,Hans,male,98,147
Elizabeth,Japan,Elizabeth,female,93,118
Aiwen,Australia,Aiwen,male,67,24
Ken,Germany,Ken,male,98,411
Bim,Australia,Bim,male,65,353
Peter,USA,Peter,male,100,15502
Udo,"Republic of Korea",Udo,male,98,2894
Asuman,Netherlands,Asuman,female,88,8
Hyoyoung,Singapore,Hyoyoung,female,67,12
Heinz,USA,Heinz,male,99,67
David,"New Zealand",David,male,100,793
Regan,USA,Regan,female,98,5541
Richard,France,Richard,male,97,9605
Guy,UK,Guy,male,98,20859
Frederic,Germany,Frederic,male,99,308
Richard,USA,Richard,male,100,24609
Jörg,Belgium,Jörg,male,100,23
Peng,Switzerland,Peng,unknown,50,2
Dirk,USA,Dirk,male,99,483
Eric,Japan,Eric,male,99,243
Michael,Japan,Michael,male,99,446
Shū,USA,,,,
Tamio,Denmark,Tamio,male,75,4
John,Germany,John,male,98,3765
Stephan,UK,Stephan,male,99,19941
Horst,Australia,Horst,male,100,6
Chris,Germany,Chris,male,96,12034
Anita,USA,Anita,female,98,3169
Jürgen,Germany,Jürgen,male,99,7863
Russell,USA,Russell,male,100,4197
Mathias,USA,Mathias,male,100,3505
Nadrian,USA,,,,
Francisco,Japan,Francisco,male,100,78
Yan,China,Yan,female,69,1535
Keisuke,Japan,Keisuke,male,100,723
Qiangbin,China,,,,
Hiroki,China,Hiroki,male,100,7
Shiguo,Germany,Shiguo,male,100,3
Xi,India,Xi,male,75,4
Klaus,Germany,Klaus,male,98,10045
Muthusamy,Canada,Muthusamy,male,75,4
Andreas,China,Andreas,male,100,46
Shana,Italy,Shana,female,98,90
Lei,Germany,Lei,male,57,37
Marco,Germany,Marco,male,99,12863
Morten,Germany,Morten,male,99,81
Roderich,Germany,Roderich,male,100,19
Mathias,Germany,Mathias,male,98,2842
Lorenz,Germany,Lorenz,male,98,257
Claus,Germany,Claus,male,99,902
Marcus,China,Marcus,male,98,60
Hans,Israel,Hans,male,75,4
Jiannian,Cyprus,Jiannian,male,75,4
Lia,UK,Lia,female,98,11458
Anastasios,USA,Anastasios,male,100,19
Richard,China,Richard,male,99,833
Joseph,China,Joseph,male,99,328
Shu-Li,Japan,Shu,male,98,227
Xi-Wen,USA,Xi,female,61,98
Toshio,UK,Toshio,male,99,246
William,Switzerland,William,male,98,193
Stephen,UK,Stephen,male,99,46085
Claude,Japan,Claude,male,100,9
J,Japan,,,,
Ken,Germany,Ken,male,98,411
Yasuhiro,France,Yasuhiro,male,100,455
Thomas,UK,Thomas,male,99,129177
Jieping,USA,Jieping,male,75,4
Benjamin,USA,Benjamin,male,100,9079
W,Germany,,,,
James,USA,James,male,100,47200
Oliver,China,Oliver,male,96,180
Eric,Japan,Eric,male,99,243
Lei,USA,Lei,male,57,231
Yukikazu,China,Yukikazu,male,100,3
Donna,Israel,Donna,female,94,16
Jun-An,USA,Jun,male,86,387
Moshe,China,Moshe,male,100,3
Jiaxing,Germany,Jiaxing,male,89,27
Xingyu,Italy,Xingyu,male,84,37
Peter,China,Peter,male,99,1605
Andrea,Switzerland,Andrea,female,63,1819
Chien-Hong,France,Chien,male,77,30
Karl,Canada,Karl,male,100,322
Jean-Jacques,USA,Jean-Jacques,male,100,18
Michael,UK,Michael,male,99,211741
John,USA,John,male,100,65535
Martyn,Germany,Martyn,male,100,11
Zhiqun,UK,Zhiqun,male,100,5
Frank,USA,Frank,male,100,11178
Richard,USA,Richard,male,100,24609
Brian,USA,Brian,male,100,40133
Sason,Spain,Sason,male,77,26
Victor,Germany,Victor,male,96,577
Luis,Japan,Luis,male,98,389
Michael,Italy,Michael,male,99,4713
Hayato,Germany,Hayato,male,75,4
Nelsi,China,Nelsi,female,86,70
Chantu,UK,Chantu,male,75,4
Shu-Hong,Germany,Hong,male,65,31
Leroy,Japan,Leroy,male,100,4
Angel,Canada,Angel,male,100,27062
Yujiro,India,Yujiro,male,100,101
Raymond,Japan,Raymond,male,100,35
Herbert,Germany,Herbert,male,98,1663
Takashi,China,Takashi,male,100,9
Edward,Japan,Edward,male,100,71
Wenxu,Germany,Wenxu,male,60,10
Sumio,Greece,Sumio,male,91,22
Peter,USA,Peter,male,100,15502
Panagiotis,China,Panagiotis,male,75,4
Alexei,Germany,Alexei,male,97,30
Xiaogang,Poland,Xiaogang,male,100,46
Christian,China,Christian,male,100,48300
Barbara,Japan,Barbara,female,96,47
Xing,Italy,Xing,male,67,3
Keisuke,Germany,Keisuke,male,100,6
Pio,Germany,Pio,male,97,35
Robert,Germany,Robert,male,99,8458
Paul,Germany,Paul,male,99,5117
Siegfried,Denmark,Siegfried,male,75,4
Markus,France,Markus,male,99,217
Karl,,Karl,male,98,18575
Philippe,India,Philippe,male,100,26
Neil,India,Neil,male,99,516
Friedrich,USA,Friedrich,male,100,14
Sundargopal,Denmark,,,,
F,Japan,,,,
Kurt,China,Kurt,male,98,64
Yasuyuki,Germany,Yasuyuki,male,100,164
Yadong,France,Yadong,male,88,26
Werner,Switzerland,Werner,male,100,437
Martin,Belgium,Martin,male,95,1184
Jérôme,Germany,Jérôme,male,100,62
Pierre,Germany,Pierre,male,99,1552
Kannan,USA,Kannan,male,100,89
Stefan,Japan,Stefan,male,100,27
Wenbin,China,Wenbin,male,96,51
Masayuki,Germany,Masayuki,male,75,4
Hua,China,Hua,female,54,497
Uwe,USA,Uwe,male,98,45
Hua,China,Hua,female,54,497
Katherine,USA,Katherine,female,99,7045
Su,Japan,Su,female,52,60
Richard,Netherlands,Richard,male,99,4646
Takashi,USA,Takashi,male,98,49
Jan,Spain,Jan,male,92,898
Jared,USA,Jared,male,100,7077
Tomas,Canada,Tomas,male,100,68
Phil,Israel,Phil,male,100,5
Yingfu,Germany,Yingfu,male,60,5
Dmitri,Germany,Dmitri,male,100,50
Ingrid,USA,Ingrid,female,99,1062
Manuel,Germany,Manuel,male,99,5956
Yadong,"South Korea",Yadong,female,75,4
Carsten,Japan,Carsten,male,100,3
Jinsoo,Switzerland,Jinsoo,male,97,91
Hideaki,UK,Hideaki,male,99,343
Antonio,Japan,Antonio,male,99,210
Anthony,USA,Anthony,male,100,21929
Yuichi,"Republic of Korea",Yuichi,male,99,451
Victor,USA,Victor,male,100,6752
Sang,Switzerland,Sang,male,75,4
S,Germany,,,,
Kay,Switzerland,Kay,male,89,130
Sigurd,Switzerland,Sigurd,male,75,4
Thomas,China,Thomas,male,99,449
John,Singapore,John,male,99,1185
Jibin,Spain,Jibin,male,99,655
David,Japan,David,male,100,604
Marilín,China,Marilín,female,100,4
Susumu,Japan,Susumu,male,98,154
Ruren,Japan,,,,
Masahiro,Korea,Masahiro,male,100,783
Kiyotomi,UK,,,,
Yong,China,Yong,male,95,502
Frank,USA,Frank,male,100,11178
Zhiping,Germany,Zhiping,male,78,32
Marina,Germany,Marina,female,98,2981
Thomas,Germany,Thomas,male,99,27141
Peter,Germany,Peter,male,99,21321
Karl-Heinz,Germany,Karl-Heinz,male,99,1070
Gerd,Germany,Gerd,male,90,3051
Dirk-Peter,USA,Peter,male,100,15502
Nediljko,Japan,Nediljko,male,100,8
Emmanuel,USA,Emmanuel,male,99,1782
Hisayoshi,China,Hisayoshi,male,100,15
Chad,Australia,Chad,male,100,113
Tingli,Japan,Tingli,male,56,9
Raymond,,Raymond,male,99,20118
Atsuhiro,USA,Atsuhiro,male,100,20
Jonathan,France,Jonathan,male,99,21414
Hong,USA,Hong,female,53,198
Gérard,Korea,Gérard,male,98,5971
Wei,USA,Wei,male,75,391
Sang,Sweden,Sang,female,75,4
Jonas,Germany,Jonas,male,99,2401
Mattias,,Mattias,male,99,4006
Patrik,USA,Patrik,male,100,112
Molly,China,Molly,female,99,130
Craig,Germany,Craig,male,99,87
Xinrong,Japan,Xinrong,male,63,8
Dirk,China,Dirk,male,100,38
Kunio,USA,Kunio,male,100,3
Lizong,China,Lizong,female,75,4
Timothy,Germany,Timothy,male,99,164
Xingyu,Germany,Xingyu,female,75,4
Roland,Germany,Roland,male,99,3490
Dietmar,Germany,Dietmar,male,99,1199
Jan-Dierk,Germany,Jan,male,99,10566
Marcus,Germany,Marcus,male,99,4940
Krzysztof,Japan,Krzysztof,male,100,5
Oliver,Australia,Oliver,male,100,248
Yujiro,China,Yujiro,male,100,101
Cameron,China,Cameron,male,82,17
Chunming,USA,Chunming,male,75,4
Xiaohong,Japan,Xiaohong,female,75,4
Vladimir,Japan,Vladimir,male,100,16
Hayato,USA,Hayato,male,100,8
Kazuhito,Germany,Kazuhito,male,100,63
David,China,David,male,99,2917
Klaus,UK,Klaus,male,98,13207
Ran,Japan,Ran,female,78,51
Michael,USA,Michael,male,100,65535
Hajime,UK,Hajime,male,98,359
Younan,Belgium,Younan,male,98,40
Joseph,USA,Joseph,male,100,21534
Wim,Japan,Wim,male,75,4
Brian,KSA,Brian,male,99,69588
Hiroyuki,Korea,Hiroyuki,male,100,1050
Jean-Marie,China,Jean-Marie,male,100,8
Myung,USA,Myung,male,83,18
Dan,Germany,Dan,male,96,937
Jeffrey,Japan,Jeffrey,male,100,49
Eckhard,Germany,Eckhard,male,99,294
Shunichi,USA,Shunichi,male,75,4
Manfred,UK,Manfred,male,99,7550
Phil,China,Phil,male,97,115
Glenn,China,Glenn,male,96,27
Hongzhe,Japan,Hongzhe,male,75,4
Shuit-Tong,China,Tong,male,64,270
Keiji,Germany,Keiji,male,75,4
Jianbo,USA,Jianbo,male,100,3
Henning,USA,Henning,male,95,38
Peter,Spain,Peter,male,98,2975
Michael,France,Michael,male,98,11452
Enrique,USA,Enrique,male,100,1544
Jean,USA,Jean,female,75,3982
Jack,USA,Jack,male,99,10764
Liming,,Liming,male,73,120
Daniel,Netherlands,Daniel,male,98,2242
Thomas,China,Thomas,male,99,449
Bas,Cuba,Bas,male,97,4840
Jian,Japan,Jian,male,100,9
Roberto,Germany,Roberto,male,99,1379
Koichiro,China,Koichiro,male,75,4
Mathias,Israel,Mathias,male,75,4
Jinxing,UK,Jinxing,male,81,26
Milko,Japan,Milko,male,75,4
Varinder,USA,Varinder,male,93,15
Kyoko,,Kyoko,female,95,382
Yugang,USA,Yugang,male,75,4
Amy,USA,Amy,female,99,22405
Banglin,China,,,,
Jie,Germany,Jie,female,73,15
Jincai,Japan,Jincai,male,80,10
Clemens,China,Clemens,male,100,5
Makoto,China,Makoto,male,100,10
Hsian-Rong,China,Rong,female,61,248
Zexing,Canada,Zexing,male,100,3
Sheng,USA,Sheng,male,67,55
Benoît,Switzerland,Benoît,male,100,68
Edward,Singapore,Edward,male,99,142
Erick,Germany,Erick,male,100,70
Young-Tae,Japan,Tae,female,80,35
Thomas,China,Thomas,male,99,449
Kenichiro,China,Kenichiro,male,100,113
Can,Italy,Can,male,90,51
Wantai,Japan,Wantai,female,75,4
Franco,China,Franco,male,97,34
Atsuhiro,USA,Atsuhiro,male,100,20
Xun,USA,Xun,male,75,12
Hsian-Rong,Germany,Rong,female,80,5
Wei,Germany,Wei,male,61,62
Burkhard,Germany,Burkhard,male,99,502
Ulrich,Germany,Ulrich,male,99,1577
Gianfranco,Germany,Gianfranco,male,98,61
Ingo,Germany,Ingo,male,99,3119
Stephan,USA,Stephan,male,100,7199
Peter,Japan,Peter,male,99,186
Peter,UK,Peter,male,99,146529
Kozo,USA,Kozo,male,100,4
Véronique,"New Zealand",Véronique,female,98,8797
Hisashi,USA,Hisashi,male,100,6
Frederik,USA,Frederik,male,98,46
M,USA,,,,
Justin,China,Justin,male,97,510
Babak,China,Babak,male,100,7
Jinbo,China,Jinbo,male,89,19
Min,China,Min,female,56,572
Shengming,USA,Shengming,male,100,5
Xiaoming,USA,Xiaoming,male,79,14
Puru,USA,Puru,male,100,4
Matthew,China,Matthew,male,100,209
George,USA,George,male,100,12253
Chi-Ming,USA,Ming,male,73,237
David,Germany,David,male,99,10714
Huw,USA,Huw,male,100,12
Klaus,Denmark,Klaus,male,100,424
Pingyun,France,,,,
Lars,China,Lars,male,100,27
Jean-Marie,Finland,Jean,male,100,32
Yongge,USA,Yongge,male,100,3
Olli,UK,Olli,male,96,1870
John,USA,John,male,100,65535
Paul,China,Paul,male,99,805
R,Germany,,,,
Xiaohong,Spain,Xiaohong,female,71,68
Marko,Spain,Marko,male,100,271
Eduardo,Netherlands,Eduardo,male,98,126
Jaume,Germany,Jaume,male,100,12
Andreas,Switzerland,Andreas,male,99,1721
Dang,China,Dang,male,75,28
Erick,Italy,Erick,male,99,265
Li-Zhu,China,Li,male,68,1023
Bruno,Germany,Bruno,male,88,1244
Zhengyin,Taiwan,Zhengyin,male,100,3
Bernhard,Germany,Bernhard,male,98,3134
Wei-Chieh,"Czech Republic",Wei-Chieh,male,78,9
Hans-Dieter,Germany,Hans-Dieter,male,99,132
Bohumil,Germany,Bohumil,male,100,11
Harald,Germany,Harald,male,99,2992
Hans-Günther,,Hans-Günther,male,100,11
Kenichiro,China,Kenichiro,male,100,113
Stephen,Spain,Stephen,male,96,188
Zhenzhong,Russia,Zhenzhong,male,89,9
Nicolas,USA,Nicolas,male,100,1619
Andrei,France,Andrei,male,99,167
Lin,Spain,Lin,male,53,119
Jean-François,Switzerland,Jean-François,male,97,78
Sabino,Spain,Sabino,male,100,76
Clément,Canada,Clément,male,100,45
Carlos,USA,Carlos,male,100,10179
Robbert,Italy,Robbert,male,75,4
Vladimir,USA,Vladimir,male,100,690
Roberta,Japan,Roberta,female,100,34
Dunwei,China,,,,
Makoto,Germany,Makoto,male,69,13
Hong,USA,Hong,female,53,198
Adam,UK,Adam,male,99,101742
Jeff,Italy,Jeff,male,97,194
Harry,Japan,Harry,male,95,57
Leonard,Japan,Leonard,male,95,21
Hiroyuki,USA,Hiroyuki,male,100,26
Keisuke,USA,Keisuke,male,100,11
R,USA,,,,
Patrick,Japan,Patrick,male,99,143
Martin,USA,Martin,male,100,5868
Hiroshi,Korea,Hiroshi,male,99,1730
Jianghong,Denmark,Jianghong,male,60,10
Hasuck,Taiwan,,,,
Miquel,USA,Miquel,male,88,42
Huan-Cheng,Japan,Cheng,male,67,12
Paul,Japan,Paul,male,100,242
Mikiji,USA,,,,
Shuichi,USA,Shuichi,male,90,10
Byron,Germany,Byron,male,100,16
Konstantin,Germany,Konstantin,male,98,711
Rhett,Germany,Rhett,male,100,6
Armin,USA,Armin,male,96,123
Paul,China,Paul,male,99,805
Neil,China,Neil,male,99,158
Zichao,"South Korea",Zichao,male,100,8
Shik,USA,Shik,male,66,38
Hiroaki,UK,Hiroaki,male,100,552
Timothy,China,Timothy,male,98,80
Dan,China,Dan,female,56,578
Huu,USA,Huu,male,89,9
Zhi-Xiang,Spain,Zhi,male,67,6
Manomi,China,Manomi,female,100,7
Enrique,UK,Enrique,male,99,19657
Hui-Ming,Japan,Ming,male,67,27
Michael,Israel,Michael,male,100,862
Michio,China,Michio,male,93,92
David,USA,David,male,100,65535
Zhang-Jie,Spain,Jie,male,79,19
Joseph,UK,Joseph,male,99,63161
Miguel,USA,Miguel,male,99,4616
Michael,USA,Michael,male,100,65535
Edwin,Lithuania,Edwin,male,75,4
M,France,,,,
Saulius,Finland,Saulius,male,99,737
Thomas,France,Thomas,male,98,35110
Robin,Lithuania,Robin,male,100,4
Jullien,USA,Jullien,male,100,4
Kenneth,USA,Kenneth,male,100,7907
Eriks,Canada,Eriks,male,75,4
Jonas,Taiwan,Jonas,male,97,30
Mark,USA,Mark,male,100,47989
Pi-Tai,ROC,Pi-Tai,male,71,2773
Vincent,USA,Vincent,male,100,4308
Shie-Ming,China,Ming,male,83,826
Hao,"Czech Republic",Hao,male,75,4
Mingguang,Germany,Mingguang,male,100,7
Detlef,Germany,Detlef,male,99,2271
Tad,Austria,Tad,male,75,4
Thomas,Switzerland,Thomas,male,99,3106
Thomas,Germany,Thomas,male,99,27141
Christian,Switzerland,Christian,male,100,48300
Oliver,USA,Oliver,male,99,1490
Bernd,Germany,Bernd,male,99,6529
Ralph,Germany,Ralph,male,99,1304
Reinhard,Singapore,Reinhard,male,75,4
Paul,China,Paul,male,99,805
Yonggui,France,Yonggui,unknown,50,2
Feihe,China,,,,
Didier,USA,Didier,male,96,136
Ji-Chang,Japan,Ji,male,64,14
George,USA,George,male,100,12253
Norio,Switzerland,Norio,male,99,143
Christopher,USA,Christopher,male,100,26017
Alexandre,Japan,Alexandre,male,99,250
D,USA,,,,
Angelo,Singapore,Angelo,male,100,28
Aaron,Japan,Aaron,male,100,89
Yixin,Japan,Yixin,female,75,4
Zhaomin,USA,Zhaomin,female,67,6
Junko,UK,Junko,female,94,385
Xianhui,USA,Xianhui,unknown,50,2
Paul,China,Paul,male,99,805
Ivan,Italy,Ivan,male,99,10827
Guoyue,USA,Guoyue,male,75,4
Giovanna,Sweden,Giovanna,female,100,16
Michael,Spain,Michael,male,97,1973
Lars,China,Lars,male,100,27
Alexander,Israel,Alexander,male,99,327
Huisheng,USA,Huisheng,male,75,4
Jeffrey,Spain,Jeffrey,male,100,87
J,Italy,,,,
Niels-Christian,China,Niels,male,100,6
Silvio,Via,Silvio,male,99,10308
Chan,Germany,Chan,female,100,23
Luca,Germany,Luca,male,97,1351
Wolfgang,Germany,Wolfgang,male,99,7880
John,Germany,John,male,98,3765
Gerard,Germany,Gerard,male,100,126
Kallol,USA,Kallol,male,100,5
Benjamin,Spain,Benjamin,male,98,966
Tom,USA,Tom,male,100,19527
Ricardo,USA,Ricardo,male,99,3487
Roberto,USA,Roberto,male,99,2676
Chae,USA,Chae,female,63,43
Jon,USA,Jon,male,100,12707
Zhong,Switzerland,Zhong,male,73,314
Karl,USA,Karl,male,100,2609
Jeffrey,Japan,Jeffrey,male,100,49
Theodor,USA,Theodor,male,100,21
Ken,Hungary,Ken,male,100,9
Krzysztof,Germany,Krzysztof,male,99,464
Róbert,USA,Róbert,male,75,4
Karl,"Republic of Korea",Karl,male,98,18575
David,Germany,David,male,99,10714
Eun,Australia,Eun,male,75,4
Stefan,Germany,Stefan,male,97,20127
Richard,China,Richard,male,99,833
Christian,Canada,Christian,male,100,48300
Jianzhang,USA,Jianzhang,male,75,4
Mitchell,UK,Mitchell,male,97,4895
Michael,Taiwan,Michael,male,99,765
Nicholas,Japan,Nicholas,male,100,62
Chung-Yi,Canada,Chung,male,100,6
Hideki,China,Hideki,male,99,634
Mark,Australia,Mark,male,100,48064
Zhiyong,Netherlands,Zhiyong,male,75,4
Lisandra,Denmark,Lisandra,female,98,702
Bert,USA,Bert,male,97,646
Karl,USA,Karl,male,100,2609
Joel,USA,Joel,male,99,8032
Alex,Japan,Alex,male,94,598
Xiaoyuan,France,Xiaoyuan,female,75,4
Tsuyoshi,France,Tsuyoshi,male,75,4
Bernard,Germany,Bernard,male,98,170
Loïc,Germany,Loïc,male,100,9
Frank,Germany,Frank,male,98,16573
Wolfgang,Germany,Wolfgang,male,99,7880
Manfred,Germany,Manfred,male,99,5121
Helmut,Germany,Helmut,male,98,3338
Matthias,Germany,Matthias,male,100,9451
Franc,Germany,Franc,male,97,33
Siegfried,Germany,Siegfried,male,99,899
Frank,Germany,Frank,male,98,16573
Andreas,China,Andreas,male,100,46
Dirk,Japan,Dirk,male,100,11
Feihe,Japan,,,,
Yoshihiro,Canada,Yoshihiro,male,75,4
Naoki,China,Naoki,male,100,4
Georgii,Japan,Georgii,male,78,79
Dan-Dan,France,Dan,male,90,3609
Hiroshi,Russia,Hiroshi,male,100,4
Vincent,Korea,Vincent,male,99,58501
Maurizio,UK,Maurizio,male,99,24776
Taeghwan,China,,,,
Simon,France,Simon,male,97,7268
Haiping,USA,Haiping,unknown,50,2
Cyrille,USA,Cyrille,male,94,31
Weiping,Canada,Weiping,male,75,4
Kate,Korea,Kate,female,98,27239
Keith,Japan,Keith,male,93,55
Seung,Canada,Seung,male,75,4
Shin-Ichiro,UK,Shin-Ichiro,male,100,12
G,India,,,,
Stephen,Korea,Stephen,male,99,46085
Rohit,Japan,Rohit,male,100,13
Zee-Won,Germany,Zee,male,76,17
Charles,Canada,Charles,male,99,936
Lorenz,USA,Lorenz,male,95,37
Vladimir,Netherlands,Vladimir,male,97,79
Julius,Japan,Julius,male,95,19
Bert,Japan,Bert,male,100,4
Donglin,Japan,Donglin,male,88,16
Hiroyuki,Switzerland,Hiroyuki,male,75,4
Kohei,Germany,Kohei,male,100,3
Peter,USA,Peter,male,100,15502
Oliver,Germany,Oliver,male,99,7903
Sudipta,UK,Sudipta,male,82,1092
Stefan,Germany,Stefan,male,97,20127
Dirk,UK,Dirk,male,99,14847
Karsten,Israel,Karsten,male,99,3416
Steven,India,Steven,male,100,213
Uri,USA,Uri,male,89,101
Subi,Korea,Subi,male,66,246
James,Japan,James,male,98,379
Seung-Man,Korea,Seung-Man,male,100,3
Toshiyuki,Japan,Toshiyuki,male,100,261
Chan,China,Chan,male,54,351
Claudio,China,Claudio,male,100,40
Yong,Sweden,Yong,male,100,3
Jie,USA,Jie,male,55,176
Tore,USA,Tore,male,79,28
Velia,USA,Velia,female,100,30
Jon,USA,Jon,male,100,12707
Paul,Germany,Paul,male,99,5117
Michael,China,Michael,male,99,1989
Gregor,China,Gregor,male,100,6
Xiangqian,China,Xiangqian,male,100,5
Jianbo,China,Jianbo,male,100,26
Zhang-Jie,Switzerland,Zhang,female,60,5
Yunfeng,Japan,Yunfeng,male,75,4
Erick,France,Erick,male,99,1051
Hideki,China,Hideki,male,99,634
Antoine,USA,Antoine,male,100,7984
Weina,UK,Weina,female,92,26
Patrick,UK,Patrick,male,99,118290
Varinder,UK,Varinder,male,94,496
Matthew,Austria,Matthew,male,100,21
Andrew,Germany,Andrew,male,99,574
Wolfgang,Schweiz,Wolfgang,male,99,10782
Frank,Australia,Frank,male,100,378
Antonio,Germany,Antonio,male,97,2673
Mark,Germany,Mark,male,100,75
Georg,USA,Georg,male,99,68
Oliver,Denmark,Oliver,male,100,210
Jiye,USA,Jiye,female,67,3
Ib,USA,Ib,male,77,26
Jin-Quan,USA,Quan,male,93,216
Richard,Germany,Richard,male,99,2147
Yadong,Germany,Yadong,male,75,4
Jörg,Germany,Jörg,male,99,6145
Stefanie,Netherlands,Stefanie,female,98,359
Stefanie,Germany,Stefanie,female,98,5659
Luisa,USA,Luisa,female,98,2843
Sabine,USA,Sabine,female,99,174
Richard,,Richard,male,99,97659
Jean'ne,Japan,Jeanne,female,100,4
Vy,China,Vy,unknown,50,4
Okiko,Japan,Okiko,male,75,4
Yi,Canada,Yi,male,66,38
Kyoko,Switzerland,Kyoko,male,75,4
Deryn,Switzerland,Deryn,female,59,46
Cristina,France,Cristina,female,97,1024
Cristina,Ireland,Cristina,female,100,59
Christelle,China,Christelle,female,92,25
Grace,UK,Grace,female,100,25751
Fangqiong,China,Fangqiong,female,75,4
Jason,Germany,Jason,male,99,1015
Xiaogang,Austria,Xiaogang,male,100,46
Philippe,Spain,Philippe,male,100,245
Martin,Switzerland,Martin,male,98,2426
Christian,Switzerland,Christian,male,100,48300
Jay,USA,Jay,male,95,11771
Franziska,Canada,Franziska,female,100,5
Katherine,Germany,Katherine,female,98,61
Vy,Germany,Vy,male,67,3
Roland,Germany,Roland,male,99,3490
Volkhard,Germany,Volkhard,male,100,21
Wolfgang,Germany,Wolfgang,male,99,7880
Jürgen,UK,Jürgen,male,99,9431
Benjamin,Korea,Benjamin,male,99,50718
Andrew,,Andrew,male,99,82448
In,Switzerland,In,male,60,5
Tiffany,USA,Tiffany,female,99,11019
A,Japan,,,,
Phillip,Korea,Phillip,male,99,9441
Tomoyoshi,China,Tomoyoshi,male,100,28
Unyong,USA,Unyong,male,75,4
Xue,USA,Xue,female,65,40
Mark,USA,Mark,male,100,47989
Theodore,Japan,Theodore,male,75,4
Milan,USA,Milan,male,84,332
Hiroshi,USA,Hiroshi,male,100,56
Mahdi,Australia,Mahdi,male,92,26
John,Netherlands,John,male,99,6920
Gottfried,USA,Gottfried,male,100,4
Ben,Japan,Ben,male,97,151
Ryan,Singapore,Ryan,male,100,438
Susumu,China,Susumu,male,75,4
David,"Czech Republic",David,male,98,18300
Jinxiang,Canada,Jinxiang,female,54,13
Pavel,USA,Pavel,male,100,322
Ricardo,Germany,Ricardo,male,98,1176
Victor,Japan,Victor,male,99,204
Siegfried,Singapore,Siegfried,male,99,1551
Makoto,Japan,Makoto,male,97,995
Xiong,,Xiong,male,79,207
Keiji,China,Keiji,male,75,4
Weihu,USA,Weihu,male,100,5
Qian,USA,Qian,female,61,95
Arnold,Italy,Arnold,male,100,144
Klavs,France,Klavs,male,100,46
Francesco,USA,Francesco,male,100,2172
Laurent,Netherlands,Laurent,male,100,80
Lynden,Germany,Lynden,male,80,81
Joost,Switzerland,Joost,male,100,5
Roland,Canada,Roland,male,99,167
François,USA,François,male,99,73
Stephen,UK,Stephen,male,99,46085
Peter,Japan,Peter,male,99,186
Thomas,,Thomas,male,99,129177
Yasushi,,Yasushi,male,99,226
Jian,USA,Jian,male,84,124
Masaharu,USA,Masaharu,male,75,4
William,Switzerland,William,male,98,193
Vincent,China,Vincent,male,99,896
Hilal,Germany,Hilal,female,88,262
Weihong,Sweden,Weihong,male,70,40
Michael,Japan,Michael,male,99,446
Licheng,USA,Licheng,male,75,4
Yasushi,USA,Yasushi,male,100,10
Dunwei,,,,,
Julius,USA,Julius,male,100,7130
Michael,Germany,Michael,male,100,30913
Bartosz,USA,Bartosz,male,100,26
Rolf,Germany,Rolf,male,99,3089
Joseph,,Joseph,male,99,63161
Börje,Germany,Börje,male,99,217
Matthew,Italy,Matthew,male,100,316
Matthias,Singapore,Matthias,male,100,11
Giovanni,Germany,Giovanni,male,99,958
Teck-Peng,Germany,Teck,male,100,3
Achim,"Republic of Korea",Achim,male,99,2035
Helge,Germany,Helge,female,71,1604
Seungjoo,China,Seungjoo,male,60,15
Ralf,,Ralf,male,99,9994
Xiao-Juan,USA,Juan,male,99,7532
Robert,Spain,Robert,male,99,3456
Richard,China,Richard,male,99,833
Pere,Germany,Pere,male,100,6
Wenchuan,Germany,Wenchuan,male,71,7
Wim,Germany,Wim,male,98,62
Matthias,France,Matthias,male,99,1194
Matthias,USA,Matthias,male,100,3407
Serge,Canada,Serge,male,100,583
Simon,Netherlands,Simon,male,99,1103
Stefan,USA,Stefan,male,100,1196
E,USA,,,,
Jochen,USA,Jochen,male,100,30
Krista,USA,Krista,female,99,2565
Robert,China,Robert,male,98,503
Richard,USA,Richard,male,100,24609
Guohua,Germany,Guohua,unknown,50,56
Younan,Israel,Younan,male,98,40
Alois,Canada,Alois,male,75,4
Itamar,Germany,Itamar,male,75,4
Xueliang,Germany,Xueliang,male,92,12
Werner,USA,Werner,male,100,105
Horst,USA,Horst,male,97,31
Nadrian,USA,,,,
Younan,UK,Younan,male,98,40
Andreas,Germany,Andreas,male,99,21215
Patrick,,Patrick,male,99,118290
Otto,Spain,Otto,male,98,149
Matthew,UK,Matthew,male,100,51412
Arjan,France,Arjan,male,93,14
David,USA,David,male,100,65535
Alexandre,Germany,Alexandre,male,100,125
Chad,USA,Chad,male,100,9565
Kirsten,USA,Kirsten,female,99,1949
