"First Name",Country,ga_first_name,ga_gender,ga_accuracy,ga_samples
Florian,Germany,Florian,male,99,9022
Anton,Ukraine,Anton,male,100,1393
Kai,Germany,Kai,male,99,5784
Jang-Soo,"South Korea",Jang,male,88,416
Manori,USA,Manori,female,75,4
Jeroen,Belgium,Jeroen,male,99,1158
Paul,Germany,Paul,male,99,5117
Le,Japan,Le,male,55,42
Anna,Germany,Anna,female,97,8276
Lei,Singapore,Lei,male,71,28
Cam-Van,Switzerland,Cam,male,69,16
Tullimilli,India,,,,
Chuan,China,Chuan,male,84,101
You-Yun,China,You,male,66,166
Ry,USA,Ry,male,91,110
Julian,Germany,Julian,male,89,4005
Wenbin,China,Wenbin,male,96,51
Lirui,USA,Lirui,male,75,4
Seung,USA,Seung,male,94,35
Tiago,Portugal,Tiago,male,99,13680
Xacobe,UK,Xacobe,male,100,13
Marco,Germany,Marco,male,99,12863
Matthias,Germany,Matthias,male,100,9451
Sergey,Germany,Sergey,male,99,155
Kartik,Germany,Kartik,male,100,3
Jonathan,USA,Jonathan,male,100,21578
Manuel,Germany,Manuel,male,99,5956
Jun,China,Jun,male,83,1190
Rajnish,India,Rajnish,male,99,1214
Iacovos,UK,Iacovos,male,100,39
Eyal,Switzerland,Eyal,male,100,3
Toan,USA,Toan,male,98,87
Justine,Netherlands,Justine,female,94,36
Yoshinari,Japan,Yoshinari,male,100,33
Simon,France,Simon,male,97,7268
Yue,China,Yue,female,54,508
Mikhail,USA,Mikhail,male,100,1577
Svitlana,Germany,Svitlana,female,100,31
Song,China,Song,male,100,74
Damian,Poland,Damian,male,100,13474
Daniel,USA,Daniel,male,100,35866
Hee-Sun,USA,Hee,male,65,17
Guojun,China,Guojun,male,100,16
Hikaru,Japan,Hikaru,male,84,271
Mette,Denmark,Mette,female,99,1109
Yvonne,Germany,Yvonne,female,98,4735
Jaika,Germany,Jaika,female,54,13
Shengli,Japan,Shengli,male,82,22
Jan,USA,Jan,female,77,3645
Yingjie,USA,Yingjie,male,60,5
Jenni,Finland,Jenni,female,96,632
Zhiqiang,China,Zhiqiang,male,100,68
Ommidala,USA,,,,
Lin,China,Lin,female,50,1431
James,UK,James,male,99,131879
Takato,Japan,Takato,male,100,31
Anna,"New Zealand",Anna,female,99,210
Gang,USA,,,,
Yoichiro,Japan,Yoichiro,male,100,44
Yang,USA,Yang,male,69,340
Jean-Louis,Japan,Jean-Louis,male,100,4
Mehran,UK,Mehran,male,98,2756
Wenjing,UK,Wenjing,female,88,96
Yuan,China,Yuan,male,51,765
Barry,USA,Barry,male,100,3714
Anna,USA,Anna,female,99,11850
Mohd,UK,Mohd,male,99,14761
Assaf,Israel,Assaf,male,99,185
Elisa,Netherlands,Elisa,female,97,258
Xiangling,USA,Xiangling,male,75,4
Fei,China,Fei,male,69,629
Tran,France,Tran,male,63,103
Xuan,China,Xuan,female,55,208
Daniel,USA,Daniel,male,100,35866
Ding-Shyue,USA,Ding,male,77,39
Yanyan,Germany,Yanyan,female,71,7
Dehui,China,Dehui,male,86,7
Farhad,Canada,Farhad,male,100,37
Matti,Netherlands,Matti,male,79,24
Pin-Sheng,Singapore,Pin,male,86,7
C,Austria,,,,
Daniel,UK,Daniel,male,99,257742
Robin,UK,Robin,male,75,32295
Mario,Germany,Mario,male,99,7876
Alba,Sweden,Alba,female,85,20
Yang,USA,Yang,male,69,340
Euan,USA,Euan,male,94,33
Fuxu,China,,,,
Qian,China,Qian,female,65,385
Simonetta,Italy,Simonetta,female,98,1269
Yaping,China,Yaping,female,68,34
Jia-Bi,Germany,Bi,female,78,93
Jing,USA,Jing,female,76,249
Myunghwan,USA,Myunghwan,male,100,3
Fangrui,Singapore,Fangrui,male,75,4
M,UK,,,,
Paul,USA,Paul,male,100,28746
Biplab,India,Biplab,male,100,575
Kiyoung,USA,Kiyoung,male,75,4
Jeremy,France,Jeremy,male,99,19933
Datao,China,Datao,male,75,4
Alexandra,UK,Alexandra,female,98,53680
Tsun-Cheng,Taiwan,Cheng,male,70,306
Sieghard,Switzerland,Sieghard,male,75,4
Haifeng,Netherlands,Haifeng,male,94,126
Klaus,Germany,Klaus,male,98,10045
Eun,USA,Eun,female,71,24
Thiruvelu,"South Korea",,,,
Jens,"South Korea",Jens,male,75,4
Christoph,Germany,Christoph,male,100,5773
Matthew,UK,Matthew,male,100,51412
Ganglong,Germany,,,,
Elif,USA,Elif,female,100,51
A,Germany,,,,
Frank,Germany,Frank,male,98,16573
Ricardo,Spain,Ricardo,male,99,9427
Ryosuke,Japan,Ryosuke,male,100,404
Chun-Xiang,China,Xiang,male,76,414
Ming,Japan,Ming,male,67,27
Donghun,Korea,Donghun,male,99,77
Muxin,Germany,Muxin,male,67,3
Piyush,USA,Piyush,male,100,103
Ahmed,USA,Ahmed,male,99,2824
José,Spain,José,male,99,8211
Anthony,UK,Anthony,male,99,85303
Marie-Emmanuelle,Italy,Marie,female,97,512
Manfred,Switzerland,Manfred,male,100,172
Markus,Germany,Markus,male,99,15230
Elangannan,India,Elangannan,male,75,4
Nermin,Germany,Nermin,female,65,178
Hubert,Germany,Hubert,male,99,695
Shunsuke,Japan,Shunsuke,male,100,280
Chao,China,Chao,male,88,554
Jungkweon,Japan,Jungkweon,female,75,4
Holger,UK,Holger,male,99,4992
Shovan,France,Shovan,male,75,4
Satoshi,Japan,Satoshi,male,100,1038
Qing,China,Qing,female,54,451
Biswarup,India,Biswarup,male,100,162
Takashi,Japan,Takashi,male,99,1549
Mitsuhiro,Japan,Mitsuhiro,male,99,105
Irena,Poland,Irena,female,98,1948
Steffen,Germany,Steffen,male,99,5356
Caroline,USA,Caroline,female,99,4455
Chaolu,Japan,,,,
Volodymyr,USA,Volodymyr,male,97,35
Jie-rong,France,Rong,female,64,14
Patrik,Denmark,Patrik,male,100,16
Thi-Thanh-Tam,Germany,Thi,male,67,24
Hendrik,USA,Hendrik,male,100,61
Katrien,USA,Katrien,female,100,5
Lin-Fei,China,Fei,male,69,629
Emanuele,UK,Emanuele,male,97,17607
Mizuki,Japan,Mizuki,female,65,176
Kohei,Japan,Kohei,male,99,359
Min,Germany,Min,female,61,56
Rikard,Sweden,Rikard,male,99,597
Luciana,Argentina,Luciana,female,98,934
Robert,Poland,Robert,male,99,17413
Ricardo,USA,Ricardo,male,99,3487
Paul,Switzerland,Paul,male,98,968
Guangtao,USA,Guangtao,male,100,4
Rusheng,China,,,,
Christopher,Canada,Christopher,male,100,1301
Ming-Che,Taiwan,Ming,male,87,275
Jiaxing,China,Jiaxing,male,94,16
Katja,Germany,Katja,female,98,3729
Lei,China,Lei,male,77,1080
Susanne,Germany,Susanne,female,98,5764
Ricarda,Germany,Ricarda,female,97,376
Alexander,USA,Alexander,male,100,6939
Ismail,Sweden,Ismail,male,99,130
Nicky,UK,Nicky,female,58,8786
Adrián,UK,Adrián,male,99,3591
Zhanyu,Canada,Zhanyu,male,83,6
Francisco,Spain,Francisco,male,99,27756
Kye-Simeon,Germany,Simeon,male,98,47
Karoline,Germany,Karoline,female,98,182
Offer,Israel,,,,
Naoya,Japan,Naoya,male,100,332
Andreu,UK,Andreu,male,99,1158
Tobias,Germany,Tobias,male,100,9929
Kailash,Germany,Kailash,male,75,4
Haakan,Sweden,Haakan,male,91,22
Zhiwei,China,Zhiwei,male,97,71
Jipei,Germany,Jipei,male,100,3
Hao,USA,Hao,male,91,219
Elena,France,Elena,female,98,1629
Youwei,USA,Youwei,male,75,4
Yajing,USA,Yajing,female,86,7
Yang,USA,Yang,male,69,340
Chong,China,Chong,male,75,110
Farhad,Germany,Farhad,male,96,111
Xiaoyu,China,Xiaoyu,female,53,179
Sara,Netherlands,Sara,female,98,921
James,Netherlands,James,male,99,606
Hao,China,Hao,male,89,723
Gaël,USA,Gaël,male,89,9
Grégoire,France,Grégoire,male,99,764
Gang,France,,,,
Nicoleta,UK,Nicoleta,female,98,2441
Reent,Germany,Reent,male,75,4
Yong,China,Yong,male,95,502
Satvasheel,Australia,,,,
Albrecht,Germany,Albrecht,male,97,158
P,Argentina,,,,
Andrew,USA,Andrew,male,100,34858
Adinarayana,Germany,Adinarayana,male,100,45
Li,Germany,Li,female,75,212
Birgit,Germany,Birgit,female,99,3122
Daisuke,Japan,Daisuke,male,100,1249
Crispin,Germany,Crispin,male,100,13
Frank,USA,Frank,male,100,11178
Chun,USA,Chun,male,71,52
Shinae,Korea,Shinae,female,95,37
Roberto,UK,Roberto,male,99,100721
Andrey,UK,Andrey,male,99,14894
Yasunori,Japan,Yasunori,male,99,110
Mani,India,Mani,male,93,5333
Shu-Han,Netherlands,Han,male,90,535
Yu,Canada,Yu,male,61,36
Graham,Israel,Graham,male,75,4
Zuofeng,USA,Zuofeng,male,75,4
Holger,Germany,Holger,male,100,4362
Tjøstil,Netherlands,,,,
Shū,Japan,,,,
Alexander,Germany,Alexander,male,98,11884
Koji,Japan,Koji,male,99,780
Hideto,Japan,Hideto,male,100,81
Yan,Singapore,Yan,male,60,164
Chia-Hsiang,Taiwan,Hsiang,male,72,58
Aleksandr,USA,Aleksandr,male,99,160
Nikolas,Switzerland,Nikolas,male,100,25
Magnus,Germany,Magnus,male,99,183
Vivian,USA,Vivian,female,98,1831
Jayanta,Germany,Jayanta,male,100,3
Tomohiro,Japan,Tomohiro,male,100,395
Kyungtae,Korea,Kyungtae,male,100,34
Masayuki,Japan,Masayuki,male,99,556
Takashi,Japan,Takashi,male,99,1549
Katja,Austria,Katja,female,97,143
Robert,Canada,Robert,male,100,3137
Tanguy,Switzerland,Tanguy,male,100,15
Jinjun,Germany,Jinjun,male,95,21
Lotta,Sweden,Lotta,female,99,1366
Mihai,Sweden,Mihai,male,100,18
Sylvia,Singapore,Sylvia,female,98,48
Andrew,USA,Andrew,male,100,34858
Yiqing,USA,Yiqing,female,100,6
Jillian,UK,Jillian,female,98,2990
Neelanjan,USA,Neelanjan,male,75,4
Nicklas,USA,Nicklas,male,100,25
Geoffrey,UK,Geoffrey,male,99,11232
Jens,Germany,Jens,male,99,9230
Zhaobin,China,Zhaobin,male,100,4
Markus,Germany,Markus,male,99,15230
Birte,Germany,Birte,female,98,220
Hien,USA,Hien,male,56,118
Tyler,USA,Tyler,male,97,15339
Paul,Spain,Paul,male,98,1992
Xiang,China,Xiang,male,76,414
Katharina,Germany,Katharina,female,98,3998
Boyu,China,Boyu,male,100,13
Julian,USA,Julian,male,98,2877
Fanyang,USA,Fanyang,male,75,4
Markus,Germany,Markus,male,99,15230
Gang,China,,,,
Chenjie,USA,Chenjie,male,67,3
Shohei,Japan,Shohei,male,100,267
Tracy,Canada,Tracy,female,95,615
Noelia,Spain,Noelia,female,98,8724
Alexander,Austria,Alexander,male,99,1698
John,UK,John,male,99,219085
Kathleen,Australia,Kathleen,female,100,133
Bruce,Australia,Bruce,male,100,440
Li-Tao,China,Tao,male,89,751
Sumin,Korea,Sumin,female,53,171
Fumitoshi,Japan,Fumitoshi,male,100,7
Gokarneswar,Finland,,,,
Tadeja,Slovenia,Tadeja,female,99,152
Ting-Jen,Taiwan,Ting,female,78,290
Frederic,Germany,Frederic,male,99,308
Jonathan,UK,Jonathan,male,99,84386
Lukasz,Denmark,Lukasz,male,100,18
Zhe-Ming,Switzerland,Ming,unknown,50,8
Jonathan,Canada,Jonathan,male,100,1923
Sumito,Japan,Sumito,male,100,7
Jaume,Spain,Jaume,male,99,2841
Gregory,USA,Gregory,male,100,6184
Georgios,Germany,Georgios,male,99,315
Heron,Switzerland,Heron,male,94,273
Sergii,France,Sergii,male,100,4
Kengo,Japan,Kengo,male,99,177
Kenneth,USA,Kenneth,male,100,7907
Sung,USA,Sung,male,85,114
Jun,China,Jun,male,83,1190
Shuang-Yan,China,Yan,female,69,1535
Thomas,Germany,Thomas,male,99,27141
Benjamin,Germany,Benjamin,male,100,5256
Grégory,France,Grégory,male,99,3049
Rob,Belgium,Rob,male,98,538
Xiaojiang,Canada,Xiaojiang,male,91,11
Ge,UK,Ge,male,66,720
Lars-Arne,Germany,Lars,male,100,4773
Yi,China,Yi,male,73,459
Kenji,Japan,Kenji,male,99,1017
Wouter,Netherlands,Wouter,male,100,1717
Motoki,Japan,Motoki,male,99,98
Dongwon,Korea,Dongwon,male,100,101
Youngsoon,"Republic of Korea",Youngsoon,female,75,12
Li,USA,Li,female,50,359
Saeed,USA,Saeed,male,98,224
Wei,USA,Wei,male,75,391
Jier,USA,Jier,male,75,4
Youhui,China,Youhui,unknown,50,2
Meital,Israel,Meital,female,97,79
Shaozhong,USA,Shaozhong,male,75,4
Kazunobu,Japan,Kazunobu,male,100,21
Xin,China,Xin,male,62,851
Ryoko,Japan,Ryoko,female,95,144
Richard,USA,Richard,male,100,24609
Man-Chung,China,Man,male,72,185
Xavier,USA,Xavier,male,99,1665
Masaru,Japan,Masaru,male,99,283
Juzo,Japan,Juzo,male,75,4
Bin,USA,Bin,male,83,140
Cristina,Germany,Cristina,female,95,548
Jinho,Korea,Jinho,male,99,280
Naoki,Japan,Naoki,male,100,826
Christopher,Canada,Christopher,male,100,1301
Guy,UK,Guy,male,98,20859
Yuen,China,Yuen,female,53,15
Vaishali,Germany,Vaishali,female,98,1507
Shuhui,UK,Shuhui,female,77,35
Felix,Germany,Felix,male,99,4905
Matthew,UK,Matthew,male,100,51412
Hui,China,Hui,male,54,700
Lorine,Switzerland,Lorine,female,75,4
Regina,Germany,Regina,female,99,2417
Esther,USA,Esther,female,98,1844
Hua,China,Hua,female,54,497
Amirali,Australia,Amirali,male,100,3
Paulo,Ireland,Paulo,male,100,74
Sasanka,India,Sasanka,male,93,87
N,USA,,,,
Gregor,Germany,Gregor,male,100,1108
Nicolas,Germany,Nicolas,male,100,664
C,USA,,,,
Victor,France,Victor,male,97,5389
Yao,China,Yao,male,58,406
Di,Canada,Di,female,76,33
Jingjing,China,Jingjing,female,89,198
Qi,Netherlands,Qi,male,100,3
Vanessa,Australia,Vanessa,female,98,390
Yang,China,Yang,male,65,1965
Bo,Switzerland,Bo,male,89,27
Blanca,Germany,Blanca,female,92,39
Nimer,Israel,Nimer,male,100,11
Fabian,Germany,Fabian,male,99,4595
Jungwoon,S,Jungwoon,male,82,11
Thomas,USA,Thomas,male,100,20215
Yi,UK,Yi,male,61,1397
Rodolphe,France,Rodolphe,male,99,2506
Jianfeng,USA,Jianfeng,male,100,9
Hyejin,"Republic of Korea",Hyejin,female,97,278
Martin,Germany,Martin,male,99,14619
Julyan,Spain,Julyan,male,100,9
Gastón,Switzerland,Gastón,male,100,422
Siming,China,Siming,male,100,11
Zhong,USA,Zhong,male,66,29
Jiangtao,Canada,Jiangtao,male,100,28
Jun,China,Jun,male,83,1190
Mikhail,Japan,Mikhail,male,100,7
Xiaodan,USA,Xiaodan,female,100,5
Günter,Germany,Günter,male,99,1803
Andrea,Switzerland,Andrea,female,63,1819
Yuhua,China,Yuhua,female,77,35
Amit,India,Amit,male,100,33808
Angel,Germany,Angel,female,100,85
Hirotaka,Japan,Hirotaka,male,100,148
Andrew,UK,Andrew,male,99,82448
Laurens,Netherlands,Laurens,male,99,544
Luz,Spain,Luz,female,97,2490
Yelena,Israel,Yelena,female,91,23
Govind,Switzerland,Govind,male,75,4
Jessica,USA,Jessica,female,99,36554
Sandip,Germany,Sandip,male,100,8
Takafumi,Japan,Takafumi,male,100,194
Xiaojian,USA,Xiaojian,male,60,5
Michael,Australia,Michael,male,100,3838
G,USA,,,,
Tao,China,Tao,male,89,751
Sandipan,India,Sandipan,male,100,375
Haejin,Korea,Haejin,female,66,58
Knut,Germany,Knut,male,99,411
Yuxia,China,Yuxia,female,93,14
Seokwon,USA,Seokwon,male,75,4
Dian-Feng,China,Feng,male,82,850
Dongqi,China,Dongqi,male,82,11
Takeshi,Japan,Takeshi,male,100,1025
Jaganathan,Taiwan,Jaganathan,male,100,79
Agnieszka,Germany,Agnieszka,female,98,578
Tobias,Denmark,Tobias,male,100,299
Ferdinand,Germany,Ferdinand,male,99,246
Huimin,Canada,Huimin,female,75,4
Kine,Norway,Kine,female,99,92
Songnan,China,Songnan,male,100,6
Alberto,Netherlands,Alberto,male,100,161
Conor,USA,Conor,male,100,5996
Andrew,USA,Andrew,male,100,34858
Delphine,France,Delphine,female,98,16794
Phillip,Australia,Phillip,male,99,335
James,UK,James,male,99,131879
Zhimin,China,Zhimin,male,73,26
Christian,Germany,Christian,male,100,86
Brian,"Hong Kong",Brian,male,100,285
J,UK,,,,
Suresh,UK,Suresh,male,100,15885
Takeaki,Japan,Takeaki,male,100,23
Hasan,USA,Hasan,male,99,344
Mark,UK,Mark,male,100,48064
Tobias,Deutschland,Tobias,male,100,17675
Nicole,Germany,Nicole,female,96,11795
Yogo,USA,Yogo,male,93,106
Marta,Sweden,Marta,female,97,154
Reinhard,Germany,Reinhard,male,99,1146
Reto,USA,Reto,male,100,13
Alexander,Germany,Alexander,male,98,11884
Hong,Belgium,Hong,female,60,5
Alexander,USA,Alexander,male,100,6939
Kim,Deutschland,Kim,female,68,48002
Qi,China,Qi,male,73,234
Hoang,Canada,Hoang,male,71,14
Yin,Kingdom,Yin,female,56,1172
Aliaksandr,Denmark,Aliaksandr,male,100,153
Kiril,Switzerland,Kiril,male,100,11
Ines,Netherlands,Ines,female,100,55
Yu-Hsuan,Germany,Yu,male,52,60
Wencui,China,,,,
Kohei,Japan,Kohei,male,99,359
Santiago,Netherlands,Santiago,male,100,23
Robert,Canada,Robert,male,100,3137
Houria,France,Houria,female,97,376
Abram,USA,Abram,male,100,1547
Joanna,Germany,Joanna,female,97,703
David,Netherlands,David,male,99,2101
Matthew,UK,Matthew,male,100,51412
Hongyan,China,Hongyan,female,86,56
Heebeom,Korea,Heebeom,male,75,4
Chuandong,Japan,Chuandong,male,75,4
Jens,Germany,Jens,male,99,9230
Guangyan,France,Guangyan,male,75,4
Appaso,Taiwan,Appaso,male,75,4
Xiaoyu,China,Xiaoyu,female,53,179
Yanjuan,China,Yanjuan,female,100,5
Shinnosuke,Japan,Shinnosuke,male,100,63
Michael,UK,Michael,male,99,211741
Jean,USA,Jean,female,75,3982
Hiroki,France,Hiroki,unknown,50,2
Paulo,Ireland,Paulo,male,100,74
Shinsuke,Japan,Shinsuke,male,100,139
Zeyu,USA,Zeyu,male,100,10
Natalia,USA,Natalia,female,99,1455
Albrecht,Germany,Albrecht,male,97,158
Tobias,Germany,Tobias,male,100,9929
Michael,USA,Michael,male,100,65535
Deepak,Netherlands,Deepak,male,100,45
Ji-Hwan,USA,Hwan,male,100,6
Ch,India,Ch,male,84,400
Benjamin,UK,Benjamin,male,99,50718
Ramón,Spain,Ramón,male,99,1591
Francesca,USA,Francesca,female,99,7161
Javier,USA,Javier,male,99,2984
Pakorn,Sweden,Pakorn,male,97,228
Adam,USA,Adam,male,100,23089
Min,USA,Min,male,56,258
Cong-Ying,China,Ying,female,86,923
Shaojun,USA,Shaojun,male,75,4
Chitra,USA,Chitra,female,98,54
Hui,USA,Hui,female,51,102
Andreas,Germany,Andreas,male,99,21215
Seok,USA,Seok,unknown,50,2
Patrick,Switzerland,Patrick,male,99,3272
Nancy,USA,Nancy,female,99,11346
Huibin,UK,Huibin,male,75,16
Naoaki,Japan,Naoaki,male,100,29
Naoki,Japan,Naoki,male,100,826
Zhengbiao,China,Zhengbiao,male,75,4
Qingsheng,Germany,Qingsheng,male,100,6
Hidenori,Denmark,Hidenori,male,100,91
Justus,Germany,Justus,male,98,194
Timo,Germany,Timo,male,100,4802
Daiko,Japan,Daiko,male,75,4
Bo,China,Bo,male,88,316
Bharat,USA,Bharat,male,100,154
Klement,USA,Klement,male,75,4
Chao,China,Chao,male,88,554
Bhimsen,Israel,Bhimsen,male,75,4
Ruijiao,China,Ruijiao,female,75,4
Dennis,USA,Dennis,male,99,8742
Cameron,Australia,Cameron,male,99,616
Sumit,"Republic of Korea",Sumit,male,100,13326
Mahmood,Israel,Mahmood,male,91,92
Sukrit,USA,Sukrit,male,100,6
Wenlong,China,Wenlong,male,100,38
Yang,China,Yang,male,65,1965
Yoshihiro,Japan,Yoshihiro,male,100,350
Samuel,Spain,Samuel,male,99,5065
Brady,USA,Brady,male,96,1433
Andrei,Russia,Andrei,male,99,1689
Vincent,France,Vincent,male,98,32067
Risheng,USA,Risheng,male,100,3
Anna,USA,Anna,female,99,11850
Tiffany,Switzerland,Tiffany,female,98,129
Mamoru,Japan,Mamoru,male,99,137
Myles,USA,Myles,male,100,6377
Lei,Germany,Lei,male,57,37
Jakob,Germany,Jakob,male,99,975
Amritraj,USA,Amritraj,male,75,4
Samantha,USA,Samantha,female,99,14072
Qiankun,China,Qiankun,male,100,5
Barry,USA,Barry,male,100,3714
Darius,Germany,Darius,male,99,296
Adam,Switzerland,Adam,male,97,225
Erkin,USA,Erkin,male,100,4
Ji,Australia,Ji,male,100,8
Thanh,USA,Thanh,male,74,315
Da,USA,Da,male,82,300
Shu-Ping,Germany,Shu,male,58,19
Teng,China,Teng,male,78,95
Bernd,Germany,Bernd,male,99,6529
Xu-dong,Germany,Dong,male,90,10
Jean-François,Switzerland,Jean-François,male,97,78
Tyler,USA,Tyler,male,97,15339
Zejun,China,Zejun,male,67,6
Yao,UK,Yao,male,74,1982
Esmeralda,Spain,Esmeralda,female,98,1187
Lukas,Switzerland,Lukas,male,100,898
Guoqi,USA,Guoqi,male,75,4
Alexis,France,Alexis,male,98,11969
An-Hua,China,An,male,66,109
Feng,China,Feng,male,82,850
Tetsuaki,Japan,Tetsuaki,male,100,11
Cheng-Kui,China,Kui,male,94,33
Chinmay,USA,Chinmay,male,100,37
Thomas,Austria,Thomas,male,100,4185
Andreas,Germany,Andreas,male,99,21215
Katherine,USA,Katherine,female,99,7045
Gábor,Japan,Gábor,male,99,11799
Monika,Austria,Monika,female,98,931
Milica,France,Milica,female,96,25
Ceri,Switzerland,Ceri,male,75,4
Hemakesh,USA,Hemakesh,male,100,5
Baptiste,France,Baptiste,male,98,5673
Thomas,USA,Thomas,male,100,20215
Cory,USA,Cory,male,94,4857
Youngtaek,Korea,Youngtaek,male,100,7
Matthew,Canada,Matthew,male,100,2097
Zhi,Canada,Zhi,male,80,10
Michael,Canada,Michael,male,100,4889
Thorsten,Germany,Thorsten,male,99,4876
Jun,France,Jun,male,72,101
Maciej,Germany,Maciej,male,99,175
Weilong,China,Weilong,male,92,13
Marco,UK,Marco,male,99,133237
Yu-Ting,USA,Yu-Ting,male,57,7
William,Canada,William,male,100,1293
Dmytro,Germany,Dmytro,male,100,10
Anik,India,Anik,male,99,217
Miłosz,Poland,Miłosz,male,100,885
Kalen,Canada,Kalen,male,87,15
Carlos,UK,Carlos,male,99,174998
Caterina,Germany,Caterina,female,97,105
Katherine,USA,Katherine,female,99,7045
Gabrielle,USA,Gabrielle,female,98,1881
Mickaël,France,Mickaël,male,99,2439
Seyit,USA,Seyit,male,100,3
Klaus,Germany,Klaus,male,98,10045
Judith,Spain,Judith,female,99,2406
Lin,Singapore,Lin,female,51,189
Taniyuki,Japan,,,,
Tao,China,Tao,male,89,751
Mark,USA,Mark,male,100,47989
Genette,USA,Genette,female,100,10
Xin,China,Xin,male,62,851
Peng,USA,Peng,male,91,133
Asmaa,Germany,Asmaa,female,100,17
Ashish,USA,Ashish,male,100,451
Markus,Sweden,Markus,male,99,1464
Tao,Japan,Tao,male,81,31
Lionel,France,Lionel,male,99,10341
Drew,USA,Drew,male,97,5854
Shigeki,"Czech Republic",Shigeki,male,100,118
Zhipeng,Netherlands,Zhipeng,male,98,62
Yujie,China,Yujie,female,57,46
Joe,Canada,Joe,male,99,1193
Peter,Germany,Peter,male,99,21321
Debasis,Germany,Debasis,male,100,732
Jin,Korea,Jin,male,72,4739
Patrícia,Portugal,Patrícia,female,98,2185
Sam,France,Sam,male,79,12155
Anders,Denmark,Anders,male,100,1449
Arthur,Canada,Arthur,male,100,278
Linge,UK,Linge,male,72,25
Alan,UK,Alan,male,99,44635
Michelle,UK,Michelle,female,97,66957
Johannes,Germany,Johannes,male,99,3611
Urs,Germany,Urs,male,94,119
Khosrow,Germany,Khosrow,male,100,3
Lukáš,"Czech Republic",Lukáš,male,98,14168
Sarah,Germany,Sarah,female,98,9213
Steven,Belgium,Steven,male,99,2648
Alessandro,France,Alessandro,male,98,542
Yoichi,Japan,Yoichi,male,100,164
Candela,Spain,Candela,female,97,749
Ping,USA,Ping,male,56,90
Stefanie,Germany,Stefanie,female,98,5659
Jing,Japan,Jing,female,64,25
Andrew,UK,Andrew,male,99,82448
Kristina,Germany,Kristina,female,97,1710
Renee,Canada,Renee,female,98,285
Ping,USA,Ping,male,56,90
Takashi,Nagoya,Takashi,male,99,1807
Jens,Netherlands,Jens,male,97,204
Shifa,China,Shifa,female,90,327
Israel,Spain,Israel,male,99,3016
Peter,Germany,Peter,male,99,21321
Paul,Germany,Paul,male,99,5117
Scott,USA,Scott,male,100,30644
Andrew,USA,Andrew,male,100,34858
Anaïs,,Anaïs,female,95,2769
Michael,Germany,Michael,male,100,30913
Fu-Min,China,Fu,male,79,82
Samuel,USA,Samuel,male,100,6468
Francesco,Italy,Francesco,male,100,65535
Simon,Ireland,Simon,male,99,390
Angel,UK,Angel,male,100,27062
Jessada,Switzerland,Jessada,male,97,89
Manh,Switzerland,Manh,male,96,1042
Guangchuan,China,Guangchuan,male,75,4
Jun,China,Jun,male,83,1190
Sophie,France,Sophie,female,98,34532
Takashi,Netherlands,Takashi,male,100,3
Xuefeng,China,Xuefeng,male,94,50
Yuki,Japan,Yuki,male,61,1797
John,USA,John,male,100,65535
Qiangfeng,USA,Qiangfeng,male,75,4
Susanne,Germany,Susanne,female,98,5764
Somenath,Germany,Somenath,male,75,4
Min,USA,Min,male,56,258
Timothy,USA,Timothy,male,100,9427
Dragoş-Adrian,UK,Dragoş,male,100,16
Eric,USA,Eric,male,100,31662
Martin,France,Martin,male,90,5965
Gabriel,Germany,Gabriel,male,100,860
Guojun,USA,Guojun,male,100,19
Zhipeng,USA,Zhipeng,male,100,7
Benjamin,Germany,Benjamin,male,100,5256
Thibaut,France,Thibaut,male,98,3809
Alessandro,,Alessandro,male,99,79631
Ina,Germany,Ina,female,98,1706
Vijayendran,Switzerland,Vijayendran,male,100,10
Mélanie,France,Mélanie,female,98,12121
Nadine,Germany,Nadine,female,98,8665
Christine,Australia,Christine,female,99,534
Susanna,Germany,Susanna,female,97,244
Imants,Switzerland,Imants,male,100,99
Igor,Russia,Igor,male,100,4182
Aline,Australia,Aline,female,91,11
Young-Jin,Japan,Jin,male,88,289
Hong-Zhang,Taiwan,Hong,male,83,102
Kengo,Japan,Kengo,male,99,177
Jens,USA,Jens,male,97,183
Aisheng,China,Aisheng,male,75,4
M,Germany,,,,
Xi-Feng,China,Feng,male,82,850
Hui,China,Hui,male,54,700
A,Germany,,,,
Zuhui,USA,Zuhui,female,75,4
Ralte,Spain,Ralte,unknown,50,12
Simon,UK,Simon,male,98,57458
Bin,Singapore,Bin,male,88,25
David,USA,David,male,100,65535
Andreas,Germany,Andreas,male,99,21215
Chao,USA,Chao,male,91,112
Sergey,Russia,Sergey,male,100,9144
François,France,François,male,99,11778
Chu-Hung,Taiwan,Hung,male,78,188
Chenfeng,USA,Chenfeng,male,89,19
José,Spain,José,male,99,8211
Mark,Germany,Mark,male,100,75
Katsuhiko,Japan,Katsuhiko,male,100,102
Pavan,USA,Pavan,male,100,162
Steven,USA,Steven,male,100,19562
Oleg,UK,Oleg,male,100,12219
Hao,Denmark,Hao,male,75,4
Garret,USA,Garret,male,100,4623
Luqing,Japan,Luqing,female,60,5
Udo,Australia,Udo,male,100,4
Dezheng,USA,Dezheng,male,75,4
Xinping,USA,Xinping,male,100,3
Zhi-Shi,China,Zhi,male,80,154
Kui,USA,Kui,male,79,14
Qin,China,Qin,female,66,278
Satoshi,USA,Satoshi,male,98,47
M,India,,,,
Soumyajit,India,Soumyajit,male,100,256
Hitoshi,Japan,Hitoshi,male,98,322
Gabriel,Mexico,Gabriel,male,100,2290
Shuifen,USA,Shuifen,male,75,4
Biplab,Germany,Biplab,male,100,716
Piotr,USA,Piotr,male,99,179
Takahiro,Japan,Takahiro,male,99,846
Natasha,Australia,Natasha,female,99,327
Benjamin,Germany,Benjamin,male,100,5256
Alastair,UK,Alastair,male,99,1005
Zhongli,Germany,Zhongli,male,60,5
Chia-Fong,,Chia-Fong,male,52,1215
Ge-Min,China,Ge,male,83,75
Marco,Germany,Marco,male,99,12863
Chi,Korea,Chi,female,58,2952
Robert,UK,Robert,male,99,145540
Scott,USA,Scott,male,100,30644
Kareem,USA,Kareem,male,100,3926
Yanxia,France,Yanxia,female,100,11
Yu-Ming,China,Ming,male,83,826
Jin,China,Jin,male,61,856
Boris,Germany,Boris,male,100,1099
Nam-Soon,"Republic of Korea",Nam-Soon,male,79,6041
Cornelia,France,Cornelia,female,99,68
Jean,Denmark,Jean,male,70,84
Karin,Germany,Karin,female,98,3152
Yun,Germany,Yun,female,100,12
Julien,France,Julien,male,99,61396
Masayuki,Japan,Masayuki,male,99,556
Kiyohiko,Japan,Kiyohiko,male,100,10
Zhan,USA,Zhan,male,64,14
Yuzhong,USA,Yuzhong,male,90,10
Xu,,Xu,male,67,850
Jayanta,Germany,Jayanta,male,100,3
Diego,Germany,Diego,male,99,690
Diana,Austria,Diana,female,96,179
Chen,USA,Chen,male,61,302
Tomohiro,Japan,Tomohiro,male,100,395
Chunmiao,China,Chunmiao,female,75,4
Jarrod,USA,Jarrod,male,100,9762
Rebecca,UK,Rebecca,female,99,35211
Dae-Woon,"Republic of Korea",Dae-Woon,male,74,434
Sigalit,Israel,Sigalit,female,97,32
Songchuan,China,,,,
Yaw,,Yaw,male,96,910
Bo,USA,Bo,male,91,1184
Jürgen,Germany,Jürgen,male,99,7863
Jinshui,China,,,,
Ernst-Christian,Belgium,Ernst,male,94,18
Baoqiang,China,Baoqiang,male,100,5
Wen,,Wen,female,56,1985
Holger,Germany,Holger,male,100,4362
David,Austria,David,male,100,1379
Angiolina,Italy,Angiolina,female,96,24
Le,USA,Le,male,54,275
Hao-Wei,Taiwan,Hao-Wei,male,100,6
Marina,Germany,Marina,female,98,2981
Carlo,Germany,Carlo,male,100,639
Ming,China,Ming,male,83,826
Min-Fan,ROC,Min-Fan,male,64,6889
Jessica,USA,Jessica,female,99,36554
Dvir,Israel,Dvir,male,100,55
Tobias,Germany,Tobias,male,100,9929
Parker,USA,Parker,male,93,1281
Fumiaki,Japan,Fumiaki,male,100,65
Brian,UK,Brian,male,99,69588
Feng,USA,Feng,male,84,104
Wenying,USA,Wenying,female,100,3
Guosong,USA,Guosong,male,100,7
Kazuhiko,Japan,Kazuhiko,male,99,170
Ji-Cheng,China,Ji,male,82,92
Mario,USA,Mario,male,99,4449
Christopher,USA,Christopher,male,100,26017
Gianpiero,Italy,Gianpiero,male,99,1040
Wolfgang,Germany,Wolfgang,male,99,7880
Venugopal,USA,Venugopal,male,100,23
Ulrike,Germany,Ulrike,female,86,2849
Xiaodong,Canada,Xiaodong,male,80,5
Martin,Germany,Martin,male,99,14619
Philipp,Germany,Philipp,male,99,5871
Kien,Singapore,Kien,male,75,4
Hideki,Japan,Hideki,male,100,517
Vera,Germany,Vera,female,97,1256
Jennifer,USA,Jennifer,female,99,41490
Xinfang,USA,Xinfang,female,75,4
Matthew,USA,Matthew,male,100,30646
Christian,Germany,Christian,male,100,86
Daniel,Germany,Daniel,male,99,22784
Xiaohong,China,Xiaohong,female,68,44
Jiangyi,China,Jiangyi,female,67,3
Paul,Netherlands,Paul,male,99,4724
Peter,Canada,Peter,male,100,2362
Dennis,Netherlands,Dennis,male,99,5623
Helen,UK,Helen,female,98,23138
Sai,USA,Sai,male,82,315
Patrick,Netherlands,Patrick,male,99,5097
Jiaye,,Jiaye,unknown,50,14
Shigeaki,Japan,Shigeaki,male,100,24
Syuji,Japan,Syuji,male,100,15
Kang,China,Kang,male,80,197
Senthil,Germany,Senthil,male,100,6
Jaeyune,Korea,,,,
Tongdao,China,Tongdao,male,75,4
Itaru,Japan,Itaru,male,100,32
Lutz,Germany,Lutz,male,99,1566
Brett,USA,Brett,male,98,6286
Jerome,USA,Jerome,male,100,1674
Yusuke,Japan,Yusuke,male,100,1088
Timo,UK,Timo,male,99,8332
Shiki,Japan,Shiki,male,80,20
Takashi,USA,Takashi,male,98,49
Anesh,India,Anesh,male,100,43
Juan,,Juan,male,98,106011
Junya,Japan,Junya,male,100,234
Yue,,Yue,female,58,1014
Raphaël,France,Raphaël,male,99,1760
Kyunghwan,USA,Kyunghwan,male,75,4
Jing,USA,Jing,female,76,249
Toshiaki,Japan,Toshiaki,male,99,173
Keita,Japan,Keita,male,99,384
Changbin,,Changbin,male,100,9
Laura,Ireland,Laura,female,98,843
Shengtao,China,Shengtao,male,100,5
Arnold,UK,Arnold,male,99,11211
Jared,Switzerland,Jared,male,100,8
Martin,USA,Martin,male,100,5868
Akihiro,Japan,Akihiro,male,100,349
Martin,USA,Martin,male,100,5868
M,Spain,,,,
Jen-Huang,USA,Jen,female,99,5585
Boon-Hong,Singapore,Boon,male,91,55
Hongqiang,Canada,Hongqiang,male,80,5
Martins,Canada,Martins,male,100,5
Yang,China,Yang,male,65,1965
Khurram,Netherlands,Khurram,male,75,4
Alejandro,Spain,Alejandro,male,99,19478
Xing,USA,Xing,male,69,59
Allen,USA,Allen,male,99,4538
Markus,Germany,Markus,male,99,15230
Soumitra,USA,Soumitra,male,100,7
Ji,"Republic of Korea",Ji,male,78,4632
James,,James,male,99,131879
Kirstin,Germany,Kirstin,female,99,205
Fezile,UK,Fezile,male,60,104
Lindsay,,Lindsay,female,94,10143
Ayodele,Switzerland,Ayodele,male,91,1489
Ammu,India,Ammu,female,87,402
Jan,Switzerland,Jan,male,98,828
Stephen,Germany,Stephen,male,99,331
Wang,,Wang,male,65,3906
Dezhi,USA,Dezhi,male,92,13
Rana,Germany,Rana,female,64,140
Nils,Hungary,Nils,male,75,4
László,Germany,László,male,100,125
Natalya,Germany,Natalya,female,98,50
Dimitrios,Spain,Dimitrios,male,100,4
Susana,Japan,Susana,female,100,34
Yuki,Germany,Yuki,female,72,61
André,USA,André,male,99,251
Danling,Germany,Danling,female,75,4
Christos,USA,Christos,male,100,84
Dawei,France,Dawei,male,100,5
Alexandre,,Alexandre,male,99,52132
Jing,Switzerland,Jing,unknown,50,2
Alberto,Germany,Alberto,male,99,413
Yohei,Japan,Yohei,male,100,262
Yuichiro,France,Yuichiro,male,99,193
Thomas,UK,Thomas,male,99,129177
María,USA,María,female,99,148
Pragna,USA,Pragna,female,89,9
Zhenjie,Japan,Zhenjie,male,92,13
Mizuki,Germany,Mizuki,female,75,4
Antonio,USA,Antonio,male,99,4554
Chen,Japan,Chen,male,63,62
Mitsuru,Belgium,Mitsuru,male,95,172
Sachin,"Republic of Korea",Sachin,male,100,17232
Ching-Chin,Singapore,Ching,unknown,50,30
Xianxiu,Germany,,,,
Xin-Hao,,Xin-Hao,male,72,3764
Alastair,Australia,Alastair,male,98,60
Chaofeng,Germany,Chaofeng,male,100,11
Zhuangzhi,USA,,,,
Abraham,Italy,Abraham,male,100,43
Gaetano,USA,Gaetano,male,100,57
Robert,UK,Robert,male,99,145540
Michal,Italy,Michal,male,94,89
Daniele,USA,Daniele,male,53,295
John,Germany,John,male,98,3765
Liang,Switzerland,Liang,male,75,4
Roger,Switzerland,Roger,male,99,1658
Klaus-Dieter,USA,Klaus,male,100,135
Alex,France,Alex,male,88,34530
Almaz,China,Almaz,female,75,4
Xiaoming,China,Xiaoming,male,84,105
Guoqiang,"Czech Republic",Guoqiang,male,100,25
Christopher,,Christopher,male,99,55041
Changhao,India,Changhao,male,100,22
Deepthi,China,Deepthi,female,75,4
Chunying,USA,Chunying,unknown,50,2
Qing-Lun,Denmark,Qing-Lun,male,52,1051
Christoffer,,Christoffer,male,99,1956
Feng,Netherlands,Feng,male,100,5
Hanumantha,Germany,Hanumantha,male,100,56
Marco,USA,Marco,male,99,2827
Ryan,UK,Ryan,male,99,64450
Henry,Japan,Henry,male,98,104
Muhammet,,Muhammet,male,97,15884
Sean,Australia,Sean,male,100,700
Nicolas,Japan,Nicolas,male,99,71
Hiroaki,USA,Hiroaki,male,100,14
Harshita,UK,Harshita,female,96,733
Daniel,Switzerland,Daniel,male,99,4213
Gabriel,,Gabriel,male,99,59297
Andreas,France,Andreas,male,92,296
Sarah,Germany,Sarah,female,98,9213
Thomas,France,Thomas,male,98,35110
Jean-Daniel,USA,Jean-Daniel,male,100,4
Evan,China,Evan,male,95,308
Qing-Qing,USA,Qing,unknown,50,62
Aidan,Denmark,Aidan,unknown,50,2
Brian,USA,Brian,male,100,40133
Peter,China,Peter,male,99,1605
Mingsong,Germany,Mingsong,male,83,12
Andreas,China,Andreas,male,100,46
Hao,USA,Hao,male,91,219
Samudra,DSM,Samudra,male,83,162
David,Germany,David,male,99,10714
Tomasz,Japan,Tomasz,male,75,4
Junichiro,France,Junichiro,male,100,52
V,Spain,,,,
Rubén,Denmark,Rubén,male,75,4
Łukasz,Austria,Łukasz,male,100,28
Johann,UK,Johann,male,95,7868
Edward,Singapore,Edward,male,99,142
Zhiyuan,USA,Zhiyuan,male,86,7
J,USA,,,,
Youhei,China,Youhei,male,75,4
Zuo,USA,Zuo,unknown,50,2
Evgenii,China,Evgenii,male,100,355
Yan,Japan,Yan,male,67,49
Kotaro,China,Kotaro,male,75,4
Li,Japan,Li,male,57,54
Koji,Germany,Koji,male,100,8
Jan,USA,Jan,female,77,3645
Zidong,,Zidong,male,93,14
Sanghan,France,Sanghan,male,100,7
Thomas,Canada,Thomas,male,100,1091
Yubing,Germany,Yubing,female,56,9
Kai,"Czech Republic",Kai,male,80,10
Jacek,,Jacek,male,99,16849
Christopher,Japan,Christopher,male,100,127
Yizhe,China,Yizhe,male,100,12
Yoshihiro,USA,Yoshihiro,male,100,13
Linru,Russia,,,,
Akira,Singapore,Akira,male,57,14
Vladimir,Japan,Vladimir,male,100,16
Bin,Australia,Bin,male,100,13
Yusuke,China,Yusuke,male,100,7
Frederik,Netherlands,Frederik,male,98,166
Hai,Japan,Hai,male,90,10
Sonia,Norway,Sonia,female,100,32
Kengo,China,Kengo,male,75,4
David,Germany,David,male,99,10714
Wai-Lun,Spain,Lun,unknown,50,8
Michael,USA,Michael,male,100,65535
Jorge,Germany,Jorge,male,99,498
Jing,USA,Jing,female,76,249
Georg,USA,Georg,male,99,68
Qingliang,Germany,Qingliang,male,100,4
Jeane,Germany,Jeane,female,93,15
Santhosh,Switzerland,Santhosh,male,100,3
David,China,David,male,99,2917
Peng,Singapore,Peng,male,83,41
Zhi-Wei,Spain,Wei,male,82,33
Jie-Sheng,USA,Sheng,male,67,55
Adrián,Germany,Adrián,male,100,21
Daria,Japan,Daria,female,100,8
Andreas,China,Andreas,male,100,46
Takuji,USA,Takuji,male,100,7
Yun-Peng,Japan,Peng,male,75,16
Jason,,Jason,male,99,76567
Masayuki,Korea,Masayuki,male,99,597
Fayi,Australia,Fayi,male,60,10
Bonjae,France,Bonjae,male,75,4
Thibaut,China,Thibaut,male,100,6
Kedong,China,Kedong,male,75,4
Shou-Fei,Germany,Fei,male,75,12
Shasha,UK,Shasha,female,81,749
Joyram,Japan,Joyram,male,75,4
Caroline,USA,Caroline,female,99,4455
Motoki,Germany,Motoki,male,99,109
Ze-Yi,USA,Ze,male,72,29
Xueliang,"South Korea",Xueliang,male,92,12
Hung-An,Italy,An,male,57,100
In-Hyun,India,In,male,71,14
Miriam,Taiwan,Miriam,female,100,7
Krishnayan,Germany,Krishnayan,male,100,4
Nien-Chu,Switzerland,Nien-Chu,male,56,1383
Yi,China,Yi,male,73,459
Markus,Israel,Markus,male,75,4
Zugui,Netherlands,,,,
Graham,China,Graham,male,100,42
Albert,Germany,Albert,male,98,1030
Jun,Germany,Jun,male,85,52
Clara,China,Clara,female,99,76
Nils-Christopher,France,Christopher,male,98,6987
Yongfu,Greece,Yongfu,male,100,12
Hervé,Spain,Hervé,male,100,24
Dimitris,China,Dimitris,male,100,5
Eugenia,China,Eugenia,female,92,13
Tianzhu,Denmark,Tianzhu,male,57,7
Bing,USA,Bing,male,63,116
Yoni,China,Yoni,male,57,7
Barry,Singapore,Barry,male,100,32
Kaka,Japan,Kaka,male,78,68
Biswajit,USA,Biswajit,male,100,26
Jeongho,France,Jeongho,male,99,69
Jiajing,USA,Jiajing,female,100,4
Thomas,USA,Thomas,male,100,20215
Feng,USA,Feng,male,84,104
Chun,Germany,Chun,unknown,50,6
Meghan,Japan,Meghan,female,100,4
Thorsten,Japan,Thorsten,male,99,5261
Daisuke,China,Daisuke,male,90,10
Shota,USA,Shota,male,94,33
Wei,Canada,Wei,male,72,71
Alexander,Germany,Alexander,male,98,11884
Jamie,,Jamie,male,62,29424
Jan,Germany,Jan,male,99,10566
Lizhu,,Lizhu,female,75,4
Stefan-S,China,Stefan,male,100,66
Somnath,USA,Somnath,male,100,22
Zhao,Germany,Zhao,male,60,10
Edwin,Switzerland,Edwin,male,98,66
Olga,,Olga,female,98,42388
Gianvito,France,Gianvito,male,75,4
Adrián,Germany,Adrián,male,100,21
Jeremy,Singapore,Jeremy,male,99,324
Shigeyoshi,Japan,Shigeyoshi,male,100,19
Hong,USA,Hong,female,53,198
Tomohiro,China,Tomohiro,male,75,4
Lester,Italy,Lester,male,94,35
Jiancan,USA,Jiancan,male,75,4
Pierluigi,Germany,Pierluigi,male,100,7
Seok,China,Seok,male,75,4
Sebastian,USA,Sebastian,male,99,1962
Feng,"United Kingdom",Feng,male,84,32
Yimin,SAR,Yimin,male,80,55
Luka,Korea,Luka,male,96,8999
Chung-Hang,Japan,Chung,male,67,9
Sang,France,Sang,male,74,27
Takanori,Italy,Takanori,male,99,257
Matthias,China,Matthias,male,100,21
Stefano,China,Stefano,male,100,32
Kai-Jiong,USA,Kai,male,99,18599
Shengkun,Germany,Shengkun,male,75,4
Damien,Germany,Damien,male,97,139
Martin,Japan,Martin,male,98,131
Heinrich,,Heinrich,male,98,1609
Masakazu,USA,Masakazu,male,100,4
Mingjie,USA,Mingjie,male,75,8
Patrick,USA,Patrick,male,100,18462
Brett,Australia,Brett,male,99,686
Mikołaj,USA,Mikołaj,male,75,4
Jiaye,Italy,Jiaye,unknown,50,14
Chris,,Chris,male,93,163699
Yan-Xin,China,Yan,female,69,1535
Shiyue,Netherlands,Shiyue,female,67,9
Yuan-Qiang,USA,Qiang,male,95,40
Niels,Germany,Niels,male,99,418
Puneet,Germany,Puneet,male,100,4
Felix,Germany,Felix,male,99,4905
Christoph,China,Christoph,male,100,7
Virginia,USA,Virginia,female,98,2778
Na,Germany,Na,male,100,78
Jindřich,USA,Jindřich,male,75,4
Chang-Uk,Germany,Uk,male,100,8
Fei,China,Fei,male,69,629
Weifeng,UK,Weifeng,male,88,40
Lei,Netherlands,Lei,male,89,45
Michal,UK,Michal,male,97,44099
Julia,USA,Julia,female,99,7475
Yunfei,Germany,Yunfei,male,88,52
Stephen,China,Stephen,male,98,406
Markus,Germany,Markus,male,99,15230
Xuemei,Switzerland,Xuemei,female,100,94
Robert,USA,Robert,male,100,43118
Florian,"Czech Republic",Florian,male,100,19
Guangwu,Brazil,Guangwu,male,75,4
Jana,USA,Jana,female,97,1412
Thiago,Japan,Thiago,male,100,184
Muthusamy,,Muthusamy,male,98,65
Yuhei,Germany,Yuhei,male,100,66
Lea,Germany,Lea,female,98,1067
Jennifer,Japan,Jennifer,female,98,120
Klaus,,Klaus,male,98,13207
Daisuke,USA,Daisuke,male,96,47
Gabriel,UK,Gabriel,male,99,59297
Amaruka,France,,,,
Kevin,Spain,Kevin,male,99,3895
Lydie,USA,Lydie,female,100,23
Inmaculada,Spain,Inmaculada,female,98,1569
Jin,USA,Jin,male,68,337
Jesus,Canada,Jesus,male,97,63
Ramya,Netherlands,Ramya,female,75,4
Juan,Germany,Juan,male,97,900
Peter,Singapore,Peter,male,99,480
Long,Germany,Long,male,100,89
Hong,Finland,Hong,female,63,8
Andreas,Germany,Andreas,male,99,21215
Nicolas,USA,Nicolas,male,100,1619
Nadine,Germany,Nadine,female,98,8665
Nicholas,USA,Nicholas,male,100,10460
Daly,USA,Daly,female,61,28
Subham,Denmark,Subham,male,99,886
Pangkuan,USA,,,,
Anders,Germany,Anders,male,89,75
Mijeong,,Mijeong,female,96,24
Mathias,France,Mathias,male,99,2706
Hiroto,Germany,Hiroto,male,99,192
Emilio,China,Emilio,male,100,19
Sudhirkumar,Germany,Sudhirkumar,male,100,29
Shangfeng,China,Shangfeng,male,75,4
Ejaz,USA,Ejaz,male,100,22
Maiyun,UK,,,,
Mika,Australia,Mika,male,57,14
Hai-nan,Italy,Hai,male,92,13
Paolo,Germany,Paolo,male,98,471
Luca,,Luca,male,98,88492
Jörn,China,Jörn,male,99,701
Lai-Sheung,USA,Lai,unknown,50,72
Yiling,Germany,Yiling,female,90,99
Chuan,,Chuan,male,81,372
Crispin,France,Crispin,male,100,9
Shunyou,Germany,,,,
Birgit,Japan,Birgit,female,99,4706
Oliver,USA,Oliver,male,99,1490
Kentaro,Switzerland,Kentaro,male,100,403
Xiaoliang,Japan,Xiaoliang,male,94,48
Florian,Spain,Florian,male,97,154
Terutsune,USA,,,,
M,USA,,,,
Zhigang,Spain,Zhigang,male,98,61
Yanhu,Australia,Yanhu,male,75,4
Rubén,Germany,Rubén,male,100,14
Melissa,China,Melissa,female,99,142
Zhuangzhi,USA,,,,
Bao-Min,USA,Bao,male,76,149
Ghyslain,Japan,Ghyslain,male,96,140
Aditi,Germany,Aditi,female,75,4
Yohei,Japan,Yohei,male,100,262
Thomas,Switzerland,Thomas,male,99,3106
Yoshihiro,China,Yoshihiro,male,75,4
Fabian,USA,Fabian,male,100,9416
Can,USA,Can,male,87,119
Michael,Japan,Michael,male,99,446
Melanie,USA,Melanie,female,99,6458
Youhei,China,Youhei,male,75,4
Buck,France,Buck,male,100,50
Jian-Wei,USA,Jian,male,84,124
Carole,USA,Carole,female,99,1230
Rong,USA,Rong,male,52,60
Sang,Japan,Sang,male,100,11
Lehui,Taiwan,Lehui,male,75,4
Kazuhiro,China,Kazuhiro,male,75,4
Sagar,Japan,Sagar,male,100,16
Chengming,Sweden,Chengming,male,90,10
Chunlan,Australia,Chunlan,female,100,16
Anna,Germany,Anna,female,97,8276
Cheuk,Singapore,Cheuk,male,80,51
Ann-Christin,France,Ann,female,92,441
Xiaojian,Singapore,Xiaojian,male,75,4
Geoffroy,USA,Geoffroy,male,100,6
Parijat,France,Parijat,male,83,163
Xuefeng,USA,Xuefeng,male,100,7
Anaïs,France,Anaïs,female,95,2310
I,France,,,,
Asma,Japan,Asma,female,75,4
Stéphane,China,Stéphane,male,100,16
Yasufumi,Japan,Yasufumi,male,100,25
Changjiang,USA,Changjiang,male,75,4
Akira,Germany,Akira,male,57,28
Tao,UK,Tao,male,87,1999
Holger,USA,Holger,male,100,54
Paweł,China,Paweł,male,100,6
Ying,Japan,Ying,female,83,18
Mo-Rigen,Germany,Mo,female,100,208
Kazuhiko,UK,Kazuhiko,male,99,192
Ken,Taiwan,Ken,male,99,859
Frank,Italy,Frank,male,99,2815
Yu-Lun,USA,Lun,male,75,12
Michela,USA,Michela,female,100,82
Will,UK,Will,male,100,3291
Renhe,France,Renhe,male,86,7
Sarah-Jane,USA,Sarah-Jane,female,100,21
Alice,Spain,Alice,female,98,744
Weigang,Spain,Weigang,male,100,15
Petr,China,Petr,male,95,19
Iván,UK,Iván,male,99,4210
Jun,Japan,Jun,male,93,1455
Jenny,Spain,Jenny,female,98,3014
Hiroya,Japan,Hiroya,male,99,84
José,Germany,José,male,96,184
Ikuhiko,Germany,,,,
Eva,USA,Eva,female,99,2294
Johann,China,Johann,male,100,11
Toyli,USA,Toyli,male,100,5
Jun,USA,Jun,male,86,387
Mengning,Japan,Mengning,unknown,50,2
Theo,,Theo,male,97,10383
Kohei,France,Kohei,male,75,4
Masayuki,Germany,Masayuki,male,75,4
Jeremy,Schweiz,Jeremy,male,99,45294
Jan,Germany,Jan,male,99,10566
Stefan,Netherlands,Stefan,male,99,2661
Sebastian,France,Sebastian,male,99,432
Jeffrey,Germany,Jeffrey,male,99,238
Sylvie,,Sylvie,female,98,40082
Kai-Oliver,Germany,Kai-Oliver,male,100,5
Marc-Olivier,USA,Marc-Olivier,male,100,4
Johannes,Austria,Johannes,male,99,741
Daniel,USA,Daniel,male,100,35866
Markus,USA,Markus,male,100,4802
Zhixue,Japan,Zhixue,male,75,4
Rituparna,Spain,Rituparna,female,89,262
Takumi,,Takumi,male,96,557
Jorge,China,Jorge,male,100,68
Alexandra,,Alexandra,female,98,53680
Xiaochen,France,Xiaochen,male,67,3
Jian,Germany,Jian,male,90,21
Roman,"Republic of Korea",Roman,male,100,7094
Martin,Israel,Martin,male,100,48
Ung,USA,Ung,male,75,4
Liat,Italy,Liat,female,96,243
Xinshuai,Japan,Xinshuai,male,100,4
Donato,USA,Donato,male,100,63
Takeo,Australia,Takeo,male,98,187
Jun,,Jun,male,88,6829
Robert,France,Robert,male,95,9988
Depeng,Singapore,Depeng,male,100,4
Prashant,Korea,Prashant,male,100,14073
Bao,USA,Bao,male,76,149
So,Israel,So,male,63,8
Manish,Japan,Manish,male,100,12
Meital,UK,Meital,female,97,102
Kazuhiro,UK,Kazuhiro,male,100,419
Keisuke,Spain,Keisuke,male,100,782
Hollie,Germany,Hollie,female,75,4
Thierry,USA,Thierry,male,98,185
Davide,Netherlands,Davide,male,95,43
Jing,USA,Jing,female,76,249
Ard,Netherlands,Ard,male,100,101
Lianzhu,USA,,,,
Bart,Japan,Bart,male,100,8
Jinhwan,USA,Jinhwan,male,75,4
Takuya,Germany,Takuya,male,80,5
Daniel,Korea,Daniel,male,99,257742
Kartik,Switzerland,Kartik,male,75,4
Chang,China,Chang,male,65,264
Marialuisa,China,Marialuisa,female,99,604
Chong,Austria,Chong,male,75,4
Xiao,USA,Xiao,male,62,138
Joanna,Germany,Joanna,female,97,703
Ana,USA,Ana,female,98,4922
Anna,Ireland,Anna,female,98,850
Sayumi,USA,Sayumi,female,75,4
Oxana,France,Oxana,female,87,46
Jeremy,Spain,Jeremy,male,97,245
Audrey,UK,Audrey,female,97,33454
Lidia,USA,Lidia,female,99,374
Anna,Japan,Anna,female,98,294
Chan,Japan,Chan,male,64,56
Ye,Japan,Ye,male,55,11
Tatsuya,Denmark,Tatsuya,male,99,739
Keigo,Germany,Keigo,male,75,4
Natalia,Germany,Natalia,female,99,902
Enrico,Canada,Enrico,male,100,35
Maricruz,UK,Maricruz,female,98,540
Lucas,Singapore,Lucas,male,100,91
Liam,UK,Liam,male,99,11210
Lei,Japan,Lei,male,63,38
Tom,UK,Tom,male,99,87429
Takeshi,UK,Takeshi,male,99,1290
Salvatore,Germany,Salvatore,male,99,962
Floriana,Korea,Floriana,female,97,1391
Lukas,Japan,Lukas,male,96,23
Jeonghun,USA,Jeonghun,male,100,3
Byungik,USA,Byungik,male,75,4
Shenliang,USA,Shenliang,male,75,4
Rafael,France,Rafael,male,98,1011
David,France,David,male,98,65535
Rolando,Japan,Rolando,male,100,24
Héloïse,Germany,Héloïse,female,75,4
Toshihiro,Germany,Toshihiro,male,100,167
Heinz,USA,Heinz,male,99,67
Wojciech,Japan,Wojciech,male,75,4
Barry,Germany,Barry,male,96,115
Shota,China,Shota,male,75,4
Alexander,USA,Alexander,male,100,6939
Weiwu,China,Weiwu,male,75,4
Peter,USA,Peter,male,100,15502
Yuan-Qiang,UK,Yuan-Qiang,male,67,2194
Di,USA,Di,female,71,236
Maarten,Japan,Maarten,male,100,4
Viktor,USA,Viktor,male,99,202
Maki,Italy,Maki,female,52,52
Mingfeng,UK,Mingfeng,male,88,25
Maria,Japan,Maria,female,98,428
Patraporn,Japan,Patraporn,female,100,11
Hidekazu,Australia,Hidekazu,male,100,105
Satoshi,Switzerland,Satoshi,male,75,4
Kristina,Germany,Kristina,female,97,1710
Goran,China,Goran,male,80,5
Konstantin,Spain,Konstantin,male,98,61
Mingming,UK,Mingming,female,53,146
Sara,Germany,Sara,female,97,2278
Dmitry,Germany,Dmitry,male,96,76
Damian,Germany,Damian,male,98,703
Benjamin,Japan,Benjamin,male,96,77
Kai-Oliver,Denmark,Oliver,male,100,210
Mayuko,China,Mayuko,female,97,109
Kasper,USA,Kasper,male,88,49
Shi-Kui,Korea,Shi-Kui,male,56,1163
Qing,Germany,Qing,female,67,12
Ji,Germany,Ji,male,53,32
Sanchita,USA,Sanchita,female,100,12
Dominik,Spain,Dominik,male,93,58
Mauro,UK,Mauro,male,99,31683
Claudio,China,Claudio,male,100,40
Chiara,USA,Chiara,female,99,267
Zhen-Yu,Germany,Zhen,male,58,12
Barry,USA,Barry,male,100,3714
Stefan,Japan,Stefan,male,100,27
Katherine,Australia,Katherine,female,100,246
Shintato,China,,,,
Simon,Taiwan,Simon,male,99,488
Wen,USA,Wen,male,52,147
Shin-Cheng,USA,Cheng,male,77,149
Roberta,Canada,Roberta,female,99,115
Patrick,Japan,Patrick,male,99,143
Subhas,,Subhas,male,99,241
Tatsuya,USA,Tatsuya,male,94,18
Alessandro,Switzerland,Alessandro,male,100,662
Chuanbin,,Chuanbin,male,100,3
Stephen,Germany,Stephen,male,99,331
Shusaku,Canada,Shusaku,male,100,25
Tobias,USA,Tobias,male,100,2610
Kevin,USA,Kevin,male,100,35080
Hong,Spain,Hong,unknown,50,4
Fang,Japan,Fang,male,53,15
M,Netherlands,,,,
Akira,USA,Akira,female,98,5084
Fabio,Denmark,Fabio,male,100,16
Jared,Australia,Jared,male,100,154
Anders,Germany,Anders,male,89,75
Leo,UK,Leo,male,95,37807
Kinga,,Kinga,female,97,8749
Yunfei,,Yunfei,male,88,52
Cao-Thang,Japan,Thang,male,88,8
Marina,,Marina,female,98,57740
Kosuke,China,Kosuke,male,75,4
Yuanzeng,UK,,,,
Hui,USA,Hui,female,51,102
Zhanghua,Korea,Zhanghua,male,90,10
Michael,Japan,Michael,male,99,446
Narae,USA,Narae,female,100,9
Eri,Japan,Eri,female,98,325
Oscar,USA,Oscar,male,99,3411
Pei-Zhou,Japan,Pei,male,67,12
James,USA,James,male,100,47200
Shiki,France,Shiki,male,71,7
Erika,Germany,Erika,female,98,1343
Anthony,Canada,Anthony,male,100,1145
Sergej,UK,Sergej,male,99,2346
Palash,USA,Palash,male,100,14
Khuloud,,Khuloud,female,100,17
Yiding,,Yiding,male,70,20
Chih-Tao,,Chih-Tao,male,87,2091
Swee,USA,Swee,unknown,50,4
Hai-Feng,USA,Hai,male,91,181
Rui,Spain,Rui,male,97,230
Marcus,Austria,Marcus,male,100,278
Xu,Switzerland,Xu,male,75,4
Robert,France,Robert,male,95,9988
Astrid,Switzerland,Astrid,female,99,150
Keihann,Japan,,,,
Katrin,Germany,Katrin,female,98,3857
Hiroshi,USA,Hiroshi,male,100,56
Rajesh,China,Rajesh,male,100,25
Xiaoming,Netherlands,Xiaoming,male,83,144
Yifeng,Spain,Yifeng,male,75,4
Seda,UK,Seda,female,96,14883
Maria-Eleni,Germany,Maria,female,97,6846
James,USA,James,male,100,47200
Felix,Japan,Felix,male,100,36
Raymond,USA,Raymond,male,100,4638
Yusuke,,Yusuke,male,99,1232
Wei-Li,Netherlands,Wei,male,67,3
Hongchao,France,Hongchao,female,75,4
Dirk,China,Dirk,male,100,38
Vincent,China,Vincent,male,99,896
Wanxiang,UK,Wanxiang,male,75,4
Ming-Jun,UK,Ming-Jun,male,85,9521
Atif,"Republic of Korea",Atif,male,99,3827
Juan,USA,Juan,male,99,7532
Gyudo,China,Gyudo,male,75,4
Yuanyuan,Japan,Yuanyuan,female,100,5
Jing,Germany,Jing,female,81,36
Masahito,France,Masahito,male,75,4
Samir,Germany,Samir,male,95,1204
Jérôme,China,Jérôme,male,100,5
Holger,China,Holger,male,100,4
Zhengkun,Germany,Zhengkun,male,100,4
Nana,Japan,Nana,female,90,335
Biplab,India,Biplab,male,100,575
Yusuke,China,Yusuke,male,100,7
Sayantan,,Sayantan,male,100,630
Yifeng,Germany,Yifeng,male,75,4
Girgis,,Girgis,male,100,34
Daniel,Germany,Daniel,male,99,22784
Carin,Germany,Carin,female,100,20
Henning,USA,Henning,male,95,38
Jia-Bi,Switzerland,Jia,female,60,5
Le-Le,Israel,Le,male,67,6
Cecilia,USA,Cecilia,female,98,1587
Wenzhen,USA,Wenzhen,male,57,7
Huricha,"Czech Republic",Huricha,male,75,4
Yu,Japan,Yu,male,75,711
Jaroslav,USA,Jaroslav,male,100,26
Yusuke,Mexico,Yusuke,male,75,4
Daniel,France,Daniel,male,98,21161
María,China,María,female,75,4
Julia,USA,Julia,female,99,7475
Cui-Bo,USA,Bo,male,91,1184
Junjie,Japan,Junjie,unknown,50,2
Qi,Deutschland,Qi,male,63,557
Maw,USA,Maw,male,56,9
Tuba,Germany,Tuba,female,97,234
Fan,USA,Fan,male,66,131
Thiruvancheril,Germany,,,,
Jian-Tao,Japan,Jian,male,100,9
Wenyuan,Germany,Wenyuan,male,72,32
Tetsuro,USA,Tetsuro,male,75,4
Sergey,Germany,Sergey,male,99,155
David,France,David,male,98,65535
Monty,Italy,Monty,male,93,29
Jacques,Germany,Jacques,male,98,116
Claudio,France,Claudio,male,98,601
Nicole,Germany,Nicole,female,96,11795
Loïc,USA,Loïc,male,100,10
Juan,Singapore,Juan,male,73,33
Gao-Lei,Germany,Gao,male,80,5
Jinchong,USA,Jinchong,male,75,4
Maik,Germany,Maik,male,99,5306
Wei-Fu,Germany,Fu,male,77,39
Christian,USA,Christian,male,100,48214
Koichi,,Koichi,male,99,473
James,China,James,male,98,1570
Lei,,Lei,male,59,2374
Jianwei,Japan,Jianwei,male,75,4
Inseong,Singapore,Inseong,male,95,19
Masayuki,Singapore,Masayuki,male,75,4
Liena,Germany,Liena,female,75,4
Torsten,USA,Torsten,male,100,44
Julia,China,Julia,female,100,430
Matthew,Japan,Matthew,male,100,136
Xing,Germany,Xing,male,83,6
Kazuhiro,,Kazuhiro,male,100,419
Darius,Germany,Darius,male,99,296
Bing-Yu,Germany,Bing,male,61,18
Steve,Japan,Steve,male,100,127
Stefanie,USA,Stefanie,female,99,1439
Takashi,USA,Takashi,male,98,49
Chayasith,Germany,,,,
Jennifer,Spain,Jennifer,female,99,2683
Uwe,France,Uwe,male,100,25
Somnath,Japan,Somnath,male,75,4
Ricardo,USA,Ricardo,male,99,3487
Kiyotaka,USA,Kiyotaka,male,100,5
Martin,France,Martin,male,90,5965
Nobuhiro,USA,Nobuhiro,male,100,6
Denis,Canada,Denis,male,100,813
Ashley,USA,Ashley,female,97,26837
Christina,USA,Christina,female,98,14038
Naoyuki,UK,Naoyuki,male,100,132
Kiyoun,Korea,Kiyoun,male,75,4
Catherine,Australia,Catherine,female,99,434
Eunmi,China,Eunmi,female,75,4
Kuok,Germany,Kuok,male,63,8
Qingsong,USA,Qingsong,male,75,4
Jorge,Switzerland,Jorge,male,98,706
Lalith,China,Lalith,male,75,4
Aaron,Spain,Aaron,male,99,2054
Yue,Singapore,Yue,female,59,22
José,USA,José,male,99,355
Mangayarkarasi,,Mangayarkarasi,female,88,8
Wangkheimayum,China,Wangkheimayum,male,75,4
Hiroyuki,USA,Hiroyuki,male,100,26
Zhao,China,Zhao,male,67,583
Kyle,USA,Kyle,male,99,17235
Chao,Germany,Chao,male,90,21
Xiaochen,Germany,Xiaochen,male,75,4
Christian,Japan,Christian,male,100,48300
Sami,Germany,Sami,male,93,1364
Yuichiro,Germany,Yuichiro,male,75,4
Michael,China,Michael,male,99,1989
Hans-Jörg,Japan,Hans,male,95,22
Ying,Singapore,Ying,female,84,49
Norifumi,China,Norifumi,male,100,25
Clarence,ROC,Clarence,male,97,8987
Zi-Yuan,USA,Yuan,male,57,152
Kuan-Lin,Germany,Lin,female,83,120
Chuanbo,France,Chuanbo,male,100,5
Wei,China,Wei,male,76,1859
Kevin,China,Kevin,male,99,2342
Lu,USA,Lu,female,68,408
Liangbin,"Republic of Korea",Liangbin,male,100,4
Linjie,Serbia,Linjie,male,71,21
Jae,Japan,Jae,male,100,11
Filip,Germany,Filip,male,99,230
Masaaki,USA,Masaaki,male,100,9
Markus,Germany,Markus,male,99,15230
Boying,Denmark,Boying,male,86,14
Ulrich,India,Ulrich,male,100,6
Søren,Japan,Søren,male,75,4
Subhendu,USA,Subhendu,male,100,6
Yusuke,Germany,Yusuke,male,99,1232
Paola,Japan,Paola,female,98,45
Alex,Canada,Alex,male,91,2610
Keisuke,Japan,Keisuke,male,100,723
Danielle,France,Danielle,female,91,5517
Takashi,USA,Takashi,male,98,49
Gaëlle,Japan,Gaëlle,female,75,4
Birgit,USA,Birgit,female,98,59
Ryuichi,Australia,Ryuichi,male,98,197
Joseph,Germany,Joseph,male,99,432
Mitchell,Germany,Mitchell,male,92,37
Martin,UK,Martin,male,98,139211
Keishi,Germany,Keishi,male,75,4
David,Singapore,David,male,99,875
Philipp,USA,Philipp,male,100,91
Sreekumar,Japan,Sreekumar,male,75,4
Ceren,Germany,Ceren,female,96,215
Takenori,Germany,Takenori,male,100,31
Sander,USA,Sander,male,99,74
Honggen,USA,Honggen,male,75,4
Carsten,,Carsten,male,99,5153
Jun,,Jun,male,88,6829
Ronghui,USA,Ronghui,male,67,3
Gavin,USA,Gavin,male,99,1594
Wei,,Wei,male,73,4003
Harshita,,Harshita,female,96,733
Robin,Norway,Robin,male,98,230
Xiaoyan,Australia,Xiaoyan,female,93,154
Unni,Taiwan,Unni,male,75,4
Miaosi,France,,,,
Chien-Ming,Japan,Chien,male,75,4
Elodie,Japan,Elodie,female,100,4
Takami,Turkey,Takami,male,63,32
Shinobu,USA,Shinobu,female,60,5
Eda,Japan,Eda,male,80,5
Weixuan,Germany,Weixuan,male,75,8
Akira,USA,Akira,female,98,5084
S,China,,,,
Bin,USA,Bin,male,83,140
Hai-Wei,Australia,Hai,male,100,11
Corwin,Japan,Corwin,male,75,4
Angel,Japan,Angel,male,100,27062
Shunsuke,Germany,Shunsuke,male,75,4
Dai,USA,Dai,male,57,79
Ramesh,USA,Ramesh,male,99,399
Kristopher,,Kristopher,male,100,22121
Cheng,China,Cheng,male,79,655
Petya,USA,Petya,female,60,10
Xu,,Xu,male,67,850
Hyo,,Hyo,male,59,194
Victor,Germany,Victor,male,96,577
Ji,France,Ji,male,77,91
Dipti,China,Dipti,unknown,50,2
Julien,Switzerland,Julien,male,99,1089
Da-Peng,Israel,Da,male,80,10
Bo,China,Bo,male,88,316
Itai,Japan,Itai,male,75,4
Bin,Japan,Bin,male,86,22
Takafumi,France,Takafumi,male,100,208
Harunobu,USA,Harunobu,male,100,12
Sandra,Israel,Sandra,female,98,98
Youngbok,USA,Youngbok,male,100,15
Ido,France,Ido,male,79,33
Ly,Netherlands,Ly,female,83,6
Martine,USA,Martine,female,94,188
Annemarie,USA,Annemarie,female,100,242
Badri,China,Badri,male,96,996
Igor,USA,Igor,male,99,720
Peng,Germany,Peng,male,88,26
Kristina,China,Kristina,female,100,37
Michael,Switzerland,Michael,male,99,3003
Yang,Germany,Yang,male,73,49
Vladimir,China,Vladimir,male,100,31
Moritz-Caspar,China,Caspar,male,89,18
Wen-Bo,France,Bo,male,88,202
Rentao,China,Rentao,male,100,5
Bo,USA,Bo,male,91,1184
Xuan,USA,Xuan,female,62,131
Julien,Japan,Julien,male,97,33
K,USA,,,,
Takayuki,France,Takayuki,male,75,4
Scott,Spain,Scott,male,98,173
Anastassiya,Spain,Anastassiya,male,75,4
Elena,UK,Elena,female,98,74807
Mónica,China,Mónica,female,100,3
Alexander,Germany,Alexander,male,98,11884
Wei,Germany,Wei,male,61,62
Farnusch,Germany,Farnusch,female,75,4
Ruoshan,Korea,Ruoshan,unknown,50,2
Ekaterina,USA,Ekaterina,female,100,142
Jongmin,USA,Jongmin,male,100,6
Barry,Germany,Barry,male,96,115
Santanu,"South Korea",Santanu,male,100,1272
Mingchun,UK,Mingchun,male,91,11
Tia,Germany,Tia,female,90,49
Stanley,Italy,Stanley,male,98,60
Russell,Germany,Russell,male,98,40
Barbara,Switzerland,Barbara,female,98,827
Cindy,,Cindy,female,98,42419
Niklaus,Portugal,Niklaus,male,99,128
Mohd,China,Mohd,male,100,13
Rita,Germany,Rita,female,98,1833
Hua,France,Hua,male,59,22
Christine,USA,Christine,female,99,11335
Tatiana,France,Tatiana,female,98,3024
Peter,USA,Peter,male,100,15502
Thi,USA,Thi,female,54,52
Reto,USA,Reto,male,100,13
C,Germany,,,,
Kuangwen,Spain,,,,
Stephan,UK,Stephan,male,99,19941
Francisco,,Francisco,male,99,62346
Araceli,,Araceli,female,99,8114
Pintu,USA,Pintu,male,100,11
Tia,USA,Tia,female,99,1223
Linlin,USA,Linlin,female,75,12
Sang,,Sang,male,88,2448
Jeremy,Belgium,Jeremy,male,99,1063
Ceri,Germany,Ceri,male,75,4
Frederik,China,Frederik,male,75,4
Christian,Germany,Christian,male,100,86
Qiang,USA,Qiang,male,95,40
David,France,David,male,98,65535
Michael,China,Michael,male,99,1989
Lise-Marie,Italy,Marie,female,97,512
Feng,Germany,Feng,male,60,15
Dante,USA,Dante,male,100,8055
K,Israel,,,,
Robert,,Robert,male,99,145540
Roman,Belgium,Roman,male,100,7094
Lindsay,,Lindsay,female,94,10143
Maxwell,,Maxwell,male,100,22850
Thomas,Singapore,Thomas,male,100,332
Marcella,China,Marcella,female,100,12
Zhenhua,Japan,Zhenhua,male,79,67
Longyan,Germany,Longyan,male,80,5
Shoko,Japan,Shoko,female,97,195
Paul,UK,Paul,male,99,140849
Hiroyuki,USA,Hiroyuki,male,100,26
Iain,USA,Iain,male,99,199
Mingjuan,Germany,Mingjuan,female,100,3
Cheng-Hsien,Japan,Cheng,male,67,12
Michael,China,Michael,male,99,1989
Yuji,Germany,Yuji,male,75,4
Jing-Jing,Japan,Jing,female,64,25
Karmena,Korea,Karmena,female,100,13
Ryo,China,Ryo,male,92,25
Yongjae,Switzerland,Yongjae,male,100,37
Haifeng,Germany,Haifeng,male,100,3
Alex,Germany,Alex,male,93,13090
Tilman,USA,Tilman,male,94,16
Carolin,Germany,Carolin,female,97,1329
E,USA,,,,
Dominik,Japan,Dominik,male,100,5
J,UK,,,,
Ryo,UK,Ryo,male,97,2815
Nathalie,Denmark,Nathalie,female,100,31
Christopher,,Christopher,male,99,55041
Francisco,Germany,Francisco,male,98,311
Bunyarithi,USA,,,,
Andreas,Germany,Andreas,male,99,21215
Marvin,Germany,Marvin,male,99,2811
Klaus,UK,Klaus,male,98,13207
Sándor,Germany,Sándor,male,100,71
Russell,Germany,Russell,male,98,40
Alex,USA,Alex,male,89,28322
Zahid,Germany,Zahid,male,92,39
Anmol,China,Anmol,male,75,4
Sudipta,,Sudipta,male,82,1092
Jie,Singapore,Jie,male,57,37
Pompi,USA,Pompi,unknown,50,2
Jean-Alexandre,USA,Alexandre,male,98,465
Tzu-Pin,Switzerland,Tzu-Pin,male,53,886
Andrew,Israel,Andrew,male,100,43
Norman,USA,Norman,male,100,1447
Zhen-Gang,Sweden,Zhen,male,67,3
Zhenpeng,Germany,Zhenpeng,male,100,12
Alexandr,Canada,Alexandr,male,100,18
Phillip,Germany,Phillip,male,99,651
Gabriel,USA,Gabriel,male,99,5383
Nicole,China,Nicole,female,98,577
R,UK,,,,
Shuo,USA,Shuo,male,86,43
David,China,David,male,99,2917
Antonio,Germany,Antonio,male,97,2673
Keda,Germany,Keda,female,62,47
Xiao-Hua,Germany,Hua,male,70,10
Alexander,Switzerland,Alexander,male,100,502
Andreas,USA,Andreas,male,100,2789
Mattias,China,Mattias,male,99,4006
Mowei,Japan,Mowei,female,75,4
Xiaoli,India,Xiaoli,female,83,126
Kohei,France,Kohei,male,75,4
Lisa,China,Lisa,female,99,1227
Mélanie,Netherlands,Mélanie,female,100,5
Tao,Australia,Tao,male,91,23
Lianne,Israel,Lianne,female,75,4
Egan,France,Egan,male,67,3
Deepa,Germany,Deepa,female,100,8
Marilia,France,Marilia,female,98,46
Emine,Spain,Emine,female,100,8
Cornelia,Spain,Cornelia,female,99,75
Maria-Eleni,Germany,Maria,female,97,6846
Siris,Switzerland,Siris,male,75,4
Jens,Germany,Jens,male,99,9230
Christoph,USA,Christoph,male,100,156
Mathieu,Switzerland,Mathieu,male,99,313
Hong,Spain,Hong,unknown,50,4
Elangovan,USA,Elangovan,male,100,10
Garazi,USA,Garazi,female,96,171
Hui,Germany,Hui,male,77,47
Shuangyin,USA,,,,
A,"Saudi Arabia",,,,
Lehui,UK,Lehui,male,75,4
Yihan,Germany,Yihan,female,65,55
Laura,China,Laura,female,98,271
Nicolas,USA,Nicolas,male,100,1619
Feifei,Germany,Feifei,female,75,4
Le,Germany,Le,male,67,186
Fabian,USA,Fabian,male,100,9416
Thomas,India,Thomas,male,99,1342
Scott,USA,Scott,male,100,30644
Atchutarao,USA,Atchutarao,male,75,4
Jeffrey,USA,Jeffrey,male,100,10439
Nicholas,Japan,Nicholas,male,100,62
Joseph,Denmark,Joseph,male,100,33
Satoru,Netherlands,Satoru,male,99,418
Kristian,USA,Kristian,male,96,4146
Jovana,Japan,Jovana,female,75,4
H,,,,,
Masaki,Germany,Masaki,male,100,5
Eric,Switzerland,Eric,male,99,1023
Axel,,Axel,male,98,15264
Christian,Switzerland,Christian,male,100,48300
Anna,,Anna,female,98,184558
Vijaya,Canada,Vijaya,female,64,11
Fenglin,UK,Fenglin,male,78,9
Frédéric,Japan,Frédéric,male,100,8
Andrew,,Andrew,male,99,82448
Takahiro,Japan,Takahiro,male,99,846
Zhiwei,,Zhiwei,male,90,119
Ryoichi,Japan,Ryoichi,male,100,97
Yusuke,China,Yusuke,male,100,7
Sho,Germany,Sho,male,60,15
Zhihua,UK,Zhihua,male,84,44
Maria,,Maria,female,97,245074
Soledad,USA,Soledad,female,95,146
Wen-Quan,USA,Quan,male,93,216
Alexander,China,Alexander,male,98,199
Yichuan,USA,Yichuan,male,80,5
Feng,USA,Feng,male,84,104
Sachin,Japan,Sachin,male,100,15
Jonathan,Belgium,Jonathan,male,98,3035
Hideto,France,Hideto,male,75,4
Bruno,"South Korea",Bruno,male,100,16
Naoko,Spain,Naoko,female,100,7
Matteo,China,Matteo,male,100,35
Josep,Korea,Josep,male,99,5674
Xiaohong,USA,Xiaohong,female,71,7
Oc,Germany,Oc,male,100,4
Jing,Germany,Jing,female,81,36
Christian,USA,Christian,male,100,48214
Anna,Italy,Anna,female,98,36781
Kyung,USA,Kyung,male,52,27
Massimo,China,Massimo,male,100,22
Richard,Germany,Richard,male,99,2147
Yu,China,Yu,male,73,664
Markus,Spain,Markus,male,99,294
Zhengbiao,China,Zhengbiao,male,75,4
Orestes,France,Orestes,male,75,4
Anwei,Germany,Anwei,male,56,9
Helena,Denmark,Helena,female,100,120
Min,USA,Min,male,56,258
Rene,Germany,Rene,male,99,5907
Jason,Germany,Jason,male,99,1015
Michael,China,Michael,male,99,1989
Alesia,China,Alesia,female,96,596
Bi-Jie,USA,Bi,male,63,27
Jianfeng,China,Jianfeng,male,96,67
Michael,USA,Michael,male,100,65535
Rong,UK,Rong,male,55,603
Michael,USA,Michael,male,100,65535
Oleg,Spain,Oleg,male,100,127
Su-Il,UK,Su-Il,male,55,6938
Alex,Germany,Alex,male,93,13090
Adam,Germany,Adam,male,98,1662
Volker,USA,Volker,male,100,30
Marcus,USA,Marcus,male,100,5165
Eric,UK,Eric,male,99,121922
Christopher,USA,Christopher,male,100,26017
Elise,Japan,Elise,female,75,4
Animesh,Canada,Animesh,male,75,4
Shi-Liang,Spain,Liang,male,79,14
Yi,Singapore,Yi,male,71,35
Juan,Australia,Juan,male,96,80
Junmin,China,Junmin,male,100,10
Brendan,Canada,Brendan,male,99,373
Xiumei,Switzerland,Xiumei,female,100,13
Afshin,Australia,Afshin,male,100,6
Pradeep,Korea,Pradeep,male,100,14804
Ji,USA,Ji,male,59,90
Jaeyune,Germany,,,,
Jesse,USA,Jesse,male,95,10195
Zhe-Chen,Germany,Zhe,male,100,7
Jun,UK,Jun,male,88,6829
Jehad,UK,Jehad,male,95,863
Neil,UK,Neil,male,99,16868
B,UK,,,,
Carmen,Denmark,Carmen,female,96,25
Scott,Netherlands,Scott,male,100,124
Dorthe,Germany,Dorthe,female,96,23
Luis,Germany,Luis,male,85,1139
Christoph,Japan,Christoph,male,100,6
Sebastian,China,Sebastian,male,96,67
Naoki,,Naoki,male,98,944
Chao,Germany,Chao,male,90,21
Shin-Hyun,Germany,Shin,male,90,20
Zhiheng,USA,Zhiheng,male,100,4
Wenyuan,Germany,Wenyuan,male,72,32
H,Switzerland,,,,
Jörg,Japan,Jörg,male,75,4
Florian,USA,Florian,male,99,159
Yuji,USA,Yuji,male,100,29
L,China,,,,
Daniel,Japan,Daniel,male,99,580
Ji-Cheng,Germany,Cheng,male,80,15
Yutaka,,Yutaka,male,99,480
Wufeng,Italy,Wufeng,male,100,4
Marek,USA,Marek,male,99,212
Bogdan,,Bogdan,male,99,10718
Chuan,Russia,Chuan,male,81,372
Jun,China,Jun,male,83,1190
Ivan,Japan,Ivan,male,96,128
Binghui,UK,Binghui,male,60,5
Shinobu,China,Shinobu,unknown,50,2
Jing,Japan,Jing,female,64,25
Ming-Sheng,Japan,Ming,male,67,27
Hilda,UK,Hilda,female,98,4056
Jumpei,USA,Jumpei,male,75,4
Matthew,,Matthew,male,100,51412
Joy,Japan,Joy,female,58,99
Alexander,,Alexander,male,99,56237
Noriyuki,Spain,Noriyuki,male,99,144
Panchami,USA,Panchami,female,100,25
Fedor,USA,Fedor,male,97,30
Jie,Poland,Jie,male,75,4
Karen,Germany,Karen,female,91,489
Agnieszka,Germany,Agnieszka,female,98,578
Marco,Japan,Marco,male,99,187
Leonie,China,Leonie,female,100,6
Sukumaran,USA,Sukumaran,male,75,4
Yue,USA,Yue,female,60,139
Teng,China,Teng,male,78,95
Rebecca,Japan,Rebecca,female,98,51
Yanghe,USA,Yanghe,unknown,50,2
Hideaki,Japan,Hideaki,male,100,299
Perry,Germany,Perry,male,85,52
Toshiyuki,USA,Toshiyuki,male,100,6
Christian,Denmark,Christian,male,100,48300
Scott,USA,Scott,male,100,30644
Simon,Switzerland,Simon,male,99,1626
Dennis,Netherlands,Dennis,male,99,5623
Oliver,Japan,Oliver,male,100,34
Bin,Switzerland,Bin,unknown,50,2
Shin-Ichiro,Australia,Shin-Ichiro,male,100,12
Lukas,Switzerland,Lukas,male,100,898
Peter,China,Peter,male,99,1605
Marc,Korea,Marc,male,99,77461
Xiaowen,Switzerland,Xiaowen,female,67,67
Won,Germany,Won,male,86,538
Sarah,USA,Sarah,female,99,32394
Tina,USA,Tina,female,99,8804
Lien,Japan,Lien,female,75,4
Soohong,Switzerland,Soohong,male,75,8
Toshitada,Japan,,,,
Daniel,Germany,Daniel,male,99,22784
Shuichi,USA,Shuichi,male,90,10
Sarah,Germany,Sarah,female,98,9213
Nicholas,China,Nicholas,male,98,161
Amaresh,France,Amaresh,male,99,375
Xiao-Feng,Germany,Feng,male,60,15
Christopher,China,Christopher,male,99,128
Sabrina,Germany,Sabrina,female,98,8450
Zhaojun,Switzerland,Zhaojun,male,77,13
Philipp,USA,Philipp,male,100,91
Kim,France,Kim,female,60,1889
Henry,Germany,Henry,male,99,1097
Elisabeth,UK,Elisabeth,female,99,26306
Andreas,Austria,Andreas,male,98,3012
Oliver,Germany,Oliver,male,99,7903
Christoph,USA,Christoph,male,100,156
Henning,Japan,Henning,male,75,4
Laina,,Laina,female,96,245
Shoma,China,Shoma,male,67,155
Aiichiro,,Aiichiro,male,100,10
Xuan,,Xuan,female,52,1633
Nadim,Japan,Nadim,male,97,1429
Yubao,China,Yubao,male,100,6
Koji,China,Koji,male,94,16
Jinshui,Germany,,,,
Man-Bo,Netherlands,Man,male,98,140
Tanja,Japan,Tanja,female,75,4
Ashoka,Netherlands,Ashoka,male,90,233
Dalton,Germany,Dalton,male,100,9
Marthe,Singapore,Marthe,female,98,1376
Chunmao,Germany,Chunmao,male,75,4
Xiaowang,USA,Xiaowang,male,75,4
Holger,Germany,Holger,male,100,4362
Stuart,Finland,Stuart,male,100,3
Frédéric,USA,Frédéric,male,100,42
Jens,China,Jens,male,100,16
Andrew,Germany,Andrew,male,99,574
Huan,Germany,Huan,male,94,16
Robert,Germany,Robert,male,99,8458
Frank,USA,Frank,male,100,11178
Oliver,USA,Oliver,male,99,1490
Katarzyna,Spain,Katarzyna,female,97,73
Kati,France,Kati,female,95,233
María,USA,María,female,99,148
Audrey,Canada,Audrey,female,98,418
Peter,USA,Peter,male,100,15502
Denis,Japan,Denis,male,95,55
Douglas,USA,Douglas,male,100,5371
Mutsumi,,Mutsumi,female,83,52
Susan,Germany,Susan,female,98,858
Masanari,India,Masanari,male,94,18
Andreas,China,Andreas,male,100,46
Vinay,,Vinay,male,100,10752
Xianghui,Germany,Xianghui,male,86,14
Matthew,USA,Matthew,male,100,30646
Nuria,Japan,Nuria,female,75,4
Kelly,USA,Kelly,female,87,17673
Ryo,USA,Ryo,male,98,57
Kai,USA,Kai,male,99,18599
Dennis,Switzerland,Dennis,male,99,256
Wei,Germany,Wei,male,61,62
Linglin,France,Linglin,male,75,4
Maximilian,UK,Maximilian,male,99,5404
Quentin,Japan,Quentin,male,100,9
Ian,USA,Ian,male,100,8095
Xing,Germany,Xing,male,83,6
T,USA,,,,
André,Japan,André,male,96,45
Zhen-an,Ireland,An,female,70,10
Hisako,China,Hisako,female,98,60
Lei,China,Lei,male,77,1080
Zhi-Quan,Switzerland,Quan,male,100,3
Xiaoling,Japan,Xiaoling,female,84,76
Tanguy,China,Tanguy,male,88,8
Masamichi,Switzerland,Masamichi,male,100,51
Wai-Pong,,Wai-Pong,male,84,2584
Pablo,China,Pablo,male,100,48
Feng,Germany,Feng,male,60,15
Song,Germany,Song,male,100,74
Michael,UK,Michael,male,99,211741
Philipp,Israel,Philipp,male,75,4
Patrick,,Patrick,male,99,118290
Sivan,UK,Sivan,male,59,422
Yoonkyung,China,Yoonkyung,female,75,4
Kseniia,Spain,Kseniia,female,99,82
Jian,China,Jian,male,93,610
Marcos,,Marcos,male,99,43582
Zhen,"South Korea",Zhen,female,62,13
Masumi,USA,Masumi,female,88,8
Jung-In,Spain,Jung,male,100,7
Adam,Japan,Adam,male,99,139
M,USA,,,,
Chihiro,USA,Chihiro,female,76,17
Xinjian,Spain,Xinjian,male,78,9
Hua,USA,Hua,male,65,57
José,"South Korea",José,male,75,4
Mingxu,Japan,Mingxu,male,100,5
Kyung-Ryang,India,Kyung-Ryang,male,73,260
Akihiro,USA,Akihiro,male,100,9
Rakesh,Korea,Rakesh,male,100,18288
Steven,Netherlands,Steven,male,100,1268
Hee,UK,Hee,male,55,489
Marie,UK,Marie,female,97,110430
Yun,USA,Yun,male,54,104
Claire,Spain,Claire,female,98,214
Shuangbing,Australia,Shuangbing,male,75,4
Alvaro,USA,Alvaro,male,100,4173
Karin,,Karin,female,97,15483
Paul,USA,Paul,male,100,28746
Sabyasachi,Canada,Sabyasachi,male,75,4
Amanda,Germany,Amanda,female,96,389
Cédric,USA,Cédric,male,100,23
Saskia,USA,Saskia,female,99,92
Timur,Australia,Timur,male,75,4
Jin,Japan,Jin,male,88,289
Jason,China,Jason,male,99,2270
Takeharu,USA,Takeharu,male,75,4
Hua,USA,Hua,male,65,57
Harshita,USA,Harshita,female,69,49
Paramita,"United Kingdom",Paramita,female,97,297
Jonathan,Spain,Jonathan,male,99,5221
Robert,Japan,Robert,male,100,230
Aniebrys,USA,,,,
Xiao,Germany,Xiao,male,57,21
Arun,Belgium,Arun,male,93,14
Daniela,India,Daniela,female,95,22
Johan,Germany,Johan,male,100,225
Uttara,China,Uttara,female,90,93
Alexander,USA,Alexander,male,100,6939
Chao,France,Chao,male,77,30
Graham,Singapore,Graham,male,100,18
Florie,Japan,Florie,female,96,394
Jianmin,USA,Jianmin,male,83,30
Lantao,Canada,Lantao,unknown,50,2
Mamadou,Germany,Mamadou,male,98,60
Tuoqi,USA,Tuoqi,male,75,4
Markus,China,Markus,male,100,24
Reed,Germany,Reed,male,83,6
Zhong-Yu,Canada,Zhong,male,100,3
Swantje,Germany,Swantje,female,96,96
Cory,USA,Cory,male,94,4857
Mathias,,Mathias,male,99,14455
Daniel,Japan,Daniel,male,99,580
Gary,USA,Gary,male,100,13394
Eiji,USA,Eiji,male,100,12
Jianlong,,Jianlong,male,100,15
Jared,France,Jared,male,94,62
Dongyun,Germany,Dongyun,male,75,32
Yannick,USA,Yannick,male,98,104
Joanna,Sweden,Joanna,female,98,228
Keiichi,Israel,Keiichi,male,100,196
Youqian,USA,Youqian,male,75,4
Johann,Germany,Johann,male,86,2079
Trung,Japan,Trung,male,100,12
Madleen,China,Madleen,female,100,98
Koji,China,Koji,male,94,16
Fei,Germany,Fei,male,75,12
Hui-Qing,Japan,Hui,female,64,14
Łukasz,USA,Łukasz,male,100,37
Guangcheng,USA,Guangcheng,male,100,9
Daniel,Poland,Daniel,male,99,11038
Gabriela,China,Gabriela,female,100,20
Miłosz,Japan,Miłosz,male,100,920
Jimmy,Germany,Jimmy,male,98,856
Hiroyuki,UK,Hiroyuki,male,100,1050
Chen,USA,Chen,male,61,302
Umar,USA,Umar,male,99,145
Dieter,China,Dieter,male,100,10
Prashant,USA,Prashant,male,100,233
Ziyi,India,Ziyi,female,62,74
Weimin,USA,Weimin,male,90,10
Sukumaran,China,Sukumaran,male,99,93
Qi-Qiang,Germany,Qiang,male,100,4
Jie,Poland,Jie,male,75,4
Valerie,India,Valerie,female,96,26
Ewa,USA,Ewa,female,96,105
Kishalay,China,Kishalay,male,100,28
Ga-Lai,China,Lai,male,59,102
Shuang,China,Shuang,female,63,159
Jieli,UK,Jieli,female,75,8
Shichao,China,Shichao,male,95,21
Alan,USA,Alan,male,100,8296
Zhaogang,,Zhaogang,male,75,4
Yuetao,"South Korea",Yuetao,male,75,4
Alasdair,China,Alasdair,male,75,4
Sunghyun,USA,Sunghyun,male,100,6
Xianxing,Germany,Xianxing,male,75,4
Matthew,,Matthew,male,100,51412
Xiaoqing,Germany,Xiaoqing,unknown,50,2
Jonathan,UK,Jonathan,male,99,84386
Moritz,USA,Moritz,male,100,22
Paul,USA,Paul,male,100,28746
Ruoqiu,UK,,,,
Ali,Germany,Ali,male,97,9267
Merle,Japan,Merle,female,75,4
Fabian,India,Fabian,male,100,50
Munetaka,Australia,Munetaka,male,100,9
Thumu,USA,Thumu,male,83,6
Jun,Germany,Jun,male,85,52
Susan,Korea,Susan,female,98,34211
Dennis,Germany,Dennis,male,99,12843
In-Keol,China,In,male,78,9
Igor,Netherlands,Igor,male,99,214
Yuan,Japan,Yuan,male,71,14
Martín,Japan,Martín,male,99,1707
Masahiro,Japan,Masahiro,male,100,703
Yasuhide,France,Yasuhide,male,100,15
Akihiro,Belgium,Akihiro,male,100,395
Sarra,China,Sarra,female,75,4
Damien,,Damien,male,99,30575
Liu,Canada,Liu,male,70,23
Kaihang,Canada,Kaihang,male,75,4
Jason,USA,Jason,male,100,39059
Kelong,Singapore,Kelong,male,100,5
Alexandra,"South Korea",Alexandra,female,100,26
Bhoopendra,Germany,Bhoopendra,male,100,147
Seung-Min,USA,Seung,male,94,35
Holger,Germany,Holger,male,100,4362
Minkyu,USA,Minkyu,male,75,4
Sabrina,USA,Sabrina,female,99,3888
Yuanpei,Germany,Yuanpei,male,60,5
Pavel,India,Pavel,male,100,48
Thomas,USA,Thomas,male,100,20215
Naisa,UK,Naisa,female,96,53
Chi,USA,Chi,male,55,236
Wenjing,UK,Wenjing,female,88,96
Patrick,China,Patrick,male,98,422
Yu,Germany,Yu,male,52,60
Yun,Germany,Yun,female,100,12
Benjamin,Japan,Benjamin,male,96,77
Marius,USA,Marius,male,100,175
Hirofumi,Germany,Hirofumi,male,99,171
Youn-Sang,USA,Sang,male,92,174
François,Germany,François,male,100,39
Marcus,Germany,Marcus,male,99,4940
Yaw-Chia,USA,Yaw,male,94,54
Alexandra,UK,Alexandra,female,98,53680
David,Japan,David,male,100,604
Antonio,USA,Antonio,male,99,4554
Satoru,UK,Satoru,male,99,418
Weigang,China,Weigang,male,100,8
Justin,Australia,Justin,male,99,780
Hui,Germany,Hui,male,77,47
Jing-Liang,USA,Liang,male,87,106
Shoubhik,USA,Shoubhik,male,75,4
Matthew,USA,Matthew,male,100,30646
Junxiang,,Junxiang,male,100,16
Yanzhao,USA,Yanzhao,male,75,4
Javier,Netherlands,Javier,male,100,99
George,,George,male,99,63411
Zohreh,Germany,Zohreh,female,75,4
Sachin,USA,Sachin,male,100,324
Sebastian,ROC.,Sebastian,male,99,47850
Toshikazu,Israel,Toshikazu,male,100,73
Jing-Fang,,Jing-Fang,female,73,3968
Malachi,UK,Malachi,male,99,1734
Yanmei,,Yanmei,female,97,31
Esther,Italy,Esther,female,100,267
Parisa,Germany,Parisa,female,96,24
Giuseppe,France,Giuseppe,male,99,463
Juri,UK,Juri,male,90,1514
Sébastien,France,Sébastien,male,99,15658
Louise,China,Louise,female,94,102
Camille,Japan,Camille,female,68,22
Li-Yan,France,Yan,male,95,2068
Munenori,UK,Munenori,male,100,13
Loïc,Germany,Loïc,male,100,9
Molise,China,Molise,male,80,15
Guido,USA,Guido,male,100,184
Xiaoyi,USA,Xiaoyi,female,70,10
Rong,USA,Rong,male,52,60
Graeme,France,Graeme,male,94,16
Zhiji,Germany,Zhiji,male,100,3
James,Germany,James,male,98,1248
Boniface,Germany,Boniface,male,100,4
Christian,USA,Christian,male,100,48214
Adam,Japan,Adam,male,99,139
Fang,Germany,Fang,female,57,14
Tatsuya,Switzerland,Tatsuya,male,99,739
Constantin,Japan,Constantin,male,75,4
Dafa,UK,Dafa,male,80,123
Kosuke,USA,Kosuke,male,100,20
Adele,Japan,Adele,female,75,4
Brian,China,Brian,male,99,391
Tetsuo,USA,Tetsuo,male,100,3
Qing-Feng,Germany,Qing,female,67,12
Pankaj,Germany,Pankaj,male,100,18
Claudia,USA,Claudia,female,98,3960
Tobias,USA,Tobias,male,100,2610
Kathryn,USA,Kathryn,female,99,4645
Eric,China,Eric,male,99,1948
Ming,Spain,Ming,male,75,12
Yanlan,China,Yanlan,female,100,3
Carlos,Canada,Carlos,male,99,423
Zi-Sheng,USA,Sheng,male,67,55
Yacoob,China,Yacoob,male,100,33
Pallab,China,Pallab,male,100,3
Baiyan,China,Baiyan,unknown,50,2
Liang,Italy,Liang,male,100,5
Ben,Japan,Ben,male,97,151
Giulia,France,Giulia,female,95,214
Norihiro,Israel,Norihiro,male,100,49
Christian,Switzerland,Christian,male,100,48300
Lena,Canada,Lena,female,99,86
Grégory,Korea,Grégory,male,99,3814
Ramanathan,UK,Ramanathan,male,98,312
Jeonghun,Japan,Jeonghun,male,75,4
Richard,USA,Richard,male,100,24609
Yumiko,Spain,Yumiko,female,100,3
Grigory,USA,Grigory,male,100,13
Emilio,Japan,Emilio,male,100,27
Brett,Germany,Brett,male,97,38
Atsushi,USA,Atsushi,male,100,26
Sandeep,UK,Sandeep,male,99,24024
Kalyaneswar,USA,Kalyaneswar,male,75,4
Fabien,USA,Fabien,male,99,81
Xinglu,USA,Xinglu,female,75,4
Ryan,Italy,Ryan,male,98,300
Charles,China,Charles,male,98,557
Marco,Italy,Marco,male,100,65535
Mei,Germany,Mei,female,80,49
Tommaso,UK,Tommaso,male,99,7442
Dunja,UK,Dunja,female,97,649
Naoki,China,Naoki,male,100,4
Omar,Netherlands,Omar,male,97,590
Dengjian,USA,,,,
Matthia,Spain,Matthia,male,65,20
Yu-Ting,USA,Yu-Ting,male,57,7
Borja,China,Borja,male,100,4
Yuze,USA,Yuze,unknown,50,2
Ting-Zheng,UK,Ting-Zheng,female,53,2575
Zhiqiang,Germany,Zhiqiang,male,75,4
Bruno,UK,Bruno,male,99,87062
Jenny,USA,Jenny,female,99,7152
C,Germany,,,,
Soumya,Netherlands,Soumya,unknown,50,2
Samet,Japan,Samet,male,100,3
Ellen,Germany,Ellen,female,98,916
Shin,Germany,Shin,male,90,20
Marc,France,Marc,male,98,27772
Ping,Italy,Ping,male,81,16
Maïté,China,Maïté,female,96,356
Claudio,China,Claudio,male,100,40
Min,Slovenia,Min,female,75,4
Jingbo,USA,Jingbo,male,67,9
Ivana,Japan,Ivana,female,100,18
Suhuai,China,,,,
Ming,Germany,Ming,unknown,50,16
Jin,Spain,Jin,male,95,60
Florian,China,Florian,male,100,22
Giulia,Japan,Giulia,female,100,5
Zhikun,Japan,Zhikun,male,100,6
Taichi,Germany,Taichi,male,75,4
Nozomi,France,Nozomi,female,100,5
Alexander,USA,Alexander,male,100,6939
Alexandre,Switzerland,Alexandre,male,99,706
Zhou,USA,Zhou,male,68,47
Gonçalo,USA,Gonçalo,male,100,18
Debojit,Japan,Debojit,male,100,137
Ke,China,Ke,male,84,144
Hidenori,China,Hidenori,male,100,91
Biao,China,Biao,male,96,45
Lei,China,Lei,male,77,1080
Yanchuan,Japan,Yanchuan,male,100,4
Xiaoming,China,Xiaoming,male,84,105
Hisae,Germany,Hisae,female,100,21
Chengjun,Germany,Chengjun,male,83,29
Brigitte,USA,Brigitte,female,99,370
Henri,Ireland,Henri,male,100,9
Abhigyan,USA,Abhigyan,male,100,103
Jonathan,Singapore,Jonathan,male,99,382
Elizabeth,USA,Elizabeth,female,99,20330
Shenglin,Japan,Shenglin,male,78,9
Sampa,Germany,Sampa,male,75,4
Tomoyuki,Germany,Tomoyuki,male,100,3
Viktor,France,Viktor,male,99,165
Thomas,"Republic of Korea",Thomas,male,99,129177
Wilfried-Solo,USA,Wilfried,male,100,22
Joseph,USA,Joseph,male,100,21534
Zheng,USA,Zheng,male,85,108
Mark,Singapore,Mark,male,100,48064
Nathan,USA,Nathan,male,100,13599
Xiaoyu,USA,Xiaoyu,female,65,34
Jens,Japan,Jens,male,100,8
Cole,Switzerland,Cole,male,100,12
Takeaki,USA,Takeaki,male,100,27
Florian,Spain,Florian,male,97,154
K,Germany,,,,
Pablo,USA,Pablo,male,99,1993
Charles,Helmholtz-Zentrum,Charles,male,98,52754
Marco,Japan,Marco,male,99,187
Niña,UK,Niña,female,97,256
Akira,Japan,Akira,male,97,1276
Avinash,USA,Avinash,male,100,174
Yuji,USA,Yuji,male,100,29
Pavel,China,Pavel,male,100,37
Jae,Germany,Jae,male,73,11
Shikuo,Italy,Shikuo,male,75,4
Qingsheng,USA,Qingsheng,male,100,6
Tracey,Netherlands,Tracey,female,94,16
Stefanie,China,Stefanie,female,88,41
Mathijs,Switzerland,Mathijs,male,75,4
Yun-Lu,Japan,Lu,female,61,44
Hailing,Germany,Hailing,female,65,17
Yoshihiro,Germany,Yoshihiro,male,100,383
Barbara,USA,Barbara,female,99,10328
Thomas,China,Thomas,male,99,449
Nadine,USA,Nadine,female,100,4513
Chang,China,Chang,male,65,264
D,UK,,,,
You-Quan,Germany,Quan,male,87,15
Simone,USA,Simone,female,84,1153
Dan,Norway,Dan,male,99,146
Evelyn,France,Evelyn,female,91,99
Sami,UK,Sami,male,93,42878
Ibai,Japan,Ibai,male,99,288
Marc,Germany,Marc,male,100,7914
Byungik,Japan,Byungik,male,75,4
Lian,Denmark,Lian,female,58,1227
Shirong,Japan,Shirong,male,73,15
Thomas,China,Thomas,male,99,449
Hui-Hui,Germany,Hui,male,77,47
Chu-Ting,France,Chu,male,61,28
Simone,Japan,Simone,female,87,117
Laurence,UK,Laurence,female,90,21237
Koji,Germany,Koji,male,100,8
Xiaojun,China,Xiaojun,male,75,80
Janine,USA,Janine,female,99,1031
Changhua,China,Changhua,male,89,9
Laura,USA,Laura,female,99,21696
Peng,Japan,Peng,male,75,16
Sanjib,Spain,Sanjib,male,99,942
Keita,China,Keita,male,92,26
Marco,Switzerland,Marco,male,99,4914
Kebin,Japan,Kebin,male,75,4
Ludovic,China,Ludovic,male,100,19
Yasuyuki,Spain,Yasuyuki,male,100,164
Ting-Shun,Spain,Ting,female,100,8
Antonio,Germany,Antonio,male,97,2673
Fermín,Japan,Fermín,male,99,200
Jörn,Israel,Jörn,male,99,701
Shohei,Italy,Shohei,male,75,4
Sudhir,Germany,Sudhir,male,100,3
Giuseppe,"United Kingdom",Giuseppe,male,99,432
Annette,France,Annette,female,98,784
Marc,Germany,Marc,male,100,7914
Wilfried,China,Wilfried,male,100,11
Helmut,Germany,Helmut,male,98,3338
Tianfei,Germany,Tianfei,male,75,4
Florian,USA,Florian,male,99,159
René,USA,René,male,72,97
Mojgan,USA,Mojgan,female,94,17
Kimin,Switzerland,Kimin,male,83,30
James,Germany,James,male,98,1248
Ivano,Italy,Ivano,male,99,2480
Ejaz,Korea,Ejaz,male,99,945
Miriam,Germany,Miriam,female,98,1900
Kyungtae,Korea,Kyungtae,male,100,34
André,USA,André,male,99,251
Nazmul,Japan,Nazmul,male,100,4
Buddhadeb,Germany,Buddhadeb,male,100,66
Arivazhagan,Singapore,Arivazhagan,male,100,4
Leonid,France,Leonid,male,100,18
Adriano,Netherlands,Adriano,male,96,57
Guillaume,USA,Guillaume,male,99,183
Bian,Germany,Bian,female,77,13
Casey,USA,Casey,male,59,6833
Henrike,Germany,Henrike,female,94,80
Sarit,UK,Sarit,female,63,249
Tomas,Australia,Tomas,male,100,42
Angelo,USA,Angelo,male,99,1190
Denison,Germany,Denison,male,98,125
Gang,Japan,,,,
Yong,France,Yong,male,90,21
Kazuya,China,Kazuya,male,75,4
Olivier,USA,Olivier,male,98,304
Houhua,Germany,,,,
Caroline,China,Caroline,female,99,197
Karin,USA,Karin,female,98,999
Zhu,Germany,Zhu,male,86,7
Soumitra,USA,Soumitra,male,100,7
Ulrich,Japan,Ulrich,male,75,4
Jie,Korea,Jie,male,61,1651
Michiko,China,Michiko,female,75,4
Tae,Japan,Tae,female,80,35
Li-Xia,Germany,Li,female,75,212
Satoshi,USA,Satoshi,male,98,47
Nerea,Germany,Nerea,female,100,9
Christopher,USA,Christopher,male,100,26017
Miriam,Germany,Miriam,female,98,1900
Eric,Korea,Eric,male,99,121922
Alexander,Germany,Alexander,male,98,11884
Dongheun,Switzerland,Dongheun,unknown,50,2
Felix,Austria,Felix,male,99,301
Alexander,USA,Alexander,male,100,6939
Marek,Germany,Marek,male,91,1193
Wangkheimayum,Germany,Wangkheimayum,male,75,4
Martin,Switzerland,Martin,male,98,2426
Andrei,France,Andrei,male,99,167
Tim,USA,Tim,male,100,20818
Nathalie,China,Nathalie,female,98,45
Barry,Japan,Barry,male,97,29
Jian-Hua,Spain,Hua,male,100,6
Ryo,Germany,Ryo,male,100,10
José,Spain,José,male,99,8211
Anna,Singapore,Anna,female,99,196
José,USA,José,male,99,355
Liang,USA,Liang,male,87,106
Matthew,Spain,Matthew,male,100,106
Leonid,Japan,Leonid,male,75,4
Antonio,China,Antonio,male,99,132
Kalpataru,Germany,Kalpataru,male,92,49
Peng,France,Peng,male,85,27
Baoxiang,USA,Baoxiang,unknown,50,2
Aaron,Taiwan,Aaron,male,99,290
I-Ren,UK,I-Ren,male,75,2476
Jayachandran,China,Jayachandran,male,75,4
Anton,China,Anton,male,98,46
Xuemei,Japan,Xuemei,female,75,4
Wanggui,Japan,,,,
Daisuke,Japan,Daisuke,male,100,1249
Tomoaki,USA,Tomoaki,male,100,7
Hiroto,Japan,Hiroto,male,100,170
Nichole,Switzerland,Nichole,female,97,2484
Eiji,China,Eiji,male,100,4
Igor,Germany,Igor,male,99,768
Hui,USA,Hui,female,51,102
Anna,Netherlands,Anna,female,98,1683
Kin-Yiu,Canada,Kin,male,89,19
Katrin,UK,Katrin,female,98,6642
Philippe,Taiwan,Philippe,male,100,7
Natalie,Korea,Natalie,female,98,22431
Ramesh,Spain,Ramesh,male,100,19
Sohyeon,China,Sohyeon,female,89,9
Ismael,Japan,Ismael,male,100,14
Sharon,Germany,Sharon,female,93,237
Keiichi,"Republic of Korea",Keiichi,male,100,196
Bo,Korea,Bo,male,85,5389
Je,Israel,Je,female,75,4
Byoung,Japan,Byoung,male,75,4
Benny,Japan,Benny,male,93,15
Fumitaka,,Fumitaka,male,100,35
Takato,Korea,Takato,male,100,39
Mark,Canada,Mark,male,100,48064
Bum,Germany,Bum,male,100,4
Ramprasad,USA,Ramprasad,male,100,8
Florian,China,Florian,male,100,22
Lloyd,"Republic of Korea",Lloyd,male,99,3962
Yifu,France,Yifu,male,67,3
Jae,Netherlands,Jae,male,75,4
