First Name,Country,ga_first_name,ga_gender,ga_accuracy,ga_samples
Hongbin,CHINA,Hongbin,male,93,27
Mario,GERMANY,Mario,male,99,7876
Ting,UNITED,Ting,female,68,1693
Meng,CHINA,Meng,male,53,425
Yoo,GERMANY,Yoo,male,75,4
Jinhu,HONG,Jinhu,male,100,20
Yunxiang,CHINA,Yunxiang,male,85,13
Takahiro,JAPAN,Takahiro,male,99,846
Fan,CANADA,Fan,male,82,17
Tristan,UNITED,Tristan,male,97,7725
Volker,ITALY,Volker,male,100,3
Hai-Long,CHINA,Hai,male,85,184
Louis,SWEDEN,Louis,male,91,47
Wolfgang,AUSTRIA,Wolfgang,male,99,1765
Gergana,AUSTRALIA,Gergana,female,97,421
Yonggang,CHINA,Yonggang,male,100,19
Wai,USA,Wai,male,64,42
Xuan,China,Xuan,female,55,208
Xiang,CHINA,Xiang,male,76,414
Antoine,FRANCE,Antoine,male,99,20093
Tao,CHINA,Tao,male,89,751
Xiaojun,UNITED,Xiaojun,male,76,113
Rahul,UNITED,Rahul,male,100,44776
Xiangdong,AUSTRALIA,Xiangdong,male,100,11
Da,REPUBLIC,Da,male,74,4094
Tsuyoshi,SPAIN,Tsuyoshi,male,75,4
Guanglu,UNITED,Guanglu,male,100,3
Cheng,CHINA,Cheng,male,79,655
Taifeng,UNITED,Taifeng,male,100,14
Kamil,POLAND,Kamil,male,99,19681
Thanyada,JAPAN,Thanyada,female,100,9
Zheng,UNITED,Zheng,male,76,882
Shen,UNITED,Shen,male,68,808
Peter,UNITED,Peter,male,99,146529
Pin,CHINA,Pin,male,76,33
Shotaro,JAPAN,Shotaro,male,100,106
Patricia,GERMANY,Patricia,female,98,1993
Chen-Xi,USA,Chen,male,61,302
Terumasa,JAPAN,Terumasa,male,100,14
Stephan,Germany,Stephan,male,98,6568
Kerim,CANADA,Kerim,male,75,4
Linfeng,UNITED,Linfeng,male,88,32
Taisuke,JAPAN,Taisuke,male,100,69
Charlotte,GERMANY,Charlotte,female,97,416
Chen,CHINA,Chen,male,61,2046
Xiaobo,CHINA,Xiaobo,male,90,61
Hui,CHINA,Hui,male,54,700
Kamila,UNITED,Kamila,female,98,23023
Zhantao,CHINA,Zhantao,male,80,5
Ayan,UNITED,Ayan,male,78,2071
Song,UNITED,Song,male,100,74
Kui,CHINA,Kui,male,94,33
Yongpan,CHINA,,,,
Isaac,GERMANY,Isaac,male,99,104
Rui,UNITED,Rui,male,98,25872
Szymon,GERMANY,Szymon,male,100,74
Yanli,CHINA,Yanli,female,90,31
Stephen,UNITED,Stephen,male,99,46085
Liwei,CHINA,Liwei,male,83,71
Ping'an,CHINA,Pingan,male,75,4
Isabelle,GERMANY,Isabelle,female,98,693
Taylor,UNITED,Taylor,female,55,14147
Jia,CHINA,Jia,female,54,498
Thomas,UNITED,Thomas,male,99,129177
Yulu,CHINA,Yulu,female,64,11
Hui,CHINA,Hui,male,54,700
Liang,CHINA,Liang,male,82,742
Julian,GERMANY,Julian,male,89,4005
Bogdan,SWITZERLAND,Bogdan,male,100,20
Xiangchuan,CHINA,,,,
Bart,ISRAEL,Bart,male,100,4
Yongqiang,CHINA,Yongqiang,male,100,19
Dan,HONG,Dan,male,97,61524
Milan,FRANCE,Milan,male,96,317
Qi,CHINA,Qi,male,73,234
Shuxin,CANADA,Shuxin,male,53,15
Saurabh,NETHERLANDS,Saurabh,male,100,6
Daniel,GERMANY,Daniel,male,99,22784
Yue,JAPAN,Yue,female,69,13
Lifen,CHINA,Lifen,female,63,8
Xiao-Feng,GERMANY,Feng,male,60,15
Rodon,FRANCE,Rodon,female,67,3
Dong,UNITED,Dong,male,87,2212
Manfred,GERMANY,Manfred,male,99,5121
Devon,UNITED,Devon,male,71,3341
Yunfeng,CHINA,Yunfeng,male,92,50
Biwei,CANADA,Biwei,male,75,4
Huixiong,CHINA,Huixiong,male,75,4
Howard,SINGAPORE,Howard,male,100,20
Sjoerd,GERMANY,Sjoerd,male,100,5
Martin,UNITED,Martin,male,98,139211
Marian,GERMANY,Marian,male,95,629
Sebastian,GERMANY,Sebastian,male,100,13809
Xiang,GERMANY,Xiang,male,100,15
Simon,JAPAN,Simon,male,99,89
Lisi,CHINA,Lisi,female,67,6
Michio,JAPAN,Michio,male,97,67
Molly,UNITED,Molly,female,98,7894
Feng-Shou,GERMANY,Shou,male,75,4
F,UNITED,,,,
Zhouyang,UNITED,Zhouyang,male,86,7
Melina,SWITZERLAND,Melina,female,100,96
Lutz,GERMANY,Lutz,male,99,1566
Nicolas,SWITZERLAND,Nicolas,male,99,1424
Andreas,GERMANY,Andreas,male,99,21215
Danyang,CHINA,Danyang,male,54,13
Jiajia,CHINA,Jiajia,female,74,112
Christophe,FRANCE,Christophe,male,97,51368
Feng-Ling,UNITED,Feng-Ling,female,56,3601
Houfu,CHINA,Houfu,male,75,4
Mami,JAPAN,Mami,female,97,228
Jiyang,CHINA,Jiyang,male,100,8
Takumi,JAPAN,Takumi,male,99,389
Jingjuan,CHINA,Jingjuan,female,75,4
Chetan,UNITED,Chetan,male,100,6701
Lei,CHINA,Lei,male,77,1080
Anastassia,UNITED,Anastassia,female,98,260
Robert,GERMANY,Robert,male,99,8458
Yu,CHINA,Yu,male,73,664
Agus,GERMANY,Agus,male,80,10
Guodong,CHINA,Guodong,male,97,33
Biju,JAPAN,Biju,male,100,3
M,SAUDI,,,,
Lu,CANADA,Lu,female,63,35
Michael,CHINA,Michael,male,99,1989
Sjoerd,GERMANY,Sjoerd,male,100,5
Kuiling,CHINA,,,,
Ya,SINGAPORE,Ya,female,75,4
Alexander,GERMANY,Alexander,male,98,11884
Jiawei,GERMANY,Jiawei,male,79,127
Qianrong,FRANCE,Qianrong,female,67,3
Sebastian,GERMANY,Sebastian,male,100,13809
Bin,China,Bin,male,92,677
Zhijia,UNITED,Zhijia,male,85,13
Frederik,GERMANY,Frederik,male,100,454
Tendai,UNITED,Tendai,male,70,707
Tewodros,CZECH,Tewodros,male,100,258
Yuxing,GERMANY,Yuxing,unknown,50,2
Sumati,GERMANY,Sumati,female,93,72
Frank,GERMANY,Frank,male,98,16573
Clemens,GERMANY,Clemens,male,99,563
Sierra,UNITED,Sierra,female,93,2451
Jianxin,CHINA,Jianxin,male,97,29
Iryna,GERMANY,Iryna,female,98,46
Shaoguang,UNITED,Shaoguang,male,75,4
Ting,CHINA,Ting,female,81,465
Zhaohong,UNITED,Zhaohong,male,60,5
Yamin,UNITED,Yamin,male,74,470
Muhammed,INDIA,Muhammed,male,100,1862
Xinyu,CHINA,Xinyu,male,64,91
Jianmin,UNITED,Jianmin,male,83,30
Yuqing,HONG,Yuqing,female,70,77
Zhouyang,CHINA,Zhouyang,male,80,5
Donglin,SINGAPORE,Donglin,male,75,4
Can,GERMANY,Can,male,97,3351
Liyuan,CHINA,Liyuan,female,54,28
Mathilde,FRANCE,Mathilde,female,92,8609
Georgii,CANADA,Georgii,male,78,79
Nathan,UNITED,Nathan,male,99,29365
Lucie,SLOVAKIA,Lucie,female,100,72
Yue,CHINA,Yue,female,54,508
Julian,GERMANY,Julian,male,89,4005
Hikaru,JAPAN,Hikaru,male,84,271
Sebastian,UNITED,Sebastian,male,99,47850
Dingyuan,HONG,Dingyuan,male,75,4
Qingrui,CHINA,,,,
Abigail,UNITED,Abigail,female,98,7631
Carmen,UNITED,Carmen,female,98,54029
Hanzhou,CHINA,Hanzhou,male,75,4
Muhammad,NEW,Muhammad,male,99,59995
Chao,CHINA,Chao,male,88,554
Yi-Fan,France,Yi,male,61,38
Sangyong,REPUBLIC,Sangyong,male,97,37
Peng,REPUBLIC,Peng,male,84,1353
Hans-Peter,GERMANY,Hans-Peter,male,99,450
Laura,GERMANY,Laura,female,98,4794
Vicente,SPAIN,Vicente,male,99,8232
Yongfang,CHINA,Yongfang,female,75,4
Feili,UNITED,Feili,male,60,5
Dong-Joo,REPUBLIC,Dong-Joo,male,83,6
Wolfgang,GERMANY,Wolfgang,male,99,7880
Yanxing,CHINA,Yanxing,male,67,3
Alejandro,SPAIN,Alejandro,male,99,19478
Li-Peng,CHINA,Peng,male,85,704
Fabio,Germany,Fabio,male,99,1014
Teng-Teng,UNITED,Teng-Teng,male,66,450
Zexi,CHINA,Zexi,unknown,50,2
Pengfei,CHINA,Pengfei,male,98,82
Rong,CHINA,Rong,female,61,248
Ponmani,CHINA,Ponmani,female,52,29
Mingjie,UNITED,Mingjie,male,89,45
Gerald,AUSTRIA,Gerald,male,99,765
Changsheng,JAPAN,Changsheng,male,100,11
Yufei,CHINA,Yufei,male,70,57
Chuanxiong,GERMANY,Chuanxiong,male,75,4
Daniel,SPAIN,Daniel,male,99,25559
Tatsuhiro,UNITED,Tatsuhiro,male,100,32
Hong,REPUBLIC,Hong,female,53,3853
De-Hui,CHINA,De,male,81,31
Shengyu,CHINA,Shengyu,male,57,7
Lingzi,CHINA,Lingzi,female,89,9
Luzian,UK,Luzian,male,73,11
Huawen,CHINA,Huawen,female,75,4
Krzysztof,UNITED,Krzysztof,male,100,28969
Beatriz,SPAIN,Beatriz,female,98,8415
Jae,UNITED,Jae,male,76,1609
Senthil,UNITED,Senthil,male,99,3453
Mingxing,USA,Mingxing,male,75,4
Chenyang,GERMANY,Chenyang,male,75,4
Bastien,Switzerland,Bastien,male,99,164
Briana,UNITED,Briana,female,98,2116
Matheus,USA,Matheus,male,99,303
Weijian,UNITED,Weijian,male,97,37
Thomas,SWITZERLAND,Thomas,male,99,3106
Aleksandr,GERMANY,Aleksandr,male,100,68
Fuxiang,SWEDEN,Fuxiang,male,100,3
Siyuan,CHINA,Siyuan,male,69,48
Nicolai,SWITZERLAND,Nicolai,male,94,31
Bin,UNITED,Bin,male,89,2162
Palas,REPUBLIC,Palas,male,83,63
Xiang-Yun,CHINA,Xiang,male,76,414
Shusuke,JAPAN,Shusuke,male,100,28
Francisco,SPAIN,Francisco,male,99,27756
Cem,GERMANY,Cem,male,99,2376
Qiangbin,CHINA,,,,
Russell,UNITED,Russell,male,99,7800
Baoguang,CHINA,Baoguang,female,75,4
Abigail,UNITED,Abigail,female,98,7631
Anne-Frédérique,UK,Anne-Frédérique,female,89,9
Zhihe,China,Zhihe,male,75,4
Fei,GERMANY,Fei,male,75,12
Ke,CHINA,Ke,male,84,144
Juyoung,REPUBLIC,Juyoung,female,51,113
Yue,AUSTRALIA,Yue,male,67,15
Moritz,GERMANY,Moritz,male,99,1375
Yuhang,SWITZERLAND,Yuhang,male,84,38
Yearin,SWITZERLAND,Yearin,female,67,3
Si,China,Si,male,52,50
Guosheng,CHINA,Guosheng,male,100,3
Colin,Denmark,Colin,male,100,10
Sierra,USA,Sierra,female,98,2005
Marcos,SPAIN,Marcos,male,99,13757
Zhiyu,CHINA,Zhiyu,male,79,14
Kaitlyn,USA,Kaitlyn,female,99,2554
Jessica,ITALY,Jessica,female,98,12071
Xiaolong,CHINA,Xiaolong,male,100,93
Zhuang,CHINA,Zhuang,male,74,69
Qian,China,Qian,female,65,385
Laura,SWEDEN,Laura,female,97,192
Xu,China,Xu,male,76,420
De-Hui,CHINA,De,male,81,31
Pei-Sen,CHINA,Sen,male,86,105
Shlomy,ISRAEL,Shlomy,male,100,12
Xinshan,CHINA,Xinshan,unknown,50,2
Long,Germany,Long,male,100,89
Jin,Japan,Jin,male,88,289
Jialu,China,Jialu,female,78,9
Zhiqun,CHINA,Zhiqun,male,100,4
Xu,USA,Xu,male,69,87
Martin,Germany,Martin,male,99,14619
Nels,UNITED,Nels,male,88,256
Marianna,ITALY,Marianna,female,98,5541
Grant,GERMANY,Grant,male,100,19022
Rajadurai,INDIA,Rajadurai,male,100,40
Liang-Jin,USA,Liang,male,87,106
Itai,Israel,Itai,male,100,112
Haifeng,GERMANY,Haifeng,male,100,3
Jeffrey,USA,Jeffrey,male,100,10439
Yi,CHINA,Yi,male,73,459
Alexander,UNITED,Alexander,male,99,56237
Hiromichi,Japan,Hiromichi,male,98,55
Wenfu,SWEDEN,Wenfu,male,100,5
Kang,UK,Kang,male,90,2557
Deniz,GERMANY,Deniz,male,88,4315
Lijia,China,Lijia,female,63,19
Manuel,Germany,Manuel,male,99,5956
Roza,FRANCE,Roza,female,88,98
Xia,CHINA,Xia,female,67,256
Andrew,Netherlands,Andrew,male,98,304
Dongshun,China,,,,
Xiuman,CHINA,,,,
Lingli,Japan,Lingli,female,97,31
Yuanyuan,China,Yuanyuan,female,92,144
Han,USA,Han,male,67,259
Jiajie,China,Jiajie,male,80,20
Linqing,CHINA,Linqing,male,57,7
Jianwu,China,Jianwu,male,100,4
Ming,CHINA,Ming,male,83,826
Sanae,Japan,Sanae,female,97,76
Mohammad,USA,Mohammad,male,99,1098
Kendall,CHINA,Kendall,female,67,3
Peiyao,China,Peiyao,unknown,50,2
Wuqian,China,Wuqian,female,75,4
Chuyi,China,Chuyi,unknown,50,4
Junjie,Japan,Junjie,unknown,50,2
Peter,Japan,Peter,male,99,186
Chris,BELGIUM,Chris,male,76,3084
Guobin,Canada,Guobin,male,92,12
Xueling,China,Xueling,female,78,9
Mathew,UK,Mathew,male,99,5451
Dominik,SWITZERLAND,Dominik,male,100,708
Daniel,USA,Daniel,male,100,35866
Haozhou,China,Haozhou,male,75,4
Jiang,USA,Jiang,male,68,40
Xueting,China,Xueting,female,83,6
Kaushik,INDIA,Kaushik,male,100,2533
Thomas,USA,Thomas,male,100,20215
Justin,USA,Justin,male,100,25338
Yiren,UNITED,Yiren,female,56,27
Jingfeng,China,Jingfeng,male,82,11
Abdullah,USA,Abdullah,male,100,3101
Hongming,Germany,Hongming,male,93,28
Chipeng,China,Chipeng,male,75,4
Tianjiao,China,Tianjiao,female,64,11
Tian-Jun,USA,Jun,male,86,387
Yohei,JAPAN,Yohei,male,100,262
Haifeng,USA,Haifeng,male,92,12
Xiaoqun,China,Xiaoqun,male,100,3
Qun-Liang,China,Liang,male,82,742
Addison,USA,Addison,male,94,3251
Pan-Pan,USA,Pan,male,67,72
Mark,USA,Mark,male,100,47989
Roman,USA,Roman,male,100,7028
David,GERMANY,David,male,99,10714
Emy,Switzerland,Emy,female,91,32
Minlang,Japan,Minlang,male,75,4
Ruixiang,China,Ruixiang,male,75,4
Simon,Poland,Simon,male,98,163
Kangjae,Republic of Korea,Kangjae,unknown,50,2
Yuanyuan,China,Yuanyuan,female,92,144
Min,China,Min,female,56,572
Daoming,China,Daoming,male,75,4
Matthias,AUSTRALIA,Matthias,male,100,29
Aakash,India,Aakash,male,100,3074
Gabrielle,Netherlands,Gabrielle,female,99,141
Shengbo,Australia,Shengbo,male,100,5
Jian,USA,Jian,male,84,124
Liwei,China,Liwei,male,83,71
Zhongyun,UNITED,Zhongyun,male,67,3
Matthias,France,Matthias,male,99,1194
Lin,China,Lin,female,50,1431
Niels,Germany,Niels,male,99,418
Amir,FRANCE,Amir,male,97,1118
Jukiya,Japan,Jukiya,male,75,4
Magnus,Germany,Magnus,male,99,183
Indrek,Germany,Indrek,male,98,223
Indrek,Germany,Indrek,male,98,223
Jian-Ming,China,Jian,male,93,610
Annette,GERMANY,Annette,female,98,1119
Haohao,France,Haohao,male,81,79
Guangzong,China,,,,
Yang,Germany,Yang,male,73,49
Rebeca,Germany,Rebeca,female,94,35
Andreas,SWITZERLAND,Andreas,male,99,1721
Xiaojuan,China,Xiaojuan,female,100,16
Xin,China,Xin,male,62,851
Jindou,China,Jindou,male,75,4
Grace,UNITED,Grace,female,100,25751
Aaron,USA,Aaron,male,100,19401
Nobutaka,Japan,Nobutaka,male,100,36
Amare,China,Amare,male,75,4
Jiayue,China,Jiayue,female,67,3
Clément,France,Clément,male,98,6689
Andreas,NETHERLANDS,Andreas,male,100,231
Shoi,Japan,Shoi,male,75,4
Tobias,UK,Tobias,male,100,17675
Patrícia,UK,Patrícia,female,98,5210
Dongya,China,Dongya,male,67,6
Szilárd,Hungary,Szilárd,male,99,612
Hua-Jie,China,Jie,male,63,867
Gaoxiang,China,Gaoxiang,male,80,5
Yulian,Ukraine,Yulian,male,100,9
José,Switzerland,José,male,99,480
Subhajit,India,Subhajit,male,100,912
Gianluca,Sweden,Gianluca,male,100,6
Gabriele,Netherlands,Gabriele,male,61,31
Rainer,GERMANY,Rainer,male,99,4309
Daniel,Spain,Daniel,male,99,25559
Luqiong,France,Luqiong,female,75,4
Prasenjit,Ireland,Prasenjit,male,100,920
Yan,GERMANY,Yan,female,100,29
Jian,China,Jian,male,93,610
Jens,DENMARK,Jens,male,99,1188
Jerome,GERMANY,Jerome,male,99,543
Yuchuan,SINGAPORE,Yuchuan,male,75,4
Yin-Shan,China,Shan,female,65,271
Jie,Singapore,Jie,male,57,37
Qingyun,USA,Qingyun,male,67,3
Jeremy,USA,Jeremy,male,100,16054
Yan,Singapore,Yan,male,60,164
Yi-Tao,China,Tao,male,89,751
Sebastian,Germany,Sebastian,male,100,13809
Lilia,Poland,Lilia,female,97,64
Hanna,Germany,Hanna,female,96,974
Yu-Rong,Taiwan,Rong,male,58,31
Kaikai,China,Kaikai,male,90,20
Alessandro,UK,Alessandro,male,99,79631
Neso,LEBANON,Neso,female,100,3
Motohiro,Hungary,Motohiro,male,100,44
Tianyue,Australia,Tianyue,female,63,8
Yanan,China,Yanan,female,78,58
Wan-Shan,Hungary,Shan,male,60,5
Yi,China,Yi,male,73,459
Mathis,Germany,Mathis,male,99,77
Takayoshi,Japan,Takayoshi,male,100,84
Yongzhen,Spain,Yongzhen,male,88,17
Sang,USA,Sang,male,92,174
Dongxu,China,Dongxu,male,100,21
Catherine,USA,Catherine,female,99,6220
Lukas,Germany,Lukas,male,100,3730
Yulin,China,Yulin,male,55,29
Xiaojie,China,Xiaojie,male,51,43
Weili,China,Weili,male,53,17
Erica,ITALY,Erica,female,98,3040
Congjun,China,Congjun,male,75,4
Mohammad,Germany,Mohammad,male,99,452
Torsten,Spain,Torsten,male,100,25
Nikita,France,Nikita,female,83,417
Huang,GERMANY,Huang,male,88,8
Weibing,Singapore,Weibing,male,100,4
Samuel,Switzerland,Samuel,male,99,846
Byeongchan,Korea,Byeongchan,male,100,7
Kohei,Germany,Kohei,male,100,3
Giorgio,Italy,Giorgio,male,99,22104
Hyeohn,Republic of Korea,,,,
Lu,China,Lu,male,56,370
Adam,USA,Adam,male,100,23089
Peigeng,China,Peigeng,male,75,4
Anthony,Australia,Anthony,male,100,1174
Ting,China,Ting,female,81,465
Abhisek,India,Abhisek,male,100,597
Lenne,Netherlands,Lenne,female,100,6
Ignacio,Spain,Ignacio,male,99,4124
Hideyuki,Hungary,Hideyuki,male,100,204
Huapeng,China,Huapeng,male,75,4
Luo-Yan,UNITED,Luo-Yan,male,73,9032
Teng,China,Teng,male,78,95
Kai-Kai,China,Kai,male,95,430
Yan,China,Yan,female,69,1535
Taeyeon,China,Taeyeon,female,68,59
Peter,USA,Peter,male,100,15502
Cheng,USA,Cheng,male,77,149
Samira,USA,Samira,female,99,234
Ryan,Canada,Ryan,male,99,2741
Frank,NETHERLANDS,Frank,male,99,4319
Ying,CHINA,Ying,female,86,923
Junpeng,Germany,Junpeng,male,100,13
Mohammad,SWEDEN,Mohammad,male,98,244
Katja,FINLAND,Katja,female,95,696
Xuelei,Korea,Xuelei,unknown,50,6
Ming,China,Ming,male,83,826
Jana,Germany,Jana,female,98,4230
Lianli,China,Lianli,female,75,4
Subin,Korea,Subin,male,93,879
Enquan,China,,,,
Tatsuyoshi,Japan,Tatsuyoshi,male,100,10
Weijiang,China,Weijiang,male,75,4
Nate,Germany,Nate,male,75,56
Yubo,China,Yubo,male,93,14
Derek,UK,Derek,male,99,15838
Jianhang,CHINA,Jianhang,male,100,4
Carsten,Germany,Carsten,male,100,4032
Yufeng,Japan,Yufeng,male,75,4
Ting,China,Ting,female,81,465
Niankun,China,Niankun,male,75,4
Tianyu,China,Tianyu,male,87,46
Nico,Germany,Nico,male,98,5061
Yiguang,China,Yiguang,male,100,4
Tian,China,Tian,male,62,367
Till,Germany,Till,male,100,100
Rakesh,India,Rakesh,male,100,16478
Ying,China,Ying,female,86,923
Kai,China,Kai,male,95,430
Valerie,Canada,Valerie,female,99,460
Li,China,Li,male,68,1023
Aurélien,Belgium,Aurélien,male,99,154
Dong-Hao,USA,Dong,male,91,136
Ramesh,GERMANY,Ramesh,male,100,32
Sascha,Germany,Sascha,male,99,11090
Amandine,Russia,Amandine,female,100,3
Yu,USA,Yu,male,64,274
Karl,Germany,Karl,male,96,3903
Valeria,Germany,Valeria,female,95,257
Michael,GERMANY,Michael,male,100,30913
Zhenping,Germany,Zhenping,male,86,7
Chang-Xin,CHINA,Chang,male,65,264
Matteo,Spain,Matteo,male,99,199
Simon,UK,Simon,male,98,57458
Felix,Germany,Felix,male,99,4905
Soohyun,Republic of Korea,Soohyun,female,53,98
Xianbao,China,Xianbao,male,75,4
Huaquan,Germany,Huaquan,male,75,4
Artur,Germany,Artur,male,99,1509
Ping,USA,Ping,male,56,90
Peng,USA,Peng,male,91,133
Raffael,USA,Raffael,male,100,16
Renée,Germany,Renée,female,74,27
Thanthapatra,Thailand,,,,
Chen,China,Chen,male,61,2046
Jagadeesh,Republic of Korea,Jagadeesh,male,100,1234
Jacob,USA,Jacob,male,100,13097
Ren-Gen,China,Gen,male,72,25
Sisi,China,Sisi,female,96,130
Chao,China,Chao,male,88,554
Qiao,Hong Kong,Qiao,male,75,4
Shotaro,Japan,Shotaro,male,100,106
Tao,Germany,Tao,male,91,33
Mariano,USA,Mariano,male,100,304
Mimi,China,Mimi,female,85,143
Chenglong,China,Chenglong,male,100,29
Bing,China,Bing,male,71,379
Shantanu,Switzerland,Shantanu,male,100,1727
Thorsten,GERMANY,Thorsten,male,99,4876
Andreas,GERMANY,Andreas,male,99,21215
Christopher,USA,Christopher,male,100,26017
Rui-An,China,An,male,66,109
Huan,China,Huan,male,60,190
Biming,China,,,,
Shuai,China,Shuai,male,92,169
Qingxue,China,Qingxue,male,80,5
Ge,China,Ge,male,83,75
Fen,China,Fen,female,77,62
Yu,China,Yu,male,73,664
Rongrong,China,Rongrong,female,83,35
Lin,Australia,Lin,female,57,35
Daouda,France,Daouda,male,100,284
Ioanna,Japan,Ioanna,female,97,1325
Xiaogang,SINGAPORE,Xiaogang,male,75,4
Luiz,Brazil,Luiz,male,100,8801
Xianjin,Germany,Xianjin,male,67,6
Jian,China,Jian,male,93,610
Ting,China,Ting,female,81,465
Franziska,Germany,Franziska,female,98,2591
Julien,Australia,Julien,male,99,74
Hui,China,Hui,male,54,700
Mari,USA,Mari,female,97,1183
Zhaoming,China,Zhaoming,male,100,4
Yinhua,China,Yinhua,female,93,30
Samir,Germany,Samir,male,95,1204
Ding,China,Ding,male,64,250
Jin-Sen,China,Sen,male,86,105
Hiroki,Japan,Hiroki,male,100,933
Carla,Australia,Carla,female,100,94
Shuanggen,China,,,,
Kun,UK,Kun,male,79,1288
Luis,Spain,Luis,male,99,43667
Yingjie,China,Yingjie,male,81,37
Jin-Xia,China,Xia,female,67,256
Yumeng,USA,Yumeng,female,86,7
Jean-François,France,Jean-François,male,99,3014
Sandrine,Spain,Sandrine,female,100,100
Xiaoqing,USA,Xiaoqing,female,100,8
Olaf,Germany,Olaf,male,99,2670
Jeishla,USA,Jeishla,female,75,4
Jen-Shyang,China,Jen,female,82,57
Lihao,China,Lihao,male,93,14
Caiyan,CHINA,Caiyan,female,100,3
Renzhi,CHINA,Renzhi,male,67,3
Hongtao,USA,Hongtao,male,86,7
Michele,Spain,Michele,male,59,305
Yueqiang,USA,Yueqiang,male,75,4
Weihong,CHINA,Weihong,male,56,16
Kai,China,Kai,male,95,430
Yu-Ting,Taiwan,Yu-Ting,female,78,51
Weiwei,China,Weiwei,female,63,221
Derek,USA,Derek,male,100,8119
Liu,UK,Liu,male,58,3021
Ratnadip,Germany,Ratnadip,male,100,44
Xiangyang,Taiwan,Xiangyang,male,90,29
Alexander,Canada,Alexander,male,100,600
Qihao,France,Qihao,male,100,7
Eder,France,Eder,male,89,28
Evan,USA,Evan,male,98,6584
Ye-Hui,China,Ye,male,68,196
Vesna,USA,Vesna,female,100,48
Huizeng,China,,,,
Sarah,UNITED,Sarah,female,98,127402
Yuma,Japan,Yuma,male,84,140
Kyle,USA,Kyle,male,99,17235
Benny,Singapore,Benny,male,98,114
Uday,USA,Uday,male,100,111
Zhong,UNITED,Zhong,male,73,314
D,Germany,,,,
Chuanli,UK,Chuanli,female,67,3
Jinqiao,China,Jinqiao,male,75,4
Zhuoer,China,Zhuoer,unknown,50,2
Satoru,SWITZERLAND,Satoru,male,99,418
Zhonghao,China,Zhonghao,male,86,7
Eunsoo,USA,Eunsoo,female,100,3
Chengyu,USA,Chengyu,male,75,4
Dongyi,Italy,Dongyi,male,67,15
Andrew,Australia,Andrew,male,100,3172
Torsten,Germany,Torsten,male,99,4534
Yunfei,China,Yunfei,male,91,35
Bowen,CHINA,Bowen,male,92,64
Hiroshi,Japan,Hiroshi,male,99,1448
Yulin,China,Yulin,male,55,29
Tak,USA,Tak,male,97,31
Xiang,China,Xiang,male,76,414
Hao,Germany,Hao,male,91,23
Xiangyuan,China,Xiangyuan,male,100,4
Hiromu,Japan,Hiromu,male,100,45
James,UK,James,male,99,131879
Radosław,Poland,Radosław,male,100,2625
Anne,Germany,Anne,female,98,5064
Yuki,Japan,Yuki,male,61,1797
Long,USA,Long,male,100,89
Chen,China,Chen,male,61,2046
Liyuan,China,Liyuan,female,54,28
Laihao,China,,,,
Christian,USA,Christian,male,100,48214
Minghui,Netherlands,Minghui,male,61,51
Jingjing,China,Jingjing,female,89,198
Qiming,China,Qiming,male,95,19
Suicai,China,,,,
M,Austria,,,,
Martin,Germany,Martin,male,99,14619
Lambert,France,Lambert,male,78,398
Wing-Kei,China,Kei,male,56,27
Liu-Pan,China,Pan,male,64,299
Wen-Chao,USA,Chao,male,91,112
Pratap,Singapore,Pratap,male,100,4
Jiaonan,USA,,,,
Mark,UK,Mark,male,100,48064
Jian-An,Italy,Jian,male,96,26
Wen-Yang,USA,Yang,male,69,340
Gancheng,China,,,,
Fabian,Germany,Fabian,male,99,4595
Kiron,Germany,Kiron,male,100,3
Jan,Switzerland,Jan,male,98,828
Sudip,Germany,Sudip,male,75,4
Leilei,USA,Leilei,female,100,5
Qingwei,China,Qingwei,male,100,14
Fang-Che,Taiwan,Che,male,75,24
Miao,USA,Miao,female,73,30
Mingzhe,Australia,Mingzhe,male,96,51
Hai-Sen,China,Sen,male,86,105
Xiaopeng,Korea,Xiaopeng,male,92,51
Ling-Ling,China,Ling,female,82,646
Da,China,Da,male,91,75
Wei,USA,Wei,male,75,391
Marion,Australia,Marion,female,100,88
Kun-Yu,USA,Kun,male,82,71
Huangtianzhi,China,,,,
Uttam,Germany,Uttam,male,100,5
Linlin,China,Linlin,female,76,112
Henrik,Germany,Henrik,male,93,783
Meiyuan,China,Meiyuan,female,75,4
Tariq,India,Tariq,male,100,502
Aitao,China,,,,
Duy-Khiet,France,Duy,male,96,26
Jian,China,Jian,male,93,610
Zhengong,Canada,,,,
Chuang,China,Chuang,male,89,38
Emily,USA,Emily,female,99,20625
Julien,France,Julien,male,99,61396
Runhai,China,,,,
Ming,China,Ming,male,83,826
Chunjun,China,Chunjun,male,100,4
Marco,Japan,Marco,male,99,187
Johannes,Germany,Johannes,male,99,3611
Dominika,Austria,Dominika,female,100,26
Hyo-Jung,Republic of Korea,Hyo-Jung,female,100,7
Yun,China,Yun,female,53,415
Congcong,Australia,Congcong,female,63,19
Tyler,Australia,Tyler,male,95,129
Maximilian,Germany,Maximilian,male,98,1949
Yifan,Japan,Yifan,female,67,3
Amit,South Korea,Amit,male,100,4
Yangzhouyun,South Korea,,,,
Suzuka,Japan,Suzuka,female,91,11
Haodong,China,Haodong,male,80,5
Vladislav,USA,Vladislav,male,100,56
Jinny,South Korea,Jinny,female,78,91
Romain,France,Romain,male,99,31252
Sebastian,Germany,Sebastian,male,100,13809
Min,China,Min,female,56,572
Eiki,Japan,Eiki,male,95,22
Takumi,Japan,Takumi,male,99,389
Jing,China,Jing,female,78,1267
Xinqing,China,Xinqing,male,75,4
Lei,USA,Lei,male,57,231
Jie,Germany,Jie,female,73,15
Peilin,China,Peilin,unknown,50,8
Jake,UK,Jake,male,98,19342
Jana,Germany,Jana,female,98,4230
Elaine,USA,Elaine,female,99,3079
Xuedong,China,Xuedong,male,91,11
Yongyuan,China,Yongyuan,male,67,3
Wenjin,China,Wenjin,male,62,13
Shujun,China,Shujun,male,55,11
Roman,UK,Roman,male,100,7094
Shigeki,Singapore,Shigeki,male,100,3
Xiao-Li,China,Li,male,68,1023
Weiyan,Taiwan,Weiyan,female,89,9
Xiangyu,China,Xiangyu,male,57,60
Andrew,USA,Andrew,male,100,34858
Ki-Young,USA,Young,male,100,51
Sebastian,France,Sebastian,male,99,432
Jeffrey,Germany,Jeffrey,male,99,238
Haipeng,Sweden,Haipeng,male,93,29
David,Netherlands,David,male,99,2101
Miguel,Japan,Miguel,male,99,153
Zhenyou,Germany,Zhenyou,male,67,3
Jin-Fa,Canada,Jin,male,75,52
Gilles,Germany,Gilles,male,95,57
Woojae,Germany,Woojae,male,75,4
Daisuke,Japan,Daisuke,male,100,1249
Yantao,France,Yantao,male,93,15
Lynn,New Zealand,Lynn,female,90,30
Diana,France,Diana,female,97,1663
Zhuxing,USA,,,,
Guannan,China,Guannan,male,58,12
Chenchen,China,Chenchen,female,65,60
Wing,Germany,,,,
Hui,China,Hui,male,54,700
Xiaolei,China,Xiaolei,male,73,59
Chun-Lin,China,Chun,male,61,148
Ning-Xin,Japan,Ning,female,75,8
Qian,Germany,Qian,female,70,10
Zhenhua,USA,Zhenhua,male,92,12
Johannes,Germany,Johannes,male,99,3611
Yuling,France,Yuling,female,75,4
Benjamin,China,Benjamin,male,100,239
Chunyin,USA,Chunyin,male,85,13
Pengsong,UK,,,,
Klaus,Germany,Klaus,male,98,10045
Fu-Peng,China,Peng,male,85,704
Feng,China,Feng,male,82,850
Debattam,India,Debattam,male,100,6
Shao-Ping,FRANCE,Shao,male,92,13
Ao,USA,Ao,male,70,30
Susanne,USA,Susanne,female,99,452
Rahul,ROC,Rahul,male,100,44776
Umberto,Switzerland,Umberto,male,100,47
Maxim,Germany,Maxim,male,97,454
Christopher,Belgium,Christopher,male,99,678
Dmitry,RUSSIAN,Dmitry,male,100,8556
Teresa,Germany,Teresa,female,97,539
Yucheng,Germany,Yucheng,male,75,4
Baptiste,Russia,Baptiste,male,75,4
Zhixue,Canada,Zhixue,male,75,4
Jie,China,Jie,male,63,867
Hejiang,China,Hejiang,male,75,4
Malte,France,Malte,male,100,5
Hang,France,,,,
Shasha,Singapore,Shasha,female,98,51
Le,USA,Le,male,54,275
Gemeng,Australia,,,,
Thangavel,India,Thangavel,male,100,80
Yao,China,Yao,male,58,406
Chetan,India,Chetan,male,100,6181
Shide,China,Shide,male,100,3
Qiangzhe,USA,,,,
Xuanyu,USA,Xuanyu,male,75,4
Meng,USA,Meng,male,52,118
Ammar,Germany,Ammar,male,95,109
Xiaoze,France,Xiaoze,unknown,50,2
Emiko,USA,Emiko,female,98,41
I,USA,,,,
Huijun,China,Huijun,female,58,12
Paul,USA,Paul,male,100,28746
Jay,UNITED,Jay,male,93,45116
Rui,China,Rui,male,66,439
Akio,Japan,Akio,male,99,211
Mengwei,China,Mengwei,unknown,50,4
Hou-Ping,China,Hou,male,61,99
Cédric,France,Cédric,male,99,9404
Kaitlin,USA,Kaitlin,female,99,1494
Zhongchao,China,Zhongchao,male,75,4
Jonas,Germany,Jonas,male,99,2401
Eric,Spain,Eric,male,98,2491
Xu-Man,USA,Man,male,89,123
Keita,Japan,Keita,male,99,384
Miguel,UK,Miguel,male,99,89766
Qingquan,China,Qingquan,male,100,3
Michael,Belgium,Michael,male,99,4276
Weiping,Germany,Weiping,unknown,50,2
Ying-Ming,China,Ying,female,86,923
Lucas,USA,Lucas,male,99,3684
Cheng,USA,Cheng,male,77,149
Haiwang,China,Haiwang,male,75,4
Chase,USA,Chase,male,100,35422
Liu,China,Liu,male,59,1631
Chenguang,China,Chenguang,male,100,18
Benjamin,USA,Benjamin,male,100,9079
Weijia,Germany,Weijia,male,75,4
Guohai,Germany,Guohai,male,75,4
Camilla,Italy,Camilla,female,98,3098
Michael,Spain,Michael,male,97,1973
Fan,China,Fan,male,65,507
Florian,Germany,Florian,male,99,9022
Sebastian,Germany,Sebastian,male,100,13809
Manabu,Japan,Manabu,male,99,238
Shufang,China,Shufang,female,88,8
Jun,China,Jun,male,83,1190
Yanjun,UK,Yanjun,male,61,56
Rui,USA,Rui,male,81,256
Mohammed,Japan,Mohammed,male,100,30
Karen,Germany,Karen,female,91,489
Philipp,Germany,Philipp,male,99,5871
Martin,Germany,Martin,male,99,14619
Ravi,Germany,Ravi,male,95,55
Mégane,France,Mégane,female,97,1318
Marcel,Germany,Marcel,male,99,13238
Biao,China,Biao,male,96,45
Ran,China,Ran,male,51,220
Jiajie,China,Jiajie,male,80,20
Fabian,Germany,Fabian,male,99,4595
Fangfei,China,Fangfei,female,83,6
Christian,USA,Christian,male,100,48214
Guangwu,Japan,Guangwu,male,75,4
Yuanshuai,China,,,,
Xin,Japan,Xin,male,61,23
Shuai,China,Shuai,male,92,169
Stefan,Switzerland,Stefan,male,99,2521
Zheng,USA,Zheng,male,85,108
Chencheng,Singapore,Chencheng,male,73,11
Shigang,China,,,,
Connor,USA,Connor,male,98,2956
Florian,Germany,Florian,male,99,9022
Ania,Germany,Ania,female,94,364
Xiaoxiao,China,Xiaoxiao,female,76,164
Yuji,USA,Yuji,male,100,29
Jilai,China,Jilai,male,75,4
Yue,China,Yue,female,54,508
Miguel,Switzerland,Miguel,male,99,887
Sebastian,Germany,Sebastian,male,100,13809
Lena,Germany,Lena,female,97,3659
Christian,Sweden,Christian,male,100,48300
Hong,Singapore,Hong,male,73,80
Tobias,Netherlands,Tobias,male,97,184
Chen-Ming,USA,Ming,male,73,237
Xin,Germany,Xin,male,71,21
Brendan,Germany,Brendan,male,100,21
Jiawei,Germany,Jiawei,male,79,127
Jin,Saudi Arabia,Jin,male,100,12
Shixin,Japan,Shixin,male,75,4
Jialuo,USA,,,,
Zhujun,Japan,Zhujun,female,80,15
Liu-Yi,China,Yi,male,73,459
Hailong,USA,Hailong,male,100,3
Anja,GERMANY,Anja,female,98,6430
Hagen,Germany,Hagen,male,99,374
Shang,USA,Shang,male,88,33
Hunter,USA,Hunter,male,100,15629
Srinivasa,India,Srinivasa,male,100,660
Prathama,INDIA,Prathama,female,100,17
Shota,Japan,Shota,male,100,594
Anirban,USA,Anirban,male,100,49
Katsuhiko,CHINA,Katsuhiko,male,75,4
Weichuan,China,Weichuan,male,75,4
Habibul,India,Habibul,male,100,11
Tong,USA,Tong,male,69,86
Atul,USA,Atul,male,100,157
Xiaowen,Romania,Xiaowen,female,67,67
Zhen,Australia,Zhen,male,71,7
Julian,Austria,Julian,male,88,329
Etienne,UK,Etienne,male,97,7934
Sebastian,USA,Sebastian,male,99,1962
Renato,Spain,Renato,male,99,311
Donghui,China,Donghui,male,78,9
Wei,China,Wei,male,76,1859
Fabian,UK,Fabian,male,99,25659
Álvaro,Germany,Álvaro,male,100,11
Haixiang,USA,Haixiang,unknown,50,2
Zhu,Korea,Zhu,male,61,674
Fabian,Switzerland,Fabian,male,100,1040
Nina,France,Nina,female,96,5569
Ming-Yu,China,Ming,male,83,826
Ji-Long,China,Ji,male,82,92
Bowen,China,Bowen,male,92,64
Ryan,Canada,Ryan,male,99,2741
Mengna,China,Mengna,female,100,3
Mohammad,Germany,Mohammad,male,99,452
Soraya,Spain,Soraya,female,98,3004
Peter,Germany,Peter,male,99,21321
Guangcai,India,Guangcai,male,100,4
Lilin,USA,Lilin,female,100,3
Yuxia,USA,Yuxia,female,100,4
Xiao-Ru,China,Xiao,male,56,757
Ina,NETHERLANDS,Ina,female,98,437
Wenyuan,USA,Wenyuan,male,80,5
Vladimir,Russia,Vladimir,male,99,5819
Huiyun,Switzerland,Huiyun,female,75,12
Chunhua,China,Chunhua,female,88,57
Jiancheng,Germany,Jiancheng,male,100,23
Silvia,Portugal,Silvia,female,99,2941
Santanu,Germany,Santanu,male,100,1272
Fan,China,Fan,male,65,507
Yilai,China,Yilai,female,75,4
Carolin,Germany,Carolin,female,97,1329
Hongping,USA,Hongping,female,75,4
Xinglong,Korea,Xinglong,male,100,11
Cornelia,Germany,Cornelia,female,99,1365
Joshua,Japan,Joshua,male,100,111
Dong-Dong,Saudi Arabia,Dong,male,60,10
Johanna,France,Johanna,female,97,3856
Sung,Republic of Korea,Sung,male,87,992
Meng,Canada,Meng,male,57,14
Li-Jun,USA,Jun,male,86,387
Lu,Germany,Lu,female,100,98
Haidong,China,Haidong,male,97,32
Maxim,USA,Maxim,male,100,3892
Hao,China,Hao,male,89,723
Yuzhong,USA,Yuzhong,male,90,10
Jens,Serbia,Jens,male,75,4
Satoshi,Japan,Satoshi,male,100,1038
Tjark,Germany,Tjark,male,98,47
Zhong-Kun,Germany,Kun,male,85,20
Arun,UNITED,Arun,male,99,24419
Ye,China,Ye,male,68,196
Chun-Chao,China,Chao,male,88,554
Jingjing,USA,Jingjing,female,86,29
Leyong,China,Leyong,male,75,4
Jianyan,Sweden,Jianyan,male,75,4
Tan-Hao,China,Hao,male,89,723
Yaping,China,Yaping,female,68,34
Kuntrapakam,India,,,,
Markus,Canada,Markus,male,100,73
Mpeyake,South Korea,,,,
Rongying,China,Rongying,unknown,50,2
Rafael,Spain,Rafael,male,99,11316
Benjamin,AUSTRALIA,Benjamin,male,100,493
Song,Germany,Song,male,100,74
Suman,India,Suman,male,72,4850
Yuli,China,Yuli,female,66,29
Cheng,Singapore,Cheng,male,74,87
Hyunki,USA,Hyunki,male,97,34
Yamei,China,Yamei,female,100,8
Xin,China,Xin,male,62,851
Gerard,USA,Gerard,male,100,4721
Yubin,China,Yubin,male,89,18
Yuanxin,China,Yuanxin,male,75,4
Feng,China,Feng,male,82,850
Qinggong,China,,,,
Takayoshi,Japan,Takayoshi,male,100,84
Jiaguo,Singapore,Jiaguo,male,75,4
Victor,France,Victor,male,97,5389
Lu,China,Lu,male,56,370
Alif,Australia,Alif,male,75,4
Kaiya,China,Kaiya,female,100,4475
Maciej,Poland,Maciej,male,100,12808
Peipei,UK,Peipei,female,87,126
Max,Australia,Max,male,98,351
Nan,China,Nan,male,62,336
Nurcan,USA,Nurcan,female,100,5
Tobias,Germany,Tobias,male,100,9929
Ying,China,Ying,female,86,923
Isao,Japan,Isao,male,100,180
Dongping,China,Dongping,female,67,3
Long,Germany,Long,male,100,89
Oleksii,USA,Oleksii,male,75,4
Nanami,Republic of Korea,Nanami,female,96,134
Xiaolei,Singapore,Xiaolei,male,67,94
Shao,CHINA,Shao,male,63,94
Zechao,Germany,Zechao,male,75,4
Hanusch,Germany,Hanusch,male,75,4
Guo-Feng,Germany,Guo,male,100,4
Yushuang,China,Yushuang,female,75,4
Max,France,Max,male,98,12784
Jingyun,Singapore,Jingyun,female,63,16
Van-Nghia,Republic of Korea,Nghia,male,94,898
Miguel,Spain,Miguel,male,99,40797
Luis,Spain,Luis,male,99,43667
Qi,China,Qi,male,73,234
Hejian,USA,Hejian,male,75,4
Qing,China,Qing,female,54,451
Jie,China,Jie,male,63,867
Hongjian,USA,Hongjian,male,75,4
Riki,Japan,Riki,male,98,55
Wenhan,China,Wenhan,male,88,8
Juri,USA,Juri,unknown,50,24
Meiru,China,Meiru,female,75,4
Alexander,Germany,Alexander,male,98,11884
Anna,USA,Anna,female,99,11850
Mizuho,Japan,Mizuho,female,80,49
Qian,China,Qian,female,65,385
Yanyan,China,Yanyan,female,89,122
Xufang,China,Xufang,male,75,4
Yiyuan,Australia,Yiyuan,unknown,50,16
Yasmine,USA,Yasmine,female,100,4170
Deshuang,Spain,,,,
Jing,China,Jing,female,78,1267
Adrian,Finland,Adrian,male,100,16
Thomas,France,Thomas,male,98,35110
Wenhui,Israel,Wenhui,female,58,57
Won-Woo,Republic of Korea,Won-Woo,male,85,1191
Pei,USA,Pei,male,54,35
Yong,USA,Yong,male,82,158
D,UK,,,,
Valerio,UK,Valerio,male,99,10686
Daniel,Germany,Daniel,male,99,22784
Lipiao,Germany,,,,
Avishek,France,Avishek,male,75,4
Zhongyong,USA,Zhongyong,male,75,4
Joohyuk,UK,Joohyuk,male,100,4
Chihiro,Japan,Chihiro,female,69,219
Torben,Germany,Torben,male,100,863
Yan,Netherlands,Yan,male,67,30
Xiaojun,Germany,Xiaojun,male,75,4
Pauline,China,Pauline,female,98,59
Luke,UK,Luke,male,99,21252
Joseph,USA,Joseph,male,100,21534
Junjun,USA,Junjun,male,83,12
Erik,Austria,Erik,male,100,92
Chun-Shuai,China,Shuai,male,92,169
Wenyao,China,Wenyao,male,83,6
Jilai,China,Jilai,male,75,4
Kevin,Switzerland,Kevin,male,99,1904
Dong,China,Dong,male,79,528
Huan,China,Huan,male,60,190
Kyle,USA,Kyle,male,99,17235
Kathrin,Germany,Kathrin,female,98,2824
Hyun,USA,Hyun,male,74,61
Thijs,India,Thijs,male,99,1462
Cristóbal,Poland,Cristóbal,male,75,4
Yuanxin,Netherlands,Yuanxin,unknown,50,4
Yi,Singapore,Yi,male,71,35
Lehui,CHINA,Lehui,male,75,4
2,,,male,67,3
Yan-Fang,Germany,Yan,female,100,29
Hui,China,Hui,male,54,700
Matthew,Australia,Matthew,male,100,1765
Nadine,Germany,Nadine,female,98,8665
Joseph,USA,Joseph,male,100,21534
Nobuhiro,Japan,Nobuhiro,male,100,113
Peter,France,Peter,male,98,2446
Yongjin,China,Yongjin,male,100,7
Man-Bo,Sweden,Bo,male,99,529
Christian,Germany,Christian,male,100,86
Shutao,CHINA,Shutao,male,100,5
James,China,James,male,98,1570
Zhu,China,Zhu,male,61,457
Hong-Qing,China,Hong,female,58,636
Peng-Bo,UK,Peng-Bo,male,85,6742
Valiallah,USA,Valiallah,male,75,4
Amit,Germany,Amit,male,100,63
Si-Hua,USA,Si,male,75,87
Yunqin,China,Yunqin,female,100,3
Yueyu,China,Yueyu,female,75,4
Chen,USA,Chen,male,61,302
Min,China,Min,female,56,572
Robert,UK,Robert,male,99,145540
Long,China,Long,male,100,89
Congdi,Taiwan,,,,
Jun-Liang,USA,Liang,male,87,106
Jun,South Korea,Jun,male,96,1157
Yongyang,Australia,Yongyang,male,100,5
Chao,China,Chao,male,88,554
Mathis,Germany,Mathis,male,99,77
Jaime,Netherlands,Jaime,male,95,74
Yan,USA,Yan,male,63,365
Hua,Switzerland,Hua,male,52,891
Seunghwa,Switzerland,Seunghwa,male,88,16
Jianbo,UK,Jianbo,male,100,38
Jianguo,China,Jianguo,male,97,31
Miguel,Switzerland,Miguel,male,99,887
Zheng,China,Zheng,male,75,502
Koichi,Japan,Koichi,male,99,394
Xingshu,Republic of Korea,Xingshu,unknown,50,2
Nan,Germany,Nan,female,62,47
Zhao,China,Zhao,male,67,583
Tomohiro,Japan,Tomohiro,male,100,395
Haixiao,China,Haixiao,male,83,6
Hui,China,Hui,male,54,700
Tzu-Yu,USA,Yu,male,64,274
Shivani,India,Shivani,female,99,2341
Chunlan,China,Chunlan,female,100,14
Cuixia,Germany,Cuixia,female,75,4
Lin,China,Lin,female,50,1431
Morten,Denmark,Morten,male,100,1806
Zhenbo,Japan,Zhenbo,male,100,7
Xuping,China,Xuping,male,67,3
Alba,Spain,Alba,female,98,10004
Immacolata,Italy,Immacolata,female,97,362
Peng,China,Peng,male,85,704
Nobutaka,Japan,Nobutaka,male,100,36
Haobing,Japan,Haobing,male,75,4
Natalie,USA,Natalie,female,99,7586
Yu,Germany,Yu,male,52,60
Shun-Fa,Japan,Shun,male,99,555
Shuoqing,AUSTRALIA,Shuoqing,male,75,4
Yijing,China,Yijing,female,73,15
Yinna,China,Yinna,female,67,3
Gerardo,France,Gerardo,male,95,55
Hongyu,China,Hongyu,male,71,51
Mu,Australia,Mu,male,57,7
Nabil,Netherlands,Nabil,male,97,207
Tao,China,Tao,male,89,751
Guangcan,Belgium,Guangcan,male,75,4
Van,USA,Van,male,96,3715
Sebastian,Germany,Sebastian,male,100,13809
Wenjuan,China,Wenjuan,female,100,33
Indrek,Germany,Indrek,male,98,223
Shuyuan,China,Shuyuan,male,57,7
Panpan,China,Panpan,female,69,32
Janine,Belgium,Janine,female,97,97
Roman,Germany,Roman,male,100,66
Wen-Jun,China,Jun,male,83,1190
Yumeng,USA,Yumeng,female,86,7
Min,China,Min,female,56,572
Joji,Australia,Joji,male,83,6
Xingye,China,Xingye,male,75,4
Chao,China,Chao,male,88,554
Vadym,Ukraine,Vadym,male,100,209
Qian,Germany,Qian,female,70,10
Lin,USA,Lin,female,73,465
Shekhar,USA,Shekhar,male,100,41
Francesco,Austria,Francesco,male,100,57
Victoria,USA,Victoria,female,98,8761
Timo,Germany,Timo,male,100,4802
Xihao,China,Xihao,male,75,4
Azusa,Japan,Azusa,female,93,117
Jiajia,Germany,Jiajia,female,76,182
Zixin,USA,Zixin,female,100,3
Youchao,China,Youchao,male,75,4
Songyuan,China,Songyuan,male,75,4
Susana,Spain,Susana,female,98,11386
Davide,Spain,Davide,male,99,299
Yaqi,China,Yaqi,female,69,16
Daniel,Netherlands,Daniel,male,98,2242
Yong,China,Yong,male,95,502
Jiawang,Germany,Jiawang,male,100,6
Pai,Belgium,Pai,female,75,4
Shasha,USA,Shasha,female,97,39
Sebastian,AUSTRIA,Sebastian,male,100,661
Kaidi,China,Kaidi,female,71,7
Christian,Germany,Christian,male,100,86
Yonglei,China,Yonglei,male,75,4
Vu,USA,Vu,male,90,172
Michał,Poland,Michał,male,100,30420
Dillon,China,Dillon,male,100,7
Ke-Na,China,Na,female,92,72
Guoqin,USA,Guoqin,male,75,4
Minmin,Kingdom,Minmin,unknown,50,248
Alice,Poland,Alice,female,96,98
Jing,China,Jing,female,78,1267
Kai,China,Kai,male,95,430
Bruno,Spain,Bruno,male,99,2136
Xinjiang,Germany,Xinjiang,male,100,6
Toshiki,Japan,Toshiki,male,99,146
Cangsong,Switzerland,,,,
Javid,India,Javid,male,100,184
Zheng,China,Zheng,male,75,502
Tsuyoshi,Japan,Tsuyoshi,male,100,399
Jige,China,Jige,male,75,4
Angelina,Germany,Angelina,female,98,900
Ross,USA,Ross,male,98,3102
Christoph,Germany,Christoph,male,100,5773
Haruka,Spain,Haruka,female,83,6
Yue,USA,Yue,female,60,139
Revannath,Germany,Revannath,male,100,7
Jie,China,Jie,male,63,867
Sumin,USA,Sumin,female,70,10
Xianhai,Saudi Arabia,Xianhai,unknown,50,2
Johannes,Germany,Johannes,male,99,3611
Fei,China,Fei,male,69,629
Min,USA,Min,male,56,258
Wataru,Japan,Wataru,male,100,276
Sanghyeon,Republic of Korea,Sanghyeon,male,100,27
Jian-Xin,China,Jian,male,93,610
Yingwei,USA,Yingwei,female,75,4
Tatsuhiro,Japan,Tatsuhiro,male,100,29
Mineto,Japan,Mineto,female,75,4
Weihui,China,Weihui,female,67,3
Reiko,Chile,Reiko,female,75,4
Sarah,Germany,Sarah,female,98,9213
Sandra,Spain,Sandra,female,99,20084
SangWook,Germany,Sangwook,male,98,55
Joshua,USA,Joshua,male,100,20095
Tianbo,China,Tianbo,male,100,3
Jeffrey,USA,Jeffrey,male,100,10439
Pauline,USA,Pauline,female,100,4103
Shubham,France,Shubham,male,100,7
Claudia,Switzerland,Claudia,female,96,1520
Mengxuan,USA,Mengxuan,male,75,4
Qinglong,China,Qinglong,male,100,17
Gi-Hyeok,Republic of Korea,Gi-Hyeok,female,55,1308
Sisi,China,Sisi,female,96,130
Xiaokai,China,Xiaokai,male,86,7
Nurtalya,Spain,,,,
Pengwei,China,Pengwei,male,100,5
Julien,France,Julien,male,99,61396
Clément,Germany,Clément,male,100,19
Jinguo,China,Jinguo,male,86,7
Kevin,Germany,Kevin,male,99,11155
Peng,Singapore,Peng,male,83,41
Jin,China,Jin,male,61,856
Masaya,Japan,Masaya,male,100,274
Natalie,USA,Natalie,female,99,7586
Donglong,Netherlands,Donglong,male,100,3
Christopher,Switzerland,Christopher,male,99,135
William,USA,William,male,100,24483
Mumdooh,Germany,Mumdooh,male,75,4
Patrick,Switzerland,Patrick,male,99,3272
Jiajun,China,Jiajun,male,85,34
Joseph,USA,Joseph,male,100,21534
Yifang,USA,Yifang,male,67,6
Francesca,Italy,Francesca,female,98,42923
Ba,USA,Ba,male,66,61
Daliao,Canada,,,,
Michael,USA,Michael,male,100,65535
Hubert,SOUTH,Hubert,male,98,8761
Bentian,China,Bentian,male,75,4
Jing,China,Jing,female,78,1267
Marco,Germany,Marco,male,99,12863
Enrico,Italy,Enrico,male,99,16401
Yukako,Japan,Yukako,female,100,41
Jen-Shyang,China,Jen,female,82,57
Hans-Werner,Germany,Hans-Werner,male,100,126
Johannes,France,Johannes,male,97,87
Wang,China,Wang,male,62,2224
Phei,China,Phei,female,80,15
Radmila,Switzerland,Radmila,female,100,5
Yong,France,Yong,male,90,21
Alejandro,UK,Alejandro,male,99,45618
Martin,Germany,Martin,male,99,14619
Benedikt,Switzerland,Benedikt,male,100,40
Aske,Sweden,Aske,male,75,4
Jia-Yan,China,Yan,female,69,1535
Wan-Lu,China,Lu,male,56,370
Gadde,Saudi Arabia,Gadde,male,70,37
Xiaolin,USA,Xiaolin,female,60,10
Taotao,China,Taotao,male,72,53
Jie,China,Jie,male,63,867
Alisina,USA,Alisina,male,75,4
Shuang,China,Shuang,female,63,159
Ya-Hang,USA,Ya,female,54,48
Jonas,Germany,Jonas,male,99,2401
Jing,China,Jing,female,78,1267
Guangfeng,China,Guangfeng,male,75,4
Hong,China,Hong,female,58,636
Zhennan,China,Zhennan,male,100,4
Kou,Japan,Kou,male,94,250
Lingheng,China,,,,
Xinwei,Netherlands,Xinwei,male,66,47
Zhangyong,Singapore,Zhangyong,male,100,11
Huanrong,China,Huanrong,unknown,50,2
Shanshan,China,Shanshan,female,97,163
Yanwei,China,Yanwei,male,67,24
Miguel,China,Miguel,male,98,62
Wei,China,Wei,male,76,1859
Junki,Japan,Junki,male,97,63
Wenhao,MALAYSIA,Wenhao,male,97,76
Nicolas,Germany,Nicolas,male,100,664
Jina,USA,Jina,female,96,106
Pan,China,Pan,male,64,299
Ji,Saudi Arabia,Ji,unknown,50,2
Stéphanie,France,Stéphanie,female,97,14084
Shuang,China,Shuang,female,63,159
Hiroto,China,Hiroto,male,75,4
Xingchen,China,Xingchen,male,67,12
Yansong,China,Yansong,male,100,6
Sharmistha,Germany,Sharmistha,female,75,4
Chuanhao,China,Chuanhao,male,75,4
Valentina,USA,Valentina,female,100,15508
Catherina,Austria,Catherina,female,100,3
Sebastian,Germany,Sebastian,male,100,13809
Alexander,Germany,Alexander,male,98,11884
Jiajing,USA,Jiajing,female,100,4
Zheng,China,Zheng,male,75,502
Andreas,Finland,Andreas,male,100,81
Benjamin,UK,Benjamin,male,99,50718
Yongquan,China,Yongquan,male,100,10
Arnar,Germany,Arnar,male,75,4
Wen-Wen,China,Wen,female,52,563
Tomohiro,Japan,Tomohiro,male,100,395
Jimmy,USA,Jimmy,male,99,5671
Hyun,Japan,Hyun,male,80,15
Jun,Germany,Jun,male,85,52
Zhongtao,China,Zhongtao,male,75,4
Shah,China,Shah,male,100,10
Michal,Czech Republic,Michal,male,98,27227
Jens,Germany,Jens,male,99,9230
Ming,China,Ming,male,83,826
Lin,China,Lin,female,50,1431
Xiaofeng,PR.China,Xiaofeng,male,78,167
Xiaoyan,Saudi Arabia,Xiaoyan,female,93,154
Darius,USA,Darius,male,100,23724
Austin,USA,Austin,male,98,8554
Xuelin,China,Xuelin,male,63,8
Lukas,Germany,Lukas,male,100,3730
Jian-Gong,China,Jian,male,93,610
Yufang,GERMANY,Yufang,female,79,29
Mi,China,Mi,male,54,48
Guping,China,,,,
Ming,China,Ming,male,83,826
Kei,Singapore,Kei,male,72,18
Jiazhen,USA,Jiazhen,male,67,3
Hailing,France,Hailing,female,65,17
Yitao,France,Yitao,male,90,20
Keigo,Japan,Keigo,male,100,116
Jiayi,China,Jiayi,female,80,60
Shen-Yi,China,Yi,male,73,459
Richmond,UNITED,Richmond,male,97,1214
Xiao-Tong,China,Tong,male,64,270
Yutao,Singapore,Yutao,male,75,4
Adam,USA,Adam,male,100,23089
Lauren,Australia,Lauren,female,99,540
Koji,Japan,Koji,male,99,780
Mei,China,Mei,female,93,319
Enrique,Portugal,Enrique,male,97,37
Jie-Lian,China,Jie,male,63,867
Christof,Germany,Christof,male,99,501
Kun,China,Kun,male,85,289
Huihui,China,Huihui,female,66,58
Chao,China,Chao,male,88,554
Albert,Italy,Albert,male,98,824
Yuanqi,China,Yuanqi,male,83,6
Michael,Germany,Michael,male,100,30913
Tilong,China,Tilong,male,75,4
Jie,USA,Jie,male,55,176
Chun-Yin,China,Chun,male,61,148
Elizabeth,UK,Elizabeth,female,99,44677
Grzegorz,Sweden,Grzegorz,male,98,50
Leiyang,Canada,Leiyang,male,75,4
Déborah,France,Déborah,female,97,1901
Kirill,UNITED,Kirill,male,100,3913
Zufang,USA,Zufang,male,75,4
Chao,Saudi Arabia,Chao,male,86,1135
Zhisheng,China,Zhisheng,male,86,7
Xixiong,China,Xixiong,male,75,4
Alain,USA,Alain,male,98,431
Manisha,India,Manisha,female,98,2778
Gabrielle,USA,Gabrielle,female,98,1881
Xuezhao,China,Xuezhao,female,75,4
Jingjing,USA,Jingjing,female,86,29
Kenji,Belgium,Kenji,male,100,20
Caleb,USA,Caleb,male,100,4389
Trevor,Israel,Trevor,male,75,4
Anna,China,Anna,female,98,979
Xuan,China,Xuan,female,55,208
Yaoyu,China,Yaoyu,male,75,4
Cristina,Spain,Cristina,female,96,26181
Pinelopi,Switzerland,Pinelopi,female,75,4
Wuliang,China,Wuliang,male,75,4
Tomasz,Switzerland,Tomasz,male,100,36
Yuting,China,Yuting,female,77,56
Tienan,China,Tienan,male,75,4
Tatsuru,Japan,Tatsuru,male,100,15
Yu-Chen,CHINA,Yu,male,73,664
Tyler,USA,Tyler,male,97,15339
Daoyong,China,Daoyong,male,75,4
Thierry,Germany,Thierry,male,98,129
Ling,China,Ling,female,82,646
Connor,Germany,Connor,male,96,56
Kathryn,Belgium,Kathryn,female,100,7
Jie,China,Jie,male,63,867
Stephan,P R.,Stephan,male,99,19941
Jiang,Canada,Jiang,male,89,9
Kevin,USA,Kevin,male,100,35080
Zhi-Chao,Canada,Zhi,male,80,10
Jiajia,China,Jiajia,female,74,112
Liangyu,China,Liangyu,male,83,6
Weixiang,China,Weixiang,male,100,5
Fangfang,China,Fangfang,female,95,55
Avijit,Germany,Avijit,male,75,4
Yuxiang,China,Yuxiang,male,82,22
Rui-Ting,China,Ting,female,81,465
Mingyang,China,Mingyang,male,95,21
Qin,China,Qin,female,66,278
Tsvetan,Germany,Tsvetan,male,75,4
Zehua,China,Zehua,male,80,15
Weibin,China,Weibin,male,95,22
Yu-Jin,China,Yu,male,73,664
Yawen,Japan,Yawen,female,91,78
Van,USA,Van,male,96,3715
Chao,Japan,Chao,male,86,22
Jinlei,China,Jinlei,male,71,7
Rakesh,India,Rakesh,male,100,16478
Xiu-Long,China,Xiu,female,80,35
Lang,China,Lang,male,74,96
Xiao-Yun,USA,Xiao,male,62,138
Hee-Jeong,Republic of Korea,Hee-Jeong,female,75,4
Youngmin,Republic of Korea,Youngmin,male,94,191
Hai-Jun,China,Hai,male,85,184
Jinseok,Korea,Jinseok,male,100,66
Peng,USA,Peng,male,91,133
Le',China,Le,male,74,94
Fenglin,China,Fenglin,male,75,4
Rosana,France,Rosana,female,99,69
Changkui,Australia,Changkui,male,75,4
Jamie,UK,Jamie,male,62,29424
Qing,China,Qing,female,54,451
Li,Germany,Li,female,75,212
Arundhati,Singapore,Arundhati,female,97,231
Volker,AUSTRALIA,Volker,male,100,6
Isabel,UK,Isabel,female,98,35767
Yuanyuan,China,Yuanyuan,female,92,144
Florian,France,Florian,male,99,18108
Gyeongjin,USA,Gyeongjin,female,57,7
Felix,Switzerland,Felix,male,97,417
Davy,Italy,Davy,male,100,91
Weiliang,China,Weiliang,male,100,13
Andreas,Germany,Andreas,male,99,21215
Haixing,USA,Haixing,male,67,12
Jing-Kai,Taiwan,Kai,male,93,245
Ke,China,Ke,male,84,144
Junkuo,USA,,,,
Qiuyan,China,Qiuyan,female,100,9
Pengfei,China,Pengfei,male,98,82
Mateusz,Germany,Mateusz,male,100,332
Yuki,Japan,Yuki,male,61,1797
Ruyi,China,Ruyi,female,53,15
Sangmin,South Korea,Sangmin,male,96,189
Pascal,Netherlands,Pascal,male,97,1648
Claire,USA,Claire,female,99,3578
Feifan,China,Feifan,male,69,13
Manuel,Greece,Manuel,male,100,37
Zhiwei,China,Zhiwei,male,97,71
Houchen,China,Houchen,male,75,4
Edgar,Germany,Edgar,male,99,564
Jiaxing,China,Jiaxing,male,94,16
Ge,China,Ge,male,83,75
Hafeesudeen,China,,,,
Gizem,Germany,Gizem,female,97,359
Chao,China,Chao,male,88,554
Qing,China,Qing,female,54,451
Nina,France,Nina,female,96,5569
Zhoulong,USA,Zhoulong,male,75,4
Jian-Qiang,China,Qiang,male,98,373
Haiyang,China,Haiyang,male,86,50
Hiroaki,Japan,Hiroaki,male,100,501
Jessica,Germany,Jessica,female,99,5913
Wu,China,Wu,male,75,353
Celina,Germany,Celina,female,97,443
Rami,USA,Rami,male,96,305
Lukas,Egypt,Lukas,male,100,3
Timothy,UK,Timothy,male,99,15778
Tao,China,Tao,male,89,751
Ye,China,Ye,male,68,196
Pingchuan,China,,,,
Wenli,Saudi Arabia,Wenli,female,71,58
Jianhua,China,Jianhua,male,91,45
Peter,UK,Peter,male,99,146529
Yueyue,China,Yueyue,female,91,23
Dongling,China,Dongling,female,75,4
Chao,China,Chao,male,88,554
Yang,China,Yang,male,65,1965
Zhuoqun,China,Zhuoqun,male,100,4
Qing-Xia,China,Xia,female,67,256
Shipeng,China,Shipeng,male,100,4
Jonathan,Germany,Jonathan,male,99,714
Dongjie,Japan,Dongjie,male,75,4
Ruchira,Germany,Ruchira,male,75,4
Juan-Ramón,France,Ramón,male,100,10
Yuki,Japan,Yuki,male,61,1797
Jian-Qiang,China,Qiang,male,98,373
Yusuke,Japan,Yusuke,male,100,1088
Siquan,China,Siquan,female,67,3
Xiying,China,Xiying,female,100,5
Feng,China,Feng,male,82,850
Hui,USA,Hui,female,51,102
Jin,UK,Jin,male,72,4739
Eliot,USA,Eliot,male,98,259
Conner,China,Conner,male,100,3
Linwen,China,Linwen,male,75,4
Rob,Netherlands,Rob,male,99,5824
Joohyun,UK,Joohyun,male,53,58
Antara,India,Antara,female,94,235
Jie,Germany,Jie,female,73,15
Nao,Japan,Nao,male,65,558
David,USA,David,male,100,65535
Ren-Ming,China,Ming,male,83,826
Srimanta,UK,Srimanta,male,100,84
Huijun,Israel,Huijun,female,63,27
Rachelle,USA,Rachelle,female,99,1049
Kerstin,Germany,Kerstin,female,98,5322
Martin,USA,Martin,male,100,5868
Alois,Germany,Alois,male,96,303
Sara,Spain,Sara,female,98,23241
Mégane,Germany,Mégane,female,75,4
Kornel,France,Kornel,male,100,6
Zhongshu,Switzerland,Zhongshu,male,80,5
Hongbo,Australia,Hongbo,male,83,65
Daniel,Germany,Daniel,male,99,22784
Fei,China,Fei,male,69,629
B,Japan,,,,
Zengxia,China,,,,
Cecilia,Germany,Cecilia,female,100,136
Uwe,Germany,Uwe,male,99,7562
Can,China,Can,male,71,107
Toshiki,Japan,Toshiki,male,99,146
Fan,China,Fan,male,65,507
Jamie,UK,Jamie,male,62,29424
Yanming,China,Yanming,male,88,17
Toshiyuki,Japan,Toshiyuki,male,100,261
Raffael,UK,Raffael,male,98,603
Weijin,Germany,Weijin,male,82,11
Caterina,Netherlands,Caterina,female,100,12
Songjie,UK,Songjie,male,63,8
Mengjiao,China,Mengjiao,male,60,5
Jun,Germany,Jun,male,85,52
Wenlong,Australia,Wenlong,male,100,3
Yongpeng,CHINA,Yongpeng,male,100,4
Bei-Bei,China,Bei,female,72,82
Dagmar,Spain,Dagmar,female,94,33
Peter,USA,Peter,male,100,15502
Run-Zhou,China,Run,male,73,41
Jialong,China,Jialong,male,100,7
Zhenguang,China,Zhenguang,male,75,4
Yiming,Netherlands,Yiming,male,85,137
Bowen,USA,Bowen,male,87,102
Shang-Zheng,Spain,Zheng,unknown,50,4
Riccardo,UK,Riccardo,male,99,22261
Zhenmei,China,Zhenmei,female,75,4
Ferdinand,Germany,Ferdinand,male,99,246
Janakiram,Norway,Janakiram,male,100,88
Xuenian,China,,,,
Yihui,China,Yihui,male,92,12
Dorian,Germany,Dorian,male,97,125
Chen-Chen,China,Chen,male,61,2046
Yahe,China,Yahe,female,75,4
Haigang,UK,Haigang,male,100,6
Bidyut,Germany,Bidyut,male,97,292
Rui,Canada,Rui,male,90,52
Huifeng,Germany,Huifeng,male,82,11
Hui,China,Hui,male,54,700
Yichu,China,,,,
Siming,China,Siming,male,100,11
Xuan,China,Xuan,female,55,208
Artur,Germany,Artur,male,99,1509
Sergey,France,Sergey,male,97,69
Chang-Bo,France,Bo,male,88,202
Chiara,Italy,Chiara,female,99,23391
Jing,China,Jing,female,78,1267
Zacharias,Switzerland,Zacharias,male,75,4
Elizaveta,Germany,Elizaveta,female,93,15
Arun,Germany,Arun,male,100,59
Christos,Republic of Korea,Christos,male,99,3820
Mechelle,UK,Mechelle,female,97,257
Simon,Germany,Simon,male,99,4069
Qiang,China,Qiang,male,98,373
Yuhan,China,Yuhan,female,70,33
Nan,USA,Nan,female,87,420
Christoph,Germany,Christoph,male,100,5773
Xiuxiu,China,Xiuxiu,female,100,17
Wen-Wen,China,Wen,female,52,563
Yong,China,Yong,male,95,502
Marianna,France,Marianna,female,98,123
Wence,China,Wence,male,100,4
Luka,Spain,Luka,male,84,115
Emmanuel,USA,Emmanuel,male,99,1782
Jia,China,Jia,female,54,498
Yu,China,Yu,male,73,664
Iori,Japan,Iori,male,71,41
Jani,UK,Jani,male,86,4815
Yahui,Germany,Yahui,female,71,42
Zhen,Germany,Zhen,male,58,12
Yuanhao,China,Yuanhao,male,100,10
Ayuko,Japan,Ayuko,female,100,15
Fei-Yue,China,Fei,male,69,629
Adam,USA,Adam,male,100,23089
Zhijuan,China,Zhijuan,female,100,5
Bo,Sweden,Bo,male,99,529
Qiancheng,USA,Qiancheng,male,75,4
Hatice,USA,Hatice,female,85,26
Hongfeng,China,Hongfeng,male,100,14
Alberto,Italy,Alberto,male,99,23379
Chun,China,Chun,male,61,148
Martin,Germany,Martin,male,99,14619
Sripati,Australia,Sripati,male,100,13
Jesse,USA,Jesse,male,95,10195
Jing,China,Jing,female,78,1267
Soumen,Japan,Soumen,male,75,4
Esteban,Spain,Esteban,male,99,3139
Liuqing,China,Liuqing,female,75,12
Yulin,China,Yulin,male,55,29
Xiang,China,Xiang,male,76,414
Yanyu,China,Yanyu,female,74,19
Dongni,China,Dongni,male,75,4
Jiaguo,Singapore,Jiaguo,male,75,4
Xiao,Japan,Xiao,male,57,21
Yixiu,China,Yixiu,female,67,3
Kai,Canada,Kai,male,91,94
Lu,USA,Lu,female,68,408
Wenling,USA,Wenling,female,75,4
Haonan,China,Haonan,male,100,26
Shuaijun,China,,,,
Tian,China,Tian,male,62,367
Shan,China,Shan,female,65,271
Philipp,USA,Philipp,male,100,91
David,USA,David,male,100,65535
Wei,Germany,Wei,male,61,62
Meng,China,Meng,male,53,425
Madison,Australia,Madison,female,90,67
Long,USA,Long,male,100,89
Jie,Singapore,Jie,male,57,37
Trevor,USA,Trevor,male,100,4700
Jian-Wu,China,Jian,male,93,610
Guozhu,China,Guozhu,male,100,6
Lei,China,Lei,male,77,1080
Daniel,USA,Daniel,male,100,35866
Zhi-Hao,China,Hao,male,89,723
Zongwei,Thailand,Zongwei,male,100,3
Youshan,China,Youshan,female,75,4
Line,Germany,Line,female,100,58
Yingguo,China,Yingguo,male,75,4
Po-Jung,Canada,Po,male,89,9
Tobias,Germany,Tobias,male,100,9929
Giovanni,Austria,Giovanni,male,100,83
Zhongze,China,Zhongze,male,75,4
Ji,China,Ji,male,82,92
Erping,China,Erping,male,75,4
Richiro,USA,,,,
Bochao,China,Bochao,male,100,5
Noy,Israel,Noy,female,68,41
Zheng,Italy,Zheng,male,88,8
Fernando,USA,Fernando,male,99,3208
Wenlang,UK,Wenlang,male,75,4
Pedro,Germany,Pedro,male,99,769
Kang,UK,Kang,male,90,2557
Max,Germany,Max,male,99,7527
Zhen,China,Zhen,male,68,311
Antanas,Sweden,Antanas,male,75,4
Mahmood,USA,Mahmood,male,100,79
Yu,Japan,Yu,male,75,711
Lanfang,China,Lanfang,female,100,6
Yang,China,Yang,male,65,1965
Wooseup,Republic of Korea,,,,
Xi-Sha,China,Sha,female,76,93
Denis,Switzerland,Denis,male,98,676
Kätchen,USA,Kätchen,female,75,4
Alexander,Canada,Alexander,male,100,600
Jianwei,Germany,Jianwei,male,75,4
Jinqiao,China,Jinqiao,male,75,4
Claire,UK,Claire,female,98,32304
Yaobin,China,Yaobin,male,100,5
Brett,Australia,Brett,male,99,686
Sudhir,Japan,Sudhir,male,100,4
Guanghao,China,Guanghao,male,100,16
Yuya,Japan,Yuya,male,100,423
Anuj,USA,Anuj,male,100,154
Trung,USA,Trung,male,99,175
Wengang,China,Wengang,male,100,4
Ying,China,Ying,female,86,923
Yitao,Germany,Yitao,male,90,20
Yannan,China,Yannan,female,83,6
Vincent,Republic of Korea,Vincent,male,99,58501
F,Germany,,,,
Xin,China,Xin,male,62,851
Yike,China,Yike,male,60,5
Xing,USA,Xing,male,69,59
Jiawei,Denmark,Jiawei,male,79,127
Durgesh,USA,Durgesh,male,80,15
Pengpeng,China,Pengpeng,male,55,22
Harrison,Australia,Harrison,male,100,93
Mégane,France,Mégane,female,97,1318
Ingo,China,Ingo,male,100,4
Qiannan,China,Qiannan,female,100,4
Peng-Ju,China,Peng,male,85,704
Dong-Liang,France,Dong,male,88,25
Mary-Ann,Germany,Mary-Ann,female,92,12
Jan,Germany,Jan,male,99,10566
Drew,USA,Drew,male,97,5854
Niels,France,Niels,male,99,116
Li,Switzerland,Li,female,53,34
Chaohai,South Korea,Chaohai,male,75,4
Xiaojia,China,Xiaojia,female,69,13
Hao,China,Hao,male,89,723
Yang,China,Yang,male,65,1965
Jun-Jie,Sweden,Jie,female,100,5
Lu,Germany,Lu,female,100,98
Giulia,Spain,Giulia,female,98,112
Aurélien,France,Aurélien,male,99,5465
Ananthakrishnan,USA,Ananthakrishnan,male,100,66
Sailin,Australia,Sailin,male,60,10
Jonas,Germany,Jonas,male,99,2401
Elumalai,USA,Elumalai,male,98,93
T,Turkey,,,,
Biswajit,Germany,Biswajit,male,100,3
Daisuke,Japan,Daisuke,male,100,1249
Qi,USA,Qi,male,58,115
Jannik,Germany,Jannik,male,99,548
Pedro,China,Pedro,male,98,107
Shengli,China,Shengli,male,86,14
Dou,China,Dou,male,70,46
Yi,China,Yi,male,73,459
Robin,Germany,Robin,male,98,2500
Shou,China,Shou,male,91,11
Zijie,Australia,Zijie,male,75,4
Peter,UK,Peter,male,99,146529
Tao,China,Tao,male,89,751
Bíborka,UK,Bíborka,female,100,21
Antonio,USA,Antonio,male,99,4554
Ryan,New Zealand,Ryan,male,100,209
Filippo,Germany,Filippo,male,99,191
Hailong,Senegal,Hailong,male,98,64
Jing,China,Jing,female,78,1267
Xing-Ben,China,Ben,male,98,774
Qun,UK,Qun,male,56,100
Tristan,Germany,Tristan,male,99,373
Michael,Germany,Michael,male,100,30913
Yan-Ling,China,Ling,female,82,646
Dong-Xing,China,Dong,male,79,528
Changxu,China,Changxu,male,75,4
Bingjie,China,Bingjie,male,75,4
Shi,China,Shi,male,63,310
Wenchao,Australia,Wenchao,male,81,36
Jun-Chao,China,Chao,male,88,554
Meng,China,Meng,male,53,425
Yanxin,USA,Yanxin,female,75,4
Guan,China,Guan,male,56,88
Zixin,Japan,Zixin,female,63,32
Jennifer,USA,Jennifer,female,99,41490
Kaixuan,China,Kaixuan,male,63,8
Jeffery,USA,Jeffery,male,99,1552
Kwanghak,China,,,,
Zhijie,China,Zhijie,male,97,32
Qun,USA,Qun,male,67,12
Tze,Australia,Tze,male,72,50
Maria,Spain,Maria,female,100,65535
Rahul,India,Rahul,male,100,40928
Changhao,Germany,Changhao,male,100,22
Ruben,Spain,Ruben,male,99,17850
Tassilo,UK,Tassilo,male,97,74
Lin,China,Lin,female,50,1431
Nolan,USA,Nolan,male,100,10405
Zhong,China,Zhong,male,68,185
Ran,Germany,Ran,female,54,24
Jinfeng,China,Jinfeng,female,52,25
Bowen,China,Bowen,male,92,64
Yusuke,Japan,Yusuke,male,100,1088
Menghua,Canada,Menghua,male,75,4
Ruixian,China,Ruixian,female,100,4
Zhe,China,Zhe,male,86,258
Chuan-Gang,USA,Chuan,male,87,23
Yun-Nan,China,Nan,male,62,336
Bin,Singapore,Bin,male,88,25
Ralph,Germany,Ralph,male,99,1304
Xingmiao,Qatar,Xingmiao,male,75,4
Hui-Jie,Switzerland,Hui,male,63,8
Yue,Australia,Yue,male,67,15
Wenlong,Germany,Wenlong,male,100,64
Langli,USA,Langli,male,75,4
Michael,Russia,Michael,male,99,1363
Andreas,Germany,Andreas,male,99,21215
Guangfan,China,Guangfan,male,100,3
Jing,Taiwan,Jing,female,70,83
Dachang,China,Dachang,male,75,4
Alba,Germany,Alba,female,56,86
Huixin,China,Huixin,female,67,6
Lin,China,Lin,female,50,1431
Xiangke,Singapore,,,,
Sebastian,Germany,Sebastian,male,100,13809
Xingxing,China,Xingxing,male,55,40
Shuo,China,Shuo,male,77,122
Zhiyong,China,Zhiyong,male,100,51
Meera,UK,Meera,female,91,1256
Jingjing,China,Jingjing,female,89,198
Xiaohui,China,Xiaohui,male,62,105
Christian,Germany,Christian,male,100,86
David,Spain,David,male,100,65535
Tianyu,USA,Tianyu,male,79,19
Myriam,France,Myriam,female,98,9206
Dominik,Germany,Dominik,male,99,5255
Marianna,China,Marianna,female,100,6
Kalliopi,UK,Kalliopi,female,99,135
Kuntrapakam,India,,,,
Sheng-Nan,China,Sheng,male,91,230
Yongjin,China,Yongjin,male,100,7
Martina,Italy,Martina,female,98,19278
Juraj,Czech Republic,Juraj,male,98,369
Lester,South Korea,Lester,male,75,4
Yan,China,Yan,female,69,1535
Hao,USA,Hao,male,91,219
Yuqiang,China,Yuqiang,male,88,8
Barry,USA,Barry,male,100,3714
Jeffrey,Germany,Jeffrey,male,99,238
Mor,Israel,Mor,female,54,165
Kavita,France,Kavita,female,100,8
Yingchao,France,Yingchao,male,70,10
Yueshuang,China,Yueshuang,female,75,4
Jie,China,Jie,male,63,867
Jie,China,Jie,male,63,867
Yuan,China,Yuan,male,51,765
Manuel,Cuba,Manuel,male,100,74
Long-Zhang,China,Zhang,male,61,1870
Rodolphe,France,Rodolphe,male,99,2506
Dexin,China,Dexin,male,78,9
Tuhin,Germany,Tuhin,male,99,663
Raphael,USA,Raphael,male,100,5612
Subramani,China,Subramani,male,99,255
Amalu,India,Amalu,female,94,17
Wei-Jun,Germany,Jun,male,85,52
T,India,,,,
Wufeng,China,Wufeng,male,100,3
Noël,Germany,Noël,female,100,3
Riley,USA,Riley,male,66,1792
Ke-Jin,China,Ke,male,84,144
Wei,China,Wei,male,76,1859
Lars,Germany,Lars,male,100,4773
Vincent,Switzerland,Vincent,male,99,743
Junyan,UK,Junyan,male,77,31
Yang,China,Yang,male,65,1965
Gavin,USA,Gavin,male,99,1594
Xinghui,Japan,Xinghui,unknown,50,8
Emily,Canada,Emily,female,98,1039
Chao,Australia,Chao,male,83,6
Xiaofeng,China,Xiaofeng,male,81,107
Yu-Hui,China,Yu,male,73,664
Songwei,China,Songwei,male,80,5
Hugo,China,Hugo,male,98,146
Matthias,Germany,Matthias,male,100,9451
Lipiao,China,,,,
Junting,Germany,Junting,female,56,9
Yongbing,Japan,Yongbing,male,100,8
Patrick,Germany,Patrick,male,99,14512
Kai,China,Kai,male,95,430
Cheng-Long,China,Cheng,male,79,655
Gemma,Spain,Gemma,female,99,3103
Bijin,USA,Bijin,male,92,63
Guoliang,Germany,Guoliang,male,75,4
Yang,China,Yang,male,65,1965
Min,USA,Min,male,56,258
Long,Saudi Arabia,Long,male,100,89
Kecheng,USA,Kecheng,male,100,5
Anna,Portugal,Anna,female,97,407
Leonardo,Germany,Leonardo,male,100,449
Yasufumi,Japan,Yasufumi,male,100,25
Yadong,China,Yadong,male,94,18
Silke,Germany,Silke,female,98,3148
Noam,USA,Noam,male,85,85
Sriram,USA,Sriram,male,100,113
Roman,Germany,Roman,male,100,66
Heng,Australia,Heng,male,75,4
Soichiro,Japan,Soichiro,male,100,69
Bonnie,USA,Bonnie,female,98,3984
Yi,China,Yi,male,73,459
Manuel,Germany,Manuel,male,99,5956
Yunzhu,Japan,Yunzhu,female,83,6
Luca,Germany,Luca,male,97,1351
Ying,USA,Ying,female,85,200
Tomoaki,China,Tomoaki,male,75,4
Jia-Qi,China,Qi,male,73,234
Peng,Germany,Peng,male,88,26
Shijia,China,Shijia,male,67,9
Mengfei,China,Mengfei,male,55,11
Yang,Germany,Yang,male,73,49
Xu-Shuang,China,Xu,male,76,420
Jianpu,USA,Jianpu,male,100,3
Hang,USA,,,,
Lun,UK,Lun,male,72,323
Sungju,USA,Sungju,male,75,4
Jeroen,Belgium,Jeroen,male,99,1158
Wester,USA,Wester,male,100,8
Changlong,China,Changlong,male,100,5
Wu,Hong Kong,Wu,male,72,36
Ming,Australia,Ming,male,70,23
Lifu,USA,Lifu,male,75,4
Jia-Rui,China,Rui,male,66,439
Weiwei,Saudi Arabia,Weiwei,female,61,428
Yunhan,Republic of Korea,Yunhan,male,54,13
Bo-Wen,China,Bo,male,88,316
Qi-Zhi,Australia,Zhi,male,100,3
Xiao-Jun,China,Jun,male,83,1190
Kai,China,Kai,male,95,430
Chuanqi,China,Chuanqi,male,100,6
Yu-Ping,Switzerland,Yu,male,88,8
Jiang,China,Jiang,male,63,472
Xue-Qiang,China,Qiang,male,98,373
Isabel,UK,Isabel,female,98,35767
Yu-Hui,China,Yu,male,73,664
Benedikt,Germany,Benedikt,male,99,790
Yang-Zi,China,Yang,male,65,1965
Kai,China,Kai,male,95,430
Jun,China,Jun,male,83,1190
Jiawei,USA,Jiawei,male,86,14
Hendrik,Germany,Hendrik,male,99,1486
Lujia,China,Lujia,female,100,6
Hai-Xu,China,Hai,male,85,184
Marian,Germany,Marian,male,95,629
Mariane,Spain,Mariane,female,94,33
Michael,Germany,Michael,male,100,30913
Chang,China,Chang,male,65,264
Hongchang,China,Hongchang,male,100,4
Zhongyuan,UK,Zhongyuan,male,80,20
Laura,USA,Laura,female,99,21696
Tomasz,South Korea,Tomasz,male,75,4
Pia,Germany,Pia,female,98,1350
David,Germany,David,male,99,10714
Guosheng,China,Guosheng,male,100,3
Liliang,China,Liliang,male,88,8
Rong,China,Rong,female,61,248
Qi,China,Qi,male,73,234
Björn,Australia,Björn,male,100,4
Trevor,USA,Trevor,male,100,4700
Lea,Germany,Lea,female,98,1067
Ze-Hun,UK,Ze,male,93,2135
Natalie,USA,Natalie,female,99,7586
Hao,China,Hao,male,89,723
Lakshmanan,Germany,Lakshmanan,male,98,276
Weidong,Singapore,Weidong,male,75,4
Mengyi,USA,Mengyi,female,75,4
Andrea,Switzerland,Andrea,female,63,1819
Qingju,China,Qingju,male,75,4
Meng,China,Meng,male,53,425
Martin,Germany,Martin,male,99,14619
Matthew,UK,Matthew,male,100,51412
Xin,China,Xin,male,62,851
Dan,China,Dan,female,56,578
Guoqiang,China,Guoqiang,male,100,21
Channing,USA,Channing,male,96,1479
Lei,China,Lei,male,77,1080
Jiayang,USA,Jiayang,female,75,4
Yiting,Spain,Yiting,female,75,4
Andrew,USA,Andrew,male,100,34858
Carina,USA,Carina,female,100,5599
Nathan,USA,Nathan,male,100,13599
Haiyan,China,Haiyan,female,94,135
Heng,USA,Heng,male,64,45
Ryan,USA,Ryan,male,99,35179
Andrew,UK,Andrew,male,99,82448
Juyeol,Republic of Korea,Juyeol,male,100,9
Young-Jae,Japan,Jae,male,100,11
Guogang,China,Guogang,male,75,4
Ruth,Netherlands,Ruth,female,96,250
Errika,Greece,Errika,female,100,17
Min,China,Min,female,56,572
Xiaotian,China,Xiaotian,male,78,32
Jie,Singapore,Jie,male,57,37
Juan,China,Juan,female,71,353
Daisuke,Japan,Daisuke,male,100,1249
Marvin,Germany,Marvin,male,99,2811
Jana,Spain,Jana,female,97,510
Islam,Germany,Islam,male,100,90
Jonas,Germany,Jonas,male,99,2401
Man-Bo,China,Bo,male,88,316
Luis,USA,Luis,male,100,8179
Shou-Kun,Germany,Kun,male,85,20
Josephine,Austria,Josephine,female,100,7
Gang,China,,,,
Long,China,Long,male,100,89
Guo-Shu,China,Guo,male,64,377
Fang-Hsuean,Taiwan,Fang,female,68,129
Alessandro,Switzerland,Alessandro,male,100,662
Claudius,Germany,Claudius,male,98,120
Eric,USA,Eric,male,100,31662
Zhiqian,China,Zhiqian,male,75,4
Xiaoqi,China,Xiaoqi,male,55,22
Ehsan,Canada,Ehsan,male,100,48
Zhiliang,China,Zhiliang,male,91,11
Josef,UK,Josef,male,98,26385
Kaushik,India,Kaushik,male,100,2533
Xin-Qi,China,Qi,male,73,234
Ceren,China,Ceren,female,75,4
Matthias,Germany,Matthias,male,100,9451
Nikolaj,Denmark,Nikolaj,male,99,340
Yanwei,China,Yanwei,male,67,24
Liejin,China,,,,
Kanako,Japan,Kanako,female,99,155
Li,China,Li,male,68,1023
Qing,USA,Qing,unknown,50,62
Duanyang,Canada,Duanyang,male,75,4
Joshua,Belgium,Joshua,male,97,101
Jun-Long,China,Jun,male,83,1190
Borja,Austria,Borja,male,75,4
Mengchen,China,Mengchen,male,80,5
Minfeng,China,Minfeng,male,80,5
Fen,USA,Fen,male,92,13
Kai,China,Kai,male,95,430
Zheng,Switzerland,Zheng,male,76,882
Zeus,USA,Zeus,male,96,72
Wenyue,China,Wenyue,female,56,9
Christoffer,USA,Christoffer,male,100,35
Zuyuan,Greece,Zuyuan,female,75,4
Luke,UK,Luke,male,99,21252
Huijun,China,Huijun,female,58,12
Lihui,China,Lihui,male,54,26
Gangadhar,Republic of Korea,Gangadhar,male,100,730
Dongseong,Republic of Korea,Dongseong,male,100,8
Xiahui,USA,,,,
Zhengbo,Estonia,Zhengbo,male,100,4
Fu-Sheng,Finland,Fu-Sheng,male,75,1124
Meganathan,UK,Meganathan,male,98,51
Marte,Norway,Marte,female,100,144
Jinyi,China,Jinyi,male,77,13
Biao,China,Biao,male,96,45
Kailu,China,Kailu,female,57,7
Yohei,Japan,Yohei,male,100,262
Mengmeng,Hong Kong,Mengmeng,female,85,85
Guangxian,Sweden,Guangxian,male,100,7
Marie-Claire,China,Claire,female,98,260
Sarah,Germany,Sarah,female,98,9213
Shi,Japan,Shi,male,75,102
Jiancheng,China,Jiancheng,male,100,16
Clemens,Germany,Clemens,male,99,563
Lei,Saudi Arabia,Lei,female,56,9
Liu,China,Liu,male,59,1631
Kätchen,USA,Kätchen,female,75,4
Weinan,UK,Weinan,male,93,15
Ryan,USA,Ryan,male,99,35179
Sandra,Germany,Sandra,female,98,12614
Tianxiang,China,Tianxiang,male,100,11
Anant,USA,Anant,male,98,48
Sayad,UK,Sayad,male,95,136
Alexander,Canada,Alexander,male,100,600
Peng,Germany,Peng,male,88,26
Ruixue,China,Ruixue,female,100,9
Carmen,UK,Carmen,female,98,54029
José,Spain,José,male,99,8211
Yonatan,Israel,Yonatan,male,99,154
Brendan,USA,Brendan,male,100,2930
Min,China,Min,female,56,572
Zengnan,China,,,,
Danny,USA,Danny,male,98,7482
Xi-Jia,China,Xi,male,58,149
Eric,USA,Eric,male,100,31662
Arindam,India,Arindam,male,100,1418
Joseph,USA,Joseph,male,100,21534
Dominik,UK,Dominik,male,98,21763
Tomoyuki,Japan,Tomoyuki,male,97,276
Moritz,Switzerland,Moritz,male,99,96
Andrew,USA,Andrew,male,100,34858
Pellegrino,Italy,Pellegrino,male,95,171
Honghong,China,Honghong,female,80,15
Longbin,China,Longbin,male,100,3
Zilong,Australia,Zilong,male,75,4
Taylor,USA,Taylor,female,60,10765
Jing,USA,Jing,female,76,249
Peiwen,Germany,Peiwen,female,81,31
Jessica,France,Jessica,female,95,15222
Yihui,China,Yihui,male,92,12
Huaping,Canada,Huaping,male,100,3
Yu,Japan,Yu,male,75,711
Qikai,China,Qikai,male,75,4
Shenghan,China,Shenghan,unknown,50,2
Lingmei,China,Lingmei,female,100,4
Kasinath,Netherlands,Kasinath,male,100,21
Trond,Switzerland,Trond,male,100,3
Felix,Italy,Felix,male,96,795
Xingtao,China,Xingtao,male,100,5
David,Germany,David,male,99,10714
Qaisar,Switzerland,Qaisar,male,75,4
Vitaly,Switzerland,Vitaly,male,100,3
Kevin,Germany,Kevin,male,99,11155
Daiki,Japan,Daiki,male,100,414
Yao,China,Yao,male,58,406
Tian,China,Tian,male,62,367
Xin,China,Xin,male,62,851
Ming-Xi,Germany,Xi,male,63,16
Jingjuan,China,Jingjuan,female,75,4
Xue,China,Xue,female,74,300
Sujeong,Korea,Sujeong,female,88,52
Jin-Yue,China,Jin,male,61,856
Daniela,Poland,Daniela,female,99,245
Maximilian,Germany,Maximilian,male,98,1949
Samuel,Canada,Samuel,male,100,618
Yingying,China,Yingying,female,97,116
Julius,Belgium,Julius,male,100,39
Huan,China,Huan,male,60,190
Zheng,China,Zheng,male,75,502
Serhii,France,Serhii,male,99,106
Masaki,Japan,Masaki,male,99,681
Shohei,Japan,Shohei,male,100,267
Chao,China,Chao,male,88,554
Tingting,China,Tingting,female,99,193
David,USA,David,male,100,65535
Liangliang,Saudi Arabia,Liangliang,male,67,48
Lei,Saudi Arabia,Lei,female,56,9
Wenjing,Netherlands,Wenjing,female,88,96
Feng,China,Feng,male,82,850
Junxian,China,Junxian,male,100,9
Xingfeng,Singapore,Xingfeng,male,78,9
Bing,China,Bing,male,71,379
Lingwen,China,Lingwen,male,75,4
Bing,China,Bing,male,71,379
Ivana,Canada,Ivana,female,100,20
Charlotte,Japan,Charlotte,female,89,19
Yukun,UK,Yukun,male,81,37
Shengdong,France,Shengdong,male,100,6
Max,USA,Max,male,98,5582
Chia-Wei,USA,Chia-Wei,male,67,3
Javier,Italy,Javier,male,99,466
Paulina,Israel,Paulina,female,100,11
Igor,Germany,Igor,male,99,768
Xiaoyu,Australia,Xiaoyu,female,75,4
Honghong,China,Honghong,female,80,15
Volker,Germany,Volker,male,100,2821
Tingting,China,Tingting,female,99,193
Shusuke,France,Shusuke,male,100,29
Xiaomin,Japan,Xiaomin,female,74,66
Sumaira,China,Sumaira,female,75,4
Xiaoli,Hungary,Xiaoli,female,83,126
Song,China,Song,male,100,74
Henry,Germany,Henry,male,99,1097
Mingzhe,Australia,Mingzhe,male,96,51
Zhijun,China,Zhijun,male,97,33
Yuanjun,China,Yuanjun,male,80,10
Fan,China,Fan,male,65,507
Bin-Wen,China,Bin,male,92,677
Yonggui,Singapore,Yonggui,unknown,50,2
Daniel,USA,Daniel,male,100,35866
Akash,Germany,Akash,male,100,17
Liqin,USA,Liqin,female,80,5
Erin,USA,Erin,female,97,12801
Byung,USA,Byung,male,100,16
Chloé,USA,Chloé,female,100,54
Juan,Spain,Juan,male,100,65535
Shuaijun,Australia,,,,
Marco,Sweden,Marco,male,100,296
Andong,China,Andong,male,100,6
Clève,France,Clève,female,67,3
Ashwini,India,Ashwini,female,78,2831
Jinwon,Republic of Korea,Jinwon,male,95,66
Yunyu,China,Yunyu,male,67,3
Kaiyuan,USA,Kaiyuan,male,75,4
Jian,China,Jian,male,93,610
Wenjun,USA,Wenjun,female,58,19
Shuli,China,Shuli,unknown,50,8
Xinyao,China,Xinyao,male,60,5
Archismita,Spain,Archismita,female,75,4
Benjamin,USA,Benjamin,male,100,9079
Philipp,UK,Philipp,male,99,8496
Yuebin,China,Yuebin,male,75,4
Pierre,Belgium,Pierre,male,98,4243
Katherine,Poland,Katherine,female,94,34
Hongjun,China,Hongjun,male,94,16
Satoshi,Thailand,Satoshi,male,100,11
Hao,China,Hao,male,89,723
Dailiang,China,,,,
Chunyan,China,Chunyan,female,97,39
Jielin,Netherlands,Jielin,female,71,7
Zhenguo,Germany,Zhenguo,male,100,11
Min,China,Min,female,56,572
Xianhai,Australia,Xianhai,unknown,50,2
Feifei,China,Feifei,female,71,155
Yasuharu,Japan,Yasuharu,male,100,37
Uwe,UK,Uwe,male,99,8221
Tzuriel,Italy,Tzuriel,male,100,7
Peifa,China,Peifa,male,75,4
Chenglong,China,Chenglong,male,100,29
Hyesu,Korea,Hyesu,female,100,12
Yan,Singapore,Yan,male,60,164
Carina,Germany,Carina,female,98,1942
Allisandra,USA,Allisandra,female,100,3936
Jayachandran,Taiwan,Jayachandran,male,100,176
Wen,USA,Wen,male,52,147
Lucia,Italy,Lucia,female,98,13750
Changfei,USA,,,,
Tobias,Germany,Tobias,male,100,9929
William,Germany,William,male,98,951
Barry,USA,Barry,male,100,3714
Robert,France,Robert,male,95,9988
J,Germany,,,,
Danny,France,Danny,male,87,898
Xiaoxiao,China,Xiaoxiao,female,76,164
Shunrui,USA,,,,
Masaki,Japan,Masaki,male,99,681
Chen,China,Chen,male,61,2046
Hideyuki,Iceland,Hideyuki,male,100,204
Simon,France,Simon,male,97,7268
Ayham,Germany,Ayham,male,91,11
Simon,Germany,Simon,male,99,4069
Guillaume,South Korea,Guillaume,male,100,5
Sebastian,Germany,Sebastian,male,100,13809
Ming-Shui,China,Ming,male,83,826
Youngeun,USA,Youngeun,female,89,55
Chavdar,Germany,Chavdar,male,100,81
Sheng,Germany,Sheng,male,67,6
Guang-Jian,China,Guang,male,93,146
Tianyi,China,Tianyi,male,73,62
Henning,Belgium,Henning,male,100,3
Yang,Germany,Yang,male,73,49
Steven,Germany,Steven,male,99,3061
Ming,USA,Ming,male,73,237
Xiaowen,China,Xiaowen,female,59,32
Franck,France,Franck,male,99,31285
Feng,Singapore,Feng,male,72,46
He,USA,He,male,70,60
Zhihui,Italy,Zhihui,female,75,4
Max,Germany,Max,male,99,7527
Mohanad,Germany,Mohanad,male,100,21
Bilal,China,Bilal,male,96,27
Zengchun,China,,,,
Luyang,China,Luyang,male,100,10
Qiyao,China,Qiyao,unknown,50,2
Jinhua,Italy,Jinhua,male,75,4
Nicholas,Australia,Nicholas,male,100,629
Jan,Germany,Jan,male,99,10566
Andreas,Germany,Andreas,male,99,21215
Miguel,Spain,Miguel,male,99,40797
Hong,China,Hong,female,58,636
Huihui,Germany,Huihui,male,67,3
Xiao-Li,USA,Xiao,male,62,138
Shi,USA,Shi,female,54,81
Daniel,India,Daniel,male,99,1060
Valentina,Germany,Valentina,female,99,651
Xue,China,Xue,female,74,300
Juri,Germany,Juri,male,98,306
Di,China,Di,male,73,98
Meng,Germany,Meng,male,63,16
Xiaocui,Germany,Xiaocui,female,69,13
Ajmal,China,Ajmal,male,100,3
Johannes,Germany,Johannes,male,99,3611
Abdusalom,Switzerland,Abdusalom,male,100,9
Sason,France,Sason,male,75,4
Zhi-Bei,USA,Zhi,male,81,58
Miao-Miao,China,Miao,female,60,194
Lei,Korea,Lei,male,59,2374
Barry,USA,Barry,male,100,3714
Fang,Singapore,Fang,female,74,35
Tyler,USA,Tyler,male,97,15339
Wenbo,Canada,Wenbo,male,83,6
Wenjing,USA,Wenjing,female,95,19
Xiaoyang,China,Xiaoyang,male,55,29
Subhasree,USA,Subhasree,female,100,3
Luis,China,Luis,male,97,148
Martin,Switzerland,Martin,male,98,2426
Sharafudheen,Germany,Sharafudheen,male,100,62
Xiangyu,Germany,Xiangyu,male,63,95
Marek,Germany,Marek,male,91,1193
Linxian,Hong Kong,Linxian,female,75,4
Gaojie,China,Gaojie,female,75,4
Jagotamoy,Canada,Jagotamoy,male,75,4
Yuwei,USA,Yuwei,female,70,10
Cinzia,China,Cinzia,female,100,5
Zhou-Jun,China,Jun,male,83,1190
Beien,China,Beien,male,75,4
Tomislav,France,Tomislav,male,100,12
Jurriën,Belgium,Jurriën,male,100,16
Zahid,Germany,Zahid,male,92,39
Anthony,Canada,Anthony,male,100,1145
Archismita,USA,Archismita,female,75,4
Shuvankar,Germany,Shuvankar,male,100,53
Haibin,China,Haibin,male,91,35
Lei,USA,Lei,male,57,231
Youzhi,Germany,Youzhi,male,100,3
Xinyi,China,Xinyi,female,80,56
Fahime,USA,Fahime,female,75,4
Jingning,China,Jingning,female,100,3
Dirk,China,Dirk,male,100,38
Karsten,Germany,Karsten,male,99,2650
Qianqian,China,Qianqian,female,90,42
Huachuan,Switzerland,,,,
Michael,USA,Michael,male,100,65535
David,Israel,David,male,99,1241
Yunjuan,China,Yunjuan,female,75,4
Wontae,South Korea,Wontae,male,100,14
Yohei,Japan,Yohei,male,100,262
Hui,China,Hui,male,54,700
Sujong,Republic of Korea,Sujong,male,67,3
Runnan,China,Runnan,female,75,4
Janine,UK,Janine,female,98,9033
Xiaolong,China,Xiaolong,male,100,93