"First Name",Country,ga_first_name,ga_gender,ga_accuracy,ga_samples
Christian,Germany,Christian,male,100,86
M,Germany,,,,
Christopher,USA,Christopher,male,100,26017
Pompi,UK,Pompi,female,62,58
Cotinica,Switzerland,,,,
David,Canada,David,male,100,5841
Sergio,Argentina,Sergio,male,99,2119
Michael,Germany,Michael,male,100,30913
Laurent,UK,Laurent,male,97,55808
Wei,Switzerland,Wei,male,94,16
Bruce,USA,Bruce,male,100,6899
József,USA,József,male,100,24
Margit,UK,Margit,female,99,2523
Gemma,UK,Gemma,female,99,13873
Nak,Korea,Nak,male,83,216
Magnus,Germany,Magnus,male,99,183
Christiane,Austria,Christiane,female,97,108
Qing,USA,Qing,unknown,50,62
Teresa,Germany,Teresa,female,97,539
Cyril,France,Cyril,male,99,17804
Pascal,Germany,Pascal,male,99,4323
Hajime,Japan,Hajime,male,98,304
Yue,China,Yue,female,54,508
Birgit,Germany,Birgit,female,99,3122
Matthias,Germany,Matthias,male,100,9451
Shohei,Japan,Shohei,male,100,267
Martyn,UK,Martyn,male,99,2133
Wei-Jing,China,Jing,female,78,1267
Jianling,China,Jianling,female,75,4
Katherine,USA,Katherine,female,99,7045
Sunghyun,"South Korea",Sunghyun,male,95,97
Shoichi,Japan,Shoichi,male,100,125
Hyunjung,Korea,Hyunjung,female,91,119
Yosra,USA,Yosra,female,100,13
Mukund,USA,Mukund,male,100,29
Andrew,USA,Andrew,male,100,34858
Philipp,Germany,Philipp,male,99,5871
Shingo,Japan,Shingo,male,99,375
Chia-Wei,Taiwan,Chia-Wei,male,57,14
Bi-Jie,China,Bi,male,83,12
Rosalba,Italy,Rosalba,female,98,1492
Martin,Germany,Martin,male,99,14619
Jovanny,Argentina,Jovanny,male,75,4
Zijian,USA,Zijian,male,75,4
Jason,USA,Jason,male,100,39059
Holger,Germany,Holger,male,100,4362
Yao-Ting,Taiwan,Yao-Ting,male,100,3
Hiroshi,Japan,Hiroshi,male,99,1448
Ralf,Germany,Ralf,male,99,7883
Olivier,France,Olivier,male,99,36743
Lin,China,Lin,female,50,1431
Bartłomiej,USA,Bartłomiej,male,100,10
Dariusz,Germany,Dariusz,male,99,264
Vincent,USA,Vincent,male,100,4308
Mai-Yan,China,Yan,female,69,1535
John,USA,John,male,100,65535
David,UK,David,male,99,381770
Jan,UK,Jan,male,92,104026
Jens,Germany,Jens,male,99,9230
Delina,Israel,Delina,female,95,129
Peng,China,Peng,male,85,704
Björn,Germany,Björn,male,99,3792
Gabor,USA,Gabor,male,100,45
Yasuhiro,Belgium,Yasuhiro,male,100,455
Taro,Japan,Taro,male,98,362
Zachariah,USA,Zachariah,male,100,8727
Jeffrey,Netherlands,Jeffrey,male,99,2359
Chiyoung,"South Korea",Chiyoung,male,75,8
Steven,Canada,Steven,male,99,1236
Tian,China,Tian,male,62,367
Bing,China,Bing,male,71,379
Roberto,Denmark,Roberto,male,100,21
Jason,USA,Jason,male,100,39059
Salprima,Okayama,,,,
Jianfeng,USA,Jianfeng,male,100,9
Ishu,USA,Ishu,male,67,6
Grigore,UK,Grigore,male,90,442
Feng,UK,Feng,male,81,1386
Rui,UK,Rui,male,98,25872
Roberto,USA,Roberto,male,99,2676
Zhengquan,USA,Zhengquan,male,100,5
Andreas,UK,Andreas,male,99,44818
Brett,Canada,Brett,male,98,418
Wen-Xiong,Japan,Wen,male,61,23
Sang,USA,Sang,male,92,174
Masaki,Japan,Masaki,male,99,681
Nobuhiro,Japan,Nobuhiro,male,100,113
Amir,Canada,Amir,male,100,243
Norito,USA,Norito,male,100,18
Soushi,Japan,Soushi,male,100,9
Philip,UK,Philip,male,99,21773
Masahiro,Japan,Masahiro,male,100,703
Miao,China,Miao,female,60,194
Modhu,Germany,Modhu,male,85,13
Maxim,Russia,Maxim,male,100,2665
Julie,France,Julie,female,97,34461
Alexander,Germany,Alexander,male,98,11884
Youli,USA,Youli,female,75,4
Jan,Germany,Jan,male,99,10566
Nicolas,France,Nicolas,male,99,55561
Jian,China,Jian,male,93,610
Nicholas,USA,Nicholas,male,100,10460
Vedhagiri,,Vedhagiri,male,100,3
Rongjun,Japan,Rongjun,male,100,4
Wolfgang,Germany,Wolfgang,male,99,7880
Naokazu,Japan,Naokazu,male,100,6
Ying-Ying,USA,Ying,female,85,200
Andreas,Germany,Andreas,male,99,21215
Eric,Fax:,Eric,male,99,121922
Naomi,Switzerland,Naomi,female,100,116
Kajornsak,Japan,Kajornsak,male,95,21
Silvana,Germany,Silvana,female,97,532
Konstantin,Canada,Konstantin,male,100,32
Thomas,USA,Thomas,male,100,20215
Daishirou,Japan,Daishirou,male,75,4
Atsushi,Switzerland,Atsushi,male,75,4
Zachary,USA,Zachary,male,100,6186
Rolf,Germany,Rolf,male,99,3089
Sean,USA,Sean,male,99,17810
Sung,Korea,Sung,male,87,992
Rémi,France,Rémi,male,99,5102
Tommaso,Italy,Tommaso,male,99,7018
Tobias,Switzerland,Tobias,male,99,548
Claudio,Italy,Claudio,male,99,28144
Tao,China,Tao,male,89,751
Jun,USA,Jun,male,86,387
Toshiki,Japan,Toshiki,male,99,146
Sylvestre,France,Sylvestre,male,94,238
Xihe,Germany,Xihe,male,75,4
Edward,UK,Edward,male,99,24073
Jung,Korea,Jung,male,71,1477
Rannveig,Norway,Rannveig,female,94,17
U,USA,,,,
Satoshi,Japan,Satoshi,male,100,1038
Dominik,Austria,Dominik,male,100,1144
Ling-Guang,China,Guang,male,93,146
Jagdeep,Switzerland,Jagdeep,male,75,4
Joachim,Germany,Joachim,male,99,2809
Yong-Xing,China,Yong,male,95,502
Evan,USA,Evan,male,98,6584
Zongwu,Canada,Zongwu,male,75,4
Gen,Singapore,Gen,female,69,16
Ki,Korea,Ki,male,69,1131
Melanie,Germany,Melanie,female,98,8557
Michael,USA,Michael,male,100,65535
Sascha,Switzerland,Sascha,male,99,731
Morgana,Brazil,Morgana,female,99,461
Heqing,Germany,Heqing,female,56,9
Elke,Germany,Elke,female,99,3403
Wataru,Japan,Wataru,male,100,276
Mei,UK,Mei,female,89,2342
Mizuki,Japan,Mizuki,female,65,176
Edyta,Germany,Edyta,female,97,156
Diane,USA,Diane,female,99,7132
Bo,China,Bo,male,88,316
David,Austria,David,male,100,1379
Charlene,Australia,Charlene,female,97,39
Chao,China,Chao,male,88,554
Bernd,Germany,Bernd,male,99,6529
Vijaya,Canada,Vijaya,female,64,11
Sylvia,USA,Sylvia,female,99,2272
Rolf,Germany,Rolf,male,99,3089
Richard,USA,Richard,male,100,24609
Tamer,Denmark,Tamer,male,100,17
Omar,Switzerland,Omar,male,99,265
Hongjun,USA,Hongjun,male,100,3
Birte,Germany,Birte,female,98,220
Yujiro,Japan,Yujiro,male,100,35
Andrea,Germany,Andrea,female,84,10166
Abdullah,Turkey,Abdullah,male,96,21302
Jianping,USA,Jianping,male,75,4
Shaun,Australia,Shaun,male,100,365
Caleb,USA,Caleb,male,100,4389
Hélène,Switzerland,Hélène,female,99,108
Hiroyuki,Japan,Hiroyuki,male,100,955
Benjamin,Belgium,Benjamin,male,99,1468
John,USA,John,male,100,65535
Martin,Germany,Martin,male,99,14619
Hong-Gang,China,Hong,female,58,636
Shu-ichi,Japan,Shu,male,98,227
Tailuan,USA,Tailuan,unknown,50,2
Joseph,USA,Joseph,male,100,21534
Benjamin,Germany,Benjamin,male,100,5256
Michael,USA,Michael,male,100,65535
Marcin,Poland,Marcin,male,99,41661
Richard,USA,Richard,male,100,24609
Kyung,Korea,Kyung,male,72,240
Kai,Switzerland,Kai,male,97,118
Po-Heng,Canada,Po,male,89,9
Mohammad,USA,Mohammad,male,99,1098
Sascha,Germany,Sascha,male,99,11090
Milos,Serbia,Milos,male,99,3263
Brandi,USA,Brandi,female,99,3576
Emily,USA,Emily,female,99,20625
Martin,Germany,Martin,male,99,14619
Sheng-Mei,Germany,Mei,female,80,49
Corinna,Switzerland,Corinna,female,100,36
Sujit,Japan,Sujit,male,75,4
Jonathan,Canada,Jonathan,male,100,1923
Hung-Yat,"Hong Kong",Yat,male,100,6
Marcel,Germany,Marcel,male,99,13238
Motoki,Japan,Motoki,male,99,98
Hai-Qing,Japan,Hai,male,90,10
Elena,Germany,Elena,female,98,1805
Shinzi,Japan,Shinzi,male,100,8
Mu-Lin,Taiwan,Mu,male,76,17
Silvia,Spain,Silvia,female,98,15336
Simone,Austria,Simone,female,96,300
Yasutaka,Japan,Yasutaka,male,100,77
Alexander,Germany,Alexander,male,98,11884
Lubomira,UK,Lubomira,female,99,169
Tamao,Japan,Tamao,female,75,8
Paul,USA,Paul,male,100,28746
Ou,USA,Ou,male,94,16
Yue,Australia,Yue,male,67,15
Catherine,UK,Catherine,female,98,41180
K,USA,,,,
Huadong,USA,Huadong,male,100,3
Zhixun,China,Zhixun,male,100,3
Hyunwoo,Canada,Hyunwoo,male,75,4
Joseph,USA,Joseph,male,100,21534
Masayuki,Japan,Masayuki,male,99,556
Ravindra,Korea,Ravindra,male,100,4045
Chiara,Italy,Chiara,female,99,23391
Min,Singapore,Min,male,67,142
Carl,Germany,Carl,male,98,330
Dimitri,Spain,Dimitri,male,98,130
Gang,USA,,,,
Maryiam,UK,Maryiam,female,86,29
Thomas,Germany,Thomas,male,99,27141
Koichi,Germany,Koichi,female,75,4
Ying,China,Ying,female,86,923
Rafik,Italy,Rafik,male,100,54
Lijia,China,Lijia,female,63,19
Fabio,Italy,Fabio,male,99,47594
Franck,France,Franck,male,99,31285
Hyunwoo,Canada,Hyunwoo,male,75,4
Mei-Ling,China,Mei,female,93,319
Chidambaram,Israel,Chidambaram,male,100,122
Tarun,France,Tarun,male,100,10
Thomas,Germany,Thomas,male,99,27141
Yanyun,China,Yanyun,female,63,8
Joyram,Germany,Joyram,male,75,4
Jun,China,Jun,male,83,1190
Chia-Kuang,USA,Kuang,male,80,10
Bert,USA,Bert,male,97,646
Brad,USA,Brad,male,100,10173
Chia-Hui,Taiwan,Chia-Hui,female,90,10
Xing,Japan,Xing,male,86,7
Jin,USA,Jin,male,68,337
Dan,UK,Dan,male,97,61524
Manuel,Spain,Manuel,male,99,38516
Henning,Germany,Henning,male,96,1022
Felix,Denmark,Felix,male,100,30
Jianfeng,Australia,Jianfeng,male,75,4
Robert,USA,Robert,male,100,43118
Paul,France,Paul,male,98,16260
Andrew,UK,Andrew,male,99,82448
Sarah,Ireland,Sarah,female,98,1141
Meizhen,Germany,Meizhen,female,93,14
Bang-Ce,China,Ce,male,88,16
Shun,Japan,Shun,male,99,555
Arun,India,Arun,male,100,21207
Yu,USA,Yu,male,64,274
Hoi,Korea,Hoi,male,58,929
Jennifer,USA,Jennifer,female,99,41490
Vadim,Sweden,Vadim,male,100,12
Fabrice,Fax:,Fabrice,male,98,25048
Ralf,Germany,Ralf,male,99,7883
Fei,USA,Fei,male,61,97
Massimiliano,Italy,Massimiliano,male,99,12816
Yunling,USA,Yunling,female,75,4
Yinyong,Switzerland,Yinyong,male,75,4
Niki,France,Niki,female,58,233
Shifa,USA,Shifa,female,100,15
James,USA,James,male,100,47200
Ilko,Germany,Ilko,male,83,6
Doris,USA,Doris,female,98,1288
Yong-Zhen,China,Yong,male,95,502
Andrew,UK,Andrew,male,99,82448
Haralampos,UK,Haralampos,male,100,25
Eric,USA,Eric,male,100,31662
Dong,Korea,Dong,male,87,2212
Lukas,Germany,Lukas,male,100,3730
Andrew,UK,Andrew,male,99,82448
Elke,"New Zealand",Elke,female,75,4
Tetsuaki,Japan,Tetsuaki,male,100,11
Gui-Ling,Sweden,Ling,female,90,10
Vivek,USA,Vivek,male,99,441
Bin,USA,Bin,male,83,140
Prakash,India,Prakash,male,100,9616
Hyunbong,Korea,,,,
Tujin,Canada,,,,
Bernhard,Sweden,Bernhard,male,100,19
Song-Gil,USA,Gil,male,98,727
Shangfeng,Germany,Shangfeng,male,75,4
Alexander,Switzerland,Alexander,male,100,502
Eric,USA,Eric,male,100,31662
Lukas,Germany,Lukas,male,100,3730
C,USA,,,,
David,USA,David,male,100,65535
Xiongdong,China,,,,
Philipp,Germany,Philipp,male,99,5871
Yasuhiro,Japan,Yasuhiro,male,100,425
Alois,Germany,Alois,male,96,303
Christine,Switzerland,Christine,female,99,711
Corinna,Germany,Corinna,female,98,1455
Tatsuya,Japan,Tatsuya,male,100,660
Roberto,Germany,Roberto,male,99,1379
Alexandr,Sweden,Alexandr,male,100,10
Vivian,UK,Vivian,female,93,12465
Christian,Germany,Christian,male,100,86
Philipp,Germany,Philipp,male,99,5871
Scott,USA,Scott,male,100,30644
Peter,Austria,Peter,male,99,3201
Pilwon,Japan,Pilwon,male,100,3
Michael,Germany,Michael,male,100,30913
Ya-Xi,Germany,Xi,male,63,16
Yukihiro,Japan,Yukihiro,male,99,135
Ran,Israel,Ran,male,98,286
Ron,Israel,Ron,male,96,374
Michael,USA,Michael,male,100,65535
Sergey,USA,Sergey,male,100,435
Joulia,France,Joulia,female,76,102
Tianshi,Germany,Tianshi,male,75,4
Xikui,USA,Xikui,male,100,3
Haifeng,China,Haifeng,male,94,89
Amy,USA,Amy,female,99,22405
Hiroyuki,Japan,Hiroyuki,male,100,955
Roland,Germany,Roland,male,99,3490
Adi,Israel,Adi,female,53,465
Michael,Germany,Michael,male,100,30913
Shun-Yuan,Taiwan,Shun,male,92,39
Yuko,Japan,Yuko,female,99,513
Sonny,Berkeley,Sonny,male,96,7349
Jun,China,Jun,male,83,1190
Evan,USA,Evan,male,98,6584
Won,USA,Won,male,88,59
Jean-Luc,Netherlands,Jean-Luc,male,100,11
Berthold,Germany,Berthold,male,100,213
Sami,Germany,Sami,male,93,1364
Jennifer,UK,Jennifer,female,98,88317
Elena,Italy,Elena,female,99,20228
Peter,Slovakia,Peter,male,99,14009
Kallol,USA,Kallol,male,100,5
Markus,Japan,Markus,male,100,18
Youtian,China,Youtian,male,75,4
Masaki,Japan,Masaki,male,99,681
Julien,Canada,Julien,male,98,451
Michael,UK,Michael,male,99,211741
Gaetano,Italy,Gaetano,male,99,10405
Matthias,Germany,Matthias,male,100,9451
Stephen,UK,Stephen,male,99,46085
Jorge,USA,Jorge,male,99,5322
Xiaolin,China,Xiaolin,female,52,66
Takeshi,Japan,Takeshi,male,100,1025
Raluca,France,Raluca,female,100,17
Jiadi,USA,Jiadi,male,75,4
Jatuporn,Switzerland,Jatuporn,male,52,123
Sang,Korea,Sang,male,88,2448
Na,China,Na,female,92,72
Chau,"Hong Kong",Chau,female,53,51
Morten,Germany,Morten,male,99,81
Alison,UK,Alison,female,93,14178
Clement,USA,Clement,male,98,197
Lee,USA,Lee,male,83,7014
Eloísa,Spain,Eloísa,female,100,35
Sivaramapanicker,India,,,,
Muse,UK,Muse,male,65,384
Matthew,USA,Matthew,male,100,30646
Andreas,USA,Andreas,male,100,2789
Eric,USA,Eric,male,100,31662
Stefan,Germany,Stefan,male,97,20127
Andrei,Germany,Andrei,male,98,192
Takato,Japan,Takato,male,100,31
José,Spain,José,male,99,8211
Aiichiro,Japan,Aiichiro,male,100,10
Marianne,Germany,Marianne,female,98,817
Kira,Germany,Kira,female,95,455
Navin,USA,Navin,male,99,110
Shuji,Japan,Shuji,male,100,133
Helen,UK,Helen,female,98,23138
Nadja,Germany,Nadja,female,99,1668
Michael,USA,Michael,male,100,65535
Janusz,Poland,Janusz,male,99,5909
Tobias,Germany,Tobias,male,100,9929
Thomas,France,Thomas,male,98,35110
Alexander,Germany,Alexander,male,98,11884
Yongliang,China,Yongliang,male,100,21
Brian,USA,Brian,male,100,40133
Peng,China,Peng,male,85,704
Wenxin,UK,Wenxin,female,69,36
Gunilla,USA,Gunilla,female,100,9
Andrew,Canada,Andrew,male,100,3367
Holly,USA,Holly,female,99,6297
Inke,Germany,Inke,female,96,26
Sebyung,USA,Sebyung,male,75,4
Tanmay,USA,Tanmay,male,100,30
Kathryn,USA,Kathryn,female,99,4645
Ken,Japan,Ken,male,99,1450
Miquel,USA,Miquel,male,88,42
Stephanie,Germany,Stephanie,female,98,3032
Giulia,France,Giulia,female,95,214
Daniel,Germany,Daniel,male,99,22784
Andrey,Canada,Andrey,male,100,60
Christina,Canada,Christina,female,99,756
Julien,Germany,Julien,male,99,475
Jochen,Germany,Jochen,male,99,2148
Stephen,Australia,Stephen,male,100,1177
Yong-Gon,"Republic of Korea",Yong-Gon,male,88,2905
Daniel,USA,Daniel,male,100,35866
Lutz,Germany,Lutz,male,99,1566
Kazuhiro,USA,Kazuhiro,male,100,11
Andrew,USA,Andrew,male,100,34858
Sa,USA,Sa,female,59,88
K,USA,,,,
Bert,Germany,Bert,male,98,402
Sifu,Germany,Sifu,male,100,6
Dinesh,India,Dinesh,male,100,13870
Natsuko,Japan,Natsuko,female,99,90
Greg,USA,Greg,male,100,15318
Daniel,Germany,Daniel,male,99,22784
Mikko,Finland,Mikko,male,99,1754
Zhi,USA,Zhi,male,81,58
Araceli,Spain,Araceli,female,99,1450
Arne,Germany,Arne,male,99,874
Masahiro,USA,Masahiro,male,100,29
Wendy,USA,Wendy,female,99,7556
De-Xian,China,De,male,81,31
Niina,Finland,Niina,female,97,461
Tarun,USA,Tarun,male,100,143
David,France,David,male,98,65535
Chi-Chieh,ROC,Chi-Chieh,female,57,3034
David,USA,David,male,100,65535
Renguo,USA,Renguo,male,75,4
Xiaojie,USA,Xiaojie,unknown,50,6
Noriyoshi,Japan,Noriyoshi,male,95,20
Dieter,Germany,Dieter,male,98,5789
Anna,Italy,Anna,female,98,36781
Yi-Hung,Germany,Hung,male,100,35
Mazen,Germany,Mazen,male,95,58
Susan,USA,Susan,female,99,16157
Michael,USA,Michael,male,100,65535
Darren,Korea,Darren,male,99,16621
Jochen,Germany,Jochen,male,99,2148
Xu-dong,China,Dong,male,79,528
Qinhe,China,Qinhe,male,75,4
Prasenjit,UK,Prasenjit,male,100,920
Jishan,USA,Jishan,male,75,4
Avery,USA,Avery,male,59,1117
Bart,Netherlands,Bart,male,99,3668
Jaeyun,Korea,Jaeyun,male,89,28
Hajime,Japan,Hajime,male,98,304
David,USA,David,male,100,65535
Patrick,Germany,Patrick,male,99,14512
Yuki,Japan,Yuki,male,61,1797
Yonggang,Japan,Yonggang,male,75,4
Jian,Germany,Jian,male,90,21
Ganesan,Germany,Ganesan,male,75,4
Zhaorong,USA,Zhaorong,female,60,5
Jonas,Germany,Jonas,male,99,2401
Jeet,USA,Jeet,male,94,49
Salvatore,USA,Salvatore,male,100,4028
Chang,Korea,Chang,male,72,2129
Hyung,USA,Hyung,male,88,16
Xi-Sen,USA,Sen,male,83,54
Hiroshi,Japan,Hiroshi,male,99,1448
Kiranmai,USA,Kiranmai,female,100,5
Kaiyong,China,Kaiyong,male,75,4
Matthew,France,Matthew,male,99,293
Ulrika,Germany,Ulrika,female,100,10
Tobias,Germany,Tobias,male,100,9929
K,Singapore,,,,
Sebastian,Germany,Sebastian,male,100,13809
Yi,"United Kingdom",Yi,male,55,44
Detre,Germany,Detre,male,81,16
Biao,USA,Biao,male,80,5
Yang,China,Yang,male,65,1965
Zhiping,China,Zhiping,male,81,27
Candy,Singapore,Candy,female,100,2337
Awal,Germany,Awal,male,75,4
Anne,France,Anne,female,98,16310
Takehide,Japan,Takehide,male,100,6
Bernard,Netherlands,Bernard,male,98,289
Ji-Ho,USA,Ho,male,75,48
Yong,China,Yong,male,95,502
S,Korea,,,,
Aleksandra,Germany,Aleksandra,female,97,342
Sergey,Sweden,Sergey,male,100,17
Mircea,USA,Mircea,male,87,23
Lars,USA,Lars,male,100,401
Tzu-Chiao,Taiwan,Chiao,female,80,44
Mingzhu,China,Mingzhu,female,52,25
He-yan,China,He,male,74,204
Mauro,Italy,Mauro,male,99,22169
Miriam,Germany,Miriam,female,98,1900
Jennifer,UK,Jennifer,female,98,88317
Christian,Germany,Christian,male,100,86
Alper,USA,Alper,male,100,58
Yu,China,Yu,male,73,664
Timothy,UK,Timothy,male,99,15778
Roberto,Spain,Roberto,male,99,16213
Yi-Chou,Taiwan,Chou,male,65,147
Roald,USA,Roald,male,100,7
Marie,UK,Marie,female,97,110430
Chia-Yuan,ROC,Chia-Yuan,female,67,6
Donghua,USA,Donghua,male,75,4
Himashinie,USA,,,,
A,USA,,,,
Tao,Germany,Tao,male,91,33
Dianjun,Germany,Dianjun,male,75,4
Michael,USA,Michael,male,100,65535
Yu,Korea,Yu,male,63,3415
Tricia,USA,Tricia,female,99,2109
Katsuhiko,Japan,Katsuhiko,male,100,102
Nadine,Germany,Nadine,female,98,8665
Seergazhi,USA,,,,
Yoko,Japan,Yoko,female,96,431
Lukas,Germany,Lukas,male,100,3730
Martin,Germany,Martin,male,99,14619
Francesco,Germany,Francesco,male,99,1187
Michio,Japan,Michio,male,97,67
Massimo,Italy,Massimo,male,99,38175
Weian,Canada,Weian,male,80,10
Hemanta,USA,Hemanta,male,100,3
Aurore,France,Aurore,female,97,11451
Ozana,Germany,Ozana,female,96,102
Daniel,Singapore,Daniel,male,99,642
Hyun-Suk,Korea,Hyun-Suk,male,100,7
Antoine,UK,Antoine,male,99,33499
Pablo,UK,Pablo,male,99,51159
Vincent,France,Vincent,male,98,32067
Xu,China,Xu,male,76,420
Krunoslav,Croatia,Krunoslav,male,100,129
Delia,USA,Delia,female,100,3374
Tom,Germany,Tom,male,99,7237
Robin,Australia,Robin,male,79,194
Takashi,USA,Takashi,male,98,49
Koji,Japan,Koji,male,99,780
Michael,Australia,Michael,male,100,3838
Mark,USA,Mark,male,100,47989
Liang,Canada,Liang,male,88,16
Chris,UK,Chris,male,93,163699
José,Spain,José,male,99,8211
Samra,Germany,Samra,female,86,42
Shenglai,Germany,Shenglai,male,100,4
Tim,Canada,Tim,male,100,1411
Helmut,Germany,Helmut,male,98,3338
Volker,Germany,Volker,male,100,2821
Jean-Yves,Switzerland,Jean-Yves,male,100,36
Ulrich,Germany,Ulrich,male,99,1577
Jacob,USA,Jacob,male,100,13097
Christopher,UK,Christopher,male,99,55041
Amos,USA,Amos,male,100,2497
Zaozao,China,Zaozao,unknown,50,2
Xiangbing,USA,Xiangbing,male,75,4
Henri,France,Henri,male,98,5090
Samuel,France,Samuel,male,98,7756
Ikuya,Japan,Ikuya,male,100,14
Seiichi,Japan,Seiichi,male,99,104
Karl,UK,Karl,male,98,18575
Somenath,Canada,Somenath,male,99,173
Andrey,Germany,Andrey,male,99,179
Dennis,Netherlands,Dennis,male,99,5623
Dirk,Germany,Dirk,male,99,8318
Peter,Germany,Peter,male,99,21321
Satoshi,Japan,Satoshi,male,100,1038
Masaya,Japan,Masaya,male,100,274
Alessandro,UK,Alessandro,male,99,79631
Paolo,Italy,Paolo,male,99,54131
David,USA,David,male,100,65535
Bastien,France,Bastien,male,99,5622
Seung,USA,Seung,male,94,35
Zhi-Gang,Japan,Zhi,male,100,3
Fabian,Germany,Fabian,male,99,4595
Lifeng,Germany,Lifeng,male,80,56
Matvey,Russia,Matvey,male,100,82
Changxiu,France,,,,
José,Spain,José,male,99,8211
Adi,Israel,Adi,female,53,465
Stéphane,France,Stéphane,male,97,13244
Herbert,Germany,Herbert,male,98,1663
Lutz,Switzerland,Lutz,male,85,26
Berthold,Germany,Berthold,male,100,213
Takahiko,Japan,Takahiko,male,100,55
Preston,Canada,Preston,male,100,57
F,Germany,,,,
Soeren,Germany,Soeren,male,99,87
Min,China,Min,female,56,572
Magnus,Germany,Magnus,male,99,183
Michael,USA,Michael,male,100,65535
Nilton,France,Nilton,male,100,24
Luca,Italy,Luca,male,100,65535
Javier,Spain,Javier,male,99,46053
Chong-Dao,USA,Chong,male,73,79
Gang,Japan,,,,
Gaoxi,China,Gaoxi,female,75,4
Kagan,Canada,Kagan,male,75,4
Olivier,France,Olivier,male,99,36743
K,USA,,,,
José,Spain,José,male,99,8211
Kwun-Ngai,China,Ngai,male,60,10
John,Ireland,John,male,99,4363
Masaki,USA,Masaki,male,96,23
Peng,USA,Peng,male,91,133
Shingo,Japan,Shingo,male,99,375
Juan,Fax:,Juan,male,98,106011
Peter,UK,Peter,male,99,146529
Min,USA,Min,male,56,258
Cristina,Italy,Cristina,female,99,16304
Nobuhito,Japan,Nobuhito,male,100,15
Pierangelo,Italy,Pierangelo,male,100,562
Ullrich,"Czech Republic",Ullrich,male,75,4
Polly,UK,Polly,female,92,2093
Charles,USA,Charles,male,100,15822
Jianxin,Japan,Jianxin,male,95,39
Carmen,Spain,Carmen,female,98,26181
Mike,Germany,Mike,male,99,7927
Pei,China,Pei,male,57,112
Huseyin,Israel,Huseyin,male,75,4
Denis,Germany,Denis,male,96,3329
Yongqiang,USA,Yongqiang,male,100,5
Shin-ya,Japan,Shin-Ya,male,100,4
Shuang-Feng,Japan,Feng,male,93,15
Charles,USA,Charles,male,100,15822
Samuel,USA,Samuel,male,100,6468
Rajesh,Germany,Rajesh,male,97,35
Misaki,Japan,Misaki,female,88,167
Annika,Germany,Annika,female,97,1750
Xu,China,Xu,male,76,420
Yujiro,Japan,Yujiro,male,100,35
Lucas,France,Lucas,male,98,6969
Dai,Japan,Dai,male,99,339
Anyu,USA,Anyu,female,75,4
Yujiro,Japan,Yujiro,male,100,35
Hua,USA,Hua,male,65,57
Erika,USA,Erika,female,99,4710
Theocharis,USA,Theocharis,male,75,4
Douglas,USA,Douglas,male,100,5371
Jung,Japan,Jung,male,56,9
K,Australia,,,,
Charlotte,Netherlands,Charlotte,female,98,676
Eric,USA,Eric,male,100,31662
Shuiquan,Germany,Shuiquan,male,75,4
Takashi,Japan,Takashi,male,99,1549
René,Netherlands,René,male,99,1064
Ernesto,Spain,Ernesto,male,99,2640
Tobias,Switzerland,Tobias,male,99,548
Benjamin,Germany,Benjamin,male,100,5256
Dai,Japan,Dai,male,99,339
José,USA,José,male,99,355
Kosuke,Japan,Kosuke,male,99,242
Peter,UK,Peter,male,99,146529
Joaquim,Spain,Joaquim,male,99,466
Hiroshi,Japan,Hiroshi,male,99,1448
David,USA,David,male,100,65535
Christian,Germany,Christian,male,100,86
Shigekazu,Japan,Shigekazu,male,100,18
M,Germany,,,,
Kazuhiro,Japan,Kazuhiro,male,100,388
Jiantao,USA,Jiantao,male,75,4
Jiao-Jie,USA,Jiao,female,88,8
Dustin,USA,Dustin,male,100,6507
Maike,Germany,Maike,female,96,925
Stefan,Austria,Stefan,male,99,3126
Stephen,UK,Stephen,male,99,46085
Kai,USA,Kai,male,99,18599
Richard,USA,Richard,male,100,24609
Zhigang,"Republic of Korea",Zhigang,male,98,61
Xin-Zhi,China,Zhi,male,80,154
Ulrike,Germany,Ulrike,female,86,2849
Herbert,Germany,Herbert,male,98,1663
Yong,Canada,Yong,male,95,19
Ishtvan,Spain,Ishtvan,male,100,5
Chau,"Hong Kong",Chau,female,53,51
Wim,Netherlands,Wim,male,99,3152
Dirk,Germany,Dirk,male,99,8318
Prema,India,Prema,female,91,341
Andrew,USA,Andrew,male,100,34858
Martin,USA,Martin,male,100,5868
Connie,Germany,Connie,female,89,56
Julien,Germany,Julien,male,99,475
Takehiro,Japan,Takehiro,male,100,96
Naoki,Japan,Naoki,male,100,826
Kalin,Germany,Kalin,unknown,50,6
Ivan,Russia,Ivan,male,99,4821
Eyal,Israel,Eyal,male,99,467
Eunji,Korea,Eunji,female,97,205
Joanne,UK,Joanne,female,98,11769
Victoria,UK,Victoria,female,98,33384
Josef,UK,Josef,male,98,26385
Benjamin,Switzerland,Benjamin,male,99,552
Christian,Germany,Christian,male,100,86
Israel,Israel,Israel,male,98,211
David,France,David,male,98,65535
Frank,Switzerland,Frank,male,99,536
M,Spain,,,,
Satoshi,Japan,Satoshi,male,100,1038
Alfred,USA,Alfred,male,99,1238
Valery,UK,Valery,female,72,7257
Young-Hyuk,USA,Hyuk,male,100,9
Chuan,China,Chuan,male,84,101
Yulan,China,Yulan,female,97,37
Jin-sil,Korea,Jin-Sil,male,60,6437
Sayak,Germany,Sayak,male,100,196
Manuel,Germany,Manuel,male,99,5956
Masanari,Japan,Masanari,male,94,18
Anne,UK,Anne,female,98,48855
Anne,France,Anne,female,98,16310
Hui,UK,Hui,female,52,1684
David,USA,David,male,100,65535
Rasmus,Denmark,Rasmus,male,100,1201
Hans-Jörg,Germany,Hans-Jörg,male,100,93
Jan,Germany,Jan,male,99,10566
Timothy,USA,Timothy,male,100,9427
José,Spain,José,male,99,8211
Guojun,USA,Guojun,male,100,19
Martin,Germany,Martin,male,99,14619
Anna-Gay,USA,Anna,female,99,11850
Jiun-Jie,Taiwan,Jie,male,65,54
Alexander,Germany,Alexander,male,98,11884
Sebastian,Germany,Sebastian,male,100,13809
Sébastien,Canada,Sébastien,male,100,331
Pierre-Yves,Switzerland,Pierre-Yves,male,100,57
Claude,Switzerland,Claude,male,93,692
Zehavit,Israel,Zehavit,female,92,12
Takeru,USA,Takeru,male,100,5
Sampath,India,Sampath,male,99,998
Dariush,USA,Dariush,male,100,27
Kei,Japan,Kei,male,82,844
Camilla,Germany,Camilla,female,97,63
Melanie,USA,Melanie,female,99,6458
Ryan,USA,Ryan,male,99,35179
Andrea,Germany,Andrea,female,84,10166
Anjie,China,Anjie,male,75,4
Michael,USA,Michael,male,100,65535
Qingsheng,USA,Qingsheng,male,100,6
Rolf,Germany,Rolf,male,99,3089
Yohan,France,Yohan,male,98,4248
Zhan,China,Zhan,male,67,69
Y,Germany,,,,
Jacob,USA,Jacob,male,100,13097
Ho,"South Korea",Ho,male,97,274
Holger,Germany,Holger,male,100,4362
Jan,Germany,Jan,male,99,10566
Lester,USA,Lester,male,100,3503
Matteo,Italy,Matteo,male,99,37171
Keisuske,Japan,,,,
Holger,Germany,Holger,male,100,4362
Hayato,Japan,Hayato,male,99,313
Moritz,Germany,Moritz,male,99,1375
Kacey,USA,Kacey,female,99,4387
Konrad,Austria,Konrad,male,97,88
Victor,Finland,Victor,male,100,42
Takeshi,Japan,Takeshi,male,100,1025
Christopher,USA,Christopher,male,100,26017
Kegang,Switzerland,,,,
Boris,Switzerland,Boris,male,99,279
Kazutaka,Japan,Kazutaka,male,99,77
Minseon,"Republic of Korea",Minseon,female,100,15
Jianrong,USA,Jianrong,male,82,11
Magnus,Germany,Magnus,male,99,183
Ying,China,Ying,female,86,923
Pavel,Germany,Pavel,male,99,295
Khalid,Canada,Khalid,male,100,135
Jean-Claude,France,Jean-Claude,male,99,4704
Kenji,Japan,Kenji,male,99,1017
Casper,Denmark,Casper,male,99,508
Roberta,UK,Roberta,female,96,25524
Thomas,UK,Thomas,male,99,129177
Daiki,Japan,Daiki,male,100,414
Dieter,Germany,Dieter,male,98,5789
Alexander,Germany,Alexander,male,98,11884
Chris,UK,Chris,male,93,163699
Daniel,Sweden,Daniel,male,99,6702
Mónica,USA,Mónica,female,95,79
Hongmei,USA,Hongmei,female,100,8
Sampath,India,Sampath,male,99,998
Tierui,USA,Tierui,female,75,4
Stefan,Germany,Stefan,male,97,20127
Young-wook,Korea,Young-Wook,male,100,4
Aiko,Japan,Aiko,female,97,181
Fei,China,Fei,male,69,629
C,USA,,,,
Holger,Germany,Holger,male,100,4362
Weizhen,China,Weizhen,male,67,6
Eugene,USA,Eugene,male,99,2015
Gennady,Canada,Gennady,male,100,6
Haiqing,China,Haiqing,male,82,17
Shū,Japan,,,,
Oottikkal,India,,,,
Shannon,USA,Shannon,female,88,11948
Martin,Germany,Martin,male,99,14619
Yuichirou,Japan,Yuichirou,male,100,8
Dasheng,Singapore,Dasheng,male,100,6
Eli,Netherlands,Eli,male,69,100
Masayuki,Japan,Masayuki,male,99,556
Qingyu,France,Qingyu,male,82,28
Marc,France,Marc,male,98,27772
Qiuju,China,Qiuju,female,100,3
Gonzalo,Spain,Gonzalo,male,99,5271
Tarkeshwar,Israel,Tarkeshwar,male,100,81
Christopher,Germany,Christopher,male,99,3075
Michael,Germany,Michael,male,100,30913
Nicola,Portugal,Nicola,male,68,28
Yingdong,Canada,Yingdong,male,83,6
Masafumi,Japan,Masafumi,male,99,129
Tomohiro,Japan,Tomohiro,male,100,395
Nick,UK,Nick,male,98,55264
Joseph,USA,Joseph,male,100,21534
Jian,USA,Jian,male,84,124
Kuanping,USA,Kuanping,male,75,4
Guoyin,China,Guoyin,female,75,4
Taleb,USA,Taleb,male,100,8
P,UK,,,,
Saverio,Italy,Saverio,male,99,3681
Hai,UK,Hai,male,84,3492
Nicole,Germany,Nicole,female,96,11795
Dong-Hoon,Japan,Dong,male,92,12
Vincent,USA,Vincent,male,100,4308
Mi,"South Korea",Mi,female,86,125
Masatoshi,Japan,Masatoshi,male,99,163
Erik,Germany,Erik,male,64,2426
Ryo,Japan,Ryo,male,98,2022
Xi,Australia,Xi,male,100,4
Takashi,Japan,Takashi,male,99,1549
Xiao,China,Xiao,male,56,757
Christian,Switzerland,Christian,male,100,48300
Sang,USA,Sang,male,92,174
Yusuke,Japan,Yusuke,male,100,1088
Junko,Japan,Junko,female,98,255
Na'il,Jordan,Na'il,male,75,4
Jean,France,Jean,male,98,46475
Jean-Charles,France,Jean-Charles,male,99,1264
Yue-Ling,China,Ling,female,82,646
Chieko,Japan,Chieko,female,100,62
John,Sweden,John,male,99,1967
Vyacheslav,USA,Vyacheslav,male,100,22
Roberto,USA,Roberto,male,99,2676
Andrea,Switzerland,Andrea,female,63,1819
Anil,Netherlands,Anil,male,98,91
Carlo,Italy,Carlo,male,99,26160
Thomas,Switzerland,Thomas,male,99,3106
Rhea,UK,Rhea,female,98,1506
Nianjun,Japan,,,,
Hiromichi,Japan,Hiromichi,male,98,55
Jesus,Spain,Jesus,male,99,28037
Gerhard,Germany,Gerhard,male,99,2024
René,Switzerland,René,male,99,817
Oliver,UK,Oliver,male,98,22853
Lutz,Germany,Lutz,male,99,1566
Hwan,Korea,Hwan,male,90,242
Steven,USA,Steven,male,100,19562
Daniel,USA,Daniel,male,100,35866
Kohsuke,Japan,Kohsuke,male,100,17
David,USA,David,male,100,65535
Jaswinder,USA,Jaswinder,male,85,20
Ryan,USA,Ryan,male,99,35179
Vincent,USA,Vincent,male,100,4308
Matthew,UK,Matthew,male,100,51412
Yan,Japan,Yan,male,67,49
Tian-Sheng,USA,Sheng,male,67,55
Munenori,Japan,Munenori,male,100,11
Christian,France,Christian,male,100,48300
Alicja,Germany,Alicja,female,96,189
Hai-Young,Germany,Hai,male,87,54
Marie-Sophie,Germany,Marie-Sophie,female,91,11
Seung,USA,Seung,male,94,35
Xu,Germany,Xu,male,67,9
Takayoshi,Japan,Takayoshi,male,100,84
Rachel,USA,Rachel,female,99,18502
Asif,Germany,Asif,male,98,57
Vincent,Canada,Vincent,male,99,738
Yoshimitsu,Japan,Yoshimitsu,male,100,35
Chang,USA,Chang,male,66,132
Sean,USA,Sean,male,99,17810
Hans-Dieter,,Hans-Dieter,male,99,151
Dae-Wi,USA,Dae,male,57,47
Jonathan,UK,Jonathan,male,99,84386
Meihua,USA,Meihua,female,75,4
Jimin,USA,Jimin,female,58,19
Dang,Germany,Dang,male,88,8
Stefan,Germany,Stefan,male,97,20127
Peng,USA,Peng,male,91,133
Sabyasachi,Taiwan,Sabyasachi,male,100,550
Wei,China,Wei,male,76,1859
Fei,China,Fei,male,69,629
Mónica,Germany,Mónica,female,100,21
Junji,Japan,Junji,male,100,115
Markus,UK,Markus,male,99,30782
Erin,USA,Erin,female,97,12801
Philipp,Germany,Philipp,male,99,5871
Iain,UK,Iain,male,99,2910
Manami,USA,Manami,female,100,12
Alois,Germany,Alois,male,96,303
William,USA,William,male,100,24483
Alan,UK,Alan,male,99,44635
Alwies,Netherlands,,,,
Nathalie,Netherlands,Nathalie,female,99,1249
T,USA,,,,
Juan,Spain,Juan,male,100,65535
George,UK,George,male,99,63411
Jun,Japan,Jun,male,93,1455
Yasuhide,Japan,Yasuhide,male,100,15
Eric,USA,Eric,male,100,31662
Helfried,Germany,Helfried,male,100,12
Agnieszka,Germany,Agnieszka,female,98,578
Chien-Hung,Taiwan,Chien-Hung,male,100,4
Hirokazu,Japan,Hirokazu,male,100,209
Robert,Germany,Robert,male,99,8458
Seiichi,Northern,Seiichi,male,99,116
Hanne,Denmark,Hanne,female,99,588
Mamoru,Japan,Mamoru,male,99,137
Pietro,Switzerland,Pietro,male,99,223
Shrikumar,USA,Shrikumar,male,100,33
Holger,Germany,Holger,male,100,4362
David,France,David,male,98,65535
Sun,Korea,Sun,male,61,5099
Itai,Israel,Itai,male,100,112
Jianhua,Canada,Jianhua,male,75,4
Linjing,Switzerland,Linjing,female,83,6
Hiroyuki,Japan,Hiroyuki,male,100,955
Mehran,Canada,Mehran,male,100,24
Shiki,Japan,Shiki,male,80,20
Junjie,Canada,Junjie,male,75,4
Dirk,Germany,Dirk,male,99,8318
Yu-Fei,UK,Yu-Fei,male,63,4618
Kelvin,USA,Kelvin,male,100,1230
Haruhiko,Japan,Haruhiko,male,100,41
Delin,China,Delin,male,71,7
Rebecca,USA,Rebecca,female,99,14934
Rong,USA,Rong,male,52,60
Bing-Feng,USA,Feng,male,84,104
Guosheng,China,Guosheng,male,100,3
Bin,Switzerland,Bin,unknown,50,2
Peter,Germany,Peter,male,99,21321
Satinder,India,Satinder,male,86,261
Eva,Denmark,Eva,female,98,292
David,Germany,David,male,99,10714
Qiong,Germany,Qiong,unknown,50,2
Ryan,USA,Ryan,male,99,35179
Susana,Spain,Susana,female,98,11386
Holger,Germany,Holger,male,100,4362
Jung-Keun,Korea,Jung-Keun,male,72,1510
Benito,Spain,Benito,male,97,1224
Elaine,Israel,Elaine,female,100,3
Mohammed,Germany,Mohammed,male,99,564
Carlo,Italy,Carlo,male,99,26160
Björn,Germany,Björn,male,99,3792
Thomas,Denmark,Thomas,male,100,2294
Likui,Singapore,Likui,male,67,3
Rajesh,Germany,Rajesh,male,97,35
Georg,Switzerland,Georg,male,98,131
Ivano,Italy,Ivano,male,99,2480
Wei,China,Wei,male,76,1859
Srinivasan,India,Srinivasan,male,99,1305
Yong-beom,Korea,Yong-Beom,male,87,2315
Diego,USA,Diego,male,100,2217
Aurélie,UK,Aurélie,female,97,17444
Gang,China,,,,
Kathrin,Germany,Kathrin,female,98,2824
Xin,China,Xin,male,62,851
Yan,China,Yan,female,69,1535
Roie,USA,Roie,male,100,6
Ute,Germany,Ute,female,98,2960
Leif,USA,Leif,male,100,300
Chiung-Fang,Taiwan,Chiung,female,75,4
Robert,Netherlands,Robert,male,99,4110
Roger,Italy,Roger,male,99,595
Béatrice,Germany,Béatrice,female,100,23
Rongbiao,USA,,,,
Christian,Switzerland,Christian,male,100,48300
Yvonne,Germany,Yvonne,female,98,4735
Frank,Germany,Frank,male,98,16573
Iti,Japan,Iti,male,75,4
Russell,UK,Russell,male,99,7800
Björn,Germany,Björn,male,99,3792
Joji,USA,Joji,male,77,22
Alex,Switzerland,Alex,male,92,2906
Ulrike,Germany,Ulrike,female,86,2849
Thomas,France,Thomas,male,98,35110
Mikhail,Russia,Mikhail,male,100,2058
Hong,Canada,Hong,male,63,35
Andrei,Germany,Andrei,male,98,192
Haifei,UK,Haifei,male,86,7
Dmitry,Israel,Dmitry,male,99,157
Noriyuki,Japan,Noriyuki,male,99,128
Salvador,Spain,Salvador,male,99,3424
José,UK,José,male,98,35243
Pierluigi,Italy,Pierluigi,male,99,2782
Zhenqiang,USA,Zhenqiang,male,100,4
Alex,Switzerland,Alex,male,92,2906
Young,"Republic of Korea",Young,male,100,51
Sheng-Yao,ROC,Sheng-Yao,male,74,2628
Shirong,China,Shirong,male,63,8
Chullikkattil,UK,,,,
Hai-Feng,China,Hai,male,85,184
Richard,USA,Richard,male,100,24609
Sigrid,Denmark,Sigrid,female,100,20
De-Liang,UK,De-Liang,male,73,6438
Tao,USA,Tao,male,90,147
George,UK,George,male,99,63411
David,USA,David,male,100,65535
Patricia,Germany,Patricia,female,98,1993
Chunyan,France,Chunyan,female,75,4
Heike,Germany,Heike,female,98,4368
Walter,Italy,Walter,male,99,5714
Kazuyuki,Japan,Kazuyuki,male,100,202
Urs,UK,Urs,male,97,1407
Hyunjoo,Korea,Hyunjoo,female,82,77
Natsuko,Japan,Natsuko,female,99,90
Yujiro,Japan,Yujiro,male,100,35
Marcel,Canada,Marcel,male,99,354
Oliver,Germany,Oliver,male,99,7903
Séverine,France,Séverine,female,97,5460
Pier,Italy,Pier,male,98,2166
Sofia,France,Sofia,female,92,3129
Xin,Spain,Xin,male,61,36
Huan-Ming,China,Ming,male,83,826
Ryan,Canada,Ryan,male,99,2741
Michael,USA,Michael,male,100,65535
Jignesh,France,Jignesh,male,100,3
Shengqian,USA,Shengqian,male,75,4
Young,Korea,Young,male,100,51
Michael,Israel,Michael,male,100,862
Jian,USA,Jian,male,84,124
Joseph,USA,Joseph,male,100,21534
Yi,China,Yi,male,73,459
Philip,USA,Philip,male,100,5264
Waqar,UK,Waqar,male,99,2593
Zhang-Jing,China,Jing,female,78,1267
Jennifer,Canada,Jennifer,female,99,2223
Julio,USA,Julio,male,99,2152
Liviu,Belgium,Liviu,male,100,16
Shu-Yan,China,Yan,female,69,1535
Udo,Germany,Udo,male,99,2375
Pascal,Germany,Pascal,male,99,4323
Isaac,USA,Isaac,male,99,3762
Wangyang,USA,Wangyang,male,90,21
Yun,Netherlands,Yun,male,57,14
Takehisa,Japan,Takehisa,male,100,16
Guzmán,Spain,Guzmán,male,100,33
Despina,Germany,Despina,female,100,44
Rotraut,Germany,Rotraut,female,100,15
Franck,France,Franck,male,99,31285
Jian,USA,Jian,male,84,124
Siméon,Germany,Siméon,male,75,4
Masahiro,Japan,Masahiro,male,100,703
Bing,China,Bing,male,71,379
Alessandro,Italy,Alessandro,male,100,65535
Junji,Japan,Junji,male,100,115
Roald,USA,Roald,male,100,7
Tomás,Germany,Tomás,male,100,10
Nobuyoshi,Japan,Nobuyoshi,male,100,41
Peng,USA,Peng,male,91,133
Koichi,Germany,Koichi,female,75,4
Dik-Lung,China,Dik,male,100,3
Gerard,Netherlands,Gerard,male,99,2714
Juergen,Singapore,Juergen,male,75,4
M,India,,,,
Izhack,Israel,Izhack,male,75,4
Yun,USA,Yun,male,54,104
Chan,Korea,Chan,male,67,4404
Maria,Italy,Maria,female,96,36074
Bruno,Switzerland,Bruno,male,99,1971
Jin,UK,Jin,male,72,4739
Bernhard,Germany,Bernhard,male,98,3134
Xueshi,Germany,Xueshi,unknown,50,2
Jack,Switzerland,Jack,male,97,674
Takatoshi,Japan,Takatoshi,male,100,56
Stephan,Germany,Stephan,male,98,6568
Alessandra,USA,Alessandra,female,99,3193
Gao-Feng,Germany,Gao,male,80,5
Igor,Finland,Igor,male,98,51
Maiko,Japan,Maiko,female,95,144
Johanna,UK,Johanna,female,98,15895
Reik,Germany,Reik,male,95,44
Daisuke,Japan,Daisuke,male,100,1249
Yanxing,France,Yanxing,male,75,4
K,USA,,,,
Justin,USA,Justin,male,100,25338
Muhammad,UK,Muhammad,male,99,59995
Hao,Germany,Hao,male,91,23
Christopher,USA,Christopher,male,100,26017
Gaku,Japan,Gaku,male,99,86
Emilio,France,Emilio,male,98,287
Di,Israel,Di,unknown,50,6
Christophe,Germany,Christophe,male,97,104
Xin-Yuan,China,Xin,male,62,851
Pierre,France,Pierre,male,98,41192
Terhi,Finland,Terhi,female,97,270
Zhong,Germany,Zhong,male,75,4
Yujiro,Japan,Yujiro,male,100,35
Aaron,USA,Aaron,male,100,19401
Xuehong,China,Xuehong,female,100,3
Alexander,USA,Alexander,male,100,6939
Barry,USA,Barry,male,100,3714
Tim,Germany,Tim,male,99,7477
Wendy,USA,Wendy,female,99,7556
Ludovico,Canada,Ludovico,male,75,4
Huimeng,USA,Huimeng,female,75,4
Chao,USA,Chao,male,91,112
Meike,Switzerland,Meike,female,90,10
Hemraj,USA,Hemraj,male,100,4
Uriah,USA,Uriah,male,100,3884
Frederick,USA,Frederick,male,99,1236
Christoph,Germany,Christoph,male,100,5773
F,Germany,,,,
Holger,Germany,Holger,male,100,4362
Céline,Switzerland,Céline,female,99,524
Ming-Sheng,China,Sheng,male,91,230
Toshifumi,Japan,Toshifumi,male,100,38
Christian,Germany,Christian,male,100,86
Thomas,USA,Thomas,male,100,20215
Valerie,Germany,Valerie,female,95,204
Ben,China,Ben,male,98,774
Manuela,Institute,Manuela,female,98,25705
Zongren,USA,Zongren,male,100,4
Eijiro,Japan,Eijiro,male,100,8
Marcel,Germany,Marcel,male,99,13238
Thomas,Germany,Thomas,male,99,27141
Akihiro,Japan,Akihiro,male,100,349
Zhaoping,USA,Zhaoping,male,100,4
Julio,Sweden,Julio,male,97,77
Stephan,Germany,Stephan,male,98,6568
Patrick,Germany,Patrick,male,99,14512
Jan,Germany,Jan,male,99,10566
Philipp,Germany,Philipp,male,99,5871
Eli,Netherlands,Eli,male,69,100
Liqun,China,Liqun,male,56,18
Subhas,Germany,Subhas,male,99,241
Li,China,Li,male,68,1023
Mercedes,Spain,Mercedes,female,98,4958
Laurent,France,Laurent,male,96,46385
Thomas,Germany,Thomas,male,99,27141
Sujit,Japan,Sujit,male,75,4
Leonid,Israel,Leonid,male,99,181
Yves,France,Yves,male,98,9854
Kalina,Germany,Kalina,female,92,12
Lan,USA,Lan,female,76,218
Krystal,USA,Krystal,female,99,2467
Meir,USA,Meir,male,98,60
Hana,Austria,Hana,female,100,45
Stephanie,Canada,Stephanie,female,99,1466
Joseph,USA,Joseph,male,100,21534
Yee,Germany,Yee,female,100,86
Véronique,France,Véronique,female,98,6689
José,México,José,male,98,35243
Xia,Canada,Xia,female,67,3
Erwan,Portugal,Erwan,male,75,4
Stefan,Germany,Stefan,male,97,20127
Florian,France,Florian,male,99,18108
Ken-ichi,Japan,Ken-Ichi,male,100,27
Adam,Switzerland,Adam,male,97,225
Akinori,Japan,Akinori,male,99,108
Sunder,Korea,Sunder,male,96,464
Shiki,Japan,Shiki,male,80,20
Christoph,Switzerland,Christoph,male,99,776
John,USA,John,male,100,65535
Daniel,USA,Daniel,male,100,35866
Shou-Tian,China,Shou,male,91,11
Paolo,Switzerland,Paolo,male,99,527
Antje,Switzerland,Antje,female,100,21
Constanze,Switzerland,Constanze,unknown,50,2
Lukas,Germany,Lukas,male,100,3730
Sybille,Germany,Sybille,female,100,405
Soyoung,"Republic of Korea",Soyoung,female,95,205
Hao,USA,Hao,male,91,219
Lin,China,Lin,female,50,1431
Junichiro,USA,Junichiro,male,75,4
Stephen,UK,Stephen,male,99,46085
C,Germany,,,,
Katharina,Germany,Katharina,female,98,3998
Frank,Germany,Frank,male,98,16573
Yurii,USA,Yurii,male,83,12
Anouk,Netherlands,Anouk,female,98,949
Jianwei,USA,Jianwei,male,100,7
Goushi,Japan,Goushi,male,75,4
Chang,China,Chang,male,65,264
HengBo,Japan,Hengbo,male,75,4
Sadik,Germany,Sadik,male,95,164
Guillaume,France,Guillaume,male,99,32404
Andrew,UK,Andrew,male,99,82448
Chengdu,USA,Chengdu,male,75,4
Sang,Korea,Sang,male,88,2448
Jonathan,UK,Jonathan,male,99,84386
Shinya,Japan,Shinya,male,100,492
Marco,Germany,Marco,male,99,12863
Peter,Germany,Peter,male,99,21321
Violetta,Italy,Violetta,female,98,321
Evgenii,Germany,Evgenii,male,100,4
Yasumasa,USA,Yasumasa,male,75,4
Stefano,Italy,Stefano,male,99,51491
Kathrin,Germany,Kathrin,female,98,2824
Frederic,Netherlands,Frederic,male,100,40
Svea,Germany,Svea,female,99,82
Theo,Switzerland,Theo,male,100,118
Alois,Germany,Alois,male,96,303
Marco,Italy,Marco,male,100,65535
Ming,USA,Ming,male,73,237
Peter,Netherlands,Peter,male,99,10961
Paul,Canada,Paul,male,100,3145
Jirí,"Czech Republic",Jirí,male,98,526
Shenglai,Germany,Shenglai,male,100,4
Timothy,USA,Timothy,male,100,9427
Geoffrey,Germany,Geoffrey,male,100,43
Shengbin,Belgium,Shengbin,male,100,8
Dongren,Germany,Dongren,unknown,50,2
Robert,Switzerland,Robert,male,99,830
Elizabeth,UK,Elizabeth,female,99,44677
Abhijit,USA,Abhijit,male,100,99
Peter,UK,Peter,male,99,146529
Thomas,USA,Thomas,male,100,20215
Eric,USA,Eric,male,100,31662
John,USA,John,male,100,65535
Maksym,Austria,Maksym,male,100,3
Xuan,Germany,Xuan,male,79,19
Peter,UK,Peter,male,99,146529
Matthew,USA,Matthew,male,100,30646
Alexander,Germany,Alexander,male,98,11884
Grégory,France,Grégory,male,99,3049
Pierre,Germany,Pierre,male,99,1552
Hans,USA,Hans,male,99,791
W,USA,,,,
Carlo,Italy,Carlo,male,99,26160
Chiyoung,"South Korea",Chiyoung,male,75,8
Hua,Canada,Hua,male,60,5
Malte,Germany,Malte,male,99,980
Lukas,Germany,Lukas,male,100,3730
Magnus,Germany,Magnus,male,99,183
Roman,Germany,Roman,male,100,66
Rui,USA,Rui,male,81,256
Jianling,China,Jianling,female,75,4
Christian,Sweden,Christian,male,100,48300
Marcel,Germany,Marcel,male,99,13238
William,USA,William,male,100,24483
Holm,UK,Holm,male,87,92
Michael,Austria,Michael,male,99,4026
Konrad,Austria,Konrad,male,97,88
Senmiao,China,,,,
Alessandro,UK,Alessandro,male,99,79631
Junji,Japan,Junji,male,100,115
Raed,Canada,Raed,male,100,8
Timothy,UK,Timothy,male,99,15778
Daniel,Switzerland,Daniel,male,99,4213
Seung,"Republic of Korea",Seung,male,93,447
Arkaitz,Germany,Arkaitz,male,75,4
Weiqing,China,Weiqing,male,77,13
Nelly,Israel,Nelly,female,93,30
Guoxiong,UK,Guoxiong,male,100,6
Wenjiao,USA,Wenjiao,female,75,4
C,USA,,,,
Gareth,UK,Gareth,male,99,5798
Florian,Germany,Florian,male,99,9022
Georg,Austria,Georg,male,100,853
John,UK,John,male,99,219085
Timothy,UK,Timothy,male,99,15778
Tatsuya,Japan,Tatsuya,male,100,660
E,UK,,,,
Gert,Belgium,Gert,male,98,822
Douglas,USA,Douglas,male,100,5371
Ian,UK,Ian,male,99,34076
Ian,UK,Ian,male,99,34076
Thomas,Sweden,Thomas,male,99,3089
Gemma,UK,Gemma,female,99,13873
Matthew,USA,Matthew,male,100,30646
Sander,Spain,Sander,male,94,31
Carola,Germany,Carola,female,98,1308
Kenny,UK,Kenny,male,95,16424
Alice,Austria,Alice,female,99,82
Akihiko,Japan,Akihiko,male,99,152
Seulki,Korea,Seulki,female,68,63
Lixin,Japan,Lixin,male,75,4
Scott,Germany,Scott,male,99,208
K,India,,,,
Jean-Luc,UK,Jean-Luc,male,99,6928
Helmut,Germany,Helmut,male,98,3338
Masanori,USA,Masanori,male,100,7
Juri,Germany,Juri,male,98,306
Anders,Denmark,Anders,male,100,1449
Simin,USA,Simin,female,89,18
Matthew,UK,Matthew,male,100,51412
Yi,USA,Yi,male,56,263
Christopher,Canada,Christopher,male,100,1301
Yongjun,USA,Yongjun,male,86,7
Liang,China,Liang,male,82,742
Anthony,UK,Anthony,male,99,85303
Sabrina,Canada,Sabrina,female,98,407
Cheng,China,Cheng,male,79,655
Kristopher,Australia,Kristopher,male,100,16
Emmanuel,UK,Emmanuel,male,99,43639
Andreas,Germany,Andreas,male,99,21215
Ronen,USA,Ronen,male,100,36
Xiang-Jian,China,Jian,male,93,610
Nadim,Germany,Nadim,male,100,47
Jian,China,Jian,male,93,610
Sachiko,Japan,Sachiko,female,99,154
M,Spain,,,,
Eric,Germany,Eric,male,99,2580
Jun,China,Jun,male,83,1190
Kenneth,China,Kenneth,male,98,138
Ramaiyan,India,Ramaiyan,male,100,3
Hiroaki,Japan,Hiroaki,male,100,501
Tibor,Hungary,Tibor,male,100,5767
Masahiro,Japan,Masahiro,male,100,703
Daniela,Germany,Daniela,female,90,7404
Fazhi,China,Fazhi,male,75,4
Chang,Korea,Chang,male,72,2129
Marcus,France,Marcus,male,98,767
Owain,UK,Owain,male,99,159
Giulio,Italy,Giulio,male,99,10130
Kouichi,Japan,Kouichi,male,99,160
Jia-Rong,China,Rong,female,61,248
Keigo,Japan,Keigo,male,100,116
Qifeng,USA,Qifeng,male,75,4
Giuseppina,France,Giuseppina,female,90,30
Alphonse,France,Alphonse,male,94,583
Peng,USA,Peng,male,91,133
Remko,Netherlands,Remko,male,100,271
Claudio,UK,Claudio,male,99,46478
Shintaro,Japan,Shintaro,male,99,199
Leyu,USA,Leyu,female,75,4
Kati,Germany,Kati,female,98,1011
Takeaki,Japan,Takeaki,male,100,23
Xinghai,USA,Xinghai,male,75,4
Sarah,USA,Sarah,female,99,32394
Kathrin,Germany,Kathrin,female,98,2824
Sébastien,France,Sébastien,male,99,15658
Martin,Germany,Martin,male,99,14619
Yi,Germany,Yi,female,100,15
Gonçalo,UK,Gonçalo,male,99,3137
Nicolas,France,Nicolas,male,99,55561
Tarkeshwar,Israel,Tarkeshwar,male,100,81
Tori,USA,Tori,female,96,1959
Amy,Canada,Amy,female,99,931
Joan,France,Joan,male,84,835
Aurelie,Netherlands,Aurelie,female,100,10
Hwan,Korea,Hwan,male,90,242
Aie,Switzerland,Aie,female,75,4
Robert,USA,Robert,male,100,43118
Nadine,Germany,Nadine,female,98,8665
Markus,Germany,Markus,male,99,15230
Logan,USA,Logan,male,90,3781
Todd,Canada,Todd,male,100,531
Hyo,Korea,Hyo,male,59,194
Jun-Min,Japan,Jun,male,93,1455
Manfred,Switzerland,Manfred,male,100,172
Xiaowei,USA,Xiaowei,male,53,17
Martin,Germany,Martin,male,99,14619
Luis,"United Kingdom",Luis,male,98,1182
Yujiro,Japan,Yujiro,male,100,35
Mao,China,Mao,male,61,157
Karolin,Germany,Karolin,female,97,185
Frederic,Canada,Frederic,male,99,184
Muriel,France,Muriel,female,98,6573
Jeremiah,USA,Jeremiah,male,99,2705
Dimitri,USA,Dimitri,male,98,287
Hana,"Czech Republic",Hana,female,99,19690
Jeong,"Republic of Korea",Jeong,male,79,463
Giang,USA,Giang,male,61,72
Koji,Japan,Koji,male,99,780
Alain,France,Alain,male,98,35637
Barbara,Germany,Barbara,female,98,3709
Md,Japan,Md,male,81,16
Christian,Germany,Christian,male,100,86
Jintao,USA,Jintao,male,100,3
Daniela,Germany,Daniela,female,90,7404
Ken,Japan,Ken,male,99,1450
Yasushi,Japan,Yasushi,male,99,197
Surajit,India,Surajit,male,100,821
Giovanni,Spain,Giovanni,male,98,625
Takumi,Japan,Takumi,male,99,389
Jordi,France,Jordi,male,99,299
Soyoung,Korea,Soyoung,female,95,205
Jos,Netherlands,Jos,male,95,2603
K,USA,,,,
Michihisa,Japan,Michihisa,male,100,5
Francesco,Italy,Francesco,male,100,65535
Carole,France,Carole,female,97,12871
Cristina,Spain,Cristina,female,96,26181
Eun,Bucheon-si,Eun,female,69,381
Barbara,Germany,Barbara,female,98,3709
Scott,USA,Scott,male,100,30644
Scott,USA,Scott,male,100,30644
Aaron,USA,Aaron,male,100,19401
Satoshi,USA,Satoshi,male,98,47
Chun-Yu,USA,Chun,male,71,52
Javier,Spain,Javier,male,99,46053
Christian,Germany,Christian,male,100,86
Gerard,Ireland,Gerard,male,99,368
Josep,Spain,Josep,male,99,5169
Yuri,Canada,Yuri,male,90,62
Jakob,Germany,Jakob,male,99,975
Susan,UK,Susan,female,98,34211
Ken,Japan,Ken,male,99,1450
Jiaqi,USA,Jiaqi,female,58,26
Anne,Germany,Anne,female,98,5064
Philipp,Germany,Philipp,male,99,5871
Radu,USA,Radu,male,98,65
Thomas,Australia,Thomas,male,100,779
Alexander,Germany,Alexander,male,98,11884
Yuanjing,China,Yuanjing,unknown,50,4
Susana,Spain,Susana,female,98,11386
Sergiu,Germany,Sergiu,male,100,23
Sergio,Germany,Sergio,male,99,738
Yuming,USA,Yuming,male,100,6
Ronnie,USA,Ronnie,male,90,2327
Gordon,USA,Gordon,male,99,1930
Michael,UK,Michael,male,99,211741
Gengfeng,USA,Gengfeng,male,75,4
Inhar,Spain,Inhar,male,91,11
Markus,Switzerland,Markus,male,99,1931
Sandra,Germany,Sandra,female,98,12614
Holger,Germany,Holger,male,100,4362
Werner,Germany,Werner,male,99,4257
Hyun-Kon,USA,Kon,male,100,20
Henry,Switzerland,Henry,male,99,157
Tsuyoshi,Japan,Tsuyoshi,male,100,399
Sebastian,Sweden,Sebastian,male,99,2045
Daniel,Netherlands,Daniel,male,98,2242
Shang-Dong,China,Dong,male,79,528
Ichiro,Japan,Ichiro,male,99,159
Deyun,USA,Deyun,female,75,4
Takuya,Japan,Takuya,male,100,1004
Clément,USA,Clément,male,100,23
Carlos,Italy,Carlos,male,99,1977
Daibin,Switzerland,,,,
Min,Korea,Min,male,65,4933
Quan,China,Quan,male,85,174
Evan,USA,Evan,male,98,6584
Kai,China,Kai,male,95,430
Monika,Germany,Monika,female,98,4882
P,USA,,,,
Nicolas,Switzerland,Nicolas,male,99,1424
Troels,Denmark,Troels,male,100,200
Jin-Zhang,China,Jin,male,61,856
Jing,China,Jing,female,78,1267
Zheng-Zheng,USA,Zheng,male,85,108
Katherine,UK,Katherine,female,99,15804
Peter,Germany,Peter,male,99,21321
Jochen,Germany,Jochen,male,99,2148
Roman,"Czech Republic",Roman,male,100,7094
Masayuki,Japan,Masayuki,male,99,556
Noriyoshi,Japan,Noriyoshi,male,95,20
Yong-Sheng,Germany,Yong,male,75,12
Ron,Israel,Ron,male,96,374
Stefano,UK,Stefano,male,99,56062
Josef,USA,Josef,male,100,2180
K,USA,,,,
Simon,Switzerland,Simon,male,99,1626
Kirill,Russia,Kirill,male,100,2613
Csaba,Belgium,Csaba,male,100,12
Antony,UK,Antony,male,99,13253
Kiyotaka,Japan,Kiyotaka,male,100,66
Smruti,USA,Smruti,female,71,7
David,Germany,David,male,99,10714
Julianne,USA,Julianne,female,100,7143
Stephan,Germany,Stephan,male,98,6568
Sebastian,Germany,Sebastian,male,100,13809
Yusuke,Japan,Yusuke,male,100,1088
Firoz,USA,Firoz,male,100,21
Xinliang,Germany,Xinliang,male,71,7
André,Canada,André,male,99,399
Hongyan,Singapore,Hongyan,female,75,4
Christoph,Germany,Christoph,male,100,5773
Atsuko,Japan,Atsuko,female,99,143
Aurélien,France,Aurélien,male,99,5465
Juan,Spain,Juan,male,100,65535
Damien,UK,Damien,male,99,30575
Rüdiger,Germany,Rüdiger,male,100,1081
Marlene,Germany,Marlene,female,97,460
Mohammad,USA,Mohammad,male,99,1098
Peter,UK,Peter,male,99,146529
Clinton,USA,Clinton,male,99,1023
Maxim,Russia,Maxim,male,100,2665
Radim,Germany,Radim,male,78,9
Sébastien,France,Sébastien,male,99,15658
Yuanhua,USA,Yuanhua,male,75,4
Melissa,USA,Melissa,female,99,23566
Nirmalya,Germany,Nirmalya,male,99,148
Elena,Germany,Elena,female,98,1805
Michel,Netherlands,Michel,male,99,3343
Ryo,Japan,Ryo,male,98,2022
Renata,Germany,Renata,female,99,308
Alexander,Austria,Alexander,male,99,1698
Nicholas,USA,Nicholas,male,100,10460
Tushar,USA,Tushar,male,99,121
Hongxing,Canada,Hongxing,male,95,19
Masaki,Japan,Masaki,male,99,681
Ken,Japan,Ken,male,99,1450
Bogdan,Spain,Bogdan,male,99,353
Andreas,Germany,Andreas,male,99,21215
Tsukasa,Japan,Tsukasa,male,90,133
William,USA,William,male,100,24483
Satoshi,Canada,Satoshi,male,100,5
Peisheng,USA,Peisheng,male,75,4
Julien,Switzerland,Julien,male,99,1089
Patricia,Fax:,Patricia,female,98,88761
Daeha,Korea,Daeha,male,100,4
Qun-Sheng,China,Sheng,male,91,230
Giuseppe,France,Giuseppe,male,99,463
Morihiko,Japan,Morihiko,male,100,6
Julien,Fax:,Julien,male,98,72530
Alejandro,Switzerland,Alejandro,male,99,157
Varun,USA,Varun,male,100,339
Marc,Switzerland,Marc,male,99,2803
M,Netherlands,,,,
Zhipeng,China,Zhipeng,male,100,38
Shin-Ya,Japan,Shin-Ya,male,100,4
Günter,Germany,Günter,male,99,1803
Jack,USA,Jack,male,99,10764
Olga,Russia,Olga,female,98,8703
Gao,China,Gao,male,63,312
Shuang,China,Shuang,female,63,159
Christopher,Germany,Christopher,male,99,3075
Hsin-Cheng,Taiwan,Cheng,male,70,306
Helmut,Switzerland,Helmut,male,98,54
Carl,Sweden,Carl,male,99,1145
K,Singapore,,,,
Yusuke,Japan,Yusuke,male,100,1088
Marat,Germany,Marat,male,100,13
Yuji,Japan,Yuji,male,99,665
Kun,Canada,Kun,male,90,10
Won-Hyuk,USA,Hyuk,male,100,9
Chandra,Switzerland,Chandra,male,83,6
Huan,USA,Huan,male,81,70
Shaohui,USA,Shaohui,male,75,4
Fuk,China,Fuk,male,78,74
Michael,Germany,Michael,male,100,30913
Jeff,France,Jeff,male,98,4527
Silvia,UK,Silvia,female,98,61342
Vasyl,Germany,Vasyl,male,100,3
Ramesh,USA,Ramesh,male,99,399
Junpei,Japan,Junpei,male,100,119
Yoshihito,Japan,Yoshihito,male,100,68
Jae,"Republic of Korea",Jae,male,76,1609
Ghanashyam,USA,Ghanashyam,male,100,3
Ciril,Spain,Ciril,male,75,4
Kirsty,UK,Kirsty,female,98,4998
Marina,Switzerland,Marina,female,91,738
Joyce,Singapore,Joyce,female,98,222
Ramez,USA,Ramez,male,100,27
Yasuhito,Japan,Yasuhito,male,100,34
Vincent,UK,Vincent,male,99,58501
Mariusz,Germany,Mariusz,male,99,412
Youhei,USA,Youhei,male,75,4
Sebastian,Switzerland,Sebastian,male,100,387
Xingwang,Germany,Xingwang,male,100,3
Hans-Jörg,Germany,Hans-Jörg,male,100,93
Christine,Canada,Christine,female,99,1292
Jun,USA,Jun,male,86,387
Leyu,China,Leyu,male,75,4
Fikri,Germany,Fikri,male,100,43
Shin,USA,Shin,male,66,82
Uk,"South Korea",Uk,male,98,50
Viktoriya,Germany,Viktoriya,female,100,25
Marius,Germany,Marius,male,99,1864
Petra,Switzerland,Petra,female,98,435
Pavel,Canada,Pavel,male,100,60
Junchen,China,Junchen,male,100,6
Anthony,Australia,Anthony,male,100,1174
Magnus,Germany,Magnus,male,99,183
Aziz,France,Aziz,male,97,2387
Jean-Marie,France,Jean-Marie,male,99,2871
Zhaofu,China,Zhaofu,male,75,4
Gomotsang,Australia,Gomotsang,male,75,4
Srecko,Germany,Srecko,male,100,15
Daniel,Austria,Daniel,male,99,2748
Gilles,France,Gilles,male,99,14418
Edith,USA,Edith,female,100,5743
Shou-Fei,China,Shou,male,91,11
Beatriz,Spain,Beatriz,female,98,8415
Weifeng,Japan,Weifeng,male,75,4
Yasunori,Japan,Yasunori,male,99,110
Catherine,France,Catherine,female,98,19760
Larry,USA,Larry,male,99,10620
Daisuke,Japan,Daisuke,male,100,1249
Andrea,Italy,Andrea,male,100,65535
Thomas,Denmark,Thomas,male,100,2294
Mark,USA,Mark,male,100,47989
M,USA,,,,
Jamal,France,Jamal,male,98,957
Hartmut,Germany,Hartmut,male,99,1197
Jeffrey,USA,Jeffrey,male,100,10439
Thomas,USA,Thomas,male,100,20215
Tae,"South Korea",Tae,male,95,268
Melanie,Norway,Melanie,female,100,9
Todd,USA,Todd,male,100,9824
Toshifumi,Japan,Toshifumi,male,100,38
Cheng,China,Cheng,male,79,655
Karolina,Canada,Karolina,female,100,35
Frédéric,France,Frédéric,male,98,8946
Joyram,Germany,Joyram,male,75,4
Constance,Austria,Constance,female,75,4
L,USA,,,,
Sascha,Germany,Sascha,male,99,11090
Andreas,Germany,Andreas,male,99,21215
Jeremie,USA,Jeremie,male,97,159
Dominik,Belgium,Dominik,male,89,47
Hyeon,Korea,Hyeon,male,77,113
Jiantao,USA,Jiantao,male,75,4
Xiao-Qiang,Japan,Qiang,male,100,4
Victor,USA,Victor,male,100,6752
Nicholas,USA,Nicholas,male,100,10460
William,UK,William,male,99,67797
Chao-xian,China,Chao,male,88,554
Bo,USA,Bo,male,91,1184
Alejandro,UK,Alejandro,male,99,45618
Kyoungmoo,USA,,,,
Feng,Singapore,Feng,male,72,46
Bogdan,Poland,Bogdan,male,99,2803
Karel,UK,Karel,male,96,21265
Hiroshi,USA,Hiroshi,male,100,56
Jingsong,USA,Jingsong,male,75,4
Michael,USA,Michael,male,100,65535
H,USA,,,,
Michele,Italy,Michele,male,99,40535
Reginaldo,USA,Reginaldo,male,98,44
K,USA,,,,
Axel,Germany,Axel,male,99,2526
Vincent,France,Vincent,male,98,32067
Mei-Yi,,Mei-Yi,female,70,3749
Olivia,Germany,Olivia,female,96,334
Goran,Germany,Goran,male,99,380
Klaus,Germany,Klaus,male,98,10045
William,USA,William,male,100,24483
Tsuneomi,Japan,,,,
Evgeny,Germany,Evgeny,male,98,54
Yaroslav,France,Yaroslav,male,100,8
Itsik,USA,Itsik,male,75,4
Sam,UK,Sam,male,85,93540
Takehiro,Japan,Takehiro,male,100,96
Melanie,Canada,Melanie,female,99,822
Emmanuel,France,Emmanuel,male,98,10753
Nicola,Germany,Nicola,male,100,284
Tim,Netherlands,Tim,male,99,3118
D,"South Korea",,,,
Barry,USA,Barry,male,100,3714
Sunho,USA,Sunho,male,80,5
Sébastian,Germany,Sébastian,male,96,56
Noah,USA,Noah,male,99,3729
Shaolin,China,Shaolin,male,80,5
Lei,Germany,Lei,male,57,37
Zoya,Israel,Zoya,female,93,15
Olivier,Canada,Olivier,male,100,506
Ryan,USA,Ryan,male,99,35179
Takato,Japan,Takato,male,100,31
Janusz,Poland,Janusz,male,99,5909
Isao,Japan,Isao,male,100,180
Alan,USA,Alan,male,100,8296
Bryan,"Hong Kong",Bryan,male,100,90
Silke,Germany,Silke,female,98,3148
Mathieu,Canada,Mathieu,male,100,818
Fang-Zheng,China,Zheng,male,75,502
Brandi,USA,Brandi,female,99,3576
Vincent,USA,Vincent,male,100,4308
Masayuki,Japan,Masayuki,male,99,556
Goutam,USA,Goutam,male,100,13
Martina,Germany,Martina,female,98,4282
Huijun,USA,Huijun,female,60,5
Anja,Germany,Anja,female,98,6430
Da-Wei,China,Da,male,91,75
Debabrata,USA,Debabrata,male,100,8
Kraig,USA,Kraig,male,100,1489
Rupam,UK,Rupam,male,82,561
Hyunbong,Korea,,,,
Clemens,USA,Clemens,male,100,25
Hanh,Canada,Hanh,unknown,50,2
Matthew,USA,Matthew,male,100,30646
Matthew,UK,Matthew,male,100,51412
Katsunori,Japan,Katsunori,male,100,75
Dennis,Canada,Dennis,male,100,600
Shi-Xin,China,Shi,male,63,310
Silvia,Denmark,Silvia,female,100,21
Jun,China,Jun,male,83,1190
Yoshiaki,Japan,Yoshiaki,male,99,286
Horia-Sorin,Germany,Sorin,male,99,70
Xin,China,Xin,male,62,851
Bernd,Germany,Bernd,male,99,6529
Qiangbin,USA,,,,
Zhiqiang,UK,Zhiqiang,male,100,105
Qichun,USA,Qichun,male,100,4
Erik,Germany,Erik,male,64,2426
Dhande,Japan,Dhande,male,75,4
Iris,Germany,Iris,female,98,1856
Di,China,Di,male,73,98
Anton,Germany,Anton,male,98,1388
Tomohiro,Japan,Tomohiro,male,100,395
Kazunori,Japan,Kazunori,male,100,192
Renzhi,Japan,Renzhi,male,67,6
Fabiane,Brazil,Fabiane,female,98,998
Tomás,Germany,Tomás,male,100,10
Guotao,USA,Guotao,male,100,3
Yang,USA,Yang,male,69,340
Alastair,USA,Alastair,male,100,70
Uddhav,USA,Uddhav,male,100,4
Chenjie,USA,Chenjie,male,67,3
Masayuki,Japan,Masayuki,male,99,556
Orion,USA,Orion,male,100,5643
Quirin,Switzerland,Quirin,male,100,6
Yajun,China,Yajun,male,71,28
Younkee,Korea,Younkee,male,75,4
Ye-Rim,Korea,Rim,female,89,3382
Gustavo,Spain,Gustavo,male,99,3623
Xavier,Canada,Xavier,male,99,141
Yeongran,Korea,Yeongran,male,75,4
Satoshi,Japan,Satoshi,male,100,1038
Yasuo,Japan,Yasuo,male,99,184
Sebastian,Germany,Sebastian,male,100,13809
Richard,USA,Richard,male,100,24609
Bi-Jie,China,Bi,male,83,12
Rui,USA,Rui,male,81,256
Zhan,China,Zhan,male,67,69
Alyson,Canada,Alyson,female,98,47
Songzi,Korea,Songzi,male,75,4
Ji-Eon,Korea,Ji-Eon,male,79,4778
