"First Name",Country,ga_first_name,ga_gender,ga_accuracy,ga_samples
Younan,USA,Younan,male,100,6
Alois,Germany,Alois,male,96,303
Alois,Germany,Alois,male,96,303
Shuit-Tong,China,Tong,male,64,270
Anant,Germany,Anant,male,100,5
Clémence,Switzerland,Clémence,female,100,17
Leonhard,Germany,Leonhard,male,100,96
Bernard,Netherlands,Bernard,male,98,289
Darren,China,Darren,male,99,112
Astrid,Italien,Astrid,female,98,8237
Chung-Hsuan,"Republic of Korea",Chung-Hsuan,male,77,1701
Noritaka,Japan,Noritaka,male,100,34
Carlos,USA,Carlos,male,100,10179
K,USA,,,,
Luigi,Italy,Luigi,male,99,35095
M,USA,,,,
Benjamin,Germany,Benjamin,male,100,5256
Ken,Japan,Ken,male,99,1450
Marco,Netherlands,Marco,male,99,4297
Klaus,Germany,Klaus,male,98,10045
Didier,France,Didier,male,98,20949
Richard,UK,Richard,male,99,97659
Vy,USA,Vy,female,81,105
Derek,Canada,Derek,male,100,915
Dermot,UK,Dermot,male,100,408
Takashi,Japan,Takashi,male,99,1549
Cheng,China,Cheng,male,79,655
Jinbo,China,Jinbo,male,89,19
Euan,UK,Euan,male,99,469
Wenbin,USA,Wenbin,unknown,50,6
Bruce,USA,Bruce,male,100,6899
Matthias,Germany,Matthias,male,100,9451
Roscoe,UK,Roscoe,male,100,232
Kristian,Denmark,Kristian,male,99,644
Stefan,Germany,Stefan,male,97,20127
Phil,USA,Phil,male,100,5283
Zhiyuan,China,Zhiyuan,male,96,50
Paresh,USA,Paresh,male,100,74
Jianhui,China,Jianhui,male,82,17
Rainer,Germany,Rainer,male,99,4309
Chi-Ming,China,Ming,male,83,826
Pol,Belgium,Pol,male,97,537
Matthias,Germany,Matthias,male,100,9451
Jürgen,Russia,Jürgen,male,100,5
Wenbin,USA,Wenbin,unknown,50,6
Karl-Heinz,Germany,Karl-Heinz,male,99,1070
Takahiko,Japan,Takahiko,male,100,55
Paul,Germany,Paul,male,99,5117
Sebastian,,Sebastian,male,99,47850
Herbert,China,Herbert,male,96,26
Hanadi,Canada,Hanadi,female,96,475
Roland,Switzerland,Roland,male,99,1061
Jianghong,USA,Jianghong,male,60,10
Douglas,Canada,Douglas,male,100,411
Gernot,Australia,Gernot,male,75,4
Käthe,Germany,Käthe,female,96,76
Nobuo,Japan,Nobuo,male,100,72
Guangshan,China,Guangshan,male,100,3
Muralee,Canada,Muralee,male,100,61
Matthew,USA,Matthew,male,100,30646
Matthew,USA,Matthew,male,100,30646
Thomas,USA,Thomas,male,100,20215
Isabelle,France,Isabelle,female,98,32922
Kang-Nian,China,Kang,male,80,197
Reginaldo,USA,Reginaldo,male,98,44
Dunwei,USA,,,,
Alexander,Italy,Alexander,male,98,1332
Daniel,Netherlands,Daniel,male,98,2242
Masatake,Japan,Masatake,male,100,13
Jin,China,Jin,male,61,856
Hans-Peter,Germany,Hans-Peter,male,99,450
Malte,Germany,Malte,male,99,980
Jacques,France,Jacques,male,98,13502
Hideo,Japan,Hideo,male,100,210
Wen-Jing,China,Jing,female,78,1267
Peter,France,Peter,male,98,2446
Kuang-Lieh,Taiwan,Kuang,male,68,25
Astrid,Italy,Astrid,female,98,204
Andrea,Italy,Andrea,male,100,65535
Shinsuke,Japan,Shinsuke,male,100,139
Thomas,USA,Thomas,male,100,20215
David,UK,David,male,99,381770
Sandrine,France,Sandrine,female,97,32795
Paula,USA,Paula,female,99,5334
Harald,Germany,Harald,male,99,2992
Ben,Netherlands,Ben,male,98,2395
Biprajit,Germany,Biprajit,male,100,16
Reiko,Japan,Reiko,female,99,154
Mohammad,Switzerland,Mohammad,male,100,49
Shunai,China,Shunai,female,100,3
Bartosz,USA,Bartosz,male,100,26
Mandana,Austria,Mandana,female,98,337
Belgin,USA,Belgin,female,100,6
Paul,UK,Paul,male,99,140849
A,USA,,,,
Jérôme,Switzerland,Jérôme,male,100,202
Lei,China,Lei,male,77,1080
Beat,Switzerland,Beat,male,100,68
Christelle,France,Christelle,female,97,21290
Sergey,Russia,Sergey,male,100,9144
Jean-Pierre,France,Jean-Pierre,male,99,6423
Thomas,USA,Thomas,male,100,20215
Ulrich,Germany,Ulrich,male,99,1577
Glenn,Australia,Glenn,male,99,446
Martin,UK,Martin,male,98,139211
Mauro,Italy,Mauro,male,99,22169
Johan,Belgium,Johan,male,99,3277
Damien,France,Damien,male,99,23738
Eva,Argentina,Eva,female,97,157
Georg,Austria,Georg,male,100,853
Patrik,Germany,Patrik,male,99,588
Ian,Germany,Ian,male,99,227
Allen,USA,Allen,male,99,4538
Tamaki,Japan,Tamaki,male,54,56
Nathan,Switzerland,Nathan,male,99,158
Frédéric,France,Frédéric,male,98,8946
Mathias,Germany,Mathias,male,98,2842
Yoshinori,Japan,Yoshinori,male,100,243
Guillaume,France,Guillaume,male,99,32404
Thomas,USA,Thomas,male,100,20215
Jacob,Germany,Jacob,male,96,304
Dirk,USA,Dirk,male,99,483
Michael,USA,Michael,male,100,65535
François,Switzerland,François,male,99,355
Philip,UK,Philip,male,99,21773
Harald,Germany,Harald,male,99,2992
Janez,UK,Janez,male,96,786
Masayuki,Japan,Masayuki,male,99,556
Berit,Sweden,Berit,female,98,267
Albert,China,Albert,male,99,278
Daniel,USA,Daniel,male,100,35866
Hirokazu,Japan,Hirokazu,male,100,209
Gang,Canada,,,,
Akio,Japan,Akio,male,99,211
Daniel,France,Daniel,male,98,21161
Rolf,Germany,Rolf,male,99,3089
Mercouri,USA,,,,
Martin,Germany,Martin,male,99,14619
Greta,Switzerland,Greta,female,100,21
Shū,Japan,,,,
Johannes,Netherlands,Johannes,male,98,450
Paul,Germany,Paul,male,99,5117
William,UK,William,male,99,67797
Nicolai,Switzerland,Nicolai,male,94,31
Gregor,Germany,Gregor,male,100,1108
Alan,USA,Alan,male,100,8296
Thomas,Germany,Thomas,male,99,27141
José,Spain,José,male,99,8211
Fan,France,Fan,female,59,332
Peter,USA,Peter,male,100,15502
Sukbok,"Republic of Korea",,,,
Lansun,China,Lansun,male,75,4
Hans-Joachim,Korea,Hans-Joachim,male,100,380
Insung,"Republic of Korea",Insung,male,96,55
Sukbok,USA,,,,
Zhong,Italy,Zhong,male,100,3
Claudio,Austria,Claudio,male,100,39
Paul,USA,Paul,male,100,28746
Nicola,Switzerland,Nicola,male,96,469
Alexandre,USA,Alexandre,male,98,465
Paula,Japan,Paula,female,98,118
Noritaka,China,Noritaka,male,100,38
Piyi,Switzerland,Piyi,male,80,5
Marcel,USA,Marcel,male,99,4249
Hsian-Rong,USA,Rong,male,52,60
K,Germany,,,,
Stefan,Japan,Stefan,male,100,27
Masato,Japan,Masato,male,100,530
Masaaki,China,Masaaki,male,75,4
Xi,Australia,Xi,male,100,4
Stuart,Israel,Stuart,male,100,4
Lia,China,Lia,female,77,31
Dawei,Sweden,Dawei,male,75,4
Ramon,Japan,Ramon,male,100,19
Kiyoshi,UK,Kiyoshi,male,99,313
Andrew,Italy,Andrew,male,99,1323
Piero,Netherlands,Piero,male,100,13
Joost,Germany,Joost,male,100,33
Patrick,UK,Patrick,male,99,118290
Charles,Germany,Charles,male,76,613
Daniel,Japan,Daniel,male,99,580
Masahito,France,Masahito,male,75,4
Thomas,Germany,Thomas,male,99,27141
Lothar,Germany,Lothar,male,99,1441
Philip,USA,Philip,male,100,5264
Oliver,Germany,Oliver,male,99,7903
Harald,USA,Harald,male,100,52
Wuyuan,Australia,Wuyuan,male,67,3
Greg,France,Greg,male,99,10918
Vincent,Poland,Vincent,male,98,66
Ludmiła,UK,Ludmiła,female,99,106
Kevin,China,Kevin,male,99,2342
Lei,France,Lei,male,54,107
Marc,China,Marc,male,99,166
Can,Italy,Can,male,90,51
Mireille,"Republic of Korea",Mireille,female,98,9327
Huen,Germany,Huen,male,100,3
Frank,UK,Frank,male,99,66241
Véronique,Slovenia,Véronique,female,98,8797
Jernej,Slovenia,Jernej,male,99,316
C,USA,,,,
Ramin,Netherlands,Ramin,male,100,61
Bert,France,Bert,male,88,180
Pierre,Israel,Pierre,male,100,18
Fernando,Japan,Fernando,male,99,403
Takayoshi,USA,Takayoshi,male,75,4
Roald,Italy,Roald,male,75,4
Vincenzo,USA,Vincenzo,male,99,171
Scott,USA,Scott,male,100,30644
Paul,China,Paul,male,99,805
Zhi-Min,UK,Zhi-Min,male,66,5312
Kevin,Germany,Kevin,male,99,11155
Swapan,Japan,Swapan,male,99,445
Makoto,USA,Makoto,male,85,41
Michel,Switzerland,Michel,male,98,1671
Cristina,USA,Cristina,female,96,2461
Hong-Cai,Germany,Cai,male,85,13
Nikolaus,Spain,Nikolaus,male,75,4
Fernando,Spain,Fernando,male,99,22528
Esteve,Belgium,Esteve,male,100,3
Johan,"Czech Republic",Johan,male,96,169
Detlef,USA,Detlef,male,100,15
Jeffrey,France,Jeffrey,male,99,443
Eric,USA,Eric,male,100,31662
D,Canada,,,,
Shana,Canada,Shana,female,100,35
Shana,China,Shana,female,100,12
Yangzhong,USA,,,,
Marina,Japan,Marina,female,97,158
Takumi,Spain,Takumi,male,75,4
Pedro,Spain,Pedro,male,98,41613
Luis,UK,Luis,male,99,120090
Graham,UK,Graham,male,99,10110
Thomas,Italy,Thomas,male,99,3053
Alessandro,Germany,Alessandro,male,97,865
Carola,Japan,Carola,female,75,4
Yasuhiro,China,Yasuhiro,male,100,455
Hongbo,Ireland,Hongbo,male,83,65
Patrick,USA,Patrick,male,100,18462
Jon,France,Jon,male,98,770
Jean-Pierre,Italy,Jean-Pierre,male,100,33
Clemens,China,Clemens,male,100,5
To,Germany,To,male,96,167
Andreas,Canada,Andreas,male,100,84
Laura,Israel,Laura,female,96,57
Doron,USA,Doron,male,97,77
Joshua,USA,Joshua,male,100,20095
John,"Republic of Korea",John,male,99,219085
Hyoyoung,Germany,Hyoyoung,male,75,4
Oliver,Germany,Oliver,male,99,7903
Frank,Canada,Frank,male,99,801
Keith,Germany,Keith,male,98,103
Joaquin,Germany,Joaquin,male,100,43
Daniel,China,Daniel,male,99,1130
P,Italy,,,,
Enrico,Canada,Enrico,male,100,35
Laurel,USA,Laurel,female,99,1066
Paula,China,Paula,female,100,63
Shuit-Tong,USA,Tong,male,69,86
Kyoung-Shin,China,Shin,male,79,56
Xingyu,Netherlands,Xingyu,male,84,37
Joost,Germany,Joost,male,100,33
Matthias,Japan,Matthias,male,75,4
Nobuharu,UK,Nobuharu,male,100,11
Sébastien,Austria,Sébastien,male,100,3
C,Switzerland,,,,
Kay,UK,Kay,female,54,11472
Euan,Canada,Euan,male,100,6
André,USA,André,male,99,251
Robert,Singapore,Robert,male,99,155
Shao,Japan,Shao,male,75,4
Kohei,Germany,Kohei,male,100,3
Hans-Dieter,Italy,Dieter,male,100,23
Derek,UK,Derek,male,99,15838
Leroy,Japan,Leroy,male,100,4
Atsuhiro,USA,Atsuhiro,male,100,20
Ronald,Switzerland,Ronald,male,100,90
Renato,India,Renato,male,100,14
A,Germany,,,,
Stefan,USA,Stefan,male,100,1196
Jan,USA,Jan,female,77,3645
Alan,Japan,Alan,male,100,125
Noritaka,UK,Noritaka,male,100,38
Chris,USA,Chris,male,96,56027
Zhiqun,France,Zhiqun,male,100,5
Alain,Germany,Alain,male,100,241
Carsten,Israel,Carsten,male,75,4
Ashraf,Sweden,Ashraf,male,98,52
Roman,China,Roman,male,100,7094
Tamotsu,France,Tamotsu,male,97,38
Guillaume,USA,Guillaume,male,99,183
Luis,USA,Luis,male,100,8179
Hisashi,China,Hisashi,male,75,4
Zhenfeng,Japan,Zhenfeng,male,75,4
Ken,China,Ken,male,98,846
Jingsong,Germany,Jingsong,male,88,8
Achim,Germany,Achim,male,99,1756
Bernhard,USA,Bernhard,male,98,44
Valery,Israel,Valery,male,85,66
Oded,France,Oded,male,75,4
Nicolas,USA,Nicolas,male,100,1619
Adam,Japan,Adam,male,99,139
H,Austria,,,,
Klaus,Italy,Klaus,male,99,250
Sandro,Japan,Sandro,male,97,79
Tamio,Japan,Tamio,male,100,12
Jun-ichi,USA,Jun,male,86,387
Ramanarayanan,Germany,Ramanarayanan,male,100,14
Grzegorz,Germany,Grzegorz,male,99,292
Matthias,Germany,Matthias,male,100,9451
Joachim,Germany,Joachim,male,99,2809
Thomas,China,Thomas,male,99,449
Yuanhua,Germany,Yuanhua,unknown,50,4
Frank,USA,Frank,male,100,11178
Craig,USA,Craig,male,100,9154
Brian,France,Brian,male,98,1490
Philippe,Spain,Philippe,male,100,245
Tomás,Korea,Tomás,male,99,2068
Bong,USA,Bong,male,90,40
John,Germany,John,male,98,3765
Thomas,USA,Thomas,male,100,20215
Chad,Australia,Chad,male,100,113
Mark,USA,Mark,male,100,47989
Hongjie,Germany,Hongjie,female,75,4
Manfred,Japan,Manfred,male,99,7550
Makoto,USA,Makoto,male,85,41
Daniel,Bulgaria,Daniel,male,99,285
Jakob,Netherlands,Jakob,male,99,114
Albertus,China,Albertus,male,75,4
Yong,China,Yong,male,95,502
Carsten,Japan,Carsten,male,100,3
Masatake,USA,Masatake,male,100,13
Julius,USA,Julius,male,100,7130
Jean,Sweden,Jean,male,92,130
Mamoun,Korea,Mamoun,male,96,488
Injae,Germany,Injae,male,95,19
Herbert,Japan,Herbert,male,100,14
Zhaomin,USA,Zhaomin,female,67,6
Huimin,Germany,Huimin,female,75,4
Lars,Spain,Lars,male,99,85
José,China,José,male,100,16
Zhixiang,France,Zhixiang,male,75,4
Vlasta,Germany,Vlasta,female,90,29
Frank,Germany,Frank,male,98,16573
Thomas,Germany,Thomas,male,99,27141
Mohamed,France,Mohamed,male,98,12572
Jean-Marie,Japan,Marie,female,97,161
Kazuhiko,Israel,Kazuhiko,male,99,192
Itamar,,Itamar,male,95,804
Steven,Technology,Steven,male,99,59951
David,UK,David,male,99,381770
Joseph,Poland,Joseph,male,99,82
Eugen,Italy,Eugen,male,98,120
Paolo,Netherlands,Paolo,male,100,93
Jurriaan,Germany,Jurriaan,male,97,76
Christoph,USA,Christoph,male,100,156
Jing,China,Jing,female,78,1267
Chi-Ming,Japan,Chi,female,67,64
Kazuyuki,Germany,Kazuyuki,male,100,219
Zoltán,UK,Zoltán,male,100,11496
Harry,Germany,Harry,male,99,1485
Dirk,USA,Dirk,male,99,483
W,UK,,,,
Jason,China,Jason,male,99,2270
Ning,Germany,Ning,female,58,12
Thomas,UK,Thomas,male,99,129177
Jonathan,Singapore,Jonathan,male,99,382
Choon-Hong,Korea,Choon-Hong,female,52,3972
Choong,Spain,Choong,male,73,135
Miguel,USA,Miguel,male,99,4616
Marc,Denmark,Marc,male,100,153
Karl,Japan,Karl,male,96,28
Tamejiro,Germany,,,,
Hans-Joachim,USA,Joachim,male,100,83
David,USA,David,male,100,65535
Jiyong,Australia,Jiyong,male,86,85
Ajayan,UK,Ajayan,male,100,91
Thomas,Singapore,Thomas,male,100,332
Yixin,Japan,Yixin,female,75,4
Hiroki,China,Hiroki,male,100,7
Quan-Ming,UK,Quan-Ming,male,83,4322
Benjamin,China,Benjamin,male,100,239
Shu-Li,France,Li,female,66,302
Marinella,Spain,Marinella,female,100,21
Tomás,UK,Tomás,male,99,2068
Anthony,France,Anthony,male,99,33135
Indrajeet,Germany,Indrajeet,male,100,503
Alexander,USA,Alexander,male,100,6939
William,Taiwan,William,male,99,456
Kuei-Hsien,Germany,Kuei-Hsien,male,83,63
Stefan,Germany,Stefan,male,97,20127
Magnus,China,Magnus,male,92,12
Dongsheng,Japan,Dongsheng,male,75,4
Naotoshi,Germany,Naotoshi,male,100,9
Matthias,USA,Matthias,male,100,3407
Kostas,Germany,Kostas,male,100,249
Jörg,Germany,Jörg,male,99,6145
Daniel,China,Daniel,male,99,1130
Ben,USA,Ben,male,100,17026
Jody,"Hong Kong",Jody,female,73,11
Fuk,Denmark,Fuk,male,78,74
Knud,China,Knud,male,99,283
Zhong-Ze,Germany,Ze,male,86,36
Luisa,USA,Luisa,female,98,2843
Chad,China,Chad,male,97,36
Chunhai,USA,Chunhai,male,67,6
Kyungsoo,USA,Kyungsoo,male,67,3
Changsuk,UK,Changsuk,male,88,8
Martin,Korea,Martin,male,98,139211
Moon-Ho,Japan,Ho,male,76,17
Kazuhiko,France,Kazuhiko,male,99,192
Arianna,Canada,Arianna,female,100,25
Ilia,USA,Ilia,male,67,67
Xiankai,USA,Xiankai,unknown,50,2
Seth,China,Seth,male,100,27
Lei,France,Lei,male,54,107
Olivia,Singapore,Olivia,female,98,57
Edwin,Germany,Edwin,male,99,240
Patrik,Japan,Patrik,male,100,4
Ajayan,Japan,Ajayan,male,75,4
Tsutomu,Australia,Tsutomu,male,100,220
Laura,Germany,Laura,female,98,4794
Herbert,Germany,Herbert,male,98,1663
Paul,Italy,Paul,male,97,1637
Paolo,USA,Paolo,male,99,430
Pingyun,Japan,,,,
Koichiro,USA,Koichiro,male,75,4
Paul,Germany,Paul,male,99,5117
Horst,Germany,Horst,male,98,3472
Matthias,Switzerland,Matthias,male,100,748
Majed,Singapore,Majed,male,75,4
Teck-Peng,China,Peng,male,85,704
Zhenfeng,France,Zhenfeng,male,100,11
Daniel,USA,Daniel,male,100,35866
Jason,Japan,Jason,male,99,246
Ryoichi,USA,Ryoichi,male,100,3
Carolyn,USA,Carolyn,female,99,5417
Daniel,France,Daniel,male,98,21161
Valérie,Germany,Valérie,female,93,27
Hansgeorg,China,Hansgeorg,male,100,8
Ning,Switzerland,Ning,female,100,4
Magali,Japan,Magali,female,100,7
Noritaka,Japan,Noritaka,male,100,34
Nobuharu,Australia,Nobuharu,male,100,11
Anton,Germany,Anton,male,98,1388
Christoph,Japan,Christoph,male,100,6
Hiroyuki,Australia,Hiroyuki,male,75,4
G,USA,,,,
Keith,USA,Keith,male,100,10807
Phil,Japan,Phil,male,100,30
Mitsuhiko,Germany,Mitsuhiko,male,100,19
Bernd,USA,Bernd,male,100,54
Ralph,UK,Ralph,male,99,8958
Véronique,University,Véronique,female,98,8797
Nicholas,Germany,Nicholas,male,99,141
Rainer,"Republic of Korea",Rainer,male,99,5435
Myunghyun,Canada,Myunghyun,male,57,7
Mark,Korea,Mark,male,100,48064
Soo,Poland,Soo,male,51,1087
Iwona,USA,Iwona,female,96,28
Darrin,Villeurbanne,Darrin,male,100,5149
Catherine,USA,Catherine,female,99,6220
Shih-Yuan,Australia,Shih,male,100,3
Keith,UK,Keith,male,98,21035
Andrew,Korea,Andrew,male,99,82448
Taeghwan,USA,,,,
Gregory,Japan,Gregory,male,97,34
Toshiharu,Japan,Toshiharu,male,100,46
Satoshi,USA,Satoshi,male,98,47
Richard,USA,Richard,male,100,24609
Changhui,Poland,Changhui,male,91,11
Jacek,Germany,Jacek,male,99,380
W,USA,,,,
Weiqiang,Germany,Weiqiang,male,100,43
Horst,UK,Horst,male,98,4102
Leroy,China,Leroy,male,95,22
Guo-Yu,Germany,Guo,male,100,4
Henrik,UK,Henrik,male,99,7063
Anthony,USA,Anthony,male,100,21929
Eugene,Japan,Eugene,male,89,27
Mitsuhiko,USA,Mitsuhiko,male,100,3
Anna,USA,Anna,female,99,11850
Barbara,Germany,Barbara,female,98,3709
Andreas,France,Andreas,male,92,296
Marc,Germany,Marc,male,100,7914
Frank,USA,Frank,male,100,11178
Brian,Switzerland,Brian,male,98,191
Frédéric,Italy,Frédéric,male,100,11
Paolo,Canada,Paolo,male,100,57
Rik,Germany,Rik,male,100,41
Markus,Germany,Markus,male,99,15230
Dang,Germany,Dang,male,88,8
Cecilia,China,Cecilia,female,100,186
Fosong,Germany,,,,
Michael,Japan,Michael,male,99,446
Tahei,Japan,Tahei,male,75,4
Atsuhiro,China,Atsuhiro,male,100,20
Jie-Sheng,France,Sheng,male,85,13
Julien,USA,Julien,male,99,1741
Binrui,Denmark,Binrui,unknown,50,2
Karl,Denmark,Karl,male,99,84
Torben,Canada,Torben,male,100,5
Frédéric-Georges,France,Frédéric,male,98,8946
Peer,China,Peer,male,100,83
Jieping,USA,Jieping,male,75,4
Pinjing,France,Pinjing,female,75,4
Eric,Japan,Eric,male,99,243
Shiroh,China,Shiroh,female,83,18
Lei,Germany,Lei,male,57,37
Baltzar,Germany,Baltzar,male,100,6
Ferdi,Sweden,Ferdi,male,90,21
Lars,UK,Lars,male,99,13478
Fátima,Switzerland,Fátima,female,100,12
Wolfgang,Canada,Wolfgang,male,100,23
Mark,Japan,Mark,male,100,48064
Masayuki,Korea,Masayuki,male,99,597
Suk,China,Suk,male,67,3
Yoshihisa,"New Zealand",Yoshihisa,male,100,87
Margaret,Israel,Margaret,female,100,8
Gonen,China,Gonen,male,94,18
Hong-Yuan,Japan,Yuan,male,71,14
Shoji,China,Shoji,male,75,4
Tingbing,UK,,,,
Sébastien,China,Sébastien,male,100,14
Liu-Zhu,China,Zhu,male,61,457
Haiping,Japan,Haiping,male,65,26
Mizuo,Germany,Mizuo,male,75,4
Klaus,USA,Klaus,male,100,135
Jie,Switzerland,Jie,female,75,4
Stefan,Germany,Stefan,male,97,20127
Stefanie,Germany,Stefanie,female,98,5659
Christian,Japan,Christian,male,100,48300
Akimitsu,UK,Akimitsu,male,100,16
Steven,UK,Steven,male,99,59951
Leroy,Canada,Leroy,male,100,18
Ilia,Germany,Ilia,male,100,27
Gerard,Spain,Gerard,male,99,1993
Juan,Spain,Juan,male,100,65535
Dolores,China,Dolores,female,83,12
Youhong,France,Youhong,male,83,6
Jean-Marie,Spain,Jean-Marie,male,100,10
João,Germany,João,male,100,33
Joachim,Germany,Joachim,male,99,2809
Robert,China,Robert,male,98,503
Qing-Xiang,Japan,Xiang,male,88,8
Eiichi,USA,Eiichi,male,88,8
Tianbo,Germany,Tianbo,male,100,7
Jörg,USA,Jörg,male,95,21
Angelique,Germany,Angelique,female,97,388
Seigo,UK,Seigo,male,98,58
Jianliang,Netherlands,Jianliang,male,92,13
F,USA,,,,
Yi,Germany,Yi,female,100,15
Wolfgang,Switzerland,Wolfgang,male,99,132
Dominik,USA,Dominik,male,100,5078
Younan,Germany,Younan,male,75,4
D,USA,,,,
Delia,Singapore,Delia,female,100,13
Paul,USA,Paul,male,100,28746
Sean,UK,Sean,male,99,37072
Paul,Italy,Paul,male,97,1637
Gabriele,Switzerland,Gabriele,male,78,199
Nicolai,USA,Nicolai,male,100,42
Eric,Spain,Eric,male,98,2491
Ilida,UK,Ilida,female,100,4
Madeleine,USA,Madeleine,female,100,5202
William,USA,William,male,100,24483
Ryan,Japan,Ryan,male,98,170
Norio,Germany,Norio,male,75,4
Norbert,Japan,Norbert,male,75,4
Mikio,USA,Mikio,male,100,13
Michael,Switzerland,Michael,male,99,3003
Erick,USA,Erick,male,100,2026
David,UK,David,male,99,381770
Stephen,Spain,Stephen,male,96,188
Maayan,USA,Maayan,female,79,28
Ahmed,Italy,Ahmed,male,98,1569
Pietro,USA,Pietro,male,98,131
Keith,Germany,Keith,male,98,103
Werner,USA,Werner,male,100,105
Xianhui,Japan,Xianhui,male,60,10
Eiji,Canada,Eiji,male,75,4
Masood,China,Masood,male,100,6
Xumu,Singapore,Xumu,male,75,4
Guofu,Germany,Guofu,male,100,5
Ferdi,Germany,Ferdi,male,99,526
Kay-Eberhard,Spain,Kay,female,58,88
Francesc,Germany,Francesc,male,100,11
Volker,China,Volker,male,75,4
Sebastian,Japan,Sebastian,male,100,57
Noritaka,Germany,Noritaka,male,100,38
Nora,Spain,Nora,female,98,1317
Antonio,Japan,Antonio,male,99,210
Shun,Taiwan,Shun,male,92,39
Sue-Lein,China,Sue,female,96,223
Junliang,Germany,Junliang,male,100,12
Anne,USA,Anne,female,99,5550
Jin-Quan,USA,Quan,male,93,216
Christopher,Germany,Christopher,male,99,3075
Matthias,Japan,Matthias,male,75,4
Toshio,Korea,Toshio,male,99,246
Jaesook,Germany,Jaesook,female,75,4
Hans-Günther,Germany,Hans-Günther,male,100,11
Hideo,Japan,Hideo,male,100,210
Kenichiro,China,Kenichiro,male,100,113
Cheng-Yong,Germany,Cheng,male,80,15
Hans,China,Hans,male,98,147
Huangxian,Germany,Huangxian,female,75,4
Frank,Switzerland,Frank,male,99,536
Thomas,Japan,Thomas,male,99,151
Shin-ichi,Italy,Shin,male,75,24
Leonardo,UK,Leonardo,male,99,35570
Varinder,Canada,Varinder,male,77,13
Hiroshi,China,Hiroshi,male,100,10
Chunying,Japan,Chunying,female,83,18
Koichi,Germany,Koichi,female,75,4
Krzysztof,Germany,Krzysztof,male,99,464
Matthias,Germany,Matthias,male,100,9451
Harald,Netherlands,Harald,male,99,181
John,USA,John,male,100,65535
Kevin,Sweden,Kevin,male,99,855
Mikael,Germany,Mikael,male,97,88
Carles,Korea,Carles,male,99,2558
Michael,Japan,Michael,male,99,446
Yoshinori,Germany,Yoshinori,male,100,262
Rolf,USA,Rolf,male,99,112
Samuel,China,Samuel,male,97,291
Matthias,France,Matthias,male,99,1194
Maxim,Germany,Maxim,male,97,454
Michael,Germany,Michael,male,100,30913
Konrad,USA,Konrad,male,100,131
Francesco,Netherlands,Francesco,male,98,108
Romano,Japan,Romano,male,97,2666
Hidetoshi,USA,Hidetoshi,male,75,4
Vincent,Japan,Vincent,male,100,53
Takahiko,China,Takahiko,male,100,56
Dongyuan,China,Dongyuan,unknown,50,2
Guangtao,USA,Guangtao,male,100,4
Hongming,China,Hongming,male,94,18
Jianlin,France,Jianlin,male,75,4
Frédéric,Spain,Frédéric,male,95,22
Pedro,France,Pedro,male,98,2948
Alain,USA,Alain,male,98,431
Kai,USA,Kai,male,99,18599
George,USA,George,male,100,12253
Timothy,France,Timothy,male,97,134
Nicolas,Germany,Nicolas,male,100,664
Gregor,Russia,Gregor,male,100,10
Sergey,Germany,Sergey,male,99,155
Matthias,Germany,Matthias,male,100,9451
Roland,Spain,Roland,male,99,163
F,Japan,,,,
Keisuke,UK,Keisuke,male,100,782
Gareth,Japan,Gareth,male,100,9
Tsutomu,Germany,Tsutomu,male,100,220
Gerhard,USA,Gerhard,male,100,59
Frederic,USA,Frederic,male,100,214
Andrzej,USA,Andrzej,male,99,85
Alexander,Germany,Alexander,male,98,11884
Michael,Canada,Michael,male,100,4889
Linda,UK,Linda,female,97,68888
George,Germany,George,male,97,1386
Bernd,UK,Bernd,male,99,7628
Simon,Switzerland,Simon,male,99,1626
René,USA,René,male,72,97
Rustem,Spain,Rustem,male,98,669
Vanesa,Netherlands,Vanesa,female,100,11
Ulrich,USA,Ulrich,male,98,62
Michel,Germany,Michel,male,98,1371
Christof,USA,Christof,male,100,25
Shoujun,USA,Shoujun,male,75,4
Hongjun,USA,Hongjun,male,100,3
Adrian,Japan,Adrian,male,98,62
Keisuke,France,Keisuke,male,100,5
Philippe,Germany,Philippe,male,100,241
Jun,Spain,Jun,male,83,86
Miquel,USA,Miquel,male,88,42
Robert,Australia,Robert,male,100,1545
Paul,Germany,Paul,male,99,5117
Melissa,USA,Melissa,female,99,23566
Serguei,Germany,Serguei,male,100,4
Peter,China,Peter,male,99,1605
Zuowei,USA,Zuowei,male,100,3
Gary,UK,Gary,male,99,34244
Sheena,Spain,Sheena,female,93,15
Luisa,Netherlands,Luisa,female,98,57
Gerard,USA,Gerard,male,100,4721
Jin-Quan,USA,Quan,male,93,216
Steven,Sweden,Steven,male,98,126
Carsten,China,Carsten,male,100,5
Ying-Chun,China,Ying,female,86,923
Carsten,Germany,Carsten,male,100,4032
Roland,China,Roland,male,97,59
Ying-Chun,Spain,Chun,male,100,5
Pere,USA,Pere,male,92,13
Zachary,China,Zachary,male,100,40
Wanzhi,USA,Wanzhi,male,75,4
Ralph,"Czech Republic",Ralph,male,100,8
Ullrich,Belgium,Ullrich,male,96,100
Ivan,China,Ivan,male,98,418
Junliang,Argentina,Junliang,male,100,12
Roberto,Germany,Roberto,male,99,1379
Ulrich,UK,Ulrich,male,98,3912
David,Germany,David,male,99,10714
Dietmar,USA,Dietmar,male,100,14
Thomas,Japan,Thomas,male,99,151
Takashi,Spain,Takashi,male,100,7
Rubén,USA,Rubén,male,100,71
Guy,China,Guy,male,97,58
Haiping,China,Haiping,male,78,9
Pulickel,Japan,,,,
Keiichi,USA,Keiichi,male,100,5
Jin,Spain,Jin,male,95,60
Josep,Spain,Josep,male,99,5169
José,USA,José,male,99,355
Qing,Guangzhou,Qing,female,58,728
Xiao-Ming,USA,Ming,male,73,237
Timothy,China,Timothy,male,98,80
En-Bo,Germany,Bo,male,91,178
Jin-Yong,Beijing,Jin-Yong,male,86,7
Daoben,China,,,,
Ling,Netherlands,Ling,female,83,12
Martien,Singapore,Martien,male,89,408
Teck-Peng,UK,Teck-Peng,male,85,1460
Todd,Germany,Todd,male,98,52
Hans-Jörg,"South Korea",Hans,male,97,86
Bong,Shanghai,Bong,male,86,832
Kuiling,USA,,,,
Bartosz,Belgium,Bartosz,male,88,8
Steven,,Steven,male,99,59951
Quan-Ming,USA,Quan,male,93,216
Roman,Switzerland,Roman,male,100,7094
François,Switzerland,François,male,99,355
Heinz,Switzerland,Heinz,male,99,488
Clément,USA,Clément,male,100,23
David,Spain,David,male,100,65535
Nicholas,UK,Nicholas,male,100,21206
Michael,USA,Michael,male,100,65535
Vincent,UK,Vincent,male,99,58501
Michael,Italy,Michael,male,99,4713
Angel,Belgium,Angel,male,100,27062
James,Spain,James,male,98,1317
Steven,China,Steven,male,99,1209
Bing-Wei,Germany,Bing,male,61,18
Dirk,USA,Dirk,male,99,483
Frances,Germany,Frances,female,95,99
Wolfgang,Korea,Wolfgang,male,99,10782
Kwangyeol,UK,Kwangyeol,male,75,4
Julian,Germany,Julian,male,89,4005
Norbert,China,Norbert,male,100,10
Xiaoming,UK,Xiaoming,male,83,144
Wenjian,USA,Wenjian,male,75,4
Gregory,Germany,Gregory,male,99,111
Markus,China,Markus,male,100,24
Joachim,Japan,Joachim,male,100,3
Masatsugu,USA,Masatsugu,male,75,4
Christopher,Germany,Christopher,male,99,3075
Herbert,Japan,Herbert,male,100,14
Naotoshi,USA,Naotoshi,male,100,9
Jerry,Switzerland,Jerry,male,99,101
Hubert,UK,Hubert,male,98,8761
Philip,USA,Philip,male,100,5264
François,Poland,François,male,100,6
Ewa,Japan,Ewa,female,75,4
Keiji,Israel,Keiji,male,99,237
Michael,Canada,Michael,male,100,4889
Ian,France,Ian,male,98,424
Talal,Austria,Talal,male,100,6
Johann,USA,Johann,male,94,180
John,Germany,John,male,98,3765
Dayang,USA,Dayang,female,75,4
W,Germany,,,,
Herbert,USA,Herbert,male,100,4471
Lawrence,Germany,Lawrence,male,100,61
Mato,Germany,Mato,male,98,43
Christof,USA,Christof,male,100,25
Robert,USA,Robert,male,100,43118
Jeffrey,Germany,Jeffrey,male,99,238
Frank,USA,Frank,male,100,11178
Younan,USA,Younan,male,100,6
Lawrence,China,Lawrence,male,99,138
Yuanhong,France,Yuanhong,female,75,4
Patrick,Italy,Patrick,male,99,1400
Mario,USA,Mario,male,99,4449
Samuel,USA,Samuel,male,100,6468
Carolyn,Singapore,Carolyn,female,100,31
Xiaogang,Canada,Xiaogang,male,75,4
Kim,USA,Kim,female,94,14095
Enrique,France,Enrique,male,99,479
Bernard,China,Bernard,male,100,76
Guo-Nan,Germany,Guo,male,100,4
Christoph,USA,Christoph,male,100,156
Yihua,France,Yihua,male,75,4
Emmanuel,Germany,Emmanuel,male,98,182
Hans-Heinrich,"Republic of Korea",Hans-Heinrich,male,100,12
Seung-Man,Denmark,Man,male,92,12
Bo,Germany,Bo,male,91,178
Ulrich,UK,Ulrich,male,98,3912
Benson,Germany,Benson,male,95,43
Helmut,Germany,Helmut,male,98,3338
Thorsten,Japan,Thorsten,male,99,5261
Masakatsu,Germany,Masakatsu,male,97,32
Helge,China,Helge,female,54,2126
Yadong,Japan,Yadong,male,88,26
Mikiji,USA,,,,
Michael,USA,Michael,male,100,65535
Guy,Japan,Guy,male,96,27
Susumu,USA,Susumu,male,100,7
Guy,Germany,Guy,male,99,138
Christof,UK,Christof,male,99,1226
Flora,Japan,Flora,female,100,8
Takuzo,Japan,Takuzo,male,100,3
Jörg,Switzerland,Jörg,male,99,173
Beat,India,Beat,male,100,68
Swapan,Germany,Swapan,male,100,4
Peter,China,Peter,male,99,1605
Berend,Korea,Berend,male,98,416
Chan,Japan,Chan,male,64,56
Shū,USA,,,,
Yushan,Italy,Yushan,female,57,60
Giuseppe,Germany,Giuseppe,male,99,1616
Wolfram,China,Wolfram,male,75,4
Dong,Switzerland,Dong,male,75,4
Holger,Japan,Holger,male,100,4
Hiroyuki,USA,Hiroyuki,male,100,26
Trevor,Germany,Trevor,male,98,46
Martin,Italy,Martin,male,98,1275
Leonard,Germany,Leonard,male,99,268
Hans,Australia,Hans,male,99,76
Michael,USA,Michael,male,100,65535
L,USA,,,,
Paul,Japan,Paul,male,100,242
Keiji,Germany,Keiji,male,75,4
Matthias,China,Matthias,male,100,21
Colin,UK,Colin,male,99,15399
Paul,China,Paul,male,99,805
Jinhua,USA,Jinhua,female,67,3
Alexis,USA,Alexis,female,84,6277
J,Japan,,,,
Takashi,Germany,Takashi,male,100,4
Matthias,Germany,Matthias,male,100,9451
Manfred,France,Manfred,male,95,83
Alain,USA,Alain,male,98,431
Joerg,China,Joerg,male,100,5
Ning,Japan,Ning,female,75,8
Akio,Germany,Akio,male,67,3
Petra,France,Petra,female,98,172
Loic,Germany,Loic,male,100,11
Andreas,Germany,Andreas,male,99,21215
Klaus,Japan,Klaus,male,89,9
Ryoichi,Korea,Ryoichi,male,100,111
Myung,China,Myung,male,100,9
Nanfeng,USA,Nanfeng,male,75,4
Eric,USA,Eric,male,100,31662
Kirk,Israel,Kirk,male,75,4
Raz,Japan,Raz,male,75,4
Atsushi,France,Atsushi,male,100,5
Gwilherm,Germany,Gwilherm,male,100,18
Martin,Korea,Martin,male,98,139211
Dongho,Germany,Dongho,male,99,106
Dietmar,UK,Dietmar,male,99,1635
Varinder,China,Varinder,male,94,496
Guillermo,USA,Guillermo,male,99,1128
Hans,Korea,Hans,male,97,28935
Young,Germany,Young,male,100,51
Benjamin,Canada,Benjamin,male,100,548
Paul,Denmark,Paul,male,99,136
Karl,USA,Karl,male,100,2609
Tadeusz,Switzerland,Tadeusz,male,100,4
Antonio,Japan,Antonio,male,99,210
Donglin,China,Donglin,male,88,8
Kang-Nian,USA,Kang,male,90,60
David,USA,David,male,100,65535
Phil,UK,Phil,male,98,25391
Leroy,Germany,Leroy,male,100,104
Doris,USA,Doris,female,98,1288
Timothy,USA,Timothy,male,100,9427
H,Germany,,,,
Wolfgang,Germany,Wolfgang,male,99,7880
Andres,UK,Andres,male,98,33708
Robert,USA,Robert,male,100,43118
Milan,Sweden,Milan,male,97,107
Leif,Spain,Leif,male,100,12
Enrique,USA,Enrique,male,100,1544
Shaowei,Germany,Shaowei,male,100,18
Rolf,Germany,Rolf,male,99,3089
Pablo,China,Pablo,male,100,48
Xingyu,USA,Xingyu,male,80,5
Scott,Netherlands,Scott,male,100,124
Elias,Germany,Elias,male,97,580
Matthias,USA,Matthias,male,100,3407
Yushan,USA,Yushan,female,67,9
Chad,Germany,Chad,male,100,50
Swapan,China,Swapan,male,99,445
Yongwen,Italy,Yongwen,male,92,12
Alfredo,USA,Alfredo,male,99,1242
Hsian-Rong,Argentina,Hsian-Rong,male,55,609
José,Canada,José,male,98,40
Tomas,France,Tomas,male,97,422
Patrick,Korea,Patrick,male,99,118290
Eun,Switzerland,Eun,male,75,4
Bernd,USA,Bernd,male,100,54
Scott,Korea,Scott,male,100,48262
Wonwoo,USA,Wonwoo,male,100,3
Francis,"South Korea",Francis,male,91,35
Sangyong,Japan,Sangyong,male,75,4
Norio,Australia,Norio,male,75,4
Frank,USA,Frank,male,100,11178
Gregory,Germany,Gregory,male,99,111
Susanne,Spain,Susanne,female,100,56
Xavier,Japan,Xavier,male,94,33
Takao,Germany,Takao,male,98,238
Armido,Germany,Armido,male,100,20
Krzysztof,France,Krzysztof,male,98,96
Martin,Korea,Martin,male,98,139211
Do,USA,Do,male,71,68
James,USA,James,male,100,47200
Shaul,Korea,Shaul,male,97,161
Jinwoo,Canada,Jinwoo,male,75,4
Neil,Japan,Neil,male,100,26
Kazunori,USA,Kazunori,male,100,6
Yi,Canada,Yi,male,66,38
Marco,USA,Marco,male,99,2827
Partha,Germany,Partha,male,75,4
Christian,Japan,Christian,male,100,48300
Keiji,UK,Keiji,male,99,237
Mary,USA,Mary,female,98,20629
Kai,Denmark,Kai,male,98,49
Martin,Germany,Martin,male,99,14619
Dominik,Germany,Dominik,male,99,5255
Johannes,USA,Johannes,male,99,135
Douglas,Japan,Douglas,male,100,104
Hiroshi,Korea,Hiroshi,male,99,1730
Taihyun,UK,Taihyun,male,100,4
David,USA,David,male,100,65535
Chuan,USA,Chuan,male,87,23
Robert,Canada,Robert,male,100,3137
Masood,Japan,Masood,male,75,4
Hiroshi,Switzerland,Hiroshi,male,75,4
Paul,Japan,Paul,male,100,242
Atsushi,Japan,Atsushi,male,100,843
Takayoshi,China,Takayoshi,male,100,93
Guo-Xin,USA,Xin,male,63,194
Travis,Austria,Travis,male,100,3
Ronald,México,Ronald,male,99,20480
Patrick,France,Patrick,male,98,34424
Janine,China,Janine,female,100,13
Zhen-Yuan,Japan,Yuan,male,71,14
Tadashi,Japan,Tadashi,male,100,290
Kazuo,Japan,Kazuo,male,99,306
Makoto,UK,Makoto,male,95,1208
Christopher,Germany,Christopher,male,99,3075
Qin,Switzerland,Qin,female,75,4
Christian,USA,Christian,male,100,48214
Peng,China,Peng,male,85,704
Zhen,USA,Zhen,male,76,62
Ahmed,Korea,Ahmed,male,98,156410
Taek,USA,Taek,male,100,7
J,USA,,,,
James,China,James,male,98,1570
Hao,Israel,Hao,male,84,2105
Itamar,Singapore,Itamar,male,95,804
Jun,USA,Jun,male,86,387
Enrique,USA,Enrique,male,100,1544
Benjamin,Switzerland,Benjamin,male,99,552
Jay,Germany,Jay,male,80,1073
Karl,USA,Karl,male,100,2609
Peter,Japan,Peter,male,99,186
Mikiko,Singapore,Mikiko,female,96,83
Choon-Hong,Germany,Hong,male,65,31
Carsten,Germany,Carsten,male,100,4032
Jan,France,Jan,male,93,584
Enrique,UK,Enrique,male,99,19657
Simon,USA,Simon,male,99,2413
Uwe,USA,Uwe,male,98,45
Lawrence,Germany,Lawrence,male,100,61
Sjoerd,Japan,Sjoerd,male,99,949
Hiroshi,China,Hiroshi,male,100,10
Zhang-Jie,USA,Zhang,male,65,105
Jeffrey,UK,Jeffrey,male,100,19324
Nigel,Korea,Nigel,male,99,9908
Myongsoo,Korea,Myongsoo,male,75,4
Kwang,Switzerland,Kwang,female,62,754
Helma,UK,Helma,female,98,443
Florian,Germany,Florian,male,99,9022
Hans-Joachim,UK,Hans-Joachim,male,100,380
Harry,USA,Harry,male,98,2960
Glenn,Korea,Glenn,male,98,9914
Ryong,UK,Ryong,male,87,30
Juan-Carlos,Canada,Carlos,male,99,423
Yingfu,Germany,Yingfu,male,60,5
Volker,France,Volker,male,100,21
Didier,UK,Didier,male,98,29191
Simon,France,Simon,male,97,7268
Max,USA,Max,male,98,5582
Wenbin,"United Kingdom",Wenbin,male,75,4
Wilhelm,USA,Wilhelm,male,100,38
David,Japan,David,male,100,604
Tamejiro,China,,,,
Li-Min,Germany,Li,female,75,212
Eugenia,Japan,Eugenia,female,100,5
Kenichiro,Japan,Kenichiro,male,100,98
Kazuya,Germany,Kazuya,male,100,7
Martin,Germany,Martin,male,99,14619
Matthias,USA,Matthias,male,100,3407
Mehmet,Germany,Mehmet,male,98,4123
Michael,USA,Michael,male,100,65535
Paula,Austria,Paula,female,96,73
Johann,Italy,Johann,male,100,46
Luca,China,Luca,male,93,76
Xian,USA,Xian,male,54,37
Joanna,Germany,Joanna,female,97,703
Uwe,China,Uwe,male,100,9
Haiping,USA,Haiping,unknown,50,2
Yadong,Japan,Yadong,male,88,26
Masatatsu,Japan,,,,
Keisuke,UK,Keisuke,male,100,782
Manfred,USA,Manfred,male,99,90
Floyd,Korea,Floyd,male,99,4067
Dal-Hee,China,Hee,female,70,27
Luhua,Germany,Luhua,male,75,4
Jörg,Poland,Jörg,male,100,6
Jacek,UK,Jacek,male,99,16849
Neil,USA,Neil,male,100,3353
Christopher,Germany,Christopher,male,99,3075
Horst,USA,Horst,male,97,31
Xianhui,China,Xianhui,male,83,6
Shuit-Tong,USA,Tong,male,69,86
Hisashi,Canada,Hisashi,male,99,188
Tom,Germany,Tom,male,99,7237
Uwe,China,Uwe,male,100,9
Jincai,University,Jincai,male,80,10
Shū,Canada,,,,
Yue,China,Yue,female,54,508
Jingsong,Netherlands,Jingsong,male,88,8
Bernhard,Singapore,Bernhard,male,98,4878
Jackie,Singapore,Jackie,male,55,76
Ping,Japan,Ping,female,56,9
Hiroshi,USA,Hiroshi,male,100,56
Ayusman,Poland,Ayusman,male,100,6
Lechosław,Germany,Lechosław,male,100,19
William,Japan,William,male,100,202
Masakatsu,Japa,Masakatsu,male,97,32
Noritaka,Netherlands,Noritaka,male,100,38
Gerard,Japan,Gerard,male,100,9
Makoto,Germany,Makoto,male,69,13
Karina,Switzerland,Karina,female,88,148
Helmut,Germany,Helmut,male,98,3338
Walter,France,Walter,male,97,809
Didier,Sweden,Didier,male,100,15
Fredrik,USA,Fredrik,male,100,66
Liming,USA,Liming,male,69,13
Bing,Germany,Bing,male,61,18
Hans-Ulrich,Germany,Hans-Ulrich,male,100,51
Lars-Oliver,Spain,Lars,male,99,85
José,Belgium,José,male,94,555
István,Switzerland,István,male,100,17
Ryan,Fax:,Ryan,male,99,64450
Jeremy,Germany,Jeremy,male,98,342
Matthias,USA,Matthias,male,100,3407
Ryan,France,Ryan,male,98,1573
Wolfgang,Sweden,Wolfgang,male,100,22
Mikael,Netherlands,Mikael,male,100,16
Elias,Germany,Elias,male,97,580
Horst,Germany,Horst,male,98,3472
Burkhard,UK,Burkhard,male,99,552
Snorri,Japan,Snorri,male,100,49
Tsutomu,Japan,Tsutomu,male,100,209
Naoto,China,Naoto,male,99,404
Shunai,Korea,Shunai,female,100,6
Seonghoon,Greece,Seonghoon,male,100,30
Manolis,Germany,Manolis,male,95,20
Thomas,Switzerland,Thomas,male,99,3106
Marcel,Germany,Marcel,male,99,13238
Ralf,Germany,Ralf,male,99,7883
Harald,Denmark,Harald,male,100,25
Michael,USA,Michael,male,100,65535
Matthew,France,Matthew,male,99,293
Léon,France,Léon,male,95,369
Guido,Canada,Guido,male,100,13
Eugenia,USA,Eugenia,female,96,302
T,USA,,,,
James,China,James,male,98,1570
Xue,Australia,Xue,unknown,50,2
Tom,Germany,Tom,male,99,7237
Volkmar,USA,Volkmar,male,100,4
Reinhard,Australia,Reinhard,male,100,4
Andreas,USA,Andreas,male,100,2789
Richard,Germany,Richard,male,99,2147
Luc,Japan,Luc,male,100,10
Kazunori,Canada,Kazunori,male,75,4
Graham,Japan,Graham,male,100,11
Eiichi,Germany,Eiichi,male,98,100
Franz,Japan,Franz,male,63,8
Minoru,Japan,Minoru,male,99,320
Susumu,Japan,Susumu,male,98,154
Wataru,UK,Wataru,male,100,306
James,"Republic of Korea",James,male,99,131879
Myunghyun,Israel,Myunghyun,male,57,7
Ronit,Italy,Ronit,male,75,4
Tadeusz,Germany,Tadeusz,male,100,71
Peter,China,Peter,male,99,1605
Jianfang,Germany,Jianfang,female,71,7
Svetlana,China,Svetlana,female,100,13
Zhengkun,Japan,Zhengkun,male,100,4
Makoto,USA,Makoto,male,85,41
Jian-Ping,USA,Jian,male,84,124
Dwight,France,Dwight,male,100,21
Anthony,France,Anthony,male,99,33135
Alban,Germany,Alban,male,99,178
Dietmar,USA,Dietmar,male,100,14
Marcus,Switzerland,Marcus,male,99,156
Peter,USA,Peter,male,100,15502
Joseph,Germany,Joseph,male,99,432
Karl,Japan,Karl,male,96,28
Yoichi,Germany,Yoichi,male,75,4
Thomas,Germany,Thomas,male,99,27141
Axel,Germany,Axel,male,99,2526
Stefanie,Yonsei,Stefanie,female,98,10626
Myongsoo,USA,Myongsoo,male,75,4
Walter,China,Walter,male,100,103
Qi-Yu,France,Qi,male,78,18
Sylviane,China,Sylviane,female,75,4
Shengming,Singapore,Shengming,male,100,5
David,Germany,David,male,99,10714
Corneliu,"United Kingdom",Corneliu,male,100,7
Christopher,Korea,Christopher,male,99,55041
Jyongsik,USA,,,,
M,China,,,,
Yong-Yao,China,Yong,male,95,502
Frank,USA,Frank,male,100,11178
Andrew,Germany,Andrew,male,99,574
Herbert,USA,Herbert,male,100,4471
J,Denmark,,,,
Bo,France,Bo,male,88,202
Clément,USA,Clément,male,100,23
Davide,Germany,Davide,male,100,376
Christian,China,Christian,male,100,48300
Jean'ne,Switzerland,Jeanne,female,97,90
Majed,USA,Majed,male,100,85
M,Israel,,,,
Lucio,Japan,Lucio,male,100,26
Keiichi,USA,Keiichi,male,100,5
Peter,Singapore,Peter,male,99,480
Peng,Korea,Peng,male,84,1353
Seon,Germany,Seon,male,100,3
Anton,Switzerland,Anton,male,96,186
Reto,Germany,Reto,male,100,26
Sebastian,USA,Sebastian,male,99,1962
Jason,Germany,Jason,male,99,1015
Stephan,Germany,Stephan,male,98,6568
Hans-Georg,China,Georg,male,100,3
Ye,Japan,Ye,male,55,11
Yoshiaki,Germany,Yoshiaki,male,99,304
Alois,France,Alois,male,85,112
Sébastien,Germany,Sébastien,male,98,53
Marek,Japan,Marek,male,100,8
Hitomi,UK,Hitomi,female,95,444
Kevin,France,Kevin,male,99,33611
Philippe,USA,Philippe,male,100,410
Jon,USA,Jon,male,100,12707
Jianhua,UK,Jianhua,male,84,67
Thomas,USA,Thomas,male,100,20215
Xianhui,Sweden,Xianhui,male,60,10
Helene,USA,Helene,female,99,323
Jochen,USA,Jochen,male,100,30
Stephen,Spain,Stephen,male,96,188
J,Korea,,,,
Hee,USA,Hee,male,65,17
K,USA,,,,
Tomislav,USA,Tomislav,male,100,27
Indrajeet,Australia,Indrajeet,male,100,503
W,Germany,,,,
Helge,India,Helge,female,54,2126
Souvik,USA,Souvik,male,100,15
Tomislav,"United Kingdom",Tomislav,male,100,7
Richard,Germany,Richard,male,99,2147
Martin,Germany,Martin,male,99,14619
Sergey,France,Sergey,male,97,69
Didier,USA,Didier,male,96,136
Chad,USA,Chad,male,100,9565
Daniel,Germany,Daniel,male,99,22784
Hans-Achim,USA,Hans,male,99,791
Hiroshi,Japan,Hiroshi,male,99,1448
Masahisa,Germany,Masahisa,male,75,4
Christopher,USA,Christopher,male,100,26017
Gregory,Canada,Gregory,male,100,319
Alan,Italy,Alan,male,99,1390
Quinto,Korea,Quinto,male,93,191
Eun,USA,Eun,female,71,24
Richmond,USA,Richmond,male,92,88
Jaqueline,USA,Jaqueline,female,97,3318
James,India,James,male,99,1573
Yamuna,Germany,Yamuna,female,75,4
Klaus,France,Klaus,male,97,91
Valérie,UK,Valérie,female,97,13240
Darrin,Netherlands,Darrin,male,100,4
Alexander,USA,Alexander,male,100,6939
Frieder,USA,Frieder,male,75,4
James,China,James,male,98,1570
Henry,USA,Henry,male,99,5094
Clemens,Germany,Clemens,male,99,563
Arndt,Japan,Arndt,male,75,4
Atsuhiro,China,Atsuhiro,male,100,20
Yali,Germany,Yali,male,75,4
Roland,Italy,Roland,male,99,309
Paolo,Spain,Paolo,male,99,658
Ana,USA,Ana,female,98,4922
Andrew,China,Andrew,male,99,519
Chi-Ming,USA,Ming,male,73,237
Gregory,Austria,Gregory,male,100,10
Erwin,Taiwan,Erwin,male,86,7
Chien-Hong,Hungary,Chien-Hong,male,100,4
Ferenc,Switzerland,Ferenc,male,100,14
Karl-Heinz,Germany,Karl-Heinz,male,99,1070
Thomas,Netherlands,Thomas,male,99,2042
Bert,Germany,Bert,male,98,402
Takashi,Finland,Takashi,male,75,4
Robin,Netherlands,Robin,male,88,2699
Joost,USA,Joost,male,95,20
Grzegorz,Switzerland,Grzegorz,male,100,24
Karl-Heinz,"United Kingdom",Karl,male,99,3199
Andrew,Japan,Andrew,male,100,219
Michinori,Germany,Michinori,male,100,11
Thomas,USA,Thomas,male,100,20215
Tayyaba,China,Tayyaba,female,94,237
W,Germany,,,,
Lutz,Japan,Lutz,male,98,1744
Seiji,"South Korea",Seiji,female,75,4
Yong,USA,Yong,male,82,158
Charles,Japan,Charles,male,99,141
Masakatsu,Japan,Masakatsu,male,97,29
Tomoaki,Spain,Tomoaki,male,75,4
José,Germany,José,male,96,184
Paul,Germany,Paul,male,99,5117
Norbert,France,Norbert,male,98,1233
David,USA,David,male,100,65535
Song,UK,Song,male,100,74
Riccardo,USA,Riccardo,male,99,155
Cynthia,China,Cynthia,female,98,235
Jiacong,USA,Jiacong,unknown,50,2
Chuan,China,Chuan,male,84,101
Russell,USA,Russell,male,100,4197
Jon,Germany,Jon,male,98,333
Yoshihito,Germany,Yoshihito,male,100,77
Martin,USA,Martin,male,100,5868
Younan,Germany,Younan,male,75,4
Benjamin,Canada,Benjamin,male,100,548
Samuel,Japan,Samuel,male,99,93
Chisato,China,Chisato,female,75,4
Zhixiang,Germany,Zhixiang,male,86,21
Horst,Japan,Horst,male,75,4
Hiroyuki,Canada,Hiroyuki,male,100,4
Jari,Germany,Jari,male,86,14
Norbert,Germany,Norbert,male,99,3231
Thomas,Germany,Thomas,male,99,27141
Joachim,China,Joachim,male,100,9
R,Canada,,,,
Mark,Japan,Mark,male,100,48064
Yoshio,Germany,Yoshio,male,75,4
Sebastian,Japan,Sebastian,male,100,57
Tomokazu,France,Tomokazu,male,100,90
Sébastien,Canada,Sébastien,male,100,331
Scott,France,Scott,male,98,360
Max,USA,Max,male,98,5582
Philip,UK,Philip,male,99,21773
Eugen,Germany,Eugen,male,99,1388
Eckhard,Israel,Eckhard,male,99,317
Yitzhak,UK,Yitzhak,male,98,59
Varinder,Germany,Varinder,male,80,5
Herbert,Germany,Herbert,male,98,1663
Silke,Germany,Silke,female,98,3148
Berthold,China,Berthold,male,100,302
Jing,Germany,Jing,female,81,36
Carlo,USA,Carlo,male,100,2765
J,UK,,,,
Matthew,Germany,Matthew,male,99,616
Roderich,USA,Roderich,male,67,3
Philip,Japan,Philip,male,100,34
Shun-ichi,France,Shun,male,92,49
Paolo,UK,Paolo,male,99,60571
Christopher,USA,Christopher,male,100,26017
Lawrence,Italy,Lawrence,male,100,66
Lucia,UK,Lucia,female,98,49100
Milo,India,Milo,male,88,8
Ray,Denmark,Ray,male,91,11
Thomas,USA,Thomas,male,100,20215
Andrew,France,Andrew,male,96,640
Bruno,Germany,Bruno,male,88,1244
Carlo,Canada,Carlo,male,100,94
Mark,USA,Mark,male,100,47989
Heinz,Ireland,Heinz,male,75,4
Richard,Switzerland,Richard,male,99,476
Xile,Germany,Xile,male,64,14
Jörg,France,Jörg,male,92,13
Vincent,Canada,Vincent,male,99,738
Mark,USA,Mark,male,100,47989
Dwight,China,Dwight,male,100,9
Shiyong,Japan,Shiyong,male,100,16
Keiji,Germany,Keiji,male,75,4
Omar,UK,Omar,male,98,63048
Walter,Germany,Walter,male,81,2941
Rian,Germany,Rian,male,83,24
Arnd,Germany,Arnd,male,100,154
Wolfgang,USA,Wolfgang,male,99,185
Joshua,USA,Joshua,male,100,20095
Yoshihisa,Germany,Yoshihisa,male,100,87
Helmuth,Korea,Helmuth,male,98,265
Sung,France,Sung,male,86,7
Gilles,UK,Gilles,male,99,18113
Kevin,Switzerland,Kevin,male,99,1904
E,France,,,,
Pierre,France,Pierre,male,98,41192
Rodrigue,USA,Rodrigue,male,100,29
Akos,Germany,Akos,male,92,13
Torsten,Germany,Torsten,male,99,4534
Jürgen,Germany,Jürgen,male,99,7863
Christof,Spain,Christof,male,100,7
Antoni,Netherlands,Antoni,male,96,27
Ulrich,USA,Ulrich,male,98,62
Wenwan,Japan,Wenwan,female,75,4
Masakatsu,USA,Masakatsu,male,97,32
Fred,Korea,Fred,male,96,49830
Myongsoo,USA,Myongsoo,male,75,4
Shan,Germany,Shan,male,72,39
Jörg,Germany,Jörg,male,99,6145
Annie,Germany,Annie,female,98,148
Lutz,Japan,Lutz,male,98,1744
Akira,Japan,Akira,male,97,1276
Kazuhito,UK,Kazuhito,male,100,63
Sheetal,USA,Sheetal,female,88,75
Nicholas,Sweden,Nicholas,male,100,80
Owe,Singapore,Owe,male,98,131
Jim,China,Jim,male,97,508
Rodolphe,Japan,Rodolphe,male,100,4
Isao,Japan,Isao,male,100,180
Toshikazu,Germany,Toshikazu,male,100,73
Luca,Netherlands,Luca,male,86,202
Hermen,USA,Hermen,male,100,3
Michael,Spain,Michael,male,97,1973
Francisco,Italy,Francisco,male,99,431
Luca,Germany,Luca,male,97,1351
Matthias,France,Matthias,male,99,1194
Pierre,France,Pierre,male,98,41192
Pascal,Denmark,Pascal,male,100,14
Kristian,USA,Kristian,male,96,4146
Rustem,USA,Rustem,male,100,5
Stefan,Germany,Stefan,male,97,20127
Henning,Germany,Henning,male,96,1022
Frank,Germany,Frank,male,98,16573
Thomas,Canada,Thomas,male,100,1091
G,Germany,,,,
Benjamin,UK,Benjamin,male,99,50718
Peter,Germany,Peter,male,99,21321
Walter,Germany,Walter,male,81,2941
Carsten,UK,Carsten,male,99,5153
Nigel,USA,Nigel,male,100,4144
Quanxi,USA,Quanxi,male,100,3
Hao,USA,Hao,male,91,219
Luis,Spain,Luis,male,99,43667
Fernando,Canada,Fernando,male,100,154
Masood,China,Masood,male,100,6
Qun,Canada,Qun,male,56,100
Mark,UK,Mark,male,100,48064
Shik,"New Zealand",Shik,male,66,38
Roy,Scotland,Roy,male,98,19944
David,Germany,David,male,99,10714
Harald,Korea,Harald,male,99,4998
Wonwoo,USA,Wonwoo,male,100,3
Daniel,USA,Daniel,male,100,35866
Hyun-Soon,Netherlands,Hyun-Soon,male,81,1679
Koop,Germany,Koop,male,75,4
Paul,Belgium,Paul,male,98,2716
Christophe,UK,Christophe,male,98,60690
Benjamin,UK,Benjamin,male,99,50718
John,USA,John,male,100,65535
Barry,USA,Barry,male,100,3714
John,UK,John,male,99,219085
Steven,USA,Steven,male,100,19562
Thomas,Slovenia,Thomas,male,100,19
Boris,Canada,Boris,male,100,108
Howard,Japan,Howard,male,100,9
Mugio,"South Korea",Mugio,male,75,4
Chulhee,Korea,Chulhee,male,91,11
Wonwoo,UK,Wonwoo,male,100,27
David,Japan,David,male,100,604
Yasuaki,USA,Yasuaki,male,100,3
Mohammad,Canada,Mohammad,male,99,233
Paul,Korea,Paul,male,99,140849
Jinwoo,Netherlands,Jinwoo,male,75,4
Xiang,USA,Xiang,male,83,60
Steven,Japan,Steven,male,99,113
Takao,USA,Takao,male,100,7
J,Israel,,,,
Boris,Korea,Boris,male,99,15168
Jong,Germany,Jong,male,100,3
Peter,UK,Peter,male,99,146529
Carla,Canada,Carla,female,100,275
David,Denmark,David,male,100,446
Niels,USA,Niels,male,99,97
Lawrence,Germany,Lawrence,male,100,61
Eric,Germany,Eric,male,99,2580
Werner,Switzerland,Werner,male,100,437
A,USA,,,,
Chad,Germany,Chad,male,100,50
Nazario,USA,Nazario,male,95,21
Anthony,China,Anthony,male,99,278
Chao-Jun,Singapore,Chao,male,94,16
Guofu,USA,Guofu,male,100,5
Xiaodong,Japan,Xiaodong,male,75,4
Yujiro,Japan,Yujiro,male,100,35
Bernd,UK,Bernd,male,99,7628
Thomas,Sweden,Thomas,male,99,3089
Michael,Switzerland,Michael,male,99,3003
Reinhard,Japan,Reinhard,male,99,1973
Shigefumi,Belgium,Shigefumi,male,100,6
Andrée,Germany,Andrée,male,75,4
Ingo,Germany,Ingo,male,99,3119
Walter,Germany,Walter,male,81,2941
Markus,Japan,Markus,male,100,18
Masahiro,UK,Masahiro,male,100,783
William,China,William,male,98,929
Yufen,Germany,Yufen,male,75,4
Sven,Germany,Sven,male,99,13636
Sven,USA,Sven,male,99,212
Zhibin,Italy,Zhibin,male,98,45
Walther,UK,Walther,male,98,445
Varinder,Germany,Varinder,male,80,5
Klaus,Switzerland,Klaus,male,99,168
Michael,Japan,Michael,male,99,446
Mitsuhiko,France,Mitsuhiko,male,75,4
Nicolas,Germany,Nicolas,male,100,664
Alexander,Germany,Alexander,male,98,11884
Paul,Germany,Paul,male,99,5117
Patrik,India,Patrik,male,90,10
Richard,Germany,Richard,male,99,2147
Ulrich,Japan,Ulrich,male,75,4
Satoshi,UK,Satoshi,male,99,1177
Mark,UK,Mark,male,100,48064
Charlotte,Japan,Charlotte,female,89,19
Masato,Spain,Masato,male,75,4
Jesús,Germany,Jesús,male,100,14
Ronald,France,Ronald,male,98,453
Henri,Spain,Henri,male,93,110
Daniel,Australia,Daniel,male,100,2444
Stuart,China,Stuart,male,97,38
Hongjie,Australia,Hongjie,male,75,4
Peter,Netherlands,Peter,male,99,10961
Jurriaan,Germany,Jurriaan,male,97,76
Peter,USA,Peter,male,100,15502
George,USA,George,male,100,12253
Shih-Yuan,Spain,Yuan,male,72,29
Digna,Germany,Digna,female,100,5
Matthias,UK,Matthias,male,100,17148
Véronique,China,Véronique,female,86,7
Xumu,Germany,Xumu,male,75,4
Konstantin,Germany,Konstantin,male,98,711
Matthias,Switzerland,Matthias,male,100,748
François,Japan,François,male,100,13
Takeshi,USA,Takeshi,male,98,42
Christopher,USA,Christopher,male,100,26017
Peter,Sweden,Peter,male,99,6779
Nina,Spain,Nina,female,98,1323
Antonio,USA,Antonio,male,99,4554
Viresh,USA,Viresh,male,100,10
James,Sweden,James,male,99,342
Andreas,Switzerland,Andreas,male,99,1721
Donald,USA,Donald,male,100,6155
William,Japan,William,male,100,202
Masami,Germany,Masami,female,75,4
Andreas,USA,Andreas,male,100,2789
Bradley,Netherlands,Bradley,male,98,63
Koop,France,Koop,male,100,5
Andrea,China,Andrea,female,65,185
Philippe,Switzerland,Philippe,male,99,1199
René,UK,René,male,98,12079
Anthony,Korea,Anthony,male,99,85303
Moonhyun,USA,Moonhyun,male,67,3
Marc,Japan,Marc,male,100,71
Kazuhito,Japan,Kazuhito,male,100,57
Tomoaki,USA,Tomoaki,male,100,7
Kim,USA,Kim,female,94,14095
Jeffrey,Switzerland,Jeffrey,male,100,56
Petr,Germany,Petr,male,98,209
Roland,Japan,Roland,male,94,16
Michinori,Germany,Michinori,male,100,11
Bernhard,Canada,Bernhard,male,100,10
Vy,USA,Vy,female,81,105
Guy,Korea,Guy,male,98,20859
Myongsoo,Germany,Myongsoo,male,75,4
Michael,Germany,Michael,male,100,30913
Johannes,France,Johannes,male,97,87
Isabelle,USA,Isabelle,female,100,42108
Robert,China,Robert,male,98,503
Guodong,Japan,Guodong,male,75,4
Susumu,Switzerland,Susumu,male,98,170
Hansjörg,USA,Hansjörg,male,100,144
Jean'ne,China,Jeanne,female,100,40
Sue-Lein,Australia,Sue,female,99,465
Yong,France,Yong,male,90,21
Jieping,UK,Jieping,female,67,3
John,Germany,John,male,98,3765
Axel,UK,Axel,male,98,15264
Stefan,Austria,Stefan,male,99,3126
Bernhard,Korea,Bernhard,male,98,4878
Yuichi,Austria,Yuichi,male,99,451
C,Germany,,,,
Ingo,Japan,Ingo,male,75,4
Shinichi,Switzerland,Shinichi,male,75,4
Erick,USA,Erick,male,100,2026
Kathryn,Germany,Kathryn,female,100,28
Helmut,USA,Helmut,male,100,51
Weihong,Spain,Weihong,male,70,40
Juan,Hungary,Juan,male,100,22
Otto,USA,Otto,male,98,273
Guillermo,Spain,Guillermo,male,99,5173
M,China,,,,
Lin,Germany,Lin,female,83,120
Roland,USA,Roland,male,100,1123
Niren,Germany,Niren,male,94,49
Stefan,Switzerland,Stefan,male,99,2521
Stefan,Taiwan,Stefan,male,100,14
Chien-Hong,Australia,Chien,male,80,5
Frank,China,Frank,male,98,1262
Yufen,Japan,Yufen,female,83,18
Susumu,China,Susumu,male,75,4
Yadong,UK,Yadong,male,88,26
Juan,USA,Juan,male,99,7532
Robert,USA,Robert,male,100,43118
George,Japan,George,male,98,166
Takashi,UK,Takashi,male,99,1807
Véronique,Ireland,Véronique,female,75,4
Dermot,Canada,Dermot,male,100,8
Michael,Germany,Michael,male,100,30913
Paul,China,Paul,male,99,805
Ruren,China,,,,
Lei,Israel,Lei,male,59,2374
Itamar,Canada,Itamar,male,100,3
Geoffrey,China,Geoffrey,male,100,31
Lehui,China,Lehui,male,75,4
Simeon,USA,Simeon,male,100,2484
Paul,Germany,Paul,male,99,5117
Gernot,USA,Gernot,male,100,4
Sara,UK,Sara,female,98,153041
J,USA,,,,
S,USA,,,,
Hans-Conrad,USA,Conrad,male,100,3607
Kapa,Germany,Kapa,male,75,4
Thomas,Germany,Thomas,male,99,27141
Dang,USA,Dang,male,89,65
Gregory,"Republic of Korea",Gregory,male,99,21213
Jong,Germany,Jong,male,100,3
Hans-Dieter,Canada,Dieter,male,100,26
Derek,Japan,Derek,male,100,51
Chun-Ying,Germany,Ying,female,71,34
Sabine,Chin,Sabine,female,98,22561
Song,Japan,Song,male,100,74
Munetaka,USA,Munetaka,male,100,9
Michael,Korea,Michael,male,99,211741
In,Switzerland,In,male,60,5
Harm-Anton,France,Anton,male,97,371
Marc,Spain,Marc,male,99,8136
Luis,USA,Luis,male,100,8179
Ronald,Japan,Ronald,male,100,39
Susumu,Germany,Susumu,male,98,170
Achim,Switzerland,Achim,male,100,35
Wendelin,France,Wendelin,unknown,50,2
Olivier,Scotland,Olivier,male,99,50237
Osamu,USA,Osamu,male,100,9
Andrew,Germany,Andrew,male,99,574
Wolf-Dieter,USA,Wolf,male,100,96
Stephen,Israel,Stephen,male,96,23
Ehud,France,Ehud,male,75,4
Valérie,Israel,Valérie,female,100,3
Itamar,France,Itamar,male,100,6
Talal,Dublin,Talal,male,98,5107
Susan,USA,Susan,female,99,16157
Pingyun,Germany,,,,
Wilhelm,Japan,Wilhelm,male,75,4
Takashi,Germany,Takashi,male,100,4
Luisa,Israel,Luisa,female,100,10
Reshef,France,Reshef,male,100,5
Serge,USA,Serge,male,99,304
Michael,USA,Michael,male,100,65535
T,UK,,,,
Adam,Japan,Adam,male,99,139
Masakatsu,Germany,Masakatsu,male,97,32
Klaus,USA,Klaus,male,100,135
Zhiqun,USA,Zhiqun,male,75,4
Yong,Japan,Yong,male,95,20
Takeshi,Poland,Takeshi,male,75,4
Karol,China,Karol,female,67,12
Shuit-Tong,USA,Tong,male,69,86
Kil,France,Kil,male,72,75
