"First Name",Country,ga_first_name,ga_gender,ga_accuracy,ga_samples
Dirk,Germany,Dirk,male,99,8318
G,Germany,,,,
Hung-wen,USA,Hung,male,98,264
David,UK,David,male,99,381770
Karl-Heinz,Switzerland,Karl-Heinz,male,100,8
André,Canada,André,male,99,399
Angelo,Argentina,Angelo,male,98,56
Daniel,Germany,Daniel,male,99,22784
Eric,UK,Eric,male,99,121922
Stephan,Switzerland,Stephan,male,100,664
Donald,USA,Donald,male,100,6155
John,USA,John,male,100,65535
David,UK,David,male,99,381770
Steven,UK,Steven,male,99,59951
Kyung,Korea,Kyung,male,72,240
Andrey,Germany,Andrey,male,99,179
Bernd,Austria,Bernd,male,99,483
Carston,USA,Carston,male,100,7
Klaus,Germany,Klaus,male,98,10045
Janine,France,Janine,female,97,1081
Herbert,Germany,Herbert,male,98,1663
Hiroharu,Japan,Hiroharu,male,100,6
Andreas,China,Andreas,male,100,46
Jaroslava,Germany,Jaroslava,female,94,16
Karl,Germany,Karl,male,96,3903
Atsuhiro,Japan,Atsuhiro,male,100,17
Peter,UK,Peter,male,99,146529
Xue-Long,China,Xue,female,74,300
Minqiang,China,Minqiang,male,100,3
Linda,USA,Linda,female,99,16312
Jaeyoung,"South Korea",Jaeyoung,male,88,130
Tsutomu,Japan,Tsutomu,male,100,209
Jaephil,Korea,Jaephil,male,75,4
Timothy,USA,Timothy,male,100,9427
Levi,USA,Levi,male,98,1668
Shuming,USA,Shuming,male,100,4
Thorsten,Germany,Thorsten,male,99,4876
Hiroyuki,Japan,Hiroyuki,male,100,955
Yi-Chou,Taiwan,Chou,male,65,147
Zhang-Jie,China,Jie,male,63,867
Roberto,Italy,Roberto,male,99,53093
Ulrich,Germany,Ulrich,male,99,1577
Carlos,Argentina,Carlos,male,99,3237
Chad,USA,Chad,male,100,9565
James,USA,James,male,100,47200
Christian,Germany,Christian,male,100,86
Wei-Szu,Taiwan,Wei,male,71,546
Keisuke,Japan,Keisuke,male,100,723
Oliver,Germany,Oliver,male,99,7903
Ally,France,Ally,female,100,4409
Ming,China,Ming,male,83,826
Hilkka,USA,Hilkka,female,75,4
Horst,Germany,Horst,male,98,3472
R,USA,,,,
Chi-Ming,China,Ming,male,83,826
Paul,USA,Paul,male,100,28746
Naeem,UK,Naeem,male,99,3156
Douglas,UK,Douglas,male,99,18529
Burkhard,Germany,Burkhard,male,99,502
Ronny,Israel,Ronny,male,83,40
Wei,China,Wei,male,76,1859
Frank,Germany,Frank,male,98,16573
Jeong,USA,Jeong,male,76,17
Hiromi,Belgium,Hiromi,female,79,490
Atsuhiro,Japan,Atsuhiro,male,100,17
Thomas,USA,Thomas,male,100,20215
K,Netherlands,,,,
Chulhee,"South Korea",Chulhee,male,100,10
Ilia,Canada,Ilia,male,93,27
Jianfang,China,Jianfang,female,67,6
Zhiyong,China,Zhiyong,male,100,51
Flemming,Denmark,Flemming,male,99,711
Oliver,USA,Oliver,male,99,1490
Kazuhiko,Okayama,Kazuhiko,male,99,192
W,USA,,,,
Andrew,USA,Andrew,male,100,34858
Richard,UK,Richard,male,99,97659
Peter,UK,Peter,male,99,146529
Craig,UK,Craig,male,100,24286
Hiroshi,USA,Hiroshi,male,100,56
Younan,USA,Younan,male,100,6
Joseph,UK,Joseph,male,99,63161
Robert,Canada,Robert,male,100,3137
Zhaomin,Japan,Zhaomin,female,67,6
Ahmed,USA,Ahmed,male,99,2824
Tamejiro,Japan,,,,
Susumu,Japan,Susumu,male,98,154
Robbert,Canada,Robbert,male,100,5
Burjor,USA,Burjor,male,75,4
Shunichi,Japan,Shunichi,male,100,63
Antony,UK,Antony,male,99,13253
Koji,Japan,Koji,male,99,780
Jincai,China,Jincai,male,60,5
Armido,Germany,Armido,male,100,20
William,Russia,William,male,98,96
Germain,France,Germain,male,93,992
Markus,Germany,Markus,male,99,15230
Pinghua,USA,Pinghua,male,100,3
Sjoerd,Germany,Sjoerd,male,100,5
Samir,France,Samir,male,98,7739
Zuowei,China,Zuowei,male,75,4
Jon,USA,Jon,male,100,12707
Chien-Hong,,Chien-Hong,male,100,4
Keiji,Japan,Keiji,male,100,185
Alexander,Germany,Alexander,male,98,11884
Takayuki,Japan,Takayuki,male,100,574
Justin,USA,Justin,male,100,25338
Sebastian,Germany,Sebastian,male,100,13809
Laura,Fax:,Laura,female,98,163073
Stefan,Switzerland,Stefan,male,99,2521
Koichi,Japan,Koichi,male,99,394
Karl-Heinz,Germany,Karl-Heinz,male,99,1070
John,Canada,John,male,100,4453
Hongyu,USA,Hongyu,male,75,8
Osamu,Japan,Osamu,male,99,342
Alfons,Switzerland,Alfons,male,100,26
Darren,USA,Darren,male,100,3167
Dietmar,Germany,Dietmar,male,99,1199
Gregory,USA,Gregory,male,100,6184
Yung-Eun,Korea,Yung-Eun,male,73,1513
Roger,France,Roger,male,96,6105
Giuseppe,Italy,Giuseppe,male,100,65535
Nicolai,Switzerland,Nicolai,male,94,31
Alfredo,Italy,Alfredo,male,99,5968
Jieping,China,Jieping,female,75,4
Jiye,USA,Jiye,female,67,3
Koji,Japan,Koji,male,99,780
Jean-François,France,Jean-François,male,99,3014
Michael,Germany,Michael,male,100,30913
Christopher,UK,Christopher,male,99,55041
Woon-Seok,Korea,Woon-Seok,male,81,377
Reiner,Norway,Reiner,male,75,4
Joseph,USA,Joseph,male,100,21534
Kyung,Japan,Kyung,unknown,50,4
Wolfgang,Austria,Wolfgang,male,99,1765
Li-De,China,De,male,81,31
Jeroen,Switzerland,Jeroen,male,100,10
Franc,Germany,Franc,male,97,33
Bing,China,Bing,male,71,379
Kenneth,USA,Kenneth,male,100,7907
Michael,Canada,Michael,male,100,4889
Jackie,Singapore,Jackie,male,55,76
Joon,Korea,Joon,male,89,724
Thomas,Germany,Thomas,male,99,27141
Marcetta,USA,Marcetta,female,75,4
René,Switzerland,René,male,99,817
Jairton,Brazil,Jairton,male,100,19
Jürgen,Germany,Jürgen,male,99,7863
Oliver,Germany,Oliver,male,99,7903
Kunio,Japan,Kunio,male,100,62
Stephen,UK,Stephen,male,99,46085
Yasuhiro,Japan,Yasuhiro,male,100,425
Harald,Germany,Harald,male,99,2992
Richard,USA,Richard,male,100,24609
Ying-Chun,China,Ying,female,86,923
Karl,Austria,Karl,male,99,997
Richard,Australia,Richard,male,100,1308
Xi,China,Xi,male,58,149
Ferdi,Germany,Ferdi,male,99,526
John,Canada,John,male,100,4453
Anthony,USA,Anthony,male,100,21929
Andreas,Germany,Andreas,male,99,21215
Kenneth,USA,Kenneth,male,100,7907
Flemming,Denmark,Flemming,male,99,711
Eric,Switzerland,Eric,male,99,1023
Kenneth,USA,Kenneth,male,100,7907
Marcus,Germany,Marcus,male,99,4940
Tadafumi,Japan,Tadafumi,male,100,5
Michael,Germany,Michael,male,100,30913
Jonathan,Turkey,Jonathan,male,98,48
Yadong,USA,Yadong,male,88,26
Andreas,Australia,Andreas,male,99,74
Edward,USA,Edward,male,100,7932
Alexandre,Switzerland,Alexandre,male,99,706
Masakatsu,Japan,Masakatsu,male,97,29
Jacqueline,Belgium,Jacqueline,female,98,1097
Nigel,USA,Nigel,male,100,4144
Andreas,Germany,Andreas,male,99,21215
Shi-Gang,China,Shi,male,63,310
Yukikazu,Japan,Yukikazu,male,100,3
Philip,USA,Philip,male,100,5264
Ken,USA,Ken,male,100,9888
Carsten,Germany,Carsten,male,100,4032
Gabor,USA,Gabor,male,100,45
Andrzej,Poland,Andrzej,male,99,20213
Jon,USA,Jon,male,100,12707
Jeung,Korea,Jeung,male,71,21
Beat,Switzerland,Beat,male,100,68
Muralee,Canada,Muralee,male,100,61
Omar,USA,Omar,male,99,3202
Andreas,Germany,Andreas,male,99,21215
Ivana,Serbia,Ivana,female,95,2494
Christopher,USA,Christopher,male,100,26017
Joseph,USA,Joseph,male,100,21534
Christian,Germany,Christian,male,100,86
Carsten,Germany,Carsten,male,100,4032
Erick,Switzerland,Erick,male,100,42
Susumu,Japan,Susumu,male,98,154
James,Canada,James,male,100,3085
Chi-Ming,"Hong Kong",Ming,male,89,338
Anna,Germany,Anna,female,97,8276
Hiroyuki,Japan,Hiroyuki,male,100,955
Naoki,Japan,Naoki,male,100,826
Ulrich,Germany,Ulrich,male,99,1577
Mizuo,Japan,Mizuo,male,75,4
Chun-Cheng,Taiwan,Chun-Cheng,male,100,4
Steven,Spain,Steven,male,99,608
Bernhard,Austria,Bernhard,male,99,1108
Shin'ichi,Japan,Shin'ichi,male,100,9
Jörg,Germany,Jörg,male,99,6145
Aidan,UK,Aidan,male,100,49291
Masatake,Japan,Masatake,male,100,13
Romas,USA,Romas,male,100,8
Y,USA,,,,
Cameron,Australia,Cameron,male,99,616
Anne-K,UK,Anne-K,female,98,48855
Philippe,USA,Philippe,male,100,410
Weiping,USA,Weiping,male,75,8
Boon,China,Boon,male,75,4
Jik,Canada,Jik,male,65,115
Mercouri,USA,,,,
Masahiro,Japan,Masahiro,male,100,703
Choong,Korea,Choong,male,73,135
Paolo,Italy,Paolo,male,99,54131
Guofu,Singapore,Guofu,male,100,5
Stefan,Germany,Stefan,male,97,20127
Ernesto,Spain,Ernesto,male,99,2640
Shaoyi,USA,Shaoyi,male,67,6
Martin,UK,Martin,male,98,139211
Roland,Germany,Roland,male,99,3490
Ralf,Germany,Ralf,male,99,7883
Lanqun,China,,,,
Paolo,Italy,Paolo,male,99,54131
Xiaoming,China,Xiaoming,male,84,105
Paolo,Italy,Paolo,male,99,54131
Raymond,France,Raymond,male,97,2736
Jik,Canada,Jik,male,65,115
Xiao-Ying,China,Ying,female,86,923
David,Israel,David,male,99,1241
Chloé,France,Chloé,female,97,5215
Roland,Germany,Roland,male,99,3490
Lansun,China,Lansun,male,75,4
Armido,Germany,Armido,male,100,20
Xiao-Qi,China,Qi,male,73,234
Galen,USA,Galen,male,99,2354
Kim,USA,Kim,female,94,14095
Cheryl,USA,Cheryl,female,99,7045
Kwang-Hwa,Taiwan,Hwa,male,67,6
Shigeru,Japan,Shigeru,male,100,190
Samuel,USA,Samuel,male,100,6468
Philip,UK,Philip,male,99,21773
Antonio,Spain,Antonio,male,99,60132
Chris,Germany,Chris,male,96,12034
Jens,Denmark,Jens,male,99,1188
Huanting,Australia,Huanting,male,75,4
John,USA,John,male,100,65535
Jean-René,France,Jean-René,male,99,147
Anthony,UK,Anthony,male,99,85303
Edmond,Ireland,Edmond,male,100,10
Klaus,Germany,Klaus,male,98,10045
Bin-Cheng,China,Bin,male,92,677
Donglin,Japan,Donglin,male,88,16
Partha,India,Partha,male,100,1465
R,USA,,,,
Myunghyun,Korea,Myunghyun,male,57,7
Daniel,USA,Daniel,male,100,35866
Sebastian,Sweden,Sebastian,male,99,2045
Gérard,Fax:,Gérard,male,98,5971
Hansgeorg,Germany,Hansgeorg,male,100,6
Timothy,USA,Timothy,male,100,9427
Mario,Italy,Mario,male,99,43430
Mohamed,USA,Mohamed,male,99,2583
Roel,Switzerland,Roel,male,100,4
Corine,France,Corine,female,98,1772
X,USA,,,,
Andrew,USA,Andrew,male,100,34858
Eugen,Germany,Eugen,male,99,1388
Fred,USA,Fred,male,99,4740
Qi-Lin,China,Qi,male,73,234
Christopher,UK,Christopher,male,99,55041
Leroy,UK,Leroy,male,98,8423
Kenneth,USA,Kenneth,male,100,7907
Myung-Hee,Korea,Myung-Hee,female,100,3
Mathieu,Germany,Mathieu,male,98,57
David,UK,David,male,99,381770
Peter,"New Zealand",Peter,male,99,523
Yasushi,Japan,Yasushi,male,99,197
Armando,Sweden,Armando,male,95,59
Ravi,USA,Ravi,male,99,851
Yian,USA,Yian,female,75,4
Danaboyina,India,,,,
Michael,Korea,Michael,male,99,211741
Alan,Canada,Alan,male,100,656
Sascha,Sweden,Sascha,male,73,11
Jean,USA,Jean,female,75,3982
Lothar,Germany,Lothar,male,99,1441
Erick,Switzerland,Erick,male,100,42
Peter,USA,Peter,male,100,15502
Aurélie,Germany,Aurélie,female,100,16
William,USA,William,male,100,24483
Damon,USA,Damon,male,100,1665
Shengming,China,Shengming,male,100,4
Alois,Germany,Alois,male,96,303
Kazuhiko,Japan,Kazuhiko,male,99,170
Christian,Germany,Christian,male,100,86
Alexandre,Switzerland,Alexandre,male,99,706
Benjamin,Germany,Benjamin,male,100,5256
Motoo,Japan,Motoo,male,100,11
Ferdi,Germany,Ferdi,male,99,526
Vladimir,Sweden,Vladimir,male,99,92
Alexander,UK,Alexander,male,99,56237
Peter,Germany,Peter,male,99,21321
Thomas,Germany,Thomas,male,99,27141
Valery,USA,Valery,female,99,3767
Johann,Austria,Johann,male,98,732
Takashi,Japan,Takashi,male,99,1549
Hansgeorg,Germany,Hansgeorg,male,100,6
Rüdiger,Germany,Rüdiger,male,100,1081
Shinichi,Japan,Shinichi,male,99,357
Itamar,Israel,Itamar,male,99,133
Itamar,Israel,Itamar,male,99,133
Peter,USA,Peter,male,100,15502
Eugene,USA,Eugene,male,99,2015
Azzedine,France,Azzedine,male,99,311
Klaus,Germany,Klaus,male,98,10045
Paul,USA,Paul,male,100,28746
Albert,China,Albert,male,99,278
Steven,USA,Steven,male,100,19562
Shū,Japan,,,,
Christof,Germany,Christof,male,99,501
Zeev,Israel,Zeev,male,100,132
Mukundan,Germany,Mukundan,male,100,78
Shang-Cheng,Taiwan,Shang,male,86,21
Shigeru,Japan,Shigeru,male,100,190
Matthew,Berkeley,Matthew,male,100,51412
Shuhua,China,Shuhua,female,83,6
Tadeusz,USA,Tadeusz,male,100,22
Andreas,USA,Andreas,male,100,2789
Rint,Netherlands,Rint,male,100,3
Waldemar,Germany,Waldemar,male,99,1110
Herbert,Germany,Herbert,male,98,1663
Graham,UK,Graham,male,99,10110
Carlo,Italy,Carlo,male,99,26160
Sebastian,Slovakia,Sebastian,male,99,77
Lawrence,USA,Lawrence,male,99,2880
Hans-Joachim,Japan,Joachim,male,100,3
Dongge,China,Dongge,male,100,4
Tamejiro,Japan,,,,
Derek,Canada,Derek,male,100,915
Alexandra,UK,Alexandra,female,98,53680
Claudia,Italy,Claudia,female,99,17437
Stefan,Germany,Stefan,male,97,20127
Marcel,UK,Marcel,male,99,41885
Stephen,USA,Stephen,male,100,16681
Xuhong,China,Xuhong,male,75,4
Masatsugu,Japan,Masatsugu,male,100,16
Stanislas,France,Stanislas,male,98,826
Ayyalusamy,USA,Ayyalusamy,male,75,4
Alke,Switzerland,Alke,female,67,33
Choong,Korea,Choong,male,73,135
Jingguang,China,Jingguang,male,75,4
Fuk,"Hong Kong",Fuk,male,75,4
Matthias,Germany,Matthias,male,100,9451
Stefano,UK,Stefano,male,99,56062
Jon,USA,Jon,male,100,12707
Dirk,USA,Dirk,male,99,483
Antonio,Spain,Antonio,male,99,60132
Ayyappanpillai,India,,,,
James,UK,James,male,99,131879
Jonathan,USA,Jonathan,male,100,21578
Gernot,USA,Gernot,male,100,4
Niles,USA,Niles,male,100,90
Thorsten,Germany,Thorsten,male,99,4876
Patrik,Germany,Patrik,male,99,588
Kiyotomi,Japan,,,,
Santos,Spain,Santos,male,96,677
Jun-Ichi,Japan,Jun-Ichi,male,100,15
Dirk,Germany,Dirk,male,99,8318
Rolf,Germany,Rolf,male,99,3089
Brent,USA,Brent,male,100,5285
Yasuyuki,Japan,Yasuyuki,male,100,153
Jason,UK,Jason,male,99,76567
Alexander,Germany,Alexander,male,98,11884
Kenneth,USA,Kenneth,male,100,7907
Janusz,Poland,Janusz,male,99,5909
Hans-Günther,Germany,Hans-Günther,male,100,11
Sylvain,France,Sylvain,male,98,19696
Klaus,Germany,Klaus,male,98,10045
Jianhua,China,Jianhua,male,91,45
Roy,USA,Roy,male,100,3312
Myung-Hwan,China,Hwan,male,100,3
Cameron,UK,Cameron,male,93,9233
Richard,USA,Richard,male,100,24609
Michael,Canada,Michael,male,100,4889
Glenn,USA,Glenn,male,99,3709
Christian,Germany,Christian,male,100,86
Trevor,USA,Trevor,male,100,4700
Cong-Gui,USA,Gui,male,88,32
Wenbin,USA,Wenbin,unknown,50,6
Yasuhiro,Japan,Yasuhiro,male,100,425
Tom,USA,Tom,male,100,19527
Günter,Germany,Günter,male,99,1803
Anne,France,Anne,female,98,16310
Burkhard,Germany,Burkhard,male,99,502
Georgii,Canada,Georgii,male,78,79
Zhifeng,Canada,Zhifeng,male,97,34
Teresa,Germany,Teresa,female,97,539
Reinhard,Germany,Reinhard,male,99,1146
Davide,Australia,Davide,male,100,49
Myunghyun,"Republic of Korea",Myunghyun,male,57,7
Kendall,USA,Kendall,female,57,1725
Ingo,Germany,Ingo,male,99,3119
Enrique,USA,Enrique,male,100,1544
Alexander,USA,Alexander,male,100,6939
Dunwei,USA,,,,
Robert,USA,Robert,male,100,43118
Anja-Verena,Germany,Anja,female,98,6430
Anja-Verena,Germany,Anja,female,98,6430
Muthusamy,India,Muthusamy,male,98,50
Kim,Japan,Kim,female,51,244
Michael,USA,Michael,male,100,65535
Thorsten,Germany,Thorsten,male,99,4876
Tapani,Finland,Tapani,male,100,204
Hisashi,USA,Hisashi,male,100,6
Antonio,Spain,Antonio,male,99,60132
Winfried,Germany,Winfried,male,100,503
Irving,USA,Irving,male,100,2743
Tom,USA,Tom,male,100,19527
Mei-Xiang,China,Mei,female,93,319
Risto,Finland,Risto,male,99,384
Mercouri,USA,,,,
Fabrice,France,Fabrice,male,98,18240
Sheng-Hsien,ROC,Sheng-Hsien,male,74,687
Gary,USA,Gary,male,100,13394
Xiaogang,USA,Xiaogang,male,100,5
Li,USA,Li,female,50,359
Takeshi,Japan,Takeshi,male,100,1025
Jan,Germany,Jan,male,99,10566
Davide,Italy,Davide,male,99,42786
Paul,Germany,Paul,male,99,5117
Volkhard,Germany,Volkhard,male,100,21
Kendall,USA,Kendall,female,57,1725
Mahdi,USA,Mahdi,male,99,147
Injae,Korea,Injae,male,95,19
H-Jürgen,Germany,Jürgen,male,99,7863
Xiao-ru,China,Xiao,male,56,757
Ruren,China,,,,
Jonathan,UK,Jonathan,male,99,84386
J,USA,,,,
Karen,USA,Karen,female,99,17594
Robertus,Netherlands,Robertus,male,100,9
Taeghwan,Korea,,,,
Masaya,Japan,Masaya,male,100,274
John,USA,John,male,100,65535
Gerhard,Germany,Gerhard,male,99,2024
Yoshiro,Japan,Yoshiro,male,100,49
Haoshen,Japan,,,,
Benjamin,Germany,Benjamin,male,100,5256
Roland,Germany,Roland,male,99,3490
Thomas,USA,Thomas,male,100,20215
Gerhard,Germany,Gerhard,male,99,2024
Ronald,USA,Ronald,male,100,5168
Anjan,USA,Anjan,male,97,32
Chang,Korea,Chang,male,72,2129
Michael,USA,Michael,male,100,65535
Hong-Cai,USA,Hong,female,53,198
Keisuke,Japan,Keisuke,male,100,723
Alexander,USA,Alexander,male,100,6939
Linhong,China,Linhong,unknown,50,4
Guy,France,Guy,male,98,8515
Horst,Germany,Horst,male,98,3472
Andreas,Germany,Andreas,male,99,21215
David,Singapore,David,male,99,875
Frank,Germany,Frank,male,98,16573
Hon,"United Kingdom",Hon,male,92,13
Philippe,Germany,Philippe,male,100,241
John,USA,John,male,100,65535
Xingyu,China,Xingyu,male,85,26
Haijun,China,Haijun,male,97,31
Shao,Singapore,Shao,male,100,10
Rhett,Germany,Rhett,male,100,6
Martin,France,Martin,male,90,5965
Makoto,Japan,Makoto,male,97,995
Elias,Netherlands,Elias,male,98,93
Michael,USA,Michael,male,100,65535
Jiannian,China,Jiannian,male,75,4
Bun,Korea,Bun,male,84,326
Aphrodite,Germany,Aphrodite,female,100,13
Tautgirdas,Sweden,,,,
Jeffrey,USA,Jeffrey,male,100,10439
Manos,USA,Manos,male,78,18
Chun-Chen,Taiwan,Chen,male,65,1447
Daoben,China,,,,
Xian-jun,China,Jun,male,83,1190
Marcella,Italy,Marcella,female,98,2037
Mathias,Germany,Mathias,male,98,2842
Jörg,UK,Jörg,male,99,6663
Bernhard,Germany,Bernhard,male,98,3134
Bruce,USA,Bruce,male,100,6899
Chen-Feng,China,Feng,male,82,850
Neil,UK,Neil,male,99,16868
Félix,Spain,Félix,male,99,672
Ting-Shen,Taiwan,Ting,female,78,290
Henry,USA,Henry,male,99,5094
Véronique,UK,Véronique,female,98,8797
Kuo-Chuan,ROC,Kuo-Chuan,male,78,653
Chad,USA,Chad,male,100,9565
T,USA,,,,
John,USA,John,male,100,65535
Karl,Germany,Karl,male,96,3903
Walter,Germany,Walter,male,81,2941
Paul,USA,Paul,male,100,28746
Wonwoo,Korea,Wonwoo,male,100,27
Amir,USA,Amir,male,99,1015
Seimei,Japan,Seimei,male,75,4
Elke,Germany,Elke,female,99,3403
Yitzhak,USA,Yitzhak,male,100,8
Minoru,Japan,Minoru,male,99,320
Thomas,Germany,Thomas,male,99,27141
Frank,Germany,Frank,male,98,16573
Horst,Germany,Horst,male,98,3472
Shin-Ichi,Japan,Shin-Ichi,male,100,22
Fabrizio,Italy,Fabrizio,male,99,18218
Yingfu,Canada,Yingfu,male,60,5
Alice,USA,Alice,female,99,3283
Frédéric,France,Frédéric,male,98,8946
Ulrich,Germany,Ulrich,male,99,1577
Jie,Singapore,Jie,male,57,37
Seunghoon,Korea,Seunghoon,male,100,60
Daniel,UK,Daniel,male,99,257742
Susan,UK,Susan,female,98,34211
Max,France,Max,male,98,12784
Xiaoming,China,Xiaoming,male,84,105
Marina,Croatia,Marina,female,98,610
Eugene,USA,Eugene,male,99,2015
Oliver,Germany,Oliver,male,99,7903
Leone,Australia,Leone,female,71,7
Jean'ne,USA,Jeanne,female,99,1930
Hisashi,Japan,Hisashi,male,100,164
Michael,Australia,Michael,male,100,3838
Edward,USA,Edward,male,100,7932
Chao-Jun,Canada,Jun,male,88,43
Leroy,UK,Leroy,male,98,8423
Francisco,Spain,Francisco,male,99,27756
Andreas,Germany,Andreas,male,99,21215
Matthias,Germany,Matthias,male,100,9451
Andrei,Canada,Andrei,male,100,71
Konrad,Germany,Konrad,male,99,692
Frank,Germany,Frank,male,98,16573
Karl,Switzerland,Karl,male,100,230
Yuri,Germany,Yuri,male,87,70
Gregory,USA,Gregory,male,100,6184
Martin,UK,Martin,male,98,139211
William,USA,William,male,100,24483
Zuowei,China,Zuowei,male,75,4
Joseph,USA,Joseph,male,100,21534
Jean-Claude,France,Jean-Claude,male,99,4704
Matthieu,France,Matthieu,male,99,10629
Mikio,Japan,Mikio,male,100,103
Shunichi,Japan,Shunichi,male,100,63
Joseph,UK,Joseph,male,99,63161
Heinz-Bernhard,Canada,Bernhard,male,100,10
Alexander,Germany,Alexander,male,98,11884
Floris,Netherlands,Floris,male,99,505
Matthias,Germany,Matthias,male,100,9451
Hans,Germany,Hans,male,97,10718
Hirokazu,Japan,Hirokazu,male,100,209
Shū,Japan,,,,
Jane,UK,Jane,female,97,30423
Giuseppe,Italy,Giuseppe,male,100,65535
Stephen,USA,Stephen,male,100,16681
Roland,France,Roland,male,98,4241
Martin,USA,Martin,male,100,5868
Masahiro,Japan,Masahiro,male,100,703
Paul,Germany,Paul,male,99,5117
Ulrich,Germany,Ulrich,male,99,1577
Elena,Russia,Elena,female,98,9358
Pierre,France,Pierre,male,98,41192
José,Spain,José,male,99,8211
Ilan,Israel,Ilan,male,99,329
David,France,David,male,98,65535
Kamal,Germany,Kamal,male,98,295
Hans-Dieter,Switzerland,Dieter,male,99,162
Boris,Germany,Boris,male,100,1099
Shunichi,Japan,Shunichi,male,100,63
Douglas,Canada,Douglas,male,100,411
Roland,Germany,Roland,male,99,3490
Michael,Germany,Michael,male,100,30913
Chen,China,Chen,male,61,2046
René,Germany,René,male,99,2921
David,USA,David,male,100,65535
Gérard,France,Gérard,male,98,4766
Gianfranco,Italy,Gianfranco,male,99,5741
Adriana,Spain,Adriana,female,98,4341
Armen,USA,Armen,male,98,120
Masakatsu,Japan,Masakatsu,male,97,29
Chi-Ming,China,Ming,male,83,826
Heinz-Bernhard,Canada,Bernhard,male,100,10
Jean-Marc,France,Jean-Marc,male,99,4482
Ang,USA,Ang,female,77,164
Carlos,Spain,Carlos,male,99,64701
Ka-Wai,China,Wai,male,82,34
Wolfgang,Ireland,Wolfgang,male,100,4
Brian,USA,Brian,male,100,40133
Julia,USA,Julia,female,99,7475
Shuji,Japan,Shuji,male,100,133
Philip,Fax:,Philip,male,99,21773
Robert,UK,Robert,male,99,145540
Francisco,USA,Francisco,male,100,2954
Stefano,Italy,Stefano,male,99,51491
Takeshi,Japan,Takeshi,male,100,1025
Giancarlo,Italy,Giancarlo,male,99,6836
Thierry,"Czech Republic",Thierry,male,100,9
Claire,UK,Claire,female,98,32304
Michel,USA,Michel,male,83,715
Atsuhiro,Japan,Atsuhiro,male,100,17
José,Spain,José,male,99,8211
Markus,Germany,Markus,male,99,15230
Chengzhong,China,,,,
Itamar,Israel,Itamar,male,99,133
Timothy,Germany,Timothy,male,99,164
Carsten,USA,Carsten,male,98,57
Akio,Japan,Akio,male,99,211
Shigeru,Japan,Shigeru,male,100,190
Scott,USA,Scott,male,100,30644
George,USA,George,male,100,12253
Roland,Germany,Roland,male,99,3490
Hiroshi,Japan,Hiroshi,male,99,1448
Walter,Germany,Walter,male,81,2941
Wenhao,China,Wenhao,male,98,40
Hayato,Japan,Hayato,male,99,313
Jean-Christophe,France,Jean-Christophe,male,99,1777
Osamu,Japan,Osamu,male,99,342
John,USA,John,male,100,65535
Hiroyuki,Japan,Hiroyuki,male,100,955
Ming,USA,Ming,male,73,237
Simon,USA,Simon,male,99,2413
George,USA,George,male,100,12253
Alexander,USA,Alexander,male,100,6939
Noritaka,Japan,Noritaka,male,100,34
Colin,Australia,Colin,male,100,480
Albert,Netherlands,Albert,male,99,1439
Richmond,USA,Richmond,male,92,88
Jürgen,Germany,Jürgen,male,99,7863
Kyoko,Japan,Kyoko,female,97,225
Paul,Netherlands,Paul,male,99,4724
Agustín,Spain,Agustín,male,99,523
Nicolai,Switzerland,Nicolai,male,94,31
Carsten,Germany,Carsten,male,100,4032
Akira,Japan,Akira,male,97,1276
Kenichi,USA,Kenichi,male,100,22
Makoto,Japan,Makoto,male,97,995
Jonathan,UK,Jonathan,male,99,84386
Antoni,Spain,Antoni,male,99,1320
Gilles,Japan,Gilles,male,100,5
Brian,USA,Brian,male,100,40133
Oliver,Germany,Oliver,male,99,7903
Anthony,Japan,Anthony,male,99,145
Rhett,Germany,Rhett,male,100,6
Fumiki,Japan,Fumiki,male,86,7
Peter,USA,Peter,male,100,15502
Jin-Quan,USA,Quan,male,93,216
M,USA,,,,
Stefan,Germany,Stefan,male,97,20127
Markus,Austria,Markus,male,99,3499
Alexandra,UK,Alexandra,female,98,53680
David,USA,David,male,100,65535
Mark,USA,Mark,male,100,47989
Won,"Republic of Korea",Won,male,86,538
Dan,China,Dan,female,56,578
Markus,Germany,Markus,male,99,15230
Hans-Dieter,Germany,Hans-Dieter,male,99,132
D,Canada,,,,
José,Spain,José,male,99,8211
Fuk,"Hong Kong",Fuk,male,75,4
Elias,Netherlands,Elias,male,98,93
Nico,Germany,Nico,male,98,5061
Padmanabhan,India,Padmanabhan,male,100,180
Richmond,USA,Richmond,male,92,88
Peidong,USA,Peidong,male,100,7
Karl,Germany,Karl,male,96,3903
Kornelius,Germany,Kornelius,male,100,18
Tsunehiko,Japan,Tsunehiko,male,75,4
Kenji,Japan,Kenji,male,99,1017
Martin,Germany,Martin,male,99,14619
Steven,Russia,Steven,male,97,64
N,Israel,,,,
Myongsoo,Korea,Myongsoo,male,75,4
Jeremy,UK,Jeremy,male,99,45294
Luca,UK,Luca,male,98,88492
Laurence,UK,Laurence,female,90,21237
Kelly,Switzerland,Kelly,female,90,194
Peter,Germany,Peter,male,99,21321
Ori,Israel,Ori,male,95,259
Jean-Pierre,France,Jean-Pierre,male,99,6423
Benjamin,Switzerland,Benjamin,male,99,552
José,Spain,José,male,99,8211
Hideko,Japan,Hideko,female,100,20
John,USA,John,male,100,65535
Duncan,UK,Duncan,male,99,6587
Jean'ne,USA,Jeanne,female,99,1930
Aiwen,China,Aiwen,male,60,10
Zhishan,China,Zhishan,male,67,3
Jinwoo,Korea,Jinwoo,male,99,293
Wolfgang,Germany,Wolfgang,male,99,7880
Clemens,Germany,Clemens,male,99,563
Yoshinao,Japan,Yoshinao,male,100,9
Ian,UK,Ian,male,99,34076
Anja,France,Anja,female,96,76
Jonathan,UK,Jonathan,male,99,84386
Wenbin,USA,Wenbin,unknown,50,6
Lars,Denmark,Lars,male,100,1927
Gerald,Germany,Gerald,male,99,697
Sjoerd,Germany,Sjoerd,male,100,5
Jeffrey,USA,Jeffrey,male,100,10439
Angel,Spain,Angel,male,100,27062
Chao-Jun,USA,Chao,male,91,112
Thorsten,Germany,Thorsten,male,99,4876
Thomas,USA,Thomas,male,100,20215
Chi-Huey,Taiwan,Chi,female,59,215
Stefan,Germany,Stefan,male,97,20127
Martin,Germany,Martin,male,99,14619
Warren,Canada,Warren,male,100,268
Horst,Switzerland,Horst,male,100,31
Michel,Switzerland,Michel,male,98,1671
Gonen,Israel,Gonen,male,100,7
Tobias,USA,Tobias,male,100,2610
Ayyappanpillai,India,,,,
Julius,USA,Julius,male,100,7130
Koichiro,Japan,Koichiro,male,100,122
Thomas,Germany,Thomas,male,99,27141
Herman,USA,Herman,male,100,3334
Geoffrey,USA,Geoffrey,male,100,1478
Herbert,Germany,Herbert,male,98,1663
Yongkang,China,Yongkang,male,100,13
John,USA,John,male,100,65535
Jack,USA,Jack,male,99,10764
Christian,Germany,Christian,male,100,86
Kevin,France,Kevin,male,99,33611
Shengming,China,Shengming,male,100,4
J,Germany,,,,
Joanna,USA,Joanna,female,98,2930
James,"South Korea",James,male,99,849
Krzysztof,Germany,Krzysztof,male,99,464
Philip,Germany,Philip,male,100,1265
Colin,USA,Colin,male,100,3986
Alberto,Italy,Alberto,male,99,23379
Susumi,Japan,Susumi,female,75,4
Fabian,Germany,Fabian,male,99,4595
Asuka,Japan,Asuka,female,79,154
Thomas,Germany,Thomas,male,99,27141
Bart,USA,Bart,male,100,842
Johann,Austria,Johann,male,98,732
Bernhard,Finland,Bernhard,male,75,4
Zhaomin,Japan,Zhaomin,female,67,6
Michael,USA,Michael,male,100,65535
Wolf-D,Switzerland,Wolf-D,male,95,3011
Erick,Switzerland,Erick,male,100,42
Hisashi,Japan,Hisashi,male,100,164
Kimoon,"Republic of Korea",Kimoon,male,100,8
John,USA,John,male,100,65535
Andrey,Germany,Andrey,male,99,179
Ren,China,Ren,male,62,182
Igor,Germany,Igor,male,99,768
Robbert,Canada,Robbert,male,100,5
Michel,France,Michel,male,97,38124
Masaya,Japan,Masaya,male,100,274
Kurt,Denmark,Kurt,male,98,394
Andrew,UK,Andrew,male,99,82448
David,UK,David,male,99,381770
Ken,Japan,Ken,male,99,1450
Tom,Germany,Tom,male,99,7237
Gregor,Germany,Gregor,male,100,1108
Leroy,UK,Leroy,male,98,8423
Bo,Sweden,Bo,male,99,529
Jonathan,USA,Jonathan,male,100,21578
Quanxi,USA,Quanxi,male,100,3
Ayyappanpillai,India,,,,
Yadong,USA,Yadong,male,88,26
Tom,Germany,Tom,male,99,7237
Jinwoo,Korea,Jinwoo,male,99,293
Shigehiro,Japan,Shigehiro,male,100,19
Jingsong,China,Jingsong,male,80,5
William,USA,William,male,100,24483
Krzysztof,Germany,Krzysztof,male,99,464
Chen,China,Chen,male,61,2046
Muhammad,USA,Muhammad,male,100,5396
John,Canada,John,male,100,4453
Lijian,China,Lijian,male,100,18
Yasuhiro,Japan,Yasuhiro,male,100,425
Eluvathingal,India,,,,
Kenneth,USA,Kenneth,male,100,7907
Christian,Germany,Christian,male,100,86
Shunichi,Japan,Shunichi,male,100,63
Choon-Hong,Singapore,Choon,male,95,20
Bert,Netherlands,Bert,male,98,3144
Kazuo,Japan,Kazuo,male,99,306
Michel,France,Michel,male,97,38124
Klaus,France,Klaus,male,97,91
Guangzhi,China,Guangzhi,male,86,7
José,Spain,José,male,99,8211
Milko,Israel,Milko,male,98,366
Bernhard,Germany,Bernhard,male,98,3134
Kingsuk,Germany,Kingsuk,male,100,17
Markus,Portugal,Markus,male,100,19
Bruce,Canada,Bruce,male,100,699
Takeaki,Japan,Takeaki,male,100,23
Hironao,Japan,Hironao,male,100,16
Stefan,UK,Stefan,male,98,50890
Rajesh,USA,Rajesh,male,100,521
Xianhui,USA,Xianhui,unknown,50,2
Liming,USA,Liming,male,69,13
Guosheng,China,Guosheng,male,100,3
Peidong,USA,Peidong,male,100,7
William,UK,William,male,99,67797
Alberto,Italy,Alberto,male,99,23379
David,UK,David,male,99,381770
Frank,Germany,Frank,male,98,16573
Hiroyuki,Japan,Hiroyuki,male,100,955
Guy,USA,Guy,male,99,1664
Sangyong,"South Korea",Sangyong,male,96,28
Atsuhiro,Japan,Atsuhiro,male,100,17
Jean-François,Germany,Jean-François,male,100,9
Yasuhiro,Japan,Yasuhiro,male,100,425
Xue-Ping,Australia,Ping,female,63,8
Tetsuro,Japan,Tetsuro,male,100,83
Lan-Sun,China,Lan,female,82,345
Beat,Switzerland,Beat,male,100,68
Daesung,USA,Daesung,male,87,47
Kazuyuki,Japan,Kazuyuki,male,100,202
Takuzo,Japan,Takuzo,male,100,3
Werner,Jordan,Werner,male,99,7865
Daniel,France,Daniel,male,98,21161
Christian,France,Christian,male,100,48300
Lan-Sun,China,Lan,female,82,345
Mitsuo,Japan,Mitsuo,male,98,131
Bengt,Sweden,Bengt,male,98,1180
Jon,USA,Jon,male,100,12707
Hiroshi,USA,Hiroshi,male,100,56
Renato,Switzerland,Renato,male,98,384
Gadi,Netherlands,Gadi,unknown,50,2
Fritz,Italy,Fritz,male,100,63
René,Switzerland,René,male,99,817
Michael,UK,Michael,male,99,211741
Christoph,Japan,Christoph,male,100,6
Tsutomu,Japan,Tsutomu,male,100,209
Elena,Spain,Elena,female,98,17829
Judith,Germany,Judith,female,97,1040
Beat,Switzerland,Beat,male,100,68
David,UK,David,male,99,381770
Arne,Germany,Arne,male,99,874
Bong,Korea,Bong,male,86,832
Christian,USA,Christian,male,100,48214
Don,USA,Don,male,100,8766
Keiji,Japan,Keiji,male,100,185
Omar,USA,Omar,male,99,3202
Hao,USA,Hao,male,91,219
Michael,USA,Michael,male,100,65535
Guy,USA,Guy,male,99,1664
Neil,UK,Neil,male,99,16868
Kazunori,Japan,Kazunori,male,100,192
Jin-Quan,USA,Quan,male,93,216
Tomiki,Japan,,,,
Bernd,France,Bernd,male,96,25
Rudi,Germany,Rudi,male,98,1195
Markus,Germany,Markus,male,99,15230
Günter,Germany,Günter,male,99,1803
Wilfred,USA,Wilfred,male,99,133
Benjamin,Germany,Benjamin,male,100,5256
Naota,Japan,Naota,male,100,5
John,USA,John,male,100,65535
Gregor,Germany,Gregor,male,100,1108
Neil,Canada,Neil,male,99,601
Takashi,Japan,Takashi,male,99,1549
Michael,USA,Michael,male,100,65535
Christian,USA,Christian,male,100,48214
Matthias,,Matthias,male,100,17148
Chang-Hee,USA,Chang,male,66,132
Andrew,UK,Andrew,male,99,82448
Tom,USA,Tom,male,100,19527
Ralph,USA,Ralph,male,99,2651
Stephan,Germany,Stephan,male,98,6568
Harald,Germany,Harald,male,99,2992
Carolyn,USA,Carolyn,female,99,5417
Rai-Shung,Taiwan,Shung,male,100,6
Andrei,China,Andrei,male,100,12
Lequn,China,Lequn,male,75,4
Carsten,Germany,Carsten,male,100,4032
Satoshi,Japan,Satoshi,male,100,1038
Harry,UK,Harry,male,98,24473
Marisa,USA,Marisa,female,99,1585
Thorsten,Germany,Thorsten,male,99,4876
Steven,UK,Steven,male,99,59951
Marc,USA,Marc,male,100,6334
Louis,Germany,Louis,male,94,431
Robert,USA,Robert,male,100,43118
Ian,UK,Ian,male,99,34076
Bert,Netherlands,Bert,male,98,3144
Steven,Netherlands,Steven,male,100,1268
Daniel,USA,Daniel,male,100,35866
Juan,Spain,Juan,male,100,65535
Cameron,UK,Cameron,male,93,9233
Nobuharu,Japan,Nobuharu,male,100,10
Atsuhiro,Japan,Atsuhiro,male,100,17
William,USA,William,male,100,24483
Matthias,Germany,Matthias,male,100,9451
Dirk,Germany,Dirk,male,99,8318
Chien-Hong,Taiwan,Chien-Hong,male,100,4
Yoshinori,Japan,Yoshinori,male,100,243
Stefan,Germany,Stefan,male,97,20127
A,Northern,,,,
Jens,Denmark,Jens,male,99,1188
Naoto,Japan,Naoto,male,99,340
Antonio,Switzerland,Antonio,male,99,1918
Peter,USA,Peter,male,100,15502
Fabian,Germany,Fabian,male,99,4595
Jean-Louis,France,Jean-Louis,male,99,2800
Young,Korea,Young,male,100,51
Gil,Israel,Gil,male,95,335
Josef,Canada,Josef,male,100,32
Ulrich,Switzerland,Ulrich,male,97,112
Nobuharu,Japan,Nobuharu,male,100,10
John,Canada,John,male,100,4453
Ayyappanpillai,Japan,,,,
David,Canada,David,male,100,5841
Rainer,Germany,Rainer,male,99,4309
Leroy,UK,Leroy,male,98,8423
Stephen,USA,Stephen,male,100,16681
Makoto,Japan,Makoto,male,97,995
Ning,China,Ning,male,61,378
Ian,USA,Ian,male,100,8095
Jianjun,USA,Jianjun,male,100,7
Jin-Quan,USA,Quan,male,93,216
Liang,China,Liang,male,82,742
Hubert,Switzerland,Hubert,male,96,97
Steffen,Germany,Steffen,male,99,5356
Amarjit,India,Amarjit,male,94,254
Jens,Denmark,Jens,male,99,1188
Peter,Germany,Peter,male,99,21321
Stefan,Germany,Stefan,male,97,20127
Alan,USA,Alan,male,100,8296
Jose,Spain,Jose,male,100,65535
Iris,Germany,Iris,female,98,1856
Myongsoo,Korea,Myongsoo,male,75,4
Pedro,Spain,Pedro,male,98,41613
Mark,Israel,Mark,male,100,48064
Wolfgang,Germany,Wolfgang,male,99,7880
Osvaldo,Italy,Osvaldo,male,99,852
Lutz,Germany,Lutz,male,99,1566
Karl,Denmark,Karl,male,99,84
X,Singapore,,,,
Roland,Germany,Roland,male,99,3490
Erick,Switzerland,Erick,male,100,42
Eleonora,Italy,Eleonora,female,99,9254
Chi-Ming,China,Ming,male,83,826
Sukhendu,India,Sukhendu,male,100,91
Myongsoo,Korea,Myongsoo,male,75,4
Carlos,USA,Carlos,male,100,10179
Peter,UK,Peter,male,99,146529
Hui-Ming,China,Ming,male,83,826
Rolf,Germany,Rolf,male,99,3089
Shengming,China,Shengming,male,100,4
Yong,China,Yong,male,95,502
Ali,USA,Ali,male,62,4661
Thomas,Germany,Thomas,male,99,27141
Alexander,USA,Alexander,male,100,6939
Chung-Chih,Taiwan,Chih,male,84,64
Koop,Netherlands,Koop,male,100,13
Enrico,Italy,Enrico,male,99,16401
Lutz,Germany,Lutz,male,99,1566
Frank,USA,Frank,male,100,11178
Erick,Switzerland,Erick,male,100,42
Martin,Germany,Martin,male,99,14619
Hans-Georg,Germany,Hans-Georg,male,100,101
Hiroyuki,Japan,Hiroyuki,male,100,955
Paul,UK,Paul,male,99,140849
Matthias,Germany,Matthias,male,100,9451
Viresh,USA,Viresh,male,100,10
Erick,Switzerland,Erick,male,100,42
Dietmar,Germany,Dietmar,male,99,1199
Eva,France,Eva,female,94,5211
Valentin,Russia,Valentin,male,99,473
P,Canada,,,,
G,Germany,,,,
Andrew,UK,Andrew,male,99,82448
Yitzhak,Israel,Yitzhak,male,100,22
Teiji,Japan,Teiji,male,100,8
Ernesto,Spain,Ernesto,male,99,2640
Francesco,UK,Francesco,male,99,74458
Piero,Italy,Piero,male,99,10657
Seth,USA,Seth,male,100,5151
Erick,Switzerland,Erick,male,100,42
Kimoon,"Republic of Korea",Kimoon,male,100,8
Sheng-Hsien,ROC,Sheng-Hsien,male,74,687
Yoshinori,China,Yoshinori,male,100,262
Leroy,UK,Leroy,male,98,8423
Qi-Lin,China,Qi,male,73,234
Chi-Huey,USA,Huey,male,98,63
Trolle,Denmark,Trolle,male,75,4
Leroy,UK,Leroy,male,98,8423
Ian,USA,Ian,male,100,8095
Ian,UK,Ian,male,99,34076
James,USA,James,male,100,47200
Benjamin,Germany,Benjamin,male,100,5256
Ivan,France,Ivan,male,97,1422
Herbert,Germany,Herbert,male,98,1663
Pierluigi,Italy,Pierluigi,male,99,2782
Seiji,Japan,Seiji,male,99,298
Oren,UK,Oren,male,96,678
Jiyong,Korea,Jiyong,male,86,85
Mikiko,Japan,Mikiko,female,98,48
Hayato,Japan,Hayato,male,99,313
David,Canada,David,male,100,5841
F,Germany,,,,
Eric,France,Eric,male,99,42701
Luca,Italy,Luca,male,100,65535
Nicolas,France,Nicolas,male,99,55561
Avelino,Spain,Avelino,male,96,221
Yong-Yao,China,Yong,male,95,502
Andrei,Canada,Andrei,male,100,71
Sudeep,USA,Sudeep,male,100,54
Xavier,France,Xavier,male,99,14211
Hong-Cai,USA,Hong,female,53,198
Gérard,Korea,Gérard,male,98,5971
Itamar,Israel,Itamar,male,99,133
Maurice,USA,Maurice,male,99,1635
Brent,USA,Brent,male,100,5285
Lynne,China,Lynne,female,100,21
David,USA,David,male,100,65535
John,UK,John,male,99,219085
Jing-Shun,China,Jing,female,78,1267
Gregory,Canada,Gregory,male,100,319
Luis,USA,Luis,male,100,8179
Alessandro,Belgium,Alessandro,male,98,331
Vivian,China,Vivian,female,98,1098
Christof,Germany,Christof,male,99,501
Herbert,Germany,Herbert,male,98,1663
Lee,USA,Lee,male,83,7014
Paul,USA,Paul,male,100,28746
Martien,Netherlands,Martien,male,94,351
Motoo,Japan,Motoo,male,100,11
Pablo,Spain,Pablo,male,99,25211
Jörg,Germany,Jörg,male,99,6145
Joachim,Germany,Joachim,male,99,2809
Richard,France,Richard,male,97,9605
Wei,USA,Wei,male,75,391
Lorenz,Germany,Lorenz,male,98,257
Norie,Japan,Norie,female,100,14
Zhenzhong,China,Zhenzhong,male,83,6
Alessandro,Italy,Alessandro,male,100,65535
Takahiko,Japan,Takahiko,male,100,55
Henning,USA,Henning,male,95,38
Bernhard,Germany,Bernhard,male,98,3134
Masahiro,Japan,Masahiro,male,100,703
Kendall,USA,Kendall,female,57,1725
Ralf,Germany,Ralf,male,99,7883
Kwok-Yin,China,Kwok,female,53,17
Johannes,Netherlands,Johannes,male,98,450
Tseng-Ming,Singapore,Ming,male,88,81
T,India,,,,
Ehud,Israel,Ehud,male,100,49
Christopher,USA,Christopher,male,100,26017
Eun,Korea,Eun,female,69,381
Maurizio,Italy,Maurizio,male,99,22992
Paul,Switzerland,Paul,male,98,968
David,UK,David,male,99,381770
Michael,Germany,Michael,male,100,30913
Christian,Germany,Christian,male,100,86
Richard,Switzerland,Richard,male,99,476
Takeji,Japan,Takeji,male,75,4
Matthias,Germany,Matthias,male,100,9451
Bradley,USA,Bradley,male,99,3685
Andreas,Germany,Andreas,male,99,21215
Tapani,Finland,Tapani,male,100,204
Hideki,Japan,Hideki,male,100,517
Paul,UK,Paul,male,99,140849
Michael,Germany,Michael,male,100,30913
Susumu,Japan,Susumu,male,98,154
Jieping,France,Jieping,female,67,3
David,USA,David,male,100,65535
Glenn,USA,Glenn,male,99,3709
Varinder,UK,Varinder,male,94,496
Dayang,Germany,Dayang,female,93,182
Geoffrey,USA,Geoffrey,male,100,1478
Yoshiaki,Japan,Yoshiaki,male,99,286
Francesc,France,Francesc,male,100,10
Itamar,Israel,Itamar,male,99,133
Teresa,Germany,Teresa,female,97,539
Chi-Ming,China,Ming,male,83,826
Ludovic,France,Ludovic,male,98,16991
Tero,Finland,Tero,male,100,703
Herbert,Germany,Herbert,male,98,1663
Hayato,Japan,Hayato,male,99,313
Matthew,USA,Matthew,male,100,30646
Michael,China,Michael,male,99,1989
F,USA,,,,
Ting,USA,Ting,female,70,105
Alexander,Germany,Alexander,male,98,11884
Ryan,USA,Ryan,male,99,35179
Geoffrey,Canada,Geoffrey,male,100,162
Y,USA,,,,
Shouheng,USA,Shouheng,male,75,4
Bernd,Switzerland,Bernd,male,100,77
Stephen,USA,Stephen,male,100,16681
Daniel,USA,Daniel,male,100,35866
Michael,USA,Michael,male,100,65535
Ulrich,Germany,Ulrich,male,99,1577
Mareike,Germany,Mareike,female,98,959
George,Germany,George,male,97,1386
Gábor,Switzerland,Gábor,male,100,15
Jin-Shun,China,Shun,male,78,36
Yasuyuki,Japan,Yasuyuki,male,100,153
Martin,Germany,Martin,male,99,14619
Robert,USA,Robert,male,100,43118
Christian,Germany,Christian,male,100,86
Ruikang,China,Ruikang,male,75,4
Bernhard,Institute,Bernhard,male,98,4878
Samuel,USA,Samuel,male,100,6468
Takahiro,Japan,Takahiro,male,99,846
Christoph,Germany,Christoph,male,100,5773
Roland,Germany,Roland,male,99,3490
Susumu,Japan,Susumu,male,98,154
Jiye,USA,Jiye,female,67,3
Jan-E,Sweden,Jan,male,98,2344
Michael,Germany,Michael,male,100,30913
Peter,Germany,Peter,male,99,21321
Günter,Germany,Günter,male,99,1803
Thomas,Germany,Thomas,male,99,27141
Bert,Netherlands,Bert,male,98,3144
Yong,China,Yong,male,95,502
Benjamin,Germany,Benjamin,male,100,5256
Dawei,China,Dawei,male,99,91
Joan,Spain,Joan,male,98,8515
Stéphane,France,Stéphane,male,97,13244
Stephan,Germany,Stephan,male,98,6568
Susumu,Japan,Susumu,male,98,154
David,Israel,David,male,99,1241
Jean-Marie,France,Jean-Marie,male,99,2871
Klaus,Germany,Klaus,male,98,10045
Milan,USA,Milan,male,84,332
Sylvia,USA,Sylvia,female,99,2272
Leslie,USA,Leslie,female,92,6857
C,Austria,,,,
Cathleen,Canada,Cathleen,female,100,16
David,USA,David,male,100,65535
Martin,Germany,Martin,male,99,14619
Jean-Pierre,France,Jean-Pierre,male,99,6423
Mauricio,México,Mauricio,male,99,16888
Yue,Canada,Yue,female,68,22
Nicola,Portugal,Nicola,male,68,28
Barbara,Germany,Barbara,female,98,3709
Marc,France,Marc,male,98,27772
Kin-ichi,Japan,Ichi,male,92,60
Stefan,Switzerland,Stefan,male,99,2521
Makoto,Japan,Makoto,male,97,995
Sason,Korea,Sason,male,77,26
Frank,Japan,Frank,male,97,152
Dario,Switzerland,Dario,male,99,746
Yury,USA,Yury,male,85,87
Phil,USA,Phil,male,100,5283
Guo-Yu,China,Yu,male,73,664
Michele,Switzerland,Michele,male,79,485
Andreas,Switzerland,Andreas,male,99,1721
Andreas,Switzerland,Andreas,male,99,1721
Käthe,Germany,Käthe,female,96,76
Ullrich,Germany,Ullrich,male,95,82
Kimoon,"Republic of Korea",Kimoon,male,100,8
R,USA,,,,
Zhi,China,Zhi,male,80,154
Phil,USA,Phil,male,100,5283
Alexandra,UK,Alexandra,female,98,53680
Philipp,Germany,Philipp,male,99,5871
Horst,Germany,Horst,male,98,3472
Werner,Germany,Werner,male,99,4257
Craig,USA,Craig,male,100,9154
Wybren,Netherlands,Wybren,male,100,13
William,USA,William,male,100,24483
Ken,Japan,Ken,male,99,1450
Liu-Zhu,China,Zhu,male,61,457
Akiko,Japan,Akiko,female,99,391
Helmut,Germany,Helmut,male,98,3338
Olivier,France,Olivier,male,99,36743
Christopher,UK,Christopher,male,99,55041
Sheng,USA,Sheng,male,67,55
Eun,Korea,Eun,female,69,381
Madeleine,UK,Madeleine,female,99,10013
Masakatsu,Japan,Masakatsu,male,97,29
Jörg,Germany,Jörg,male,99,6145
Wolfgang,Germany,Wolfgang,male,99,7880
Maria,Italy,Maria,female,96,36074
Olga,Germany,Olga,female,97,1426
Matthew,USA,Matthew,male,100,30646
Gian,Italy,Gian,male,99,2622
Roderich,Germany,Roderich,male,100,19
Joost,Netherlands,Joost,male,99,1873
Aranzazu,Germany,Aranzazu,female,97,227
Hansjörg,Switzerland,Hansjörg,male,100,63
Christian,Germany,Christian,male,100,86
Achille,Italy,Achille,male,99,1057
Mei,USA,Mei,female,94,124
Cornelis,Netherlands,Cornelis,male,98,228
William,Canada,William,male,100,1293
Ivo,"Czech Republic",Ivo,male,98,2669
Matthias,Germany,Matthias,male,100,9451
Koen,USA,Koen,male,100,2706
Karl,Germany,Karl,male,96,3903
Steven,Belgium,Steven,male,99,2648
Michael,Germany,Michael,male,100,30913
Alexander,Switzerland,Alexander,male,100,502
Matthew,UK,Matthew,male,100,51412
Gerard,USA,Gerard,male,100,4721
Jean-Marie,UK,Jean-Marie,male,98,4712
Phil,USA,Phil,male,100,5283
Jaqueline,USA,Jaqueline,female,97,3318
James,USA,James,male,100,47200
Wolfgang,Austria,Wolfgang,male,99,1765
Klaus,Germany,Klaus,male,98,10045
Julia,UK,Julia,female,97,57688
Colin,USA,Colin,male,100,3986
Uli,Germany,Uli,male,83,1006
Marinella,France,Marinella,female,98,50
Arne,Germany,Arne,male,99,874
Robert,USA,Robert,male,100,43118
Samuel,USA,Samuel,male,100,6468
Roald,Italy,Roald,male,75,4
Chulhee,"South Korea",Chulhee,male,100,10
Hanadi,Canada,Hanadi,female,96,475
Felix,Germany,Felix,male,99,4905
Nuria,Germany,Nuria,female,96,24
Estíbaliz,Germany,Estíbaliz,female,99,83
Fred,Germany,Fred,male,98,1136
Maria,USA,Maria,female,98,14223
Xiaoying,China,Xiaoying,female,97,35
Fredrik,Sweden,Fredrik,male,99,6091
Thomas,Germany,Thomas,male,99,27141
Douglas,USA,Douglas,male,100,5371
Peter,UK,Peter,male,99,146529
Bernhard,Austria,Bernhard,male,99,1108
Johann,Austria,Johann,male,98,732
Kuiling,China,,,,
Euan,UK,Euan,male,99,469
Hiroshi,Japan,Hiroshi,male,99,1448
Dennis,Canada,Dennis,male,100,600
Jeremy,UK,Jeremy,male,99,45294
Martin,Switzerland,Martin,male,98,2426
Sukbok,"Republic of Korea",,,,
Carsten,Germany,Carsten,male,100,4032
Dawei,China,Dawei,male,99,91
Arkadi,Israel,Arkadi,male,100,20
J,UK,,,,
Qing,USA,Qing,unknown,50,62
Guy,USA,Guy,male,99,1664
Nicholas,UK,Nicholas,male,100,21206
Horst,Germany,Horst,male,98,3472
Thomas,Austria,Thomas,male,100,4185
E,UK,,,,
Gwydion,UK,Gwydion,male,100,14
Takashi,Japan,Takashi,male,99,1549
Peter,UK,Peter,male,99,146529
Tom,Belgium,Tom,male,99,3960
Brian,USA,Brian,male,100,40133
Christian,UK,Christian,male,100,48300
Christian,UK,Christian,male,100,48300
Dan,Sweden,Dan,male,99,930
David,UK,David,male,99,381770
Carolyn,USA,Carolyn,female,99,5417
Arjan,Spain,Arjan,male,100,10
Karsten,Germany,Karsten,male,99,2650
Andrew,UK,Andrew,male,99,82448
Kevin,Austria,Kevin,male,100,744
Keiko,Japan,Keiko,female,99,421
Cheol-Hee,Korea,Cheol-Hee,male,63,595
Zhaomin,Japan,Zhaomin,female,67,6
Stefan,Germany,Stefan,male,97,20127
Sandeep,India,Sandeep,male,99,21857
Jeremy,UK,Jeremy,male,99,45294
Ingrid,Germany,Ingrid,female,98,1261
Hisashi,USA,Hisashi,male,100,6
Gerhard,Germany,Gerhard,male,99,2024
Troels,Denmark,Troels,male,100,200
Lyle,USA,Lyle,male,100,3456
Nicholas,UK,Nicholas,male,100,21206
James,USA,James,male,100,47200
Nicolas,Canada,Nicolas,male,100,678
Amar,USA,Amar,male,97,271
Baohong,China,Baohong,male,80,5
Shankar,UK,Shankar,male,100,3938
Stephen,Canada,Stephen,male,100,1468
Limin,China,Limin,male,69,36
J,Australia,,,,
Anthony,UK,Anthony,male,99,85303
Stefan,Germany,Stefan,male,97,20127
Susan,USA,Susan,female,99,16157
Lan-Sun,China,Lan,female,82,345
Matthias,Germany,Matthias,male,100,9451
Hongyou,China,Hongyou,male,75,4
Takao,Japan,Takao,male,98,205
Cristina,Spain,Cristina,female,96,26181
Horst,Germany,Horst,male,98,3472
Liu-Zhu,China,Zhu,male,61,457
Man-Chung,China,Man,male,72,185
Vijayamohanan,India,Vijayamohanan,male,75,4
Tsutomu,Japan,Tsutomu,male,100,209
Imre,Hungary,Imre,male,99,3676
Wataru,Japan,Wataru,male,100,276
Hans-Achim,Germany,Achim,male,99,1756
Xue,China,Xue,female,74,300
Seon,Korea,Seon,male,75,172
John,France,John,male,98,12594
Richard,UK,Richard,male,99,97659
Paolo,Italy,Paolo,male,99,54131
Jun-ichi,Japan,Jun-Ichi,male,100,15
Wen-Jing,China,Jing,female,78,1267
Noritaka,Japan,Noritaka,male,100,34
Guozhong,USA,Guozhong,male,100,9
Paolo,France,Paolo,male,98,929
Sylvain,France,Sylvain,male,98,19696
Hisashi,USA,Hisashi,male,100,6
Jan,Netherlands,Jan,male,96,13276
Kevin,UK,Kevin,male,99,140160
Yasumichi,Japan,Yasumichi,male,100,11
Yu,USA,Yu,male,64,274
Siegfried,Germany,Siegfried,male,99,899
Keisuke,Japan,Keisuke,male,100,723
Geert-Jan,USA,Geert,male,100,14
Jeffrey,USA,Jeffrey,male,100,10439
Barbara,Germany,Barbara,female,98,3709
Jean-Marie,France,Jean-Marie,male,99,2871
Andreas,Germany,Andreas,male,99,21215
Holger,Germany,Holger,male,100,4362
Benjamin,UK,Benjamin,male,99,50718
Jean-Marie,France,Jean-Marie,male,99,2871
Milko,Israel,Milko,male,98,366
Peter,USA,Peter,male,100,15502
Parisa,Canada,Parisa,female,100,16
Guy,France,Guy,male,98,8515
Jan,Netherlands,Jan,male,96,13276
Bong,Korea,Bong,male,86,832
Andreas,Switzerland,Andreas,male,99,1721
Karl,USA,Karl,male,100,2609
Norbert,Germany,Norbert,male,99,3231
Jörg,Germany,Jörg,male,99,6145
George,USA,George,male,100,12253
Victor,Canada,Victor,male,100,562
Young,Korea,Young,male,100,51
Qiang,Japan,Qiang,male,100,4
Lutz,Switzerland,Lutz,male,85,26
Markus,USA,Markus,male,100,4802
Martin,Germany,Martin,male,99,14619
Wilhelm,"United Kingdom",Wilhelm,male,100,11
Hayato,Japan,Hayato,male,99,313
Aiwen,China,Aiwen,male,60,10
Matthias,Germany,Matthias,male,100,9451
Mark,Canada,Mark,male,100,48064
Corinne,France,Corinne,female,98,15089
Tadhg,USA,Tadhg,male,91,11
Christopher,USA,Christopher,male,100,26017
Michal,"Czech Republic",Michal,male,98,27227
Sang,"Republic of Korea",Sang,male,88,2448
John,USA,John,male,100,65535
Makoto,Japan,Makoto,male,97,995
Christophe,France,Christophe,male,97,51368
Christof,Germany,Christof,male,99,501
Takuzo,Japan,Takuzo,male,100,3
Sjoerd,Germany,Sjoerd,male,100,5
Ryan,USA,Ryan,male,99,35179
Herbert,Germany,Herbert,male,98,1663
Shun-Ichi,Japan,Shun,male,99,555
Kazuhiro,Japan,Kazuhiro,male,100,388
Sandeep,India,Sandeep,male,99,21857
Tomás,Spain,Tomás,male,99,887
Makoto,Japan,Makoto,male,97,995
Hans-Heinrich,France,Hans,male,97,464
Moonhyun,Korea,Moonhyun,male,67,3
Thomas,Netherlands,Thomas,male,99,2042
David,USA,David,male,100,65535
Yasujiro,Japan,Yasujiro,male,75,4
Bruno,Italy,Bruno,male,99,8502
Christophe,France,Christophe,male,97,51368
José,Spain,José,male,99,8211
You,Bucheon-si,You,male,83,3198
Michael,Germany,Michael,male,100,30913
Gregory,USA,Gregory,male,100,6184
Won-jin,USA,Won,male,88,59
Robert,USA,Robert,male,100,43118
John,USA,John,male,100,65535
Timothy,USA,Timothy,male,100,9427
M,Spain,,,,
Oliver,Germany,Oliver,male,99,7903
Tanweer,Ireland,Tanweer,male,95,290
David,Spain,David,male,100,65535
Robert,Canada,Robert,male,100,3137
Clemens,Germany,Clemens,male,99,563
Helge,UK,Helge,female,54,2126
Lawrence,Japan,Lawrence,male,100,19
Y,USA,,,,
Christian,Germany,Christian,male,100,86
Athanassios,Germany,Athanassios,male,100,11
Bruce,USA,Bruce,male,100,6899
Mark,Australia,Mark,male,100,48064
Josef,Germany,Josef,male,99,1788
Junliang,China,Junliang,male,100,8
Antonio,Spain,Antonio,male,99,60132
Patrik,Germany,Patrik,male,99,588
Luis,Germany,Luis,male,85,1139
Lawrence,USA,Lawrence,male,99,2880
Uwe,USA,Uwe,male,98,45
Stephen,USA,Stephen,male,100,16681
Richard,UK,Richard,male,99,97659
Chad,USA,Chad,male,100,9565
Daniel,Spain,Daniel,male,99,25559
Helma,Switzerland,Helma,female,75,4
Helmut,Germany,Helmut,male,98,3338
Thomas,Germany,Thomas,male,99,27141
Mohammad,Germany,Mohammad,male,99,452
Chan,USA,Chan,male,66,221
François,Switzerland,François,male,99,355
Kazuyuki,Japan,Kazuyuki,male,100,202
Peter,Sweden,Peter,male,99,6779
Marco,Netherlands,Marco,male,99,4297
Zhang-Jie,China,Jie,male,63,867
Toru,Japan,Toru,male,100,450
Paramjit,USA,Paramjit,male,88,17
Takuzo,Japan,Takuzo,male,100,3
Eric,USA,Eric,male,100,31662
Enric,Italy,Enric,male,95,22
Michael,Switzerland,Michael,male,99,3003
Eun,Korea,Eun,female,69,381
Hua,China,Hua,female,54,497
Matthew,USA,Matthew,male,100,30646
Yun-Dong,China,Dong,male,79,528
Klaus,Germany,Klaus,male,98,10045
Scott,USA,Scott,male,100,30644
Kay,Switzerland,Kay,male,89,130
Morten,Denmark,Morten,male,100,1806
Dan,China,Dan,female,56,578
Can,China,Can,male,71,107
M,USA,,,,
Martin,UK,Martin,male,98,139211
Ferdinand,Germany,Ferdinand,male,99,246
Dieter,Germany,Dieter,male,98,5789
Klaus,"Czech Republic",Klaus,male,92,25
Masahiro,Japan,Masahiro,male,100,703
Takeshi,Japan,Takeshi,male,100,1025
Joachim,Germany,Joachim,male,99,2809
Itamar,Israel,Itamar,male,99,133
Lee,UK,Lee,male,82,37625
Victor,USA,Victor,male,100,6752
Yefeng,USA,Yefeng,male,75,4
Jay,Switzerland,Jay,male,84,283
Igor,Russia,Igor,male,100,4182
Dirk,Belgium,Dirk,male,99,3034
Nigel,UK,Nigel,male,99,9908
Hiroaki,Japan,Hiroaki,male,100,501
Tobin,USA,Tobin,male,94,136
Thomas,Germany,Thomas,male,99,27141
Zhen,USA,Zhen,male,76,62
Manfred,Germany,Manfred,male,99,5121
Uwe,Germany,Uwe,male,99,7562
Takafumi,Japan,Takafumi,male,100,194
Nicola,USA,Nicola,female,68,487
Klaus,Germany,Klaus,male,98,10045
Serge,Canada,Serge,male,100,583
Shao,Singapore,Shao,male,100,10
Paul,Germany,Paul,male,99,5117
Takashi,Japan,Takashi,male,99,1549
Samir,France,Samir,male,98,7739
Juan,Spain,Juan,male,100,65535
Evi,UK,Evi,female,95,3390
Paul,Germany,Paul,male,99,5117
Dietrich,Germany,Dietrich,male,98,184
James,USA,James,male,100,47200
Andrey,UK,Andrey,male,99,14894
Marcus,USA,Marcus,male,100,5165
Vladimir,Russia,Vladimir,male,99,5819
Horst,Germany,Horst,male,98,3472
Didier,France,Didier,male,98,20949
Michael,USA,Michael,male,100,65535
Eric,USA,Eric,male,100,31662
Michael,Germany,Michael,male,100,30913
Volker,Germany,Volker,male,100,2821
Richard,Netherlands,Richard,male,99,4646
Tamio,Japan,Tamio,male,100,12
Mathias,Germany,Mathias,male,98,2842
Oliver,Austria,Oliver,male,99,621
Jeffrey,USA,Jeffrey,male,100,10439
Vasant,USA,Vasant,male,95,21
Pierre,Canada,Pierre,male,99,1252
Makoto,Japan,Makoto,male,97,995
Masao,Japan,Masao,male,99,178
João,Spain,João,male,99,100
Frank,Germany,Frank,male,98,16573
Shigeru,Japan,Shigeru,male,100,190
Samuel,USA,Samuel,male,100,6468
John,Canada,John,male,100,4453
Youqing,USA,Youqing,female,75,4
Thomas,Switzerland,Thomas,male,99,3106
Martin,Fax:,Martin,male,98,139211
Hyunjoon,Korea,Hyunjoon,male,100,23
Jiaxi,China,Jiaxi,male,63,8
Serge,France,Serge,male,98,12201
Reiko,Japan,Reiko,female,99,154
Stéphane,Fax:,Stéphane,male,98,16675
Stefan,Switzerland,Stefan,male,99,2521
Ayusman,USA,Ayusman,male,100,6
Thomas,Switzerland,Thomas,male,99,3106
Ben,Netherlands,Ben,male,98,2395
Xiaoming,China,Xiaoming,male,84,105
Takayuki,Japan,Takayuki,male,100,574
Michael,Germany,Michael,male,100,30913
Tallapragada,USA,Tallapragada,male,75,4
Pavel,Russia,Pavel,male,100,4094
Yong,China,Yong,male,95,502
Hsian-Rong,China,Rong,female,61,248
Jiatao,Germany,Jiatao,male,100,4
Chorng-Shyan,Taiwan,Shyan,male,60,5
Takashi,Switzerland,Takashi,male,100,3
David,Sweden,David,male,99,3586
David,Singapore,David,male,99,875
Toshiro,Japan,Toshiro,male,100,51
Karl,Germany,Karl,male,96,3903
Kazumi,Japan,Kazumi,female,60,161
Ian,Canada,Ian,male,100,1369
Dennis,USA,Dennis,male,99,8742
Pierre,Switzerland,Pierre,male,99,1068
Steven,USA,Steven,male,100,19562
Daniel,USA,Daniel,male,100,35866
Albert,China,Albert,male,99,278
Markus,Germany,Markus,male,99,15230
Patrick,France,Patrick,male,98,34424
Dominic,UK,Dominic,male,98,9763
Marina,Germany,Marina,female,98,2981
Suri,USA,Suri,female,77,66
Shunichi,Japan,Shunichi,male,100,63
Yoshihiro,Japan,Yoshihiro,male,100,350
Hyotcherl,"Republic of Korea",,,,
Cagri,USA,Cagri,male,100,5
Miquel,Spain,Miquel,male,99,2213
Jonathan,UK,Jonathan,male,99,84386
Wolf-Dieter,Switzerland,Dieter,male,99,162
Philip,Singapore,Philip,male,99,137
Frieder,USA,Frieder,male,75,4
Keisuke,Japan,Keisuke,male,100,723
David,UK,David,male,99,381770
Hans-Heinrich,Germany,Hans-Heinrich,male,100,12
Stephen,USA,Stephen,male,100,16681
Kurt,Switzerland,Kurt,male,99,523
Benjamin,Germany,Benjamin,male,100,5256
Marc,Germany,Marc,male,100,7914
Robert,Canada,Robert,male,100,3137
Vidvuds,USA,Vidvuds,male,75,4
Yadong,China,Yadong,male,94,18
Andreas,Germany,Andreas,male,99,21215
James,USA,James,male,100,47200
Louis,"South Korea",Louis,male,98,88
Matthias,Germany,Matthias,male,100,9451
Lars,Germany,Lars,male,100,4773
Andreas,Switzerland,Andreas,male,99,1721
David,Canada,David,male,100,5841
Chunhui,China,Chunhui,male,69,26
Cameron,Australia,Cameron,male,99,616
Michael,Germany,Michael,male,100,30913
Marc,France,Marc,male,98,27772
Jieping,France,Jieping,female,67,3
Buxing,China,,,,
Michael,Australia,Michael,male,100,3838
Nils,Germany,Nils,male,99,2739
Günter,Austria,Günter,male,99,487
Anthony,France,Anthony,male,99,33135
David,USA,David,male,100,65535
Qi-Lin,China,Qi,male,73,234
José,Spain,José,male,99,8211
Izumi,Japan,Izumi,female,69,160
Norio,Japan,Norio,male,99,125
Jacques,France,Jacques,male,98,13502
Richard,USA,Richard,male,100,24609
Ryo,Japan,Ryo,male,98,2022
Luigi,Italy,Luigi,male,99,35095
Morten,Denmark,Morten,male,100,1806
Guillermo,USA,Guillermo,male,99,1128
Ned,USA,Ned,male,98,427
Hani,France,Hani,male,89,184
Peter,Germany,Peter,male,99,21321
Tomislav,USA,Tomislav,male,100,27
Stuart,USA,Stuart,male,99,2086
Jineun,"South Korea",Jineun,female,100,3
Reiner,Norway,Reiner,male,75,4
James,USA,James,male,100,47200
Yasuyuki,Japan,Yasuyuki,male,100,153
Chunhua,China,Chunhua,female,88,57
Stephen,Canada,Stephen,male,100,1468
Jean-Marc,France,Jean-Marc,male,99,4482
Armido,Germany,Armido,male,100,20
Wolfgang,Austria,Wolfgang,male,99,1765
Peter,USA,Peter,male,100,15502
Christoph,Germany,Christoph,male,100,5773
Axel,Germany,Axel,male,99,2526
Matthew,USA,Matthew,male,100,30646
Johan,Belgium,Johan,male,99,3277
Hee,Korea,Hee,male,55,489
Peter,USA,Peter,male,100,15502
Masaaki,Japan,Masaaki,male,100,226
John,USA,John,male,100,65535
Jeffrey,USA,Jeffrey,male,100,10439
Luca,UK,Luca,male,98,88492
Ning,China,Ning,male,61,378
Gerald,USA,Gerald,male,100,2668
Steven,UK,Steven,male,99,59951
Adam,USA,Adam,male,100,23089
Xiaogang,Singapore,Xiaogang,male,75,4
Kinga,Poland,Kinga,female,98,6455
Andrew,UK,Andrew,male,99,82448
Arieh,USA,Arieh,male,100,5
Vincent,USA,Vincent,male,100,4308
Jin,USA,Jin,male,68,337
Charles,USA,Charles,male,100,15822
Francesco,Italy,Francesco,male,100,65535
Thomas,USA,Thomas,male,100,20215
Ana,USA,Ana,female,98,4922
Alexander,Germany,Alexander,male,98,11884
Hubert,France,Hubert,male,96,2463
Chung-Chih,,Chung-Chih,male,80,1701
Carsten,Germany,Carsten,male,100,4032
Michael,Germany,Michael,male,100,30913
Rolf,Germany,Rolf,male,99,3089
Joseph,USA,Joseph,male,100,21534
Kenso,Japan,Kenso,male,75,4
Wulf,Germany,Wulf,male,100,38
Vladimir,France,Vladimir,male,98,401
William,USA,William,male,100,24483
Nigel,UK,Nigel,male,99,9908
Eiji,Japan,Eiji,male,100,298
Deryn,Canada,Deryn,female,75,4
Bertrand,France,Bertrand,male,97,6723
Markus,Germany,Markus,male,99,15230
Ben,Netherlands,Ben,male,98,2395
Cedric,"South Korea",Cedric,male,100,7
Jean,USA,Jean,female,75,3982
Michael,USA,Michael,male,100,65535
Thomas,Germany,Thomas,male,99,27141
Phil,USA,Phil,male,100,5283
Dawei,China,Dawei,male,99,91
Herbert,Germany,Herbert,male,98,1663
Itamar,Israel,Itamar,male,99,133
Hélène,Canada,Hélène,female,97,177
George,USA,George,male,100,12253
Kiyotomi,Japan,,,,
Janusz,Poland,Janusz,male,99,5909
Koji,Japan,Koji,male,99,780
Stephen,USA,Stephen,male,100,16681
Yongli,"Hong Kong",Yongli,unknown,50,2
Chris,Germany,Chris,male,96,12034
Alex,Canada,Alex,male,91,2610
Kang-Nian,China,Kang,male,80,197
Christopher,USA,Christopher,male,100,26017
Guy,USA,Guy,male,99,1664
Toshiharu,Japan,Toshiharu,male,100,46
F,USA,,,,
Walter,Germany,Walter,male,81,2941
Mu-Hyun,USA,Hyun,male,74,61
K,Germany,,,,
Hui-Ming,China,Ming,male,83,826
Kenneth,USA,Kenneth,male,100,7907
W,USA,,,,
Jonathan,UK,Jonathan,male,99,84386
Michael,Korea,Michael,male,99,211741
Judith,USA,Judith,female,98,2146
Roland,Canada,Roland,male,99,167
Kyoung-Shin,USA,Kyoung,female,75,4
Véronique,UK,Véronique,female,98,8797
Koichi,Japan,Koichi,male,99,394
Stephen,Canada,Stephen,male,100,1468
Jieping,China,Jieping,female,75,4
Karl,Denmark,Karl,male,99,84
Noritatsu,China,,,,
Tamejiro,Japan,,,,
Otto,Germany,Otto,male,96,943
Xiaoming,China,Xiaoming,male,84,105
Anja,Germany,Anja,female,98,6430
Hao,USA,Hao,male,91,219
Todd,UK,Todd,male,100,11557
Pingyun,USA,,,,
Helmuth,Germany,Helmuth,male,100,92
Shuji,Japan,Shuji,male,100,133
Kirsten,Germany,Kirsten,female,97,825
Knut,China,Knut,male,75,4
Erhard,Germany,Erhard,male,99,176
Nobuo,Japan,Nobuo,male,100,72
Toshio,Japan,Toshio,male,99,188
Takayoshi,Japan,Takayoshi,male,100,84
Marcos,Brazil,Marcos,male,100,16079
Bernhard,Germany,Bernhard,male,98,3134
Liming,USA,Liming,male,69,13
Thomas,USA,Thomas,male,100,20215
Robert,USA,Robert,male,100,43118
Chuan,USA,Chuan,male,87,23
Shouheng,USA,Shouheng,male,75,4
Yasuaki,Japan,Yasuaki,male,100,72
Darren,USA,Darren,male,100,3167
Høgni,Switzerland,Høgni,male,100,12
Lide,China,Lide,male,75,4
Oc,Korea,Oc,male,76,153
Chul-Ho,Korea,Chul-Ho,male,100,3
Nazario,Spain,Nazario,male,98,40
Mark,Canada,Mark,male,100,48064
Jaehoon,Korea,Jaehoon,male,100,167
Takahiro,Japan,Takahiro,male,99,846
Atsuhiro,Japan,Atsuhiro,male,100,17
Martin,Germany,Martin,male,99,14619
Burjor,USA,Burjor,male,75,4
Zhang-Jie,China,Jie,male,63,867
Yushan,USA,Yushan,female,67,9
Shengming,China,Shengming,male,100,4
Warren,Canada,Warren,male,100,268
Sungsu,Korea,Sungsu,male,98,41
Jaesook,Korea,Jaesook,female,75,4
