"First Name",Country,ga_first_name,ga_gender,ga_accuracy,ga_samples
Tomohiro,Netherlands,Tomohiro,male,75,4
Heng,Beijing,Heng,male,82,742
Katharina,,Katharina,female,98,5457
Ashish,USA,Ashish,male,100,451
Han,,Han,male,72,4580
Pardha,USA,Pardha,male,75,4
Erasmus,,Erasmus,male,94,256
Sumith,USA,Sumith,male,100,9
Mahiar,,Mahiar,male,100,10
Fang,Dalian,Fang,female,68,1434
Yi-Yu,Shanghai,Yi-Yu,male,67,3
Frederic,,Frederic,male,98,26835
Bernd,,Bernd,male,99,7628
Lu,,Lu,female,68,5209
Kasper,,Kasper,male,98,1773
Mechthild,,Mechthild,female,99,172
Guillaume,,Guillaume,male,99,37030
Xiehong,Singapore,Xiehong,unknown,50,2
Yao,Singapore,Yao,male,81,21
Shawn,Singapore,Shawn,male,99,273
Marat,USA,Marat,male,100,46
Shinichiro,Tokyo,Shinichiro,male,100,128
Jonathan,,Jonathan,male,99,84386
Jochen,,Jochen,male,99,2695
Holger,,Holger,male,99,4992
Joseph,,Joseph,male,99,63161
Vagulejan,USA,,,,
Naveen,USA,Naveen,male,98,285
Anindita,,Anindita,female,98,630
Jiangtao,University,Jiangtao,male,100,28
Jesús,,Jesús,male,99,7086
Kei,Tokyo,Kei,male,74,1478
Francesco,University,Francesco,male,99,74458
Ming,USA,Ming,male,73,237
German,Buenos,German,male,100,3182
Thi-Phuong-Anh,,Thi-Phuong-Anh,female,53,11507
Sanjog,,Sanjog,male,97,173
Laurence,Av,Laurence,female,90,21237
Hao,Shanghai,Hao,male,84,2105
Priyanka,USA,Priyanka,female,98,264
David,,David,male,99,381770
Alexander,,Alexander,male,99,56237
Shlomit,Jerusalem,Shlomit,female,97,79
Weilong,Shanghai,Weilong,male,97,36
Liam,Manchester,Liam,male,99,11210
Alexander,USA,Alexander,male,100,6939
Wan,Singapore,Wan,male,80,176
Kei,Tokyo,Kei,male,74,1478
Jordan,USA,Jordan,male,76,12969
Michal,,Michal,male,97,44099
Jing,,Jing,female,75,2534
Chandra,,Chandra,male,55,9924
Ming,,Ming,male,77,2692
Kaiwu,Shanghai,,,,
Ben,,Ben,male,97,73526
Maxime,,Maxime,male,98,28182
Weijun,Hangzhou,Weijun,male,100,34
Dipankar,,Dipankar,male,100,1261
Yang,USA,Yang,male,69,340
Chang,USA,Chang,male,66,132
Han,USA,Han,male,67,259
Chong-Jing,Singapore,Jing,female,78,60
Li,USA,Li,female,50,359
Hannes,USA,Hannes,male,100,26
Kaylie,USA,Kaylie,female,100,3117
Johannes,,Johannes,male,99,7870
Fangdong,Jinan,,,,
Wei-Li,USA,Wei,male,75,391
Christoph,,Christoph,male,99,9324
Fu-Lin,Beijing,Fu-Lin,female,55,6934
Fátima,,Fátima,female,99,3219
Xin,,Xin,male,58,1659
Xiaoyu,Nanjing,Xiaoyu,female,56,275
Mutalifu,,Mutalifu,male,75,4
Hitoshi,Ibaraki,Hitoshi,male,98,379
Christina,,Christina,female,94,36391
Oliver,,Oliver,male,98,22853
Zhengwen,,Zhengwen,male,100,4
Angeles,,Angeles,female,98,4309
Eden,,Eden,female,81,6343
Arijit,,Arijit,male,100,1290
Jieun,Ulsan,Jieun,female,96,360
Yun-Lin,Shanghai,Yun-Lin,female,56,7983
Luis,Biomateriales,Luis,male,99,120090
Dongbing,Chengdu,,,,
David,,David,male,99,381770
Xiangyu,Nanjing,Xiangyu,male,63,95
Michael,USA,Michael,male,100,65535
Timothy,USA,Timothy,male,100,9427
Zhening,Beijing,,,,
Sheng,SA,Sheng,female,100,7
Qijian,,Qijian,male,75,4
Hai-Hua,Braunschweig,Hai-Hua,male,77,4383
Rodica,,Rodica,female,99,1543
Renata,,Renata,female,99,30340
Elisabetta,Sassari,Elisabetta,female,99,6587
Matthew,USA,Matthew,male,100,30646
Katarina,,Katarina,female,98,7875
Keisuke,Kyoto,Keisuke,male,100,782
Zhihai,USA,Zhihai,male,100,10
Ioannis,,Ioannis,male,99,2092
Rohan,Vic,Rohan,male,100,13393
Yong,Daejeon,Yong,male,87,2262
Rajorshi,,Rajorshi,male,100,20
Sankar,,Sankar,male,100,1738
Claudiu,Crespina,Claudiu,male,99,2586
Atsuhiko,Tokyo,Atsuhiko,male,100,19
Shungang,Hangzhou,,,,
Hannah,,Hannah,female,99,20781
Matthias,,Matthias,male,100,17148
Yi-Feng,Singapore,Feng,male,72,46
Sibo,Fuzhou,Sibo,male,58,121
Takaaki,Nagasaki,Takaaki,male,100,195
Sven,,Sven,male,99,19537
Alberto,,Alberto,male,99,73988
Shuai,,Shuai,male,87,255
Yang,,Yang,male,67,4256
Lalit,USA,Lalit,male,100,65
Ainara,,Ainara,female,99,1251
Muhammad,,Muhammad,male,99,59995
Lin,,Lin,female,58,6456
Cenbin,,,,,
Galen,USA,Galen,male,99,2354
Daniela,,Daniela,female,97,67491
In-Hyeok,Jinju,In-Hyeok,male,58,698
Parikshit,Bangalore,Parikshit,male,100,423
Christina,Queensland,Christina,female,94,36391
W,USA,,,,
Philipp,,Philipp,male,99,8496
Tim,,Tim,male,99,52554
Peng,National,Peng,male,84,1353
Yoonjung,,Yoonjung,female,95,37
Yuanzeng,,,,,
Keihann,,,,,
Christèle,,Christèle,female,97,421
Danuta,,Danuta,female,99,3908
Kai,Shanghai,Kai,male,96,28964
Allie,USA,Allie,female,98,1887
Victor,,Victor,male,99,78043
David,Bristol,David,male,99,381770
Steven,Glasgow,Steven,male,99,59951
V,,,,,
Yuya,Yokohama,Yuya,male,85,570
Diego,USA,Diego,male,100,2217
Baihua,,Baihua,unknown,50,4
Xiao-Yu,Seoul,Xiao-Yu,male,60,5187
R,,,,,
Mohammed,Hsinchu,Mohammed,male,99,70885
Xiao,,Xiao,male,53,1772
Javix,,Javix,male,100,13
Seung,Daejeon,Seung,male,93,447
Wenbin,Suzhou,Wenbin,male,91,81
Till,,Till,male,100,100
Hester,USA,Hester,female,95,41
Maximilian,,Maximilian,male,99,5404
Jiří,,Jiří,male,99,10464
Petra,,Petra,female,98,52588
Damien,,Damien,male,99,30575
Stefan,,Stefan,male,98,50890
David,Urbana,David,male,99,381770
Durga,,Durga,male,62,1717
Guanjun,(P,Guanjun,male,100,5
Masakazu,Nagoya,Masakazu,male,100,191
Susanne,,Susanne,female,99,11100
Du,USA,Du,male,81,36
Pierre,,Pierre,male,99,64439
Dan,,Dan,male,97,61524
Yoshihiro,Sapporo,Yoshihiro,male,100,383
Andreas,,Andreas,male,99,44818
Silvia,,Silvia,female,98,61342
Debangshu,USA,Debangshu,male,75,4
Javier,,Javier,male,99,67247
Massimo,Groningen,Massimo,male,99,41321
Chao-Tang,,Chao-Tang,male,72,2566
Michael,,Michael,male,99,211741
Jan,,Jan,male,92,104026
Jonas,Auckland,Jonas,male,99,20200
Sabrina,,Sabrina,female,98,60955
Francis,,Francis,male,94,31198
Alexandros,,Alexandros,male,99,2824
Maria,Marseille,Maria,female,97,245074
Dieter,,Dieter,male,98,7678
Vitaly,,Vitaly,male,99,1738
Louis,,Louis,male,97,22473
Dmitry,,Dmitry,male,100,8556
Stefan,,Stefan,male,98,50890
Renatus,USA,Renatus,male,75,4
Jérémie,,Jérémie,male,99,2401
Sheng-Lung,Hsinchu,Sheng-Lung,male,78,899
Lu,Beijing,Lu,female,68,5209
Kenji,Yokohama,Kenji,male,98,1939
Uttam,USA,Uttam,male,100,29
Henning,,Henning,male,97,1892
Jason,USA,Jason,male,100,39059
Lingyao,USA,Lingyao,female,75,4
Kenshu,Sapporo,Kenshu,male,100,8
Dehui,USA,Dehui,female,75,4
Alexander,,Alexander,male,99,56237
Sandy,USA,Sandy,female,92,5124
Xiongjie,Tokyo,Xiongjie,male,100,11
Simon,,Simon,male,98,57458
Dirk,,Dirk,male,99,14847
Steve,USA,Steve,male,100,25945
Anja,,Anja,female,98,11999
Takuya,Saitama,Takuya,male,99,1101
Soon,,,,,
Guangyan,Wuhan,Guangyan,male,75,4
Lin,University,Lin,female,58,6456
Linbin,USA,Linbin,male,100,6
Chun-Wai,"Hong Kong",Chun,male,92,153
Günter,,Günter,male,99,2441
Zhaofeng,,Zhaofeng,male,89,9
Thomas,USA,Thomas,male,100,20215
Zhicheng,,Zhicheng,male,100,36
Brandon,USA,Brandon,male,100,21063
Eiji,,Eiji,male,98,358
Cynthia,USA,Cynthia,female,99,7679
Oleg,,Oleg,male,100,12219
Michael,,Michael,male,99,211741
Dan,Tianjin,Dan,male,97,61524
Jing,USA,Jing,female,76,249
Yingying,USA,Yingying,female,100,21
Marc,,Marc,male,99,77461
Vakayil,,,,,
Aleksei,USA,Aleksei,male,100,17
Jia,,Jia,female,65,1433
Ron,,Ron,male,99,19779
Quan,Wuhan,Quan,male,93,1630
Jens,,Jens,male,99,13599
Mark,USA,Mark,male,100,47989
Elliot,USA,Elliot,male,100,8012
Yu-Feng,Beijing,Yu-Feng,male,100,5
Norberto,SP,Norberto,male,99,2312
Dongwon,Seoul,Dongwon,male,100,101
Matthew,,Matthew,male,100,51412
Bo,,Bo,male,85,5389
Peter,,Peter,male,99,146529
Jungkweon,Osaka,Jungkweon,female,75,4
Christophe,Jupiter,Christophe,male,98,60690
Cheng-Kang,USA,Kang,male,90,60
Shintaro,Sendai,Shintaro,male,98,246
David,,David,male,99,381770
Tomohiro,Hokkaido,Tomohiro,male,100,436
Aicha,Strasbourg,Aicha,female,98,8799
Kazuya,Chiba,Kazuya,male,100,609
Crystalann,Chicago,Crystalann,female,100,8
Arne,,Arne,male,98,2733
Gang,,,,,
Michael,USA,Michael,male,100,65535
Masahiro,Sendai,Masahiro,male,100,783
Tiezheng,USA,Tiezheng,male,75,4
Christian,,Christian,male,100,48300
Benjamin,,Benjamin,male,99,50718
Julie,Marseille,Julie,female,98,72376
Fengyan,Beijing,Fengyan,female,78,9
Ryan,USA,Ryan,male,99,35179
Qing,Zhejiang,Qing,female,58,728
Jie,Wuhan,Jie,male,61,1651
Yongfeng,USA,Yongfeng,male,75,4
Panos,USA,Panos,male,94,31
Xavier,,Xavier,male,99,27038
Brian,USA,Brian,male,100,40133
Isidoro,,Isidoro,male,98,953
Sang,USA,Sang,male,92,174
Moritz,,Moritz,male,99,1782
Marc,,Marc,male,99,77461
Kazuhiko,,Kazuhiko,male,99,192
Rock,USA,Rock,male,100,75
Naeem,Kyeonggi-do,Naeem,male,99,3156
Candy,Singapore,Candy,female,100,2337
Kai,,Kai,male,96,28964
Zelang,,Zelang,male,75,4
Manuel,,Manuel,male,99,96874
Yi,Shanghai,Yi,male,61,1397
Thuy,,Thuy,female,88,4348
Yong,Singapore,Yong,male,85,124
Arundhati,USA,Arundhati,female,94,16
Alison,USA,Alison,female,99,3804
Brendan,USA,Brendan,male,100,2930
Ruud,Nijmegen,Ruud,male,99,2664
Wen-Xiu,Guangdong,Wen-Xiu,female,57,2132
Julia,València,Julia,female,97,57688
Yong,USA,Yong,male,82,158
Grégory,,Grégory,male,99,3814
Xin-Yi,Shanghai,Xin-Yi,male,60,3066
Peter,,Peter,male,99,146529
Zhilin,USA,Zhilin,male,75,4
Zhe,,Zhe,male,80,504
Eiichi,Tokyo,Eiichi,male,98,100
Zhilong,"Hong Kong",Zhilong,male,100,24
Elizabeth,USA,Elizabeth,female,99,20330
Yuan,USA,Yuan,male,57,152
Kenichiro,Wako,Kenichiro,male,100,113
Xiu-Hua,Nagoya,Xiu-Hua,female,51,1038
Takashi,,Takashi,male,99,1807
Daisuke,,Daisuke,male,99,1432
Malte,USA,Malte,male,100,10
Sebastian,,Sebastian,male,99,47850
Daniel,,Daniel,male,99,257742
Yoichi,Saitama,Yoichi,male,99,197
William,,William,male,99,67797
Rui,USA,Rui,male,81,256
Ewelina,Victoria,Ewelina,female,98,14142
Hamed,Ibaraki,Hamed,male,98,10958
Ya-Xia,,Ya-Xia,male,55,1939
Kevin,USA,Kevin,male,100,35080
Ping,USA,Ping,male,56,90
Takeshi,,Takeshi,male,99,1290
Kodai,Tokyo,Kodai,male,97,58
Christoph,,Christoph,male,99,9324
Gyudong,Seoul,Gyudong,male,100,3
Morgane,,Morgane,female,96,10276
Joyce,USA,Joyce,female,98,3780
Severin,USA,Severin,male,97,29
Cornelia,,Cornelia,female,97,3570
Shun-Te,,Shun-Te,male,81,1610
Guolin,Xiamen,Guolin,male,77,13
Wei,Queensland,Wei,male,73,4003
Jaroslaw,,Jaroslaw,male,99,1094
Pavel,USA,Pavel,male,100,322
Pilar,,Pilar,female,98,13975
Gregor,,Gregor,male,99,3274
Shixian,Beijing,Shixian,male,75,8
Fabian,,Fabian,male,99,25659
Maren,,Maren,female,99,4587
Dongbing,,,,,
Akira,Saitama,Akira,female,73,7383
Anil,,Anil,male,99,21766
Michael,,Michael,male,99,211741
Heng,Nanjing,Heng,male,82,742
Seiji,Kyoto,Seiji,male,99,362
Matthias,,Matthias,male,100,17148
Zhangxiong,VIC,,,,
Mika,USA,Mika,female,78,349
Xin,,Xin,male,58,1659
Xiaolei,Chengdu,Xiaolei,male,67,94
Chang-Bin,Dalian,Chang-Bin,male,81,4291
Michael,USA,Michael,male,100,65535
Sean,USA,Sean,male,99,17810
Karin,,Karin,female,97,15483
Chi,USA,Chi,male,55,236
Hirotaka,Kyoto,Hirotaka,male,100,157
Hui,Cambridge,Hui,female,52,1684
Hyunchul,,Hyunchul,male,100,61
Muwei,USA,Muwei,male,75,4
Urmimala,Bangalore,Urmimala,female,100,22
Daniel,USA,Daniel,male,100,35866
Vince,USA,Vince,male,100,1805
Chun-Cheng,Hsinchu,Chun-Cheng,male,100,4
Hans,,Hans,male,97,28935
Jonas,,Jonas,male,99,20200
Sonia,,Sonia,female,98,68267
Xianjie,,Xianjie,male,75,4
Harshal,,Harshal,male,97,1611
Takayuki,,Takayuki,male,100,625
Wang,,Wang,male,65,3906
O,USA,,,,
Simon,Quebec,Simon,male,98,57458
Kesong,USA,Kesong,male,100,3
Yi-Lun,Shanghai,Yi-Lun,male,63,8
Tyler,USA,Tyler,male,97,15339
Alma,,Alma,female,94,6888
Zhibin,Shanghai,Zhibin,male,98,45
Xin,,Xin,male,58,1659
Xu,Lanzhou,Xu,male,67,850
Shenghua,,Shenghua,unknown,50,14
Gang,,,,,
Christian,,Christian,male,100,48300
Liang-An,Xiamen,Liang-An,male,55,6876
Olena,USA,Olena,female,93,69
Wei,,Wei,male,73,4003
Luis,,Luis,male,99,120090
Subhas,ON,Subhas,male,99,241
Jesko,,Jesko,male,97,39
Qiang,,Qiang,male,97,531
Gengzhi,Singapore,Gengzhi,male,75,4
Yanfeng,USA,Yanfeng,male,100,3
Nishantha,USA,Nishantha,male,100,3
Xinxiong,Fujian,Xinxiong,male,75,4
Basker,,Basker,male,98,53
Arindam,,Arindam,male,100,1597
Florian,,Florian,male,99,31950
Santosh,,Santosh,male,99,13576
Pieter,,Pieter,male,99,5951
Chi,Hangzhou,Chi,female,58,2952
Wangqing,Universität,Wangqing,male,67,6
Zhimin,USA,Zhimin,female,70,10
Liqiang,,Liqiang,male,97,35
Masahiro,Tokushima,Masahiro,male,100,783
Qi,Hangzhou,Qi,male,63,557
Zheng-Jian,Singapore,Jian,male,88,34
Marc,,Marc,male,99,77461
Dacheng,Singapore,Dacheng,male,100,9
Malar,USA,Malar,female,60,15
Sreekumar,USA,Sreekumar,male,100,6
Liangliang,USA,Liangliang,male,75,4
Masamichi,Sapporo,Masamichi,male,100,51
Jahir,USA,Jahir,male,94,17
Patrick,ACT,Patrick,male,99,118290
Francesc,,Francesc,male,98,1852
Shuntaro,Konan,Shuntaro,male,100,30
Liang,USA,Liang,male,87,106
Jooyoung,Seoul,Jooyoung,male,51,70
Yao,Beijing,Yao,male,74,1982
Satoshi,Osaka,Satoshi,male,99,1177
Feng,,Feng,male,81,1386
Yi,Shanghai,Yi,male,61,1397
Justin,USA,Justin,male,100,25338
Matthias,,Matthias,male,100,17148
Matteo,,Matteo,male,99,45472
Joseph,USA,Joseph,male,100,21534
Dingbin,USA,Dingbin,male,75,4
Yong,Tokyo,Yong,male,87,2262
Emma,,Emma,female,91,44680
Hiromitsu,,Hiromitsu,male,100,57
Polina,Haifa,Polina,female,97,2522
Pankaj,,Pankaj,male,100,16171
Wataru,Tokyo,Wataru,male,100,306
Jiong,Singapore,Jiong,male,83,54
Prashant,USA,Prashant,male,100,233
Heike,,Heike,female,98,4809
Sabrina,,Sabrina,female,98,60955
Katherine,USA,Katherine,female,99,7045
Andrew,USA,Andrew,male,100,34858
Rishikesh,,Rishikesh,male,100,696
Manuel,,Manuel,male,99,96874
Xing-Zhong,USA,Xing,male,69,59
Bertrand,,Bertrand,male,96,9700
Yannian,USA,,,,
Keisuke,,Keisuke,male,100,782
Sebastian,,Sebastian,male,99,47850
Poliraju,Taiwan,,,,
Alina,USA,Alina,female,100,4567
Le,,Le,male,68,8970
Zuofeng,USA,Zuofeng,male,75,4
Debobrata,,Debobrata,male,97,29
Pieter,,Pieter,male,99,5951
Guillaume,,Guillaume,male,99,37030
Murat,,Murat,male,94,83578
Jiuyang,USA,Jiuyang,male,67,3
Casey,,Casey,male,58,8670
Matt,USA,Matt,male,100,30283
Robert,,Robert,male,99,145540
Rong,USA,Rong,male,52,60
Wei,,Wei,male,73,4003
Chao,Jiangsu,Chao,male,86,1135
Rui-Biao,Guangzhou,Rui-Biao,male,98,25953
Marta,,Marta,female,98,84333
Tongdao,,Tongdao,male,75,4
Hongli,"Hong Kong",Hongli,unknown,50,22
Christoph,,Christoph,male,99,9324
Chelsea,USA,Chelsea,female,99,6255
Pasquale,,Pasquale,male,99,15771
Zhiyong,Beijing,Zhiyong,male,99,75
Zhengkai,Hangzhou,Zhengkai,male,75,4
Zoran,,Zoran,male,99,6570
Yu,USA,Yu,male,64,274
Brady,USA,Brady,male,96,1433
Maria,,Maria,female,97,245074
Mamon,Assam,Mamon,male,81,162
Thais,Valencia,Thais,female,98,7519
Sebastian,,Sebastian,male,99,47850
Goutam,USA,Goutam,male,100,13
Adrien,Marseille,Adrien,male,98,18854
Jean-Hubert,North,Jean-Hubert,male,100,30
Rafael,Amsterdam,Rafael,male,99,52197
Ngalle,University,Ngalle,male,67,9
Irina,,Irina,female,98,21136
Vladimir,Novosibirsk,Vladimir,male,99,21639
Reto,,Reto,male,99,1288
Yuto,Osaka,Yuto,male,100,234
Jinzhao,,Jinzhao,male,75,4
Upendra,,Upendra,male,99,1184
Helmut,,Helmut,male,98,4881
Yusuke,Sendai,Yusuke,male,99,1232
Kamil,,Kamil,male,98,35090
Andrew,,Andrew,male,99,82448
Sharath,,Sharath,male,100,1943
C,Bangalore,,,,
Lanka,USA,Lanka,male,80,5
Falk,,Falk,male,98,728
Thomas,,Thomas,male,99,129177
Joel,,Joel,male,99,40697
Sylvie,,Sylvie,female,98,40082
Semih,,Semih,male,97,14083
Dipti,,Dipti,female,95,813
Fergal,Belfast,Fergal,male,97,183
Zhenhua,Guangzhou,Zhenhua,male,79,67
Matthew,USA,Matthew,male,100,30646
Ping,USA,Ping,male,56,90
Wen,Tokyo,Wen,female,56,1985
Scott,,Scott,male,100,48262
Teerawut,,Teerawut,male,99,81
Katharina,Fax:,Katharina,female,98,5457
Chang-Liang,,Chang-Liang,male,76,3416
Helene,,Helene,female,98,11662
Nina,,Nina,female,98,42386
Yosuke,Noda,Yosuke,male,99,441
Narihiro,USA,Narihiro,male,75,4
Holger,Julius-Maximilians-Universität,Holger,male,99,4992
Thorsten,,Thorsten,male,99,5261
David,,David,male,99,381770
Christina,USA,Christina,female,98,14038
Young,USA,Young,male,100,51
Jinbin,,Jinbin,male,67,3
Enoch,USA,Enoch,male,99,173
Augusto,Québec,Augusto,male,99,7854
Akira,Tokyo,Akira,female,73,7383
Debraj,Niigata,Debraj,male,99,284
Willemien,,Willemien,female,99,137
Kazuhiko,Kyoto,Kazuhiko,male,99,192
Jianzhong,Jiangsu,Jianzhong,male,93,27
Weiqing,Shanghai,Weiqing,male,72,25
Konstantin,Russia,Konstantin,male,100,2239
Timur,,Timur,male,98,4381
Tomohiro,Sapporo,Tomohiro,male,100,436
John,USA,John,male,100,65535
Avishek,USA,Avishek,male,100,19
Lucia,,Lucia,female,98,49100
Evan,USA,Evan,male,98,6584
Honggen,,Honggen,male,75,4
Sergii,,Sergii,male,99,552
Marta,,Marta,female,98,84333
Antonio,Baleares,Antonio,male,99,180825
Yue,Tianjin,Yue,female,58,1014
Michal,Manchester,Michal,male,97,44099
Jesus,Helsinki,Jesus,male,98,43843
Clément,,Clément,male,98,7544
Michiko,Hiroshima,Michiko,female,96,248
Zong-Hong,USA,Zong,male,78,9
Zhiyong,Nagoya,Zhiyong,male,99,75
Christian,ON,Christian,male,100,48300
Yan,Shanghai,Yan,male,73,8519
Chao,Anhui,Chao,male,86,1135
Xinfang,USA,Xinfang,female,75,4
Myron,SK,Myron,male,100,3174
Chun-Ya,Hsinchu,Chun-Ya,male,66,2322
Kalman,,Kalman,male,96,187
Ning,,Ning,female,74,1915
Christine,,Christine,female,98,55857
Min-Chao,,Min-Chao,male,69,6068
Yunlai,Henan,Yunlai,male,75,4
Chun,,Chun,male,73,905
Anna,,Anna,female,98,184558
Bogdan,,Bogdan,male,99,10718
Tsubasa,Cambridge,Tsubasa,male,87,329
Qian-Chong,Xiamen,Qian-Chong,male,58,1818
Eun,Daejeon,Eun,female,69,381
Kaizhi,Chengdu,Kaizhi,male,83,6
Zhichao,Singapore,Zhichao,male,75,4
Katsuaki,Osaka,Katsuaki,male,100,36
Annika,,Annika,female,99,13764
Ugo,,Ugo,male,96,4880
Yu,Singapore,Yu,male,57,68
Jun,Hefei,Jun,male,88,6829
Tomoya,Yokohama,Tomoya,male,100,335
Ziwei,,Ziwei,female,60,60
Yunmi,Seoul,Yunmi,female,97,31
Hiroshi,,Hiroshi,male,99,1730
Manuel,,Manuel,male,99,96874
Xue,USA,Xue,female,65,40
Yuehui,,Yuehui,male,63,8
Bruno,,Bruno,male,99,87062
Jorge,C/Mariano,Jorge,male,99,88545
Anukul,,Anukul,male,98,94
Gesa,,Gesa,female,81,201
Hakuba,,Hakuba,male,100,6
A,Stuttgart,,,,
Andreas,St,Andreas,male,99,44818
Federico,,Federico,male,99,28505
Saleh,,Saleh,male,98,7654
Haeri,Pusan,Haeri,female,58,12
Lingyan,USA,Lingyan,female,100,3
Nerea,,Nerea,female,98,5034
Daniele,USA,Daniele,male,53,295
Jelena,Shanghai,Jelena,female,98,7136
Mengyang,,Mengyang,female,54,26
Jan,,Jan,male,92,104026
Stefan,"Hong Kong",Stefan,male,94,16
Pui,USA,Pui,female,75,12
Patrick,Tokyo,Patrick,male,99,118290
Takeshi,Singapore,Takeshi,male,100,6
Shu-Hua,,Shu-Hua,female,67,3
Sergio,Tokyo,Sergio,male,99,81526
Takashi,Cambridge,Takashi,male,99,1807
Salvatore,Rostock,Salvatore,male,99,41865
Koichi,,Koichi,male,99,473
Mihye,,Mihye,female,96,27
Edward,,Edward,male,99,24073
Stefanie,USA,Stefanie,female,99,1439
Binrui,Singapore,Binrui,male,75,4
Bao,Xiamen,Bao,male,77,1438
Hua,,Hua,male,52,891
Florian,USA,Florian,male,99,159
Antonina,Beijing,Antonina,female,96,1309
Hongchao,USA,Hongchao,male,75,4
Michael,USA,Michael,male,100,65535
Amy,Toronto,Amy,female,98,42632
Tayseer,Nagoya,Tayseer,male,87,218
Aiko,"United Kingdom",Aiko,female,81,21
Flannan,SA,Flannan,male,75,4
Henry,,Henry,male,99,32139
Oliver,,Oliver,male,98,22853
Gabi,,Gabi,female,68,11084
Martin,,Martin,male,98,139211
Mykhailo,Shanghai,Mykhailo,male,100,94
Shuang,,Shuang,female,64,278
Qian,USA,Qian,female,61,95
Job,,Job,male,96,2170
Sarah,Zagreb,Sarah,female,98,127402
Ivan,"Hong Kong",Ivan,male,98,335
C,,,,,
Alice,,Alice,female,98,40209
Joseph,Hubei,Joseph,male,99,63161
You-Quan,,You-Quan,male,86,4828
Daniel,,Daniel,male,99,257742
Antoine,,Antoine,male,99,33499
Erez,USA,Erez,male,97,35
Matthew,USA,Matthew,male,100,30646
Marta,,Marta,female,98,84333
Nina,,Nina,female,98,42386
Pierre,,Pierre,male,99,64439
Tiffany,,Tiffany,female,98,18036
Yi,Kyoto,Yi,male,61,1397
Naoki,,Naoki,male,98,944
Biplab,Victoria,Biplab,male,100,716
Stuart,,Stuart,male,99,12253
Matthias,,Matthias,male,100,17148
Rosa,USA,Rosa,female,98,2149
Adam,,Adam,male,99,101742
Stephan,Singapore,Stephan,male,100,3
Diego,,Diego,male,99,67382
Marcos,,Marcos,male,99,43582
Saioa,USA,Saioa,female,98,330
Vaneet,,Vaneet,male,90,77
Anne,,Anne,female,98,48855
Isabel,USA,Isabel,female,98,1708
Rachel,Ruhr-University,Rachel,female,98,41104
Vadim,Osaka,Vadim,male,99,5361
Guy,,Guy,male,98,20859
Max,,Max,male,98,69969
Krešimir,USA,Krešimir,male,75,4
Zachary,,Zachary,male,100,7365
Cristina,,Cristina,female,98,70974
Shane,,Shane,male,93,15589
Emilie,USA,Emilie,female,100,4937
Andrew,Birmingham,Andrew,male,99,82448
Siriporn,,Siriporn,female,97,575
Simon,Kyoto,Simon,male,98,57458
Yusuke,,Yusuke,male,99,1232
Karl,Victoria,Karl,male,98,18575
Lu,,Lu,female,68,5209
Li,USA,Li,female,50,359
Liping,Chengdu,Liping,female,81,126
Wei,Dalian,Wei,male,73,4003
Shutao,,Shutao,male,100,6
Florian,USA,Florian,male,99,159
Vinita,Tokyo,Vinita,female,97,694
Shunsuke,,Shunsuke,male,100,307
Daniel,USA,Daniel,male,100,35866
Jessica,,Jessica,female,98,115595
Nicole,Shanghai,Nicole,female,98,65299
Lu,,Lu,female,68,5209
Haiyan,Ontario,Haiyan,female,92,186
Dong,Tianjin,Dong,male,87,2212
Qiang,,Qiang,male,97,531
Eline,Tokyo,Eline,female,98,1656
Kengo,,Kengo,male,99,225
Stephan,Kanazawa,Stephan,male,99,19941
Takashi,,Takashi,male,99,1807
Laure-Estelle,,Estelle,female,97,12858
Holger,,Holger,male,99,4992
Andrey,,Andrey,male,99,14894
Prinson,Tsukuba,Prinson,male,100,26
Chengjun,,Chengjun,male,83,29
Aysu,,Aysu,female,97,1487
Long,Shanghai,Long,male,100,89
Jianzhong,USA,Jianzhong,male,100,5
Đenana,,Denana,female,88,8
Michel,Department,Michel,male,97,68146
Anthony,,Anthony,male,99,85303
Martina,Kyoto,Martina,female,99,62606
Taichi,Norwich,Taichi,male,98,239
Alejandro,USA,Alejandro,male,100,2645
Yi,USA,Yi,male,56,263
Bingfei,,Bingfei,male,67,3
Sebastian,Shanghai,Sebastian,male,99,47850
Juntao,Ishikawa,Juntao,male,83,24
Si-Qian,,Si-Qian,male,66,3229
Thomas,,Thomas,male,99,129177
Antonio,USA,Antonio,male,99,4554
Mao,,Mao,male,78,1538
Elisa,,Elisa,female,98,32786
G,Matieland,,,,
Rueben,,Rueben,male,96,152
Dmytro,USA,Dmytro,male,100,27
Gang,USA,,,,
Tyler,,Tyler,male,97,19321
Albrecht,Osaka,Albrecht,male,97,237
Yuya,BC,Yuya,male,85,570
Tuoqi,USA,Tuoqi,male,75,4
Nathan,,Nathan,male,99,29365
Christine,USA,Christine,female,99,11335
Guillaume,,Guillaume,male,99,37030
Martin,Shanghai,Martin,male,98,139211
Kun,,Kun,male,79,1288
Sébastien,,Sébastien,male,99,18623
Philippe,,Philippe,male,99,57297
Lutz,,Lutz,male,98,1744
Anne,,Anne,female,98,48855
Michael,,Michael,male,99,211741
Marco,Sapporo,Marco,male,99,133237
Takamichi,Changsha,Takamichi,male,100,23
Ming-Bo,Cantock's,Ming-Bo,male,82,8081
Tom,,Tom,male,99,87429
Xu,Beijing,Xu,male,67,850
Changsheng,,Changsheng,male,100,11
Henrik,USA,Henrik,male,100,87
Young-Si,USA,Young,male,100,51
B,USA,,,,
Dhruba,Chongqing,Dhruba,male,98,262
Wei,Shanghai,Wei,male,73,4003
Chun,,Chun,male,73,905
Alexander,Beijing,Alexander,male,99,56237
Zhenwei,,Zhenwei,male,100,27
Sébastien,USA,Sébastien,male,100,61
Yulia,USA,Yulia,female,99,137
Giancarlo,USA,Giancarlo,male,100,1690
Kaladhar,,Kaladhar,male,100,33
Jung,Beijing,Jung,male,71,1477
Lingling,USA,Lingling,female,88,8
Naveen,USA,Naveen,male,98,285
Lauren,,Lauren,female,97,25933
Mattia,,Mattia,male,98,14801
Yizhong,Tokyo,Yizhong,male,90,10
Suguru,USA,Suguru,male,75,4
Xin,,Xin,male,58,1659
Kartik,Singapore,Kartik,male,100,11
Xingkuan,USA,,,,
Hahk-Soo,Ibaraki,Hahk-Soo,male,52,1089
Yuzuru,Università,Yuzuru,male,98,44
Giovanni,,Giovanni,male,99,71282
Pengcheng,,Pengcheng,male,100,35
Hongquan,Shanghai,Hongquan,male,93,15
Panke,,Panke,male,100,7
Paul,,Paul,male,99,140849
Petar,USA,Petar,male,100,71
Chandrasekhar,,Chandrasekhar,male,100,464
Kieron,,Kieron,male,99,738
Jocelyn,,Jocelyn,female,71,5313
Sundus,,Sundus,female,95,207
Markus,USA,Markus,male,100,4802
Wei,,Wei,male,73,4003
Xingyu,USA,Xingyu,male,80,5
Ye,,Ye,male,75,1057
Satish,USA,Satish,male,100,228
Bruce,,Bruce,male,99,14681
Tiago,Saitama,Tiago,male,99,25033
Chikara,Changchun,Chikara,male,95,63
Zhennan,University,Zhennan,male,100,9
Hanno,,Hanno,male,88,331
Lingchun,,,,,
Jacqueline,"United Kingdom",Jacqueline,female,98,1440
Francisco,USA,Francisco,male,100,2954
Gaël,,Gaël,male,96,1185
Marie-Kristin,Seoul,Marie-Kristin,female,100,16
Dong,USA,Dong,male,91,136
Tadas,,Tadas,male,100,528
Lisanne,,Lisanne,female,98,615
Ruirui,Dalian,Ruirui,female,66,32
Ye,Chengdu,Ye,male,75,1057
Jing,USA,Jing,female,76,249
Olivier,,Olivier,male,99,50237
Rafael,USA,Rafael,male,99,2923
Wenyuan,"United Kingdom",Wenyuan,male,75,4
Jonathan,,Jonathan,male,99,84386
Liladhar,Grenoble,Liladhar,male,100,55
Ahcène,Ltd,Ahcène,male,100,39
Masanori,,Masanori,male,100,286
Guillaume,,Guillaume,male,99,37030
Thiruvancheril,"Hong Kong",,,,
Jacky,Beijing,Jacky,male,75,13471
Di,,Di,male,54,3384
Yuehui,,Yuehui,male,63,8
Wanrong,,Wanrong,female,88,8
Fatemah,USA,Fatemah,female,100,9
Stephen,,Stephen,male,99,46085
Anthony,Kyoto,Anthony,male,99,85303
Gen,Beer,Gen,male,58,1101
Najat,,Najat,female,95,2249
V,,,,,
Kui,USA,Kui,male,79,14
Anais,,Anais,female,98,12849
Kenji,USA,Kenji,male,98,140
Brian,,Brian,male,99,69588
Sophie,,Sophie,female,98,54216
Nasrollah,Shanghai,Nasrollah,male,100,35
Xueqiang,Changchun,Xueqiang,male,75,4
Lin,,Lin,female,58,6456
Norio,USA,Norio,male,75,4
Jennifer,,Jennifer,female,98,88317
Martins,Yokosuka,Martins,male,91,3671
Masahiro,Lanzhou,Masahiro,male,100,783
Si-Hua,,Si-Hua,male,68,3442
Christoph,,Christoph,male,99,9324
Bo,Kanazawa,Bo,male,85,5389
Katsuya,,Katsuya,male,100,150
Keith,Beijing,Keith,male,98,21035
Zhibin,USA,Zhibin,male,100,4
Limei,Germany,Limei,female,75,4
Markus,Singapore,Markus,male,100,11
Bin,USA,Bin,male,83,140
Katherine,,Katherine,female,99,15804
Guy,USA,Guy,male,99,1664
Jerrin,,Jerrin,male,92,90
Yann,Beijing,Yann,male,98,17007
Junqiao,USA,,,,
Dong,,Dong,male,87,2212
Mozaffar,,Mozaffar,male,98,49
Zhenbo,USA,Zhenbo,male,75,4
Reto,,Reto,male,99,1288
Hiromu,,Hiromu,male,100,49
Duc,Tokyo,Duc,male,97,2066
Yasunori,USA,Yasunori,male,100,8
Adam,,Adam,male,99,101742
Claire,Anhui,Claire,female,98,32304
Kun,Incheon,Kun,male,79,1288
Sang,,Sang,male,88,2448
Li-Mei,Assam,Li-Mei,female,66,6507
Ranjit,Liverpool,Ranjit,male,98,2509
David,Punjab,David,male,99,381770
Khurram,Beijing,Khurram,male,100,2401
Huhu,,Huhu,male,64,548
Florian,,Florian,male,99,31950
Cristóbal,Hubei,Cristóbal,male,100,533
Renyi,,Renyi,male,78,9
Georgios,Tokyo,Georgios,male,99,1597
Daoai,Anhui,,,,
Yongfu,,Yongfu,male,100,12
Bartholomäus,Geneva,Bartholomäus,male,100,11
Yingjie,,Yingjie,male,71,62
Antoine,Nanjing,Antoine,male,99,33499
Mingxue,,Mingxue,male,91,23
Markus,USA,Markus,male,100,4802
Donald,Germany,Donald,male,93,221
Kassem,Nanjing,Kassem,male,96,853
Ye,,Ye,male,75,1057
Andre,USA,Andre,male,99,3408
Xikui,Kagawa,Xikui,male,100,3
Edakkattuparambil,Amiens,,,,
Aloysius,Oxford,Aloysius,male,99,453
Lukas,USA,Lukas,male,100,4368
Lani,USA,Lani,female,97,323
Steven,Nagoya,Steven,male,99,59951
Aiko,USA,Aiko,female,98,57
Kanyi,Shanghai,Kanyi,male,65,34
Wei,Germany,Wei,male,61,62
Matthias,,Matthias,male,100,17148
Changzhun,Beijing,,,,
Xiang-Yu,Beijing,Xiang-Yu,male,66,4165
Shuang,Kyoto,Shuang,female,64,278
Shingo,,Shingo,male,99,446
Aubérie,USA,Aubérie,female,100,7
Michelle,Wuhan,Michelle,female,97,66957
Lingkui,,,,,
Alexandru,,Alexandru,male,99,5316
Terrance,,Terrance,male,100,15048
Tom,Seoul,Tom,male,99,87429
Insu,,Insu,male,87,70
Marek,USA,Marek,male,99,212
Manza,,Manza,male,72,57
Jitka,,Jitka,female,99,14435
Ganglong,Shanghai,,,,
Matthieu,Ulsan,Matthieu,male,99,12012
Ja,USA,Ja,male,64,130
Radislav,Hangzhou,Radislav,male,100,74
Guokai,USA,Guokai,male,75,4
Anindita,Kyoto,Anindita,female,98,630
Kazuhiro,,Kazuhiro,male,100,419
Christian,Christchurch,Christian,male,100,48300
Andrew,,Andrew,male,99,82448
Qiuping,Ontario,Qiuping,female,90,10
David,,David,male,99,381770
Ruth,,Ruth,female,98,20411
You-Han,"Hong Kong",Han,male,67,27
Feng,USA,Feng,male,84,104
Matthew,,Matthew,male,100,51412
S,Shanghai,,,,
Chun-Xiang,,Chun-Xiang,male,75,1655
Annette,USA,Annette,female,98,2562
Todd,,Todd,male,100,11557
Carlos,India,Carlos,male,100,104
Arghya,USA,Arghya,male,83,6
Jesse,Germany,Jesse,male,82,171
Peter,,Peter,male,99,146529
Andrej,,Andrej,male,99,6055
Takayuki,,Takayuki,male,100,625
Susana,,Susana,female,99,31476
Ángela,,Ángela,female,98,757
Kai,Wuhan,Kai,male,96,28964
Yirong,Seoul,Yirong,female,59,17
Kyeong,Germany,Kyeong,male,88,34
Bartlomiej,"Hong Kong",Bartlomiej,male,100,383
Clarence,Hsinchu,Clarence,male,97,8987
Han-Gung,,Han-Gung,male,71,4717
Qiang,,Qiang,male,97,531
Zehavit,Münster,Zehavit,female,93,14
Hendrik,Hunan,Hendrik,male,99,4118
Lin,Pasadena,Lin,female,58,6456
Thomas,,Thomas,male,99,129177
Xianxing,Tianjin,Xianxing,male,75,4
Mao,USA,Mao,male,51,47
Rodrigo,USA,Rodrigo,male,99,1218
Won-Jin,,Won-Jin,male,100,4
Jakob,,Jakob,male,100,7341
Paresh,Kyoto,Paresh,male,100,2013
Tomohiro,Germany,Tomohiro,male,100,4
Johanna,,Johanna,female,98,15895
Abu,Ube,Abu,male,98,7712
Shingo,USA,Shingo,male,100,11
Ricardo,USA,Ricardo,male,99,3487
Brendan,Pune,Brendan,male,99,6341
Anup,Germany,Anup,male,100,5
Inga,Beijing,Inga,female,97,4204
Qi,Daejeon,Qi,male,63,557
Changbum,UK,Changbum,male,100,10
Christopher,USA,Christopher,male,100,26017
Lirui,,Lirui,male,73,11
Andrew,Av,Andrew,male,99,82448
Jose,Japan,Jose,male,98,329
Norihito,,Norihito,male,100,25
C,USA,,,,
Luong,Manchester,Luong,male,67,814
George,Lausanne,George,male,99,63411
Shuguang,UK,Shuguang,male,100,13
Rubén,Glasgow,Rubén,male,99,4550
J,USA,,,,
Edwin,China,Edwin,male,98,123
Jian,UK,Jian,male,89,1215
Yoshihiro,USA,Yoshihiro,male,100,13
Guoqiang,,Guoqiang,male,100,25
Biplab,USA,Biplab,male,100,4
Hui,,Hui,female,52,1684
Nadja,,Nadja,female,98,3728
Benedikt,China,Benedikt,male,75,4
Tongdao,,Tongdao,male,75,4
Holger,USA,Holger,male,100,54
Bill,Netherlands,Bill,male,100,1354
Tatiana,Germany,Tatiana,female,99,246
Hans-Wilhelm,Germany,Hans-Wilhelm,male,100,9
Hartmut,Canada,Hartmut,male,99,1298
Eric,Germany,Eric,male,99,2580
Jan,,Jan,male,92,104026
Yiqun,Australia,Yiqun,female,55,31
Robert,Germany,Robert,male,99,8458
Thomas,Belgium,Thomas,male,99,3328
Anitha,,Anitha,female,98,1687
Alexander,Germany,Alexander,male,98,11884
Edyta,Switzerland,Edyta,female,93,14
Aaron,Germany,Aaron,male,99,479
Thomas,USA,Thomas,male,100,20215
K,China,,,,
Mingyuan,Portugal,Mingyuan,male,88,25
Mohit,China,Mohit,male,100,5
Xiaodong,USA,Xiaodong,male,89,18
John,Switzerland,John,male,99,1369
Andreas,China,Andreas,male,100,46
Yijin,Japan,Yijin,female,92,12
S,Canada,,,,
Mostofa,USA,Mostofa,male,100,3
Bin,Germany,Bin,male,88,60
Edlira,USA,Edlira,female,75,4
Qinghua,Japan,Qinghua,female,52,44
Jun-ichi,Germany,Jun,male,85,52
Leslaw,Canada,Leslaw,male,75,4
Joel,Japan,Joel,male,99,74
Atsuro,,Atsuro,male,75,4
Marina,Germany,Marina,female,98,2981
Ulrich,Singapore,Ulrich,male,98,3912
Zebing,,,,,
Markus,Japan,Markus,male,100,18
Changkun,Germany,Changkun,male,100,7
Eva-Kristina,Germany,Eva,female,98,3240
Dongbing,Austria,,,,
Sarah,China,Sarah,female,100,676
Zhihe,Poland,Zhihe,male,75,4
Ewa,"South Korea",Ewa,male,75,4
Kyung-Ryang,Japan,Kyung,unknown,50,4
Hitoshi,Canada,Hitoshi,male,75,4
Pierre,Denmark,Pierre,male,100,36
Signe,Germany,Signe,female,75,4
Patricia,,Patricia,female,98,88761
Philipp,Germany,Philipp,male,99,5871
Sukalyan,Germany,Sukalyan,male,75,4
Wei,USA,Wei,male,75,391
James,Germany,James,male,98,1248
Marco,Germany,Marco,male,99,12863
Maximilian,Germany,Maximilian,male,98,1949
Verena,Germany,Verena,female,98,1932
Andi,Germany,Andi,male,96,2458
Ralf,USA,Ralf,male,100,101
Theresa,Germany,Theresa,female,97,687
Haruka,UK,Haruka,female,82,478
Jamie,Japan,Jamie,male,56,43
Daichi,China,Daichi,male,75,4
Hua,UK,Hua,male,52,891
Heather,,Heather,female,99,26287
Sébastien,Abu,Sébastien,male,99,18623
Panče,Japan,Panče,male,100,5
Muhammet,China,Muhammet,male,100,4
Fahui,UK,Fahui,male,75,4
Hemant,UK,Hemant,male,100,6358
Laia,Germany,Laia,female,100,9
Jasmin,China,Jasmin,female,87,38
Zhi-Min,,Zhi-Min,male,66,5312
Lingkui,France,,,,
Francis,Canada,Francis,male,99,600
Phillip,USA,Phillip,male,100,4684
Christian,China,Christian,male,100,48300
Mingyao,Switzerland,Mingyao,male,82,11
Florian,Canada,Florian,male,100,53
Adam,China,Adam,male,98,402
Jiang-Fei,Karlsruhe,Jiang-Fei,male,64,1934
Tatjana,Japan,Tatjana,female,98,4967
Yuya,,Yuya,male,85,570
Joice,USA,Joice,female,100,51
Jennifer,Singapore,Jennifer,female,98,169
Zhenhua,USA,Zhenhua,male,92,12
David,USA,David,male,100,65535
Emily,UK,Emily,female,98,36641
James,France,James,male,98,5332
Ricardo,Germany,Ricardo,male,98,1176
M,France,,,,
Ziping,China,Ziping,male,80,5
Qing,UK,Qing,female,58,728
P,USA,,,,
Chen,China,Chen,male,61,2046
Wen-Dao,China,Dao,male,76,37
Bingsen,UK,Bingsen,male,75,4
Elise,Spain,Elise,female,100,37
Ekaterina,China,Ekaterina,female,100,22
Yu,Italy,Yu,male,75,44
Adele,UK,Adele,female,95,4868
Rana,USA,Rana,female,67,307
Hsueh-Ying,USA,Ying,female,85,200
Hong-Tao,Spain,Tao,male,97,37
Enrique,Australia,Enrique,male,100,17
Berwyck,Germany,,,,
Sebastian,Singapore,Sebastian,male,99,101
Yi,China,Yi,male,73,459
Jianming,Australia,Jianming,male,100,46
Lisa,Switzerland,Lisa,female,98,665
Fedor,China,Fedor,male,80,5
Longjiu,USA,Longjiu,male,75,4
Dongran,,,,,
Konstantin,Warsaw,Konstantin,male,99,5001
Marek,Spain,Marek,male,97,121
Estela,Spain,Estela,female,95,2395
Brady,Germany,Brady,male,100,10
Amou,China,Amou,male,73,101
Yinying,Japan,Yinying,female,100,13
Tomoya,Taiwan,Tomoya,male,75,4
Chia-Hung,USA,Hung,male,98,264
Stephen,China,Stephen,male,98,406
Chaoqiu,Germany,,,,
Matthias,Germany,Matthias,male,100,9451
Mohamed,Germany,Mohamed,male,97,1273
Martin,USA,Martin,male,100,5868
Gregory,Canada,Gregory,male,100,319
Xiaoming,"Republic of Korea",Xiaoming,male,83,144
Seonki,UK,Seonki,male,75,4
George,Germany,George,male,97,1386
Chakkumkal,Germany,,,,
Johanna,Germany,Johanna,female,98,1282
Claudia,Spain,Claudia,female,98,6897
Marc,USA,Marc,male,100,6334
Stephen,Denmark,Stephen,male,100,40
Zhao,Deutschland,Zhao,male,68,848
Martin,China,Martin,male,99,466
Yun-Fei,Germany,Yun,female,100,12
Yang,USA,Yang,male,69,340
Xianxing,Singapore,Xianxing,male,75,4
Jiajia,USA,Jiajia,male,57,7
Gabriel,Germany,Gabriel,male,100,860
Grégory,Germany,Grégory,male,100,5
Chandra,USA,Chandra,female,96,4019
Eiji,China,Eiji,male,100,4
Zisong,China,Zisong,male,75,4
Yanbo,Switzerland,Yanbo,male,80,30
Ibai,China,Ibai,male,99,288
Wei,USA,Wei,male,75,391
Lichen,USA,Lichen,male,57,7
Jeffrey,UAE),Jeffrey,male,100,19324
Thirumurugan,Korea,Thirumurugan,male,100,55
Tung,Poland,Tung,male,94,2128
Slawomir,USA,Slawomir,male,100,12
Patrick,Switzerland,Patrick,male,99,3272
Lauren,Singapore,Lauren,female,86,36
Genqiang,,,,,
Molla,UK,Molla,male,85,169
Steven,Canada,Steven,male,99,1236
Pamela,UK,Pamela,female,98,26501
Michal,Germany,Michal,male,97,386
Fabian,China,Fabian,male,95,22
Weiwei,China,Weiwei,female,63,221
An-Hui,Germany,Hui,male,77,47
Jun,Korea,Jun,male,88,6829
Hun,USA,Hun,male,92,13
Mark,Japan,Mark,male,100,48064
Shin,USA,Shin,male,66,82
Xiaoshi,India,Xiaoshi,unknown,50,14
Chandra,Japan,Chandra,male,83,6
Daisuke,Japan,Daisuke,male,100,1249
Gregory,Canada,Gregory,male,100,319
Yonghoon,Germany,Yonghoon,male,100,28
Albrecht,China,Albrecht,male,97,237
Changcheng,Japan,Changcheng,male,100,10
Tsuyoshi,Japan,Tsuyoshi,male,100,399
Shinichi,Singapore,Shinichi,male,67,3
Jian,Japan,Jian,male,100,9
Yoshihiro,China,Yoshihiro,male,75,4
Sifei,USA,Sifei,female,75,4
Oleksandr,Germany,Oleksandr,male,100,22
Ralf,Germany,Ralf,male,99,7883
Georgios,USA,Georgios,male,100,25
Barry,USA,Barry,male,100,3714
Nicholas,Singapore,Nicholas,male,99,353
Yi,Germany,Yi,female,100,15
Oliver,Germany,Oliver,male,99,7903
Seulgi,China,Seulgi,female,81,67
Xianxiu,Germany,,,,
Jakob,Japan,Jakob,male,75,4
Hiroto,China,Hiroto,male,75,4
Junfeng,China,Junfeng,male,89,27
Chuancheng,Germany,Chuancheng,male,75,4
Alain,Germany,Alain,male,100,241
Alexander,USA,Alexander,male,100,6939
Linjie,Israel,Linjie,male,71,21
Tamar,Canada,Tamar,female,94,16
Jinyue,China,Jinyue,female,100,5
Hui,France,Hui,male,53,75
Ricardo,India,Ricardo,male,98,52
Atchutarao,USA,Atchutarao,male,75,4
Njamkou,Japan,,,,
Hidetaka,Japan,Hidetaka,male,100,64
Hiroyuki,France,Hiroyuki,male,75,4
Alejandro,China,Alejandro,male,95,43
Tang-Lin,USA,Lin,female,73,465
Chao,China,Chao,male,88,554
Wangsheng,Canada,Wangsheng,male,75,4
Adam,Germany,Adam,male,98,1662
Dongbing,USA,,,,
Philippe,USA,Philippe,male,100,410
Qingliang,Gemany,Qingliang,male,100,4
Cathérine,Switzerland,Cathérine,female,98,112
Weiping,Germany,Weiping,unknown,50,2
Heike,USA,Heike,female,96,46
Manibarsha,China,,,,
Guangxun,,Guangxun,male,100,7
Nozhat,USA,Nozhat,female,100,4
Xiang,USA,Xiang,male,83,60
Man-Rong,France,Man,male,89,871
Sophie,China,Sophie,female,99,514
Kai,China,Kai,male,95,430
Chong,France,Chong,male,56,9
Valérie,China,Valérie,female,75,4
Hao,China,Hao,male,89,723
Chun-Peng,Japan,Peng,male,75,16
Cuiling,USA,Cuiling,female,100,10
Shengwen,Germany,Shengwen,male,88,8
Maxime,Japan,Maxime,male,100,6
Yasuhiro,China,Yasuhiro,male,100,455
Yanhui,China,Yanhui,male,63,19
Tianfeng,China,Tianfeng,male,75,4
Huan,China,Huan,male,60,190
Hong-Kui,Japan,Hong,male,68,22
Kazukuni,Australia,Kazukuni,male,75,4
Nicholas,Germany,Nicholas,male,99,141
Liang-Qiu,Spain,Liang,male,79,14
Natalia,Japan,Natalia,female,97,65
Noriyoshi,USA,Noriyoshi,male,75,4
Su,Japan,Su,female,52,60
Kento,Switzerland,Kento,male,99,244
Fabrizio,France,Fabrizio,male,98,223
Katarzyna,Israel,Katarzyna,female,98,28597
Peter,USA,Peter,male,100,15502
Yong,Germany,Yong,male,75,12
Christoph,Singapore,Christoph,male,100,5
Kah,Germany,Kah,male,57,7
Daniela,USA,Daniela,female,95,1832
Xing,Germany,Xing,male,83,6
Emanuel,Japan,Emanuel,male,100,14
Tomoki,USA,Tomoki,male,100,14
Tyler,Taiwan,Tyler,male,100,21
Wan-Yu,Australia,Wan,male,70,10
Athanasios,Netherlands,Athanasios,male,75,4
Koen,Japan,Koen,male,75,4
Shohei,Germany,Shohei,male,100,309
Nuria,Germany,Nuria,female,96,24
Mareike,USA,Mareike,female,100,4
Susumu,France,Susumu,male,98,170
Xuan-Anh,Germany,Xuan,male,79,19
Waldemar,Japan,Waldemar,male,67,3
Shigeru,Taiwan,Shigeru,male,100,216
Chieh-Ning,Germany,Ning,female,58,12
Qiang,UK,Qiang,male,97,531
Jeanne,Japan,Jeanne,female,100,4
Tomokatsu,Germany,Tomokatsu,male,100,8
Leandro,USA,Leandro,male,100,2889
Yannian,USA,,,,
Matthew,USA,Matthew,male,100,30646
Matthew,Japan,Matthew,male,100,136
Taichi,Germany,Taichi,male,75,4
Arindam,Singapore,Arindam,male,100,5
Zugui,Germany,,,,
Kiran,USA,Kiran,male,71,421
Xiaonan,UK,Xiaonan,female,51,39
Richard,USA,Richard,male,100,24609
Youliang,Japan,Youliang,male,89,9
Shinji,Germany,Shinji,male,100,7
Maria,China,Maria,female,97,287
Feng,France,Feng,male,83,41
Haoquan,Italy,Haoquan,male,75,4
Grégory,China,Grégory,male,75,4
Xiaoqing,China,Xiaoqing,female,74,50
Xiaolan,Korea,Xiaolan,female,86,44
Kwangmin,USA,Kwangmin,female,75,4
Hun,,Hun,male,87,557
Qingyuan,Japan,Qingyuan,male,79,19
Junichiro,Switzerland,Junichiro,male,100,52
Amol,USA,Amol,male,98,94
Won,China,Won,male,80,20
Wei,UK,Wei,male,73,4003
Graeme,Germany,Graeme,male,100,10
Eliot,China,Eliot,male,92,12
Xiaoming,Australia,Xiaoming,male,75,4
Mark,Canada,Mark,male,100,48064
James,Japan,James,male,98,379
Akira,USA,Akira,female,98,5084
Kyle,China,Kyle,male,99,215
Tony,USA,Tony,male,100,14946
Senzhi,Germany,,,,
Henry,Korea,Henry,male,99,32139
Minah,Germany,Minah,female,75,4
Gebhard,India,Gebhard,male,99,89
Goutam,UK,Goutam,male,100,1010
Anthony,Switzerland,Anthony,male,99,405
Tanguy,USA,Tanguy,male,91,11
Xiao,UK,Xiao,male,53,1772
Esther,UK,Esther,female,98,27258
N,USA,,,,
Jennifer,USA,Jennifer,female,99,41490
Peng,China,Peng,male,85,704
Yuwen,Brazil,Yuwen,female,63,72
Guilherme,Korea,Guilherme,male,99,13379
Siddharth,UK,Siddharth,male,100,6001
Mireia,China,Mireia,female,98,3080
Gaocan,ROC,,,,
Yu-De,Ireland,De,male,67,6
Ajay,UK,Ajay,male,100,20729
Alastair,France,Alastair,male,100,9
Florent,Spain,Florent,male,100,37
Xavier,UK,Xavier,male,99,27038
Alastair,USA,Alastair,male,100,70
Kedar,Netherlands,Kedar,male,99,1122
Manuel,China,Manuel,male,99,68
Xiao-Hui,USA,Xiao,male,62,138
Kyoung,Japan,Kyoung,male,80,121
Kohei,Austria,Kohei,male,100,401
Sonja,Singapore,Sonja,female,75,4
Li,China,Li,male,68,1023
Min,China,Min,female,56,572
Long,Japan,Long,male,100,89
Hiroki,China,Hiroki,male,100,7
Gang,USA,,,,
Evgueni,China,Evgueni,male,100,52
Zuxiao,USA,,,,
Rebecca,France,Rebecca,female,97,1371
Jun,China,Jun,male,83,1190
Chunhua,Spain,Chunhua,female,84,70
Laura,USA,Laura,female,99,21696
Shaojun,China,Shaojun,male,77,13
Xuemei,Canada,Xuemei,female,100,3
Lindsay,Germany,Lindsay,female,96,46
Johannes,USA,Johannes,male,99,135
Xiaocun,Singapore,Xiaocun,male,75,4
Junming,USA,Junming,male,75,4
Hunter,Germany,Hunter,male,100,15629
Friederike,USA,Friederike,female,100,4
Li-Wei,Spain,Wei,male,82,33
Maria,Switzerland,Maria,female,98,1788
Andreas,China,Andreas,male,100,46
Dik-Lung,China,Dik,male,100,3
Li,France,Li,female,66,302
Faustine,Germany,Faustine,female,75,4
Severin,USA,Severin,male,97,29
David,Japan,David,male,100,604
Kohei,Japan,Kohei,male,99,359
Hiromichi,Singapore,Hiromichi,male,98,63
Wen,Japan,Wen,male,61,23
Yu,Israel,Yu,male,100,3
Alina,Taiwan,Alina,female,97,36
Samir,"Republic of Korea",Samir,male,98,46586
Young-Woock,USA,Young,male,100,51
Nalinikanth,Germany,Nalinikanth,male,75,4
Jeong,China,Jeong,male,62,13
Jing,USA,Jing,female,76,249
Sumit,Germany,Sumit,male,100,17
Srinivas,Japan,Srinivas,male,100,5
Tsukuru,Japan,Tsukuru,male,100,4
Junpei,Singapore,Junpei,male,75,4
Yongqiang,China,Yongqiang,male,100,19
Tao,USA,Tao,male,90,147
Linh,China,Linh,female,61,85
Zilong,Germany,Zilong,male,97,34
Changzhun,Spain,,,,
Ana,Canada,Ana,female,97,247
Julie,France,Julie,female,97,34461
Maximilian,Spain,Maximilian,male,100,22
Iker,Japan,Iker,male,75,4
Shuhei,USA,Shuhei,male,100,8
Nicholas,Germany,Nicholas,male,99,141
Christoph,China,Christoph,male,100,7
Guoqiang,Germany,Guoqiang,male,100,25
Sebastian,China,Sebastian,male,96,67
Yu,China,Yu,male,73,664
Wei,Netherlands,Wei,male,67,3
Tjøstil,USA,,,,
Igor,Singapore,Igor,male,100,6
Zhengqiu,Canada,Zhengqiu,male,75,4
Fletcher,USA,Fletcher,male,100,2367
Senmiao,Korea,,,,
Hye,China,Hye,female,90,10
Hengquan,Singapore,Hengquan,male,75,4
Colin,Japan,Colin,male,100,19
Kenji,Germany,Kenji,male,100,17
Lars,China,Lars,male,100,27
Hui-Hui,USA,Hui,female,51,102
Rene,Serbia,Rene,unknown,50,2
Aleksandar,France,Aleksandar,male,97,74
Matthieu,Spain,Matthieu,male,100,37
M,India,,,,
Santosh,Australia,Santosh,male,97,38
Ahmad,Japan,Ahmad,male,98,55
Itaru,Germany,Itaru,male,100,35
Marcus,Germany,Marcus,male,99,4940
Isabelle,UK,Isabelle,female,99,85994
James,China,James,male,98,1570
Fangzhi,Germany,Fangzhi,female,75,4
Georg,Germany,Georg,male,99,2436
Seraphine,UK,Seraphine,female,94,259
David,USA,David,male,100,65535
Tae,Germany,Tae,female,75,4
Thorsten,Canada,Thorsten,male,100,6
Paul,China,Paul,male,99,805
Tianli,Japan,Tianli,male,75,16
Kojirou,Japan,,,,
Akihiko,Italy,Akihiko,male,97,182
Carmen,Switzerland,Carmen,female,98,578
Pradip,Germany,Pradip,male,75,4
Thomas,China,Thomas,male,99,449
Shuling,USA,Shuling,female,100,3
Brandon,India,Brandon,male,97,64
Krishna,Israel,Krishna,male,100,3
Arunava,Germany,Arunava,male,75,4
Stefan,France,Stefan,male,98,720
Angie,China,Angie,female,97,100
Wei,Belgium,Wei,male,57,7
Simon,USA,Simon,male,99,2413
Zhan,Netherlands,Zhan,male,75,4
Federico,France,Federico,male,99,142
Maxime,Austria,Maxime,male,88,8
N,China,,,,
Zhiliang,Germany,Zhiliang,male,94,17
Philipp,Spain,Philipp,male,100,35
Sergio,USA,Sergio,male,100,2671
Beni,Germany,Beni,male,97,413
Pierre-Yves,Japan,Pierre,male,95,43
Junya,USA,Junya,male,90,10
Justin,USA,Justin,male,100,25338
Chaenyung,USA,,,,
Wenzhao,Japan,Wenzhao,male,100,7
Masaki,Germany,Masaki,male,100,5
Yun,Germany,Yun,female,100,12
Subramanyan,Switzerland,Subramanyan,male,100,10
Robert,USA,Robert,male,100,43118
Binod,USA,Binod,male,100,25
Christopher,Japan,Christopher,male,100,127
Liang,Canada,Liang,male,88,16
Juan,USA,Juan,male,99,7532
David,Japan,David,male,100,604
Zhaoli,México,Zhaoli,male,83,6
Unnamatla,Germany,Unnamatla,male,75,4
André,USA,André,male,99,251
Yongzhu,France,Yongzhu,male,89,9
Zhongrui,Germany,Zhongrui,male,100,3
Felix,USA,Felix,male,99,1537
Jiajing,Japan,Jiajing,female,68,25
Tetsu,India,Tetsu,male,99,233
Anusuya,Japan,Anusuya,female,95,120
Shinya,Singapore,Shinya,male,75,4
Nam-Young,Japan,Nam,male,80,20
Naoko,China,Naoko,female,100,5
Zhibin,Germany,Zhibin,male,98,45
Stefan,USA,Stefan,male,100,1196
Yunyun,China,Yunyun,female,85,33
Shaohua,China,Shaohua,male,78,36
Guoqing,Japan,Guoqing,male,97,34
Takahiro,UK,Takahiro,male,99,917
Hong-Ying,Germany,Ying,female,71,34
Wei,China,Wei,male,76,1859
Xiao-Jie,USA,Xiao,male,62,138
Min,Canada,Min,male,55,38
S,Switzerland,,,,
James,China,James,male,98,1570
Xiaowu,Spain,Xiaowu,male,81,21
Virginia,Japan,Virginia,female,100,17
Kenji,Germany,Kenji,male,100,17
Alexander,Japan,Alexander,male,100,115
Yukikazu,USA,Yukikazu,male,100,3
Jonathan,Switzerland,Jonathan,male,99,583
Samanta,UK,Samanta,female,97,4218
Andrey,Japan,Andrey,male,100,18
Sabapathi,Germany,Sabapathi,male,100,10
Klaus,China,Klaus,male,100,23
Zhiguang,China,Zhiguang,male,100,5
Qingquan,France,Qingquan,male,100,5
Philippe,China,Philippe,male,98,85
Liang,France,Liang,male,62,29
Trevor,China,Trevor,male,95,41
Wen,China,Wen,female,52,563
Jian-Ke,Japan,Jian,male,100,9
Yusuke,USA,Yusuke,male,100,39
Jing,USA,Jing,female,76,249
Yi,Germany,Yi,female,100,15
Jordi,USA,Jordi,male,87,158
Corey,Sweden,Corey,male,100,4
Youqian,UK,Youqian,male,75,4
Sergey,Israel,Sergey,male,99,294
Ezequiel,UK,Ezequiel,male,100,6449
Jianjun,China,Jianjun,male,98,54
Yang,USA,Yang,male,69,340
Taehyung,USA,Taehyung,male,100,4
David,USA,David,male,100,65535
Noa,USA,Noa,female,74,118
Andrew,Germany,Andrew,male,99,574
Martin,USA,Martin,male,100,5868
Hosea,China,Hosea,unknown,50,2
Wai-Pong,China,Wai,male,82,34
Zhaobin,USA,Zhaobin,male,83,6
Tao,Germany,Tao,male,91,33
Tanja,Germany,Tanja,female,98,7261
Robert,USA,Robert,male,100,43118
Zhengxu,Japan,Zhengxu,male,100,3
Yu,China,Yu,male,73,664
Long,Switzerland,Long,male,100,89
Gregor,USA,Gregor,male,100,91
Irem,Japan,Irem,female,75,4
Takayoshi,Italy,Takayoshi,male,100,93
Daniele,Japan,Daniele,female,71,34
Shigeru,Taiwan,Shigeru,male,100,216
Ying-Chiao,USA,Ying,female,85,200
Jing,Germany,Jing,female,81,36
Michael,Netherlands,Michael,male,98,4003
Bo,Germany,Bo,male,91,178
Patrizia,Germany,Patrizia,female,97,383
Bizan,USA,Bizan,male,100,5
Kurt,Japan,Kurt,male,93,14
Lequan,USA,Lequan,male,80,10
Stephen,Spain,Stephen,male,96,188
Morgane,Japan,Morgane,female,75,4
Shinsuke,Switzerland,Shinsuke,male,100,155
Yifan,Germany,Yifan,male,75,8
Christoph,USA,Christoph,male,100,156
Dong-Liang,Singapore,Dong,male,89,19
Zhong-Xing,Germany,Xing,male,83,6
Gabriel,China,Gabriel,male,95,130
Dongxu,Italy,Dongxu,male,100,28
Paolo,USA,Paolo,male,99,430
Xiao-Chun,China,Chun,male,61,148
Wei,Spain,Wei,male,82,33
Victoria,Germany,Victoria,female,97,550
Thomas,Australia,Thomas,male,100,779
Joseph,Australia,Joseph,male,100,431
Brian,Germany,Brian,male,98,638
Weifeng,Germany,Weifeng,male,88,40
Anis,Germany,Anis,male,96,186
Torsten,China,Torsten,male,100,3
Lv,France,Lv,male,93,14
Asma,Turkey,Asma,female,54,24
Mehmet,Spain,Mehmet,male,89,55
Hélio,USA,Hélio,male,99,863
Wei,UK,Wei,male,73,4003
Umar,Sweden,Umar,male,100,10
Anna,Ukraine,Anna,female,99,3457
Anton,China,Anton,male,98,46
Bo,Japan,Bo,male,92,12
Reiko,USA,Reiko,female,77,52
Birju,Germany,Birju,male,98,129
Maged,USA,Maged,male,100,58
Yu,Japan,Yu,male,75,711
Takanori,USA,Takanori,male,100,10
Yanfeng,China,Yanfeng,male,80,25
Jianquan,Japan,Jianquan,male,100,3
Chuanxia,UK,Chuanxia,male,67,3
Stephen,China,Stephen,male,98,406
Danqing,Japan,Danqing,female,58,12
Osami,Germany,Osami,male,75,12
Michal,China,Michal,male,89,18
Yongju,Israel,Yongju,male,83,24
Silvia,China,Silvia,female,98,117
Jiangyan,Italy,Jiangyan,female,75,4
Zois,Japan,Zois,male,98,55
Kohei,USA,Kohei,male,100,9
Kira,Japan,Kira,male,57,56
Kazuhiko,UK,Kazuhiko,male,99,192
Jonathon,Germany,Jonathon,male,100,10
Florian,USA,Florian,male,99,159
Yu-Chun,Germany,Yu,male,52,60
Davide,Germany,Davide,male,100,376
Indre,France,Indre,female,75,4
Guilhem,Germany,Guilhem,male,98,523
Nico,Germany,Nico,male,98,5061
Chao,USA,Chao,male,91,112
Jikun,China,Jikun,male,100,4
Tian,Japan,Tian,male,83,12
Takanori,France,Takanori,female,75,4
Phuc,USA,Phuc,male,90,52
Kegong,Singapore,,,,
Mukesh,USA,Mukesh,male,100,120
Robert,China,Robert,male,98,503
Sha-Sha,Germany,Sha,female,61,33
Michaela,China,Michaela,female,90,10
Wei,Korea,Wei,male,73,4003
Narae,China,Narae,female,75,4
Meng,Japan,Meng,male,63,8
Hiroyasu,Japan,Hiroyasu,male,100,54
David,Germany,David,male,99,10714
Arina,USA,Arina,female,100,30
Olesia,Germany,Olesia,female,100,11
Henrike,Spain,Henrike,male,100,3
Maria,China,Maria,female,97,287
Gang,Japan,,,,
Akihiro,USA,Akihiro,male,100,9
Tomohiro,Singapore,Tomohiro,male,75,4
Siew-Peng,Japan,Peng,male,75,16
Manabu,Germany,Manabu,male,75,4
Anis,Germany,Anis,male,96,186
Alberto,China,Alberto,male,98,62
Haibin,China,Haibin,male,91,35
Gernot,Switzerland,Gernot,male,75,4
Natalia,USA,Natalia,female,99,1455
Rachel,UK,Rachel,female,98,41104
Samuel,Japan,Samuel,male,99,93
Tetsuya,Israel,Tetsuya,male,98,570
Julia,Germany,Julia,female,98,8793
Robert,Sweden,Robert,male,99,2879
Guangning,USA,Guangning,male,75,4
Barry,Spain,Barry,male,95,155
Alicia,Germany,Alicia,female,98,350
Falko,France,Falko,male,100,12
Loïc,Spain,Loïc,male,100,12
Judit,Germany,Judit,female,99,79
Wolfgang,Netherlands,Wolfgang,male,97,38
Javier,Japan,Javier,male,99,93
Haijun,Japan,Haijun,male,96,46
Le,Italy,Le,male,57,203
Damiano,Italy,Damiano,male,99,3985
Moana,Germany,Moana,female,100,13
Lei,"South Korea",Lei,male,78,9
K,USA,,,,
Wei,USA,Wei,male,75,391
Xiaoqing,Sweden,Xiaoqing,female,80,79
Nanna,Korea,Nanna,female,93,730
Hyungki,China,Hyungki,male,100,7
Guixia,Japan,,,,
Kei,China,Kei,male,56,27
Lei,Germany,Lei,male,57,37
Daniel,Germany,Daniel,male,99,22784
Lutz,China,Lutz,male,100,4
Hui,China,Hui,male,54,700
Feng,Germany,Feng,male,60,15
Larysa,Germany,Larysa,female,100,13
Michael,Germany,Michael,male,100,30913
Eva,USA,Eva,female,99,2294
Ly,Singapore,Ly,unknown,50,6
Jun,China,Jun,male,83,1190
Rongwen,Switzerland,Rongwen,female,75,4
Christian,Korea,Christian,male,100,48300
Min,China,Min,female,56,572
Xueyang,USA,Xueyang,unknown,50,2
Adel,Singapore,Adel,female,86,14
Zhiyan,Germany,Zhiyan,female,75,4
Gaëlle,UK,Gaëlle,female,97,2333
Dougal,USA,Dougal,male,100,11
Carolyn,Spain,Carolyn,female,100,35
Jesús,Germany,Jesús,male,100,14
Oliviana,Japan,Oliviana,female,100,14
Takato,Germany,Takato,male,100,39
Lutz,Germany,Lutz,male,99,1566
Michael,USA,Michael,male,100,65535
Lichen,UK,Lichen,unknown,50,32
Beatrice,Germany,Beatrice,female,98,1152
Elisabeth,China,Elisabeth,female,96,27
Qingge,USA,Qingge,male,75,4
Matthew,China,Matthew,male,100,209
Song,Switzerland,Song,male,100,74
Thomas,China,Thomas,male,99,449
Li-Hui,USA,Hui,female,51,102
Jianbin,Germany,Jianbin,male,75,4
Frauke,Germany,Frauke,female,97,449
Alexander,Japan,Alexander,male,100,115
Yutaro,USA,Yutaro,male,100,7
Nina,China,Nina,female,98,265
Ziwei,China,Ziwei,male,53,34
Yuepeng,Japan,Yuepeng,male,75,4
Masaki,USA,Masaki,male,96,23
Timothy,UK,Timothy,male,99,15778
Chompoonik,China,Chompoonik,female,75,4
Guizhi,Germany,Guizhi,male,75,4
Benjamin,Australia,Benjamin,male,100,493
Haiyin,Japan,Haiyin,unknown,50,10
Hiroyuki,USA,Hiroyuki,male,100,26
Phaneendrasai,China,,,,
Chunxi,USA,Chunxi,male,78,9
Evangelos,France,Evangelos,male,75,4
Amandine,China,Amandine,female,100,9
Zhao,France,Zhao,male,55,22
Vincent,Korea,Vincent,male,99,58501
Tung,Australia,Tung,male,100,5
Muhammad,China,Muhammad,male,100,95
Li-na,USA,Na,female,66,95
Steven,UK,Steven,male,99,59951
Samuel,China,Samuel,male,97,291
Mingsheng,USA,Mingsheng,male,67,3
Ethan,China,Ethan,male,97,210
Chengming,China,Chengming,male,100,7
Zhi-Tao,Germany,Zhi,male,100,5
Sebastian,Canada,Sebastian,male,98,195
Harald,UK,Harald,male,99,4998
Neil,Japan,Neil,male,100,26
Masashi,Germany,Masashi,male,75,4
Herbert,USA,Herbert,male,100,4471
Hua,Spain,Hua,male,100,6
Juan,Netherlands,Juan,male,98,362
Jia,Germany,Jia,female,72,18
Zhuangzhi,Japan,,,,
Chisato,Germany,Chisato,female,75,4
Tobias,Germany,Tobias,male,100,9929
Gheorghe-Doru,China,Gheorghe-Doru,male,96,2818
Pengfei,Spain,Pengfei,male,100,4
Xu,Japan,Xu,male,73,11
Kazuya,USA,Kazuya,male,92,13
James,Switzerland,James,male,98,633
Julian,India,Julian,male,93,92
Mousumi,Switzerland,Mousumi,female,99,480
Kim,Japan,Kim,female,51,244
Soda,Germany,Soda,unknown,50,4
Rongjin,USA,Rongjin,male,100,3
Ceren,Germany,Ceren,female,96,215
Martin,Germany,Martin,male,99,14619
Sarah,Croatia,Sarah,female,100,20
Krunoslav,China,Krunoslav,male,100,158
Shanshan,Germany,Shanshan,female,60,5
Subrata,China,Subrata,male,75,4
Hongjie,Israel,Hongjie,male,69,29
Pierre-Olivier,Germany,Olivier,male,100,171
Melanie,Germany,Melanie,female,98,8557
Mike,Japan,Mike,male,97,279
Taichi,USA,Taichi,male,93,15
Zaifang,Japan,Zaifang,male,75,4
Tamaki,Singapore,Tamaki,unknown,50,2
Jing,Japan,Jing,female,64,25
Ken,Germany,Ken,male,98,411
Steffen,Germany,Steffen,male,99,5356
Matteo,USA,Matteo,male,100,5513
Haiyan,USA,Haiyan,female,100,12
Scott,Italy,Scott,male,98,120
Francesca,USA,Francesca,female,99,7161
Li-Mei,UK,Li-Mei,female,66,6507
Michael,China,Michael,male,99,1989
Yufen,USA,Yufen,female,83,18
Gengjie,China,,,,
Ibrayim,China,Ibrayim,male,100,8
Tianjun,Japan,Tianjun,male,100,6
Yoshitsune,Germany,Yoshitsune,male,100,5
Shabana,Spain,Shabana,female,97,561
Juan,Japan,Juan,male,96,224
Kunihiko,China,Kunihiko,male,97,67
Yan,Japan,Yan,male,67,49
Yusuke,Japan,Yusuke,male,100,1088
Wataru,USA,Wataru,male,100,5
Michael,UK,Michael,male,99,211741
Celia,Australia,Celia,female,100,25
Samuel,China,Samuel,male,97,291
Yong,China,Yong,male,95,502
Pengfei,Germany,Pengfei,male,100,3
Durga,China,Durga,male,100,3
Yunpeng,China,Yunpeng,male,100,14
Zhuolei,USA,,,,
Kumudu,Spain,Kumudu,female,67,3
Inés,Germany,Inés,female,94,17
Christine,"Republic of Korea",Christine,female,98,55857
Eunjoo,Germany,Eunjoo,female,97,70
Timur,Germany,Timur,male,98,399
Honggen,USA,Honggen,male,75,4
J,Singapore,,,,
Dingyi,China,Dingyi,male,88,8
Huan,Spain,Huan,male,100,24
Nuria,UK,Nuria,female,98,10613
David,France,David,male,98,65535
Etienne,USA,Etienne,male,93,105
Daniel,Germany,Daniel,male,99,22784
Dimitri,Germany,Dimitri,male,100,360
Zhuangzhi,USA,,,,
Zong-Hong,USA,Zong,male,78,9
Joshua,USA,Joshua,male,100,20095
Nick,France,Nick,male,96,690
Ricardo,UK,Ricardo,male,99,70541
Henry,Germany,Henry,male,99,1097
Susanne,USA,Susanne,female,99,452
Anthony,USA,Anthony,male,100,21929
Christopher,India,Christopher,male,100,429
Jayanta,France,Jayanta,male,75,4
Hiroki,China,Hiroki,male,100,7
Biao,Germany,Biao,male,75,4
Matthias,Germany,Matthias,male,100,9451
Crispin,China,Crispin,male,75,4
Yong,Germany,Yong,male,75,12
Yuehui,Germany,Yuehui,male,63,8
Steffen,USA,Steffen,male,100,91
Alexander,USA,Alexander,male,100,6939
Alex,China,Alex,male,96,2005
Jun,Japan,Jun,male,93,1455
Wataru,Canada,Wataru,male,75,4
Jia-Sheng,China,Sheng,male,91,230
Feng,USA,Feng,male,84,104
Luis,India,Luis,male,98,66
Ganesh,UK,Ganesh,male,100,10896
Wen-Wu,Israel,Wen-Wu,male,53,3150
Assaf,USA,Assaf,male,100,29
Li-Chiang,Germany,Li,female,75,212
Mareen,China,Mareen,female,97,201
Tao,China,Tao,male,89,751
Fu-Lai,USA,Fu,male,67,21
Krishnan,Japan,Krishnan,male,99,884
Akira,China,Akira,male,68,53
Yongxing,USA,Yongxing,male,100,5
Valer,France,Valer,male,85,33
Hubert,China,Hubert,male,100,34
Xiaohong,USA,Xiaohong,female,71,7
Xinping,China,Xinping,male,83,6
Gang,Netherlands,,,,
Robert,Germany,Robert,male,99,8458
Matthias,Germany,Matthias,male,100,9451
Alexander,Belgium,Alexander,male,99,393
An,China,An,male,66,109
Yi-Chao,China,Chao,male,88,554
Guangjun,USA,Guangjun,male,75,4
José,USA,José,male,99,355
Abhishek,USA,Abhishek,male,100,460
Fanke,Japan,Fanke,male,67,3
Eishiro,Finland,Eishiro,male,100,3
Roshan,China,Roshan,male,67,6
Ligang,Germany,Ligang,male,100,30
Xaver,Singapore,Xaver,male,92,285
Zhiyan,Japan,Zhiyan,female,87,31
Naoya,"Republic of Korea",Naoya,male,100,353
Sangsik,UK,Sangsik,male,100,10
Hamish,Germany,Hamish,male,100,3
Eva,China,Eva,female,98,631
Xiucong,Germany,,,,
Yijun,Canada,Yijun,male,59,69
Saurabh,China,Saurabh,male,100,12
Min,USA,Min,male,56,258
Amy,Germany,Amy,female,97,346
Yaming,UK,Yaming,male,64,22
Barbara,USA,Barbara,female,99,10328
Ryan,France,Ryan,male,98,1573
Zi,USA,Zi,male,57,42
Gert,Japan,Gert,male,75,4
Tatsuya,Canada,Tatsuya,male,75,4
Kui,USA,Kui,male,79,14
Igor,Germany,Igor,male,99,768
Olesya,India,Olesya,female,98,1354
Malleswara,Germany,Malleswara,male,100,16
Heike,USA,Heike,female,96,46
Eric,Switzerland,Eric,male,99,1023
David,China,David,male,99,2917
Yizhan,Germany,Yizhan,male,75,4
Xin-Hao,France,Hao,male,85,46
Faycal,Switzerland,Faycal,male,98,1972
Cyrille,Germany,Cyrille,male,96,26
Andreas,Germany,Andreas,male,99,21215
Xianjie,Germany,Xianjie,male,75,4
Arnab,China,Arnab,male,75,4
Dong,Poland,Dong,male,75,4
Jan,Germany,Jan,male,99,10566
Maria,USA,Maria,female,98,14223
Guilong,Germany,,,,
Fabian,USA,Fabian,male,100,9416
Jae-Hyun,Germany,Jae,male,73,11
Ji,Japan,Ji,male,64,14
Yoichiro,China,Yoichiro,male,100,52
Yunxin,China,Yunxin,unknown,50,4
Zhi-Li,China,Zhi,male,80,154
Chun-Hao,USA,Hao,male,91,219
Megan,Germany,Megan,female,96,90
Christopher,USA,Christopher,male,100,26017
Julia,Germany,Julia,female,98,8793
Hannes,Germany,Hannes,male,99,1213
Moritz,China,Moritz,male,75,4
Jiangfeng,UK,Jiangfeng,male,88,8
Daniel,Germany,Daniel,male,99,22784
Denise,Germany,Denise,female,98,2651
Lukas,Germany,Lukas,male,100,3730
Albena,China,Albena,female,97,255
Qitang,Germany,,,,
Martin,Sweden,Martin,male,99,4478
Maria,Japan,Maria,female,98,428
Bing-Tao,Japan,Tao,male,81,31
Mayuko,Switzerland,Mayuko,female,97,109
Christian,China,Christian,male,100,48300
Dong,Israel,Dong,male,75,4
Sudheendran,China,Sudheendran,male,100,9
Xiaodong,China,Xiaodong,male,94,108
Shengxiong,China,Shengxiong,male,75,4
Xiuyun,Belgium,Xiuyun,female,88,8
Truong,Japan,Truong,male,75,4
Manabu,USA,Manabu,male,100,14
P,France,,,,
Ayham,USA,Ayham,male,100,19
Andrew,USA,Andrew,male,100,34858
Benjamin,Canada,Benjamin,male,100,548
Javix,China,Javix,male,100,13
Guodu,USA,,,,
Barry,UK,Barry,male,98,13520
Lydia,China,Lydia,female,100,234
Hai,China,Hai,male,85,184
Qiang,Singapore,Qiang,male,88,8
Bao,China,Bao,male,62,133
Jianan,UK,Jianan,male,70,30
Qiang,USA,Qiang,male,95,40
Jie,Sweden,Jie,female,100,5
Markus,UK,Markus,male,99,30782
Ewa,Germany,Ewa,female,98,644
Daniel,USA,Daniel,male,100,35866
Jin-Oh,Germany,Oh,male,71,28
Matthias,USA,Matthias,male,100,3407
Ryan,China,Ryan,male,97,607
Zeqian,Spain,Zeqian,male,75,4
Munish,China,Munish,male,99,906
Baoguo,UK,Baoguo,male,100,6
Zhe,China,Zhe,male,86,258
Jiliang,Japan,Jiliang,male,100,7
Shogo,USA,Shogo,male,100,6
Rui,Sweden,Rui,male,91,11
Tamara,USA,Tamara,female,98,3209
Stanley,Germany,Stanley,male,97,134
Christian,Israel,Christian,male,100,48300
Dipankar,Japan,Dipankar,male,100,1261
Daisuke,Australia,Daisuke,male,100,3
Samuel,Germany,Samuel,male,99,706
Stefan,USA,Stefan,male,100,1196
Chengyi,Germany,Chengyi,male,63,19
Andrea,Germany,Andrea,female,84,10166
Jens,China,Jens,male,100,16
Junkai,Switzerland,Junkai,male,100,17
Daniela,China,Daniela,female,100,40
Zheng-Yong,ROC,Zheng-Yong,male,84,3144
Satish,China,Satish,male,100,9
Le,Germany,Le,male,67,186
Silke,USA,Silke,female,97,33
Anthony,China,Anthony,male,99,278
Yang,USA,Yang,male,69,340
Nan,China,Nan,male,62,336
Yaqing,USA,Yaqing,unknown,50,2
Qianghui,USA,,,,
Yuan,Japan,Yuan,male,71,14
Tomohiro,China,Tomohiro,male,75,4
Hao,China,Hao,male,89,723
Hai-Na,Israel,Hai,male,94,18
Kevin,France,Kevin,male,99,33611
Nagendar,Switzerland,Nagendar,male,97,33
Philipp,Australia,Philipp,male,100,15
Ling,Germany,Ling,female,78,27
Per,Netherlands,Per,male,91,35
V,Germany,,,,
Yun,India,Yun,male,75,4
Damodara,USA,Damodara,male,75,4
Nur,Italy,Nur,male,62,42
Valeria,Australia,Valeria,female,100,19
Robert,UK,Robert,male,99,145540
Vinh,Canada,Vinh,male,100,12
Pramodh,Germany,Pramodh,male,100,155
Tobias,USA,Tobias,male,100,2610
Alexander,Germany,Alexander,male,98,11884
Hans,USA,Hans,male,99,791
Mao,China,Mao,male,61,157
Sanjun,China,Sanjun,male,75,4
Shoujun,USA,Shoujun,male,75,4
Matthew,China,Matthew,male,100,209
Fahui,USA,Fahui,male,75,4
Nils-Alexander,Japan,Alexander,male,100,115
Seiji,Canada,Seiji,male,75,4
Qingye,France,Qingye,male,75,4
Ghislaine,Japan,Ghislaine,female,97,4105
Shunpei,Netherlands,Shunpei,male,100,14
Joost,Switzerland,Joost,male,100,5
Jacques-Alexis,UK,Jacques-Alexis,male,86,54638
Andrew,Sweden,Andrew,male,99,111
Shujie,China,Shujie,female,80,5
Ji-Jing,USA,Jing,female,76,249
Bennett,Australia,Bennett,male,100,7
Alex,USA,Alex,male,89,28322
Johnathan,Netherlands,Johnathan,male,100,9
Lingxiang,UK,Lingxiang,male,67,3
Salvatore,Spain,Salvatore,male,97,195
María,Japan,María,female,88,8
Tomoya,USA,Tomoya,male,100,15
Mukund,China,Mukund,male,100,933
Ya-Min,USA,Min,male,56,258
Yongming,Japan,Yongming,male,96,27
Yuko,France,Yuko,female,77,13
Charlène,UK,Charlène,female,97,2720
Anaëlle,Korea,Anaëlle,female,97,275
Xinhui,Germany,Xinhui,female,63,27
Marvin,USA,Marvin,male,99,1954
Deepankar,Germany,Deepankar,male,100,377
Sørge,Japan,Sorge,male,67,12
Takahiro,Japan,Takahiro,male,99,846
Hiromichi,USA,Hiromichi,male,100,4
Jean-Marc,Japan,Marc,male,100,71
Atsushi,USA,Atsushi,male,100,26
Malcolm,Spain,Malcolm,male,98,43
Julio,USA,Julio,male,99,2152
Shuang,Germany,Shuang,female,75,4
Jola,China,Jola,female,100,5
Yidong,Japan,Yidong,male,75,4
Azusa,China,Azusa,female,67,6
Bei,USA,Bei,female,67,27
Song,USA,Song,male,100,74
Sandra,France,Sandra,female,96,21145
Frédéric,France,Frédéric,male,98,8946
Michel,Australia,Michel,male,93,43
Antonio,Japan,Antonio,male,99,210
Masashi,USA,Masashi,male,100,13
Dong,Germany,Dong,male,90,10
André,Japan,André,male,96,45
Yousuke,USA,Yousuke,male,98,125
Sen,Japan,Sen,male,77,30
Masahiro,Germany,Masahiro,male,100,3
Hong-Ying,China,Ying,female,86,923
Zhi-Shi,USA,Zhi,male,81,58
Joseph,Germany,Joseph,male,99,432
Markus,Germany,Markus,male,99,15230
Philipp,Australia,Philipp,male,100,15
Rowan,Germany,Rowan,male,100,3
Sandra,China,Sandra,female,97,183
Shaoguang,Germany,Shaoguang,male,75,4
Sebastian,Germany,Sebastian,male,100,13809
Marko,USA,Marko,male,99,307
Yusuke,China,Yusuke,male,100,7
Zhe,China,Zhe,male,86,258
Chao,USA,Chao,male,91,112
Shaojun,Netherlands,Shaojun,male,84,19
Paweł,Gemany,Paweł,male,100,33389
Uwe,Australia,Uwe,male,100,4
Hirotaka,Germany,Hirotaka,male,75,4
Moumita,Korea,Moumita,female,99,798
Kwangwoo,Germany,Kwangwoo,male,100,14
Benjamin,China,Benjamin,male,100,239
Xiao,USA,Xiao,male,62,138
Hun,Japan,Hun,male,67,6
Yasushi,Taiwan,Yasushi,male,99,226
Sunney,Japan,Sunney,male,83,30
Watcharop,Germany,,,,
Lutz,China,Lutz,male,100,4
Haibing,Japan,Haibing,male,75,4
Jinying,Canada,Jinying,female,75,4
Erica,Germany,Erica,female,94,83
Slava,Germany,Slava,female,100,13
Martin,Switzerland,Martin,male,98,2426
Katharina,USA,Katharina,female,100,88
James,France,James,male,98,5332
Guillaume,USA,Guillaume,male,99,183
Tzu-Pin,UK,Tzu-Pin,male,53,886
Nell,China,Nell,female,65,17
Lei,Japan,Lei,male,63,38
Hiroki,China,Hiroki,male,100,7
Wen-Ting,China,Ting,female,81,465
Liangcan,USA,,,,
Lani,USA,Lani,female,97,323
Matthew,Japan,Matthew,male,100,136
Yujiro,USA,Yujiro,male,75,4
Lei,Germany,Lei,male,57,37
Xiaoqing,Germany,Xiaoqing,unknown,50,2
Klaus,China,Klaus,male,100,23
Hongping,USA,Hongping,female,75,4
Vincent,China,Vincent,male,99,896
Jiannan,Canada,Jiannan,male,75,4
Rajoshree,China,Rajoshree,female,100,4
Yi,USA,Yi,male,56,263
Yongju,France,Yongju,male,83,24
Ian,"South Korea",Ian,male,99,128
Tae-Kyung,China,Kyung,female,60,5
Xiaoming,USA,Xiaoming,male,79,14
Andrew,Germany,Andrew,male,99,574
Alexander,Germany,Alexander,male,98,11884
Axel,Germany,Axel,male,99,2526
Long,Germany,Long,male,100,89
Bo,Germany,Bo,male,91,178
Hana,Germany,Hana,female,91,168
Jens,Germany,Jens,male,99,9230
Ivana,Germany,Ivana,female,81,300
Lutz,Austria,Lutz,male,100,16
Markus,Japan,Markus,male,100,18
Daiki,China,Daiki,male,75,4
Zhen-Yu,Germany,Zhen,male,58,12
Sheng-Qi,Germany,Sheng,male,67,6
Peter,Spain,Peter,male,98,2975
Ester,UK,Ester,female,98,7612
Nicolas,USA,Nicolas,male,100,1619
Dongxu,China,Dongxu,male,100,21
Yan,China,Yan,female,69,1535
Qunfeng,Canada,Qunfeng,male,100,5
Kyryl,China,Kyryl,male,100,14
Hong-Gang,Germany,Hong,male,65,31
Ilija,China,Ilija,male,99,806
Hongbin,Germany,Hongbin,male,75,4
Elias,Switzerland,Elias,male,99,257
Zhengren,UK,Zhengren,male,75,4
Fabrizio,Austria,Fabrizio,male,100,21
Markus,Netherlands,Markus,male,100,95
María,Australia,María,female,88,8
Richelle,Australia,Richelle,female,100,15
Vijaya,USA,Vijaya,female,63,79
Alexander,China,Alexander,male,98,199
Jindong,USA,Jindong,male,75,4
Alexander,China,Alexander,male,98,199
Zhibin,China,Zhibin,male,97,30
Xiao-Ye,Germany,Ye,male,90,10
Dennis,Italy,Dennis,male,98,860
Serena,USA,Serena,female,99,1108
Jason,Sweden,Jason,male,99,86
Youqian,Germany,Youqian,male,75,4
Bingrui,Netherlands,,,,
Carlos,Germany,Carlos,male,99,1846
Smriti,China,Smriti,female,97,729
Chunli,Australia,Chunli,female,68,28
David,USA,David,male,100,65535
Robert,"Republic of Korea",Robert,male,99,145540
Youngjoo,India,Youngjoo,female,51,43
Krishnayan,India,Krishnayan,male,100,4
Dipak,Belgium,Dipak,male,99,2831
Fady,Germany,Fady,male,97,36
Mirjam,Germany,Mirjam,female,96,267
Nicole,China,Nicole,female,98,577
Taotao,France,Taotao,male,75,4
Paul,China,Paul,male,99,805
Rui,Spain,Rui,male,97,230
Mario,Japan,Mario,male,98,328
Takashi,Germany,Takashi,male,100,4
Biswajit,Ireland,Biswajit,male,75,4
Tushar,Italy,Tushar,male,75,4
Giulia,USA,Giulia,female,97,204
Behrooz,UK,Behrooz,male,99,846
Robert,Dalian,Robert,male,99,145540
Xingwei,USA,Xingwei,male,71,7
Anne-Marie,Deutschland,Anne-Marie,female,98,4286
Holger,Germany,Holger,male,100,4362
Andrey,China,Andrey,male,97,30
Xiao-Guang,Germany,Guang,male,100,3
Shyamal,Germany,Shyamal,male,75,4
Mikhail,Singapore,Mikhail,male,100,12
Madelyn,USA,Madelyn,female,100,3743
S,USA,,,,
Olivier,Canada,Olivier,male,100,506
Roman,Germany,Roman,male,100,66
Sukalyan,"South Korea",Sukalyan,male,100,38
Ji-Won,Australia,Ji,male,100,8
Christopher,UK,Christopher,male,99,55041
Timothy,India,Timothy,male,100,89
Dhanraj,USA,Dhanraj,male,100,8
Xiaoqing,China,Xiaoqing,female,74,50
Zhao-Lin,Germany,Lin,female,83,120
Max,Japan,Max,male,96,168
Shintaro,Switzerland,Shintaro,male,98,246
Wangqing,USA,Wangqing,male,67,6
Jie,Israel,Jie,male,61,1651
Sason,Germany,Sason,male,77,26
Holger,Japan,Holger,male,100,4
Keisuke,France,Keisuke,male,100,5
Manjunatha,Japan,Manjunatha,male,100,448
Takahiro,France,Takahiro,male,75,4
Cédric,Germany,Cédric,male,100,25
Malte,Germany,Malte,male,99,980
Jörn,China,Jörn,male,99,701
Ying,Austria,Ying,female,67,3
Felix,USA,Felix,male,99,1537
Wei,China,Wei,male,76,1859
Xiao-Nan,China,Nan,male,62,336
Jin,Germany,Jin,male,69,72
Moritz,Germany,Moritz,male,99,1375
Xiaofei,USA,Xiaofei,male,53,15
Jikai,Germany,Jikai,male,71,7
Michael,Korea,Michael,male,99,211741
Hongje,Canada,Hongje,male,100,4
Denis,China,Denis,male,97,78
Hongwei,China,Hongwei,male,90,52
Jing,Japan,Jing,female,64,25
Takayoshi,France,Takayoshi,male,100,93
Abdoul,India,Abdoul,male,88,8
Sanjog,Canada,Sanjog,male,97,173
Christian,China,Christian,male,100,48300
Fangyi,UK,Fangyi,female,78,23
Catherine,Germany,Catherine,female,98,169
Daniel,Netherlands,Daniel,male,98,2242
Dung,China,Dung,male,66,62
Xinxin,Switzerland,Xinxin,female,79,110
Pablo,Germany,Pablo,male,99,587
Shikha,USA,Shikha,female,97,65
Yuanyue,France,Yuanyue,female,75,4
Nathalie,Japan,Nathalie,female,100,14
Kei,USA,Kei,male,60,93
Xiaowa,Germany,Xiaowa,female,75,4
Johanna,Netherlands,Johanna,female,98,457
Yuriy,"Republic of Korea",Yuriy,male,100,2292
Minyoung,UK,Minyoung,female,61,145
Michael,Germany,Michael,male,100,30913
Florian,Ukraine,Florian,male,100,3
Anton,Germany,Anton,male,98,1388
Kai,USA,Kai,male,99,18599
Guangwu,Taiwan,Guangwu,male,75,4
I-Wen,Spain,Wen,female,53,59
Fulvio,India,Fulvio,male,99,2740
Anushikha,Germany,Anushikha,female,100,4
Katharina,USA,Katharina,female,100,88
Dong,France,Dong,male,88,25
Vincent,Australia,Vincent,male,100,220
Yao,Finland,Yao,male,75,4
Oskari,Belgium,Oskari,male,100,157
Dipak,Spain,Dipak,male,100,5
Juan,China,Juan,female,71,353
Xinyue,USA,Xinyue,female,100,6
John,UK,John,male,99,219085
Rainer,Germany,Rainer,male,99,4309
Junwen,Spain,Junwen,male,85,27
José,Germany,José,male,96,184
André,Japan,André,male,96,45
Hiroyuki,USA,Hiroyuki,male,100,26
Rylan,Switzerland,Rylan,male,100,19503
Calum,USA,Calum,male,98,50
Qunzhao,Japan,,,,
Shuichi,China,Shuichi,male,75,4
Pei-Ji,Belgium,Ji,male,75,12
Michaël,Germany,Michaël,male,75,4
Svenja,Germany,Svenja,female,98,1691
Stefan,Italy,Stefan,male,97,808
Vittorio,USA,Vittorio,male,98,61
Barry,China,Barry,male,95,122
Yuanyuan,India,Yuanyuan,female,90,239
Nitin,Germany,Nitin,male,100,18
Hanno,Germany,Hanno,male,98,151
Sam,USA,Sam,male,87,13872
Huaxing,Austria,Huaxing,male,71,7
Christiane,UK,Christiane,female,98,10974
Robert,USA,Robert,male,100,43118
Xiaoning,Germany,Xiaoning,male,75,4
Koichi,USA,Koichi,male,100,23
Jenna,USA,Jenna,female,99,4501
Bill,Japan,Bill,male,100,1354
Shangbin,Japan,Shangbin,male,75,4
Tatsuhiko,UK,Tatsuhiko,male,100,46
Russell,Denmark,Russell,male,100,3
Thomas,USA,Thomas,male,100,20215
Krishnappa,USA,Krishnappa,male,100,18
Dongeun,Canada,Dongeun,male,81,16
Rémy,Germany,Rémy,male,100,10
Muhammad,Japan,Muhammad,male,100,55
Tetsuhiro,USA,Tetsuhiro,male,75,4
Tao,Netherlands,Tao,male,100,7
Dainius,Germany,Dainius,male,100,3
Serhiy,France,Serhiy,male,100,3
Natalia,UK,Natalia,female,98,51221
Hanene,China,Hanene,female,98,448
H,USA,,,,
Long,Germany,Long,male,100,89
Alexandre,Singapore,Alexandre,male,100,11
Anqiang,Germany,Anqiang,male,100,4
Nelson,Germany,Nelson,male,96,210
Reinhard,Italy,Reinhard,male,100,12
Matteo,Canada,Matteo,male,100,38
Zhibo,USA,Zhibo,male,100,5
Michael,UK,Michael,male,99,211741
Eswararao,Germany,Eswararao,male,100,19
Evelyn,India,Evelyn,female,91,58
Sunil,"South Korea",Sunil,male,93,30
Jang-Soo,USA,Soo,female,76,66
Manori,Belgium,Manori,female,94,49
Jeroen,UK,Jeroen,male,99,7417
Colm,Netherlands,Colm,male,75,4
Wiktor,Japan,Wiktor,male,99,1927
Takahiro,USA,Takahiro,male,100,29
James,Germany,James,male,98,1248
Ingrid,China,Ingrid,female,97,30
Fei,Germany,Fei,male,75,12
Kartik,Japan,Kartik,male,100,3
Atsushi,China,Atsushi,male,100,5
Zhixing,Japan,Zhixing,male,75,4
Gen,China,Gen,male,72,25
Yongjun,USA,Yongjun,male,86,7
Qi,UK,Qi,male,63,557
Maria,UK,Maria,female,97,245074
Kyle,Singapore,Kyle,male,89,53
Nicole,USA,Nicole,female,98,19219
Patrick,USA,Patrick,male,100,18462
Chenbo,China,Chenbo,male,89,9
Nannan,Germany,Nannan,female,75,4
Lidong,Germany,Lidong,male,75,4
Patrick,Switzerland,Patrick,male,99,3272
Adam,France,Adam,male,97,2870
Volodimir,Japan,Volodimir,male,98,49
Yota,UK,Yota,male,58,108
Katie,China,Katie,female,100,88
Wenju,USA,Wenju,male,63,8
Sunyia,Germany,Sunyia,female,75,4
Christopher,Germany,Christopher,male,99,3075
Benjamin,Germany,Benjamin,male,100,5256
Kiran,China,Kiran,male,90,10
Changfeng,UK,Changfeng,male,100,7
Victoria,UK,Victoria,female,98,33384
Roger,Italy,Roger,male,99,595
Andrea,Japan,Andrea,female,82,165
Satoshi,Germany,Satoshi,male,75,4
Chong-Yong,Japan,Chong,male,100,4
Atsuhiro,"Czech Republic",Atsuhiro,male,100,20
Tana,"Czech Republic",Tana,female,97,309
Petr,China,Petr,male,95,19
Zhilong,China,Zhilong,male,100,17
Xuan,USA,Xuan,female,62,131
Anton,France,Anton,male,97,371
Jean-Marie,Singapore,Marie,female,98,52
Shenci,China,,,,
Zhenzhen,Austria,Zhenzhen,female,93,57
Marie,UK,Marie,female,97,110430
Jessica,UK,Jessica,female,98,115595
Ming,USA,Ming,male,73,237
Michael,Germany,Michael,male,100,30913
Heshmat,Canada,Heshmat,male,93,54
Saurabh,Switzerland,Saurabh,male,100,5
Nikolaus,France,Nikolaus,male,100,27
Alexandre,Japan,Alexandre,male,99,250
Shin-ichi,Switzerland,Shin-Ichi,male,100,23
Franck,Spain,Franck,male,98,179
Arkaitz,UK,Arkaitz,male,100,521
Weijun,China,Weijun,male,100,15
Guo-Bo,Canada,Bo,male,81,59
Nicholas,Japan,Nicholas,male,100,62
Yoshihiro,China,Yoshihiro,male,75,4
Yuncong,Germany,Yuncong,male,100,3
Christian,China,Christian,male,100,48300
Li,China,Li,male,68,1023
Gui,Belgium,Gui,male,91,43
Virginie,Japan,Virginie,female,100,6
Jianli,Japan,Jianli,male,69,13
Hiroharu,UK,Hiroharu,male,100,6
Nathalie,USA,Nathalie,female,98,4545
Jinzhu,Germany,Jinzhu,female,67,9
Noemi,China,Noemi,female,100,3
Yi,Germany,Yi,female,100,15
Christoph,Norway,Christoph,male,100,9
Eirin,USA,Eirin,female,100,3
Gene,Germany,Gene,male,100,3077
Adam,USA,Adam,male,100,23089
Anna,Germany,Anna,female,97,8276
Paul,Japan,Paul,male,100,242
Le,Germany,Le,male,67,186
Anna,Singapore,Anna,female,99,196
Lei,Switzerland,Lei,female,86,7
Cam-Van,India,Cam,male,93,14
Tullimilli,China,,,,
Chuan,China,Chuan,male,84,101
You-Yun,USA,You,male,71,58
Ry,Germany,Ry,male,71,7
Julian,China,Julian,male,93,107
Wenbin,USA,Wenbin,unknown,50,6
Lirui,USA,Lirui,male,75,4
Seung,Portugal,Seung,male,75,4
Tiago,UK,Tiago,male,99,25033
Xacobe,Germany,Xacobe,male,100,13
Marco,Germany,Marco,male,99,12863
Matthias,Germany,Matthias,male,100,9451
Sergey,Germany,Sergey,male,99,155
Kartik,USA,Kartik,male,99,86
Jonathan,Germany,Jonathan,male,99,714
Manuel,China,Manuel,male,99,68
Jun,India,Jun,male,79,14
Rajnish,UK,Rajnish,male,99,1302
Iacovos,Switzerland,Iacovos,male,100,39
Eyal,USA,Eyal,male,100,67
Toan,Netherlands,Toan,male,75,4
Justine,Japan,Justine,female,80,5
Yoshinari,France,Yoshinari,male,97,35
Simon,China,Simon,male,98,915
Yue,USA,Yue,female,60,139
Mikhail,Germany,Mikhail,male,100,51
Svitlana,China,Svitlana,female,98,706
Song,Poland,Song,male,100,74
Damian,USA,Damian,male,99,1368
Daniel,USA,Daniel,male,100,35866
Hee-Sun,China,Hee,female,70,27
Guojun,Japan,Guojun,male,100,19
Hikaru,Denmark,Hikaru,male,73,470
Mette,Germany,Mette,female,69,16
Yvonne,Germany,Yvonne,female,98,4735
Jaika,Japan,Jaika,female,75,4
Shengli,USA,Shengli,male,75,4
Jan,USA,Jan,female,77,3645
Yingjie,Finland,Yingjie,male,71,62
Jenni,China,Jenni,female,100,10
Zhiqiang,USA,Zhiqiang,male,100,9
Ommidala,China,,,,
Lin,UK,Lin,female,58,6456
James,Japan,James,male,98,379
Takato,"New Zealand",Takato,male,100,39
Anna,USA,Anna,female,99,11850
Gang,Japan,,,,
Yoichiro,USA,Yoichiro,male,75,4
Yang,Japan,Yang,male,77,44
Jean-Louis,UK,Jean-Louis,male,99,3815
Mehran,UK,Mehran,male,98,2756
Wenjing,China,Wenjing,female,86,42
Yuan,USA,Yuan,male,57,152
Barry,USA,Barry,male,100,3714
Anna,UK,Anna,female,98,184558
Mohd,Israel,Mohd,male,94,31
Assaf,Netherlands,Assaf,male,75,4
Elisa,USA,Elisa,female,98,1236
Xiangling,China,Xiangling,female,100,4
Fei,France,Fei,female,53,30
Tran,China,Tran,male,54,50
Xuan,USA,Xuan,female,62,131
Daniel,USA,Daniel,male,100,35866
Ding-Shyue,Germany,Ding,male,94,18
Yanyan,China,Yanyan,female,89,122
Dehui,Canada,Dehui,male,70,10
Farhad,Netherlands,Farhad,male,96,68
Matti,Singapore,Matti,male,95,1969
Pin-Sheng,Austria,Pin-Sheng,male,62,1470
C,UK,,,,
Daniel,UK,Daniel,male,99,257742
Robin,Germany,Robin,male,98,2500
Mario,Sweden,Mario,male,98,311
Alba,USA,Alba,female,94,333
Yang,USA,Yang,male,69,340
Euan,China,Euan,male,100,3
Fuxu,China,,,,
Qian,Italy,Qian,unknown,50,4
Simonetta,China,Simonetta,female,75,4
Yaping,Germany,Yaping,female,75,4
Jia-Bi,USA,Jia,female,68,129
Jing,USA,Jing,female,76,249
Myunghwan,Singapore,Myunghwan,male,90,20
Fangrui,UK,Fangrui,male,75,4
M,USA,,,,
Paul,India,Paul,male,99,1344
Biplab,USA,Biplab,male,100,4
Kiyoung,France,Kiyoung,male,97,67
Jeremy,China,Jeremy,male,97,221
Datao,UK,Datao,male,75,4
Alexandra,Taiwan,Alexandra,female,90,10
Tsun-Cheng,Switzerland,Cheng,unknown,50,4
Sieghard,Netherlands,Sieghard,male,100,13
Haifeng,Germany,Haifeng,male,100,3
Klaus,USA,Klaus,male,100,135
Eun,"South Korea",Eun,female,66,283
Thiruvelu,"South Korea",,,,
Jens,Germany,Jens,male,99,9230
Christoph,UK,Christoph,male,99,9324
Matthew,Germany,Matthew,male,99,616
Ganglong,USA,,,,
Elif,Germany,Elif,female,97,788
A,Germany,,,,
Frank,Spain,Frank,male,98,2844
Ricardo,Japan,Ricardo,male,99,585
Ryosuke,Japan,Ryosuke,male,100,404
Ming,Korea,Ming,male,77,2692
Donghun,Germany,Donghun,male,99,77
Muxin,USA,Muxin,male,67,3
Piyush,USA,Piyush,male,100,103
Ahmed,Spain,Ahmed,male,97,1791
José,UK,José,male,98,35243
Anthony,Italy,Anthony,male,99,1844
Marie-Emmanuelle,Germany,Emmanuelle,female,96,24
Markus,India,Markus,male,100,11
Elangannan,Germany,Elangannan,male,75,4
Nermin,Germany,Nermin,female,65,178
Hubert,Japan,Hubert,male,100,10
Shunsuke,China,Shunsuke,male,100,4
Chao,Japan,Chao,male,86,22
Jungkweon,UK,Jungkweon,female,75,4
Holger,France,Holger,male,100,10
Shovan,Japan,Shovan,male,99,128
Satoshi,China,Satoshi,male,100,7
Qing,India,Qing,female,58,728
Biswarup,Japan,Biswarup,male,100,179
Takashi,Japan,Takashi,male,99,1549
Mitsuhiro,Poland,Mitsuhiro,male,99,113
Irena,Germany,Irena,female,97,584
Steffen,USA,Steffen,male,100,91
Caroline,Japan,Caroline,female,100,65
Chaolu,France,,,,
Jie-rong,Denmark,Jie,male,67,3
Patrik,Germany,Patrik,male,99,588
Thi-Thanh-Tam,USA,Thanh,male,74,315
Hendrik,USA,Hendrik,male,100,61
Katrien,China,Katrien,female,75,4
Lin-Fei,UK,Lin-Fei,female,55,7659
Emanuele,Japan,Emanuele,male,100,3
Mizuki,Japan,Mizuki,female,65,176
Kohei,Germany,Kohei,male,100,3
Min,Sweden,Min,female,60,5
Rikard,Argentina,Rikard,male,99,731
Luciana,Poland,Luciana,female,100,11
Robert,Switzerland,Robert,male,99,830
Paul,USA,Paul,male,100,28746
Guangtao,China,Guangtao,male,100,3
Rusheng,Canada,,,,
Christopher,Taiwan,Christopher,male,100,40
Ming-Che,China,Ming,male,83,826
Jiaxing,Germany,Jiaxing,male,89,27
Katja,China,Katja,female,100,5
Lei,Germany,Lei,male,57,37
Susanne,Germany,Susanne,female,98,5764
Ricarda,USA,Ricarda,female,100,9
Alexander,Sweden,Alexander,male,99,2458
Ismail,UK,Ismail,male,97,64084
Nicky,UK,Nicky,female,58,8786
Adrián,Canada,Adrián,male,100,3
Zhanyu,Spain,Zhanyu,male,83,6
Francisco,Germany,Francisco,male,98,311
Kye-Simeon,Germany,Simeon,male,98,47
Karoline,Israel,Karoline,female,98,2017
Offer,Japan,,,,
Naoya,Germany,Naoya,male,100,353
Tobias,China,Tobias,male,100,13
Zhiwei,Germany,Zhiwei,male,75,4
Jipei,USA,Jipei,male,100,3
Hao,France,Hao,male,85,46
Elena,USA,Elena,female,99,2312
Youwei,USA,Youwei,male,75,4
Yajing,USA,Yajing,female,86,7
Yang,China,Yang,male,65,1965
Chong,Germany,Chong,male,60,5
Farhad,China,Farhad,male,100,12
Xiaoyu,China,Xiaoyu,female,53,179
Hao,USA,Hao,male,91,219
Gaël,France,Gaël,male,96,948
Grégoire,Germany,Grégoire,male,75,4
Reent,China,Reent,male,75,4
Yong,Australia,Yong,male,100,16
Satvasheel,Germany,,,,
Albrecht,USA,Albrecht,male,75,4
Andrew,Germany,Andrew,male,99,574
Adinarayana,Germany,Adinarayana,male,100,45
Li,Germany,Li,female,75,212
Birgit,USA,Birgit,female,98,59
Frank,USA,Frank,male,100,11178
Chun,Korea,Chun,male,73,905
Shinae,UK,Shinae,female,95,37
Andrey,Japan,Andrey,male,100,18
Yasunori,India,Yasunori,male,99,126
Mani,Netherlands,Mani,male,72,25
Shu-Han,Canada,Han,male,76,29
Yu,Israel,Yu,male,100,3
Graham,USA,Graham,male,98,1457
Zuofeng,Germany,Zuofeng,male,75,4
Holger,Singapore,Holger,male,75,4
Yan,Germany,Yan,female,100,29
Jayanta,Japan,Jayanta,male,100,992
Masayuki,Japan,Masayuki,male,99,556
Takashi,Canada,Takashi,male,100,9
Robert,Singapore,Robert,male,99,155
Sylvia,Germany,Sylvia,female,99,2579
Markus,Australia,Markus,male,100,37
Kathleen,China,Kathleen,female,98,40
Li-Tao,Taiwan,Tao,male,77,26
Ting-Jen,Switzerland,Jen,female,96,48
Zhe-Ming,Belgium,Ming,male,64,11
Rob,Germany,Rob,male,99,750
Lars-Arne,USA,Lars,male,100,401
Saeed,China,Saeed,male,100,37
Xin,China,Xin,male,62,851
Man-Chung,Germany,Chung,male,80,5
Fabian,Japan,Fabian,male,96,26
Mikhail,Israel,Mikhail,male,100,11
Yelena,Netherlands,Yelena,female,67,3
Alberto,USA,Alberto,male,100,1893
Reto,Deutschland,Reto,male,99,1288
Kim,USA,Kim,female,94,14095
Abram,Germany,Abram,male,92,12
Tobias,USA,Tobias,male,100,2610
Michael,USA,Michael,male,100,65535
Myles,Germany,Myles,male,100,6
Shu-Ping,Germany,Shu,male,58,19
Xu-dong,Singapore,Dong,male,89,19
Lin,Netherlands,Lin,female,93,201
Takashi,USA,Takashi,male,98,49
David,USA,David,male,100,65535
Chenfeng,Germany,Chenfeng,male,89,19
Karin,China,Karin,female,100,12
Baoqiang,Israel,Baoqiang,male,100,7
Dvir,USA,Dvir,male,100,3
Wenying,Switzerland,Wenying,female,78,27
Jared,Germany,Jared,male,100,40
Nils,UK,Nils,male,99,5129
