"First Name",Country,ga_first_name,ga_gender,ga_accuracy,ga_samples
Erika,,Erika,female,98,39357
Shuaijiang,Chengdu,,,,
Jana,,Jana,female,98,74581
David,,David,male,99,381770
Gengwen,,Gengwen,male,75,4
Alexander,,Alexander,male,99,56237
Prasenjit,,Prasenjit,male,100,920
Qiupeng,Shanghai,,,,
Bruce,,Bruce,male,99,14681
Meihua,Shanghai,Meihua,female,98,133
Jérôme,,Jérôme,male,99,5714
Luke,VIC,Luke,male,99,21252
Hennie,Bristol,Hennie,male,60,1396
Yong,USA,Yong,male,82,158
Melanie,USA,Melanie,female,99,6458
Sebastian,,Sebastian,male,99,47850
Linus,,Linus,male,98,2825
Bradley,,Bradley,male,99,6719
Fei,USA,Fei,male,61,97
Yuriy,,Yuriy,male,100,2292
Ye,Dalian,Ye,male,75,1057
Wyatt,USA,Wyatt,male,100,7251
Shin-ichi,Kyoto,Shin-Ichi,male,100,23
Jian,Fujian,Jian,male,89,1215
Shahid,,Shahid,male,99,7161
Brendan,USA,Brendan,male,100,2930
Jens,,Jens,male,99,13599
Michio,Tokyo,Michio,male,93,92
Yawen,Singapore,Yawen,female,100,5
Tina,,Tina,female,98,39798
Jacob,USA,Jacob,male,100,13097
Guanbin,Wuhan,,,,
Matthew,USA,Matthew,male,100,30646
Andrés,Valladolid,Andrés,male,99,6036
Debashis,USA,Debashis,male,100,18
Yaron,,Yaron,male,99,413
Sadiya,,Sadiya,female,97,272
Bastian,,Bastian,male,99,2753
Chaoliang,Singapore,Chaoliang,male,75,4
Miłosz,,Miłosz,male,100,920
Matthew,Nottingham,Matthew,male,100,51412
Regine,British,Regine,female,98,2728
Lisa,,Lisa,female,98,75562
Chia-Wei,USA,Chia-Wei,male,67,3
Nicole,,Nicole,female,98,65299
Wei,Beijing,Wei,male,73,4003
Indranil,,Indranil,male,100,589
Thomas,"United Kingdom",Thomas,male,99,6745
Korbinian,,Korbinian,male,100,88
Tian,SA,Tian,male,69,1173
Laifa,,Laifa,male,60,45
Xiaohui,,Xiaohui,male,54,153
Marco,USA,Marco,male,99,2827
Vanessa,USA,Vanessa,female,98,7167
Guang-Ping,,Guang-Ping,male,58,1796
Dinar,,Dinar,male,61,564
Jan,,Jan,male,92,104026
Nobuhiko,,Nobuhiko,male,100,52
Michael,,Michael,male,99,211741
Wu,Hubei,Wu,male,69,1165
Suresh,,Suresh,male,100,15885
Kengo,Tokyo,Kengo,male,99,225
Fuan,Jerusalem,Fuan,male,88,17
Konstantin,,Konstantin,male,99,5001
Heejin,,Heejin,female,85,156
Nicole,,Nicole,female,98,65299
Oscar,USA,Oscar,male,99,3411
Pekka,,Pekka,male,99,1211
Yuanyuan,Beijing,Yuanyuan,female,90,239
Yuezeng,Shanghai,Yuezeng,male,75,4
Hong-Yu,Anhui,Hong-Yu,male,100,3
Hao,USA,Hao,male,91,219
Xiao-Qiang,USA,Qiang,male,95,40
Mineto,Nagoya,Mineto,female,75,4
Dongbing,,,,,
Min,Hubei,Min,male,65,4933
Sascha,Standort,Sascha,male,97,13412
Antara,Utrecht,Antara,female,86,348
Janina,,Janina,female,98,4612
Ross,ACT,Ross,male,91,10276
Florian,,Florian,male,99,31950
Masanori,Tokyo,Masanori,male,100,286
Hanchu,Shanghai,Hanchu,female,75,4
Alicia,,Alicia,female,98,29319
Jun,Hubei,Jun,male,88,6829
Xiao,Shanghai,Xiao,male,53,1772
Aron,Bath,Aron,male,98,6208
Yousoon,USA,,,,
Julian,,Julian,male,95,24021
Xiao,Beijing,Xiao,male,53,1772
Zelong,Lanzhou,Zelong,male,100,7
Guangjian,Shenzhen,Guangjian,male,100,4
Xingkang,USA,,,,
Chao-Fan,Shanghai,Chao-Fan,male,71,3091
Aiichiro,,Aiichiro,male,100,10
Simon,,Simon,male,98,57458
Federica,,Federica,female,99,23181
Akil,USA,Akil,male,97,76
Chun-Feng,Fujian,Chun-Feng,male,78,2291
Marcus,,Marcus,male,99,25073
Wei,Hubei,Wei,male,73,4003
Zhen,USA,Zhen,male,76,62
Qing-Li,USA,Li,female,50,359
Donghun,Seoul,Donghun,male,99,77
Elias,,Elias,male,99,21248
Motoki,Tokyo,Motoki,male,99,109
Wookhyun,USA,Wookhyun,male,100,4
Yuanting,Nanjing,Yuanting,female,71,7
Youyong,,Youyong,male,75,4
Pengyuan,USA,Pengyuan,male,100,4
Kevin,,Kevin,male,99,140160
Adam,USA,Adam,male,100,23089
Zoran,Utrecht,Zoran,male,99,6570
Samuel,,Samuel,male,99,59149
Takayoshi,Chiba,Takayoshi,male,100,93
Kai,USA,Kai,male,99,18599
Xinda,Singapore,Xinda,male,75,4
Di,,Di,male,54,3384
Shigeru,Osaka,Shigeru,male,100,216
Xuelin,Tianjin,Xuelin,male,54,13
Ryo,Tokyo,Ryo,male,97,2815
Derren,Manchester,Derren,male,99,69
Nada,,Nada,female,94,14346
Wei,Chengdu,Wei,male,73,4003
Miglė,,Miglė,female,98,54
Martin,,Martin,male,98,139211
Jing,USA,Jing,female,76,249
Marc,,Marc,male,99,77461
Antigoni,,Antigoni,female,98,160
Fabrice,,Fabrice,male,98,25048
Zhaoling,,Zhaoling,unknown,50,2
Keita,Fukuoka,Keita,male,87,1277
Michael,,Michael,male,99,211741
Raimo,,Raimo,male,99,336
Alessandro,,Alessandro,male,99,79631
Jianming,Henan,Jianming,male,100,46
Chen,Shanghai,Chen,male,63,5576
Stefan,VIC,Stefan,male,98,50890
Miguel,,Miguel,male,99,89766
Fabian,,Fabian,male,99,25659
Abigail,USA,Abigail,female,99,2580
Zhen-Gao,,Zhen-Gao,male,64,1185
Jihye,USA,Jihye,female,93,14
Radislav,USA,Radislav,male,100,74
Zheng,"Hong Kong",Zheng,male,86,7
Shi-Liang,USA,Liang,male,87,106
Vignesh,USA,Vignesh,male,100,142
Stefan,,Stefan,male,98,50890
Ryo,Kyoto,Ryo,male,97,2815
Nootaree,USA,,,,
Jia-Xing,Beijing,Jia-Xing,female,56,1978
Tiago,,Tiago,male,99,25033
Jakub,,Jakub,male,99,23677
Xiaoqing,Suzhou,Xiaoqing,female,80,79
Holger,,Holger,male,99,4992
Sandeep,,Sandeep,male,99,24024
Imogen,,Imogen,female,97,441
Shenglai,,Shenglai,male,100,4
Ivan,USA,Ivan,male,100,3082
Chun-mei,Beijing,Chun-Mei,female,72,3247
Christian,,Christian,male,100,48300
David,USA,David,male,100,65535
Yu-Ming,USA,Ming,male,73,237
Hui-Lin,Hsinchu,Hui-Lin,female,80,5
Jian,USA,Jian,male,84,124
Sanghan,Ulsan,Sanghan,male,100,7
Tao,,Tao,male,87,1999
Tom,,Tom,male,99,87429
Junze,Singapore,Junze,male,100,3
Tomasz,,Tomasz,male,99,30500
Sheng,Shanghai,Sheng,male,74,646
Fuyuhiko,Kanazawa,Fuyuhiko,male,100,4
Yoshikazu,Sendai,Yoshikazu,male,100,118
Ambadas,Kobe,Ambadas,male,100,74
Runyan,Kyushu,Runyan,male,67,3
Borbala,,Borbala,female,100,38
Wenjing,"Hong Kong",Wenjing,female,75,4
Aany,,Aany,female,100,10
Nan,,Nan,female,71,3704
Shidang,Guangzhou,,,,
Zhang,Shanghai,Zhang,male,61,2518
Maxime,,Maxime,male,98,28182
Zijun,,Zijun,male,60,35
Appi,USA,Appi,male,86,87
María,,María,female,98,11821
Luis,,Luis,male,99,120090
Hideki,,Hideki,male,99,634
Iuliia,Nice,Iuliia,female,98,143
Kegong,Shaanxi,,,,
Alex,,Alex,male,92,247706
Matthias,,Matthias,male,100,17148
Jianwei,,Jianwei,male,97,65
Sean,USA,Sean,male,99,17810
Seelam,,Seelam,male,84,45
Rajesh,"New Zealand",Rajesh,male,100,16
Zi-Yi,Ganzhou,Zi-Yi,male,61,1816
Shuo,,Shuo,male,75,239
Brannon,USA,Brannon,male,96,127
Jong,Daejeon,Jong,male,92,676
Amir,,Amir,male,98,33635
Daniël,,Daniël,male,100,477
Hai,Beijing,Hai,male,84,3492
Anastasia,,Anastasia,female,98,12209
Mohammad,,Mohammad,male,99,47588
Jonathan,USA,Jonathan,male,100,21578
Theresa,,Theresa,female,98,8961
Michael,Göteborg,Michael,male,99,211741
Jinyao,USA,Jinyao,male,75,4
Melanie,,Melanie,female,98,35986
Mayank,USA,Mayank,male,98,121
Hanying,Hangzhou,Hanying,female,89,18
Jie,Suzhou,Jie,male,61,1651
Lok,Ibaraki,Lok,male,82,536
Mirosław,,Mirosław,male,99,2357
Yiseul,Daejeon,Yiseul,female,100,14
Sean,Dublin,Sean,male,99,37072
Zonglin,Zurich,Zonglin,male,75,4
Xianwei,Guangzhou,Xianwei,male,100,10
Aaron,USA,Aaron,male,100,19401
Datao,Fujian,Datao,male,75,4
Shiguo,Yokohama,Shiguo,male,100,3
Masato,USA,Masato,male,100,10
Zoe,,Zoe,female,95,9419
Ming,Shanghai,Ming,male,77,2692
Hui,,Hui,female,52,1684
Rebecca,USA,Rebecca,female,99,14934
Youqian,USA,Youqian,male,75,4
Fang,Jilin,Fang,female,68,1434
William,,William,male,99,67797
Qing,Ibaraki,Qing,female,58,728
Yang,Singapore,Yang,male,74,123
Philip,USA,Philip,male,100,5264
Karl,USA,Karl,male,100,2609
Chi,USA,Chi,male,55,236
Finizia,,Finizia,female,88,8
Alexander,École,Alexander,male,99,56237
Jian-Bo,Shanghai,Jian-Bo,male,86,6604
Thomas,,Thomas,male,99,129177
Azaj,,Azaj,male,100,18
Chenlong,Hangzhou,Chenlong,male,100,9
Joseph,,Joseph,male,99,63161
Livia,,Livia,female,99,7683
Yeonjin,USA,Yeonjin,female,82,28
Hui,Taiyuan,Hui,female,52,1684
Hoa,USA,Hoa,female,58,128
Cédric,Kyoto,Cédric,male,99,11765
Ulf,,Ulf,male,99,2152
Ivan,,Ivan,male,99,80498
Annalisa,Barcelona,Annalisa,female,99,6067
Hiroki,Sendai,Hiroki,male,99,1031
Luca,,Luca,male,98,88492
Diego,,Diego,male,99,67382
Michal,,Michal,male,97,44099
Paul,,Paul,male,99,140849
Shou-Guo,Shanghai,Shou-Guo,male,69,775
Masazumi,,Masazumi,male,100,17
Daniele,,Daniele,male,87,46369
Waldemar,,Waldemar,male,99,3987
Kanako,,Kanako,female,98,197
Dennis,,Dennis,male,99,44146
Hideto,Nagoya,Hideto,male,99,99
Tatsuya,Osaka,Tatsuya,male,99,739
Zhen,Chengdu,Zhen,male,64,631
Lydia,,Lydia,female,98,15205
James,,James,male,99,131879
Yang,,Yang,male,67,4256
Seiji,Nagasaki,Seiji,male,99,362
Cristóbal,USA,Cristóbal,male,100,13
Hans,,Hans,male,97,28935
Catherine,,Catherine,female,98,41180
Simon,Leeds,Simon,male,98,57458
Subhas,,Subhas,male,99,241
Sebastian,,Sebastian,male,99,47850
Robert,USA,Robert,male,100,43118
Wei,,Wei,male,73,4003
Gang,Wuhan,,,,
Paul,USA,Paul,male,100,28746
Shohei,Tokyo,Shohei,male,100,309
Zhuan-Ping,,Zhuan-Ping,male,53,1574
Ming,Changsha,Ming,male,77,2692
Nema,USA,Nema,male,59,22
Ana,,Ana,female,97,141747
Jinshui,USA,,,,
Tao,USA,Tao,male,90,147
Jie,,Jie,male,61,1651
Ryosuke,Osaka,Ryosuke,male,99,451
Oliver,,Oliver,male,98,22853
Alexander,,Alexander,male,99,56237
Jizhong,Nanjing,Jizhong,male,75,4
Junhua,,Junhua,male,78,23
Carlos,,Carlos,male,99,174998
Jiawei,Groningen,Jiawei,male,79,127
Thomas,,Thomas,male,99,129177
Suzanne,Wageningen,Suzanne,female,98,11294
Shuguang,Lausanne,Shuguang,male,100,13
Abil,"United Kingdom",Abil,male,100,3
Jeffrey,Brisbane,Jeffrey,male,100,19324
Daniela,,Daniela,female,97,67491
Anne,,Anne,female,98,48855
Rongmei,,Rongmei,female,75,4
Luca,,Luca,male,98,88492
Peng,USA,Peng,male,91,133
Xiuqin,Guangzhou,Xiuqin,female,100,7
Wei-Wei,Singapore,Wei,male,80,153
Gaël,USA,Gaël,male,89,9
Joyram,,Joyram,male,75,4
Marcel,,Marcel,male,99,41885
Saravanakumar,USA,Saravanakumar,male,100,4
Srinivasa,,Srinivasa,male,100,745
David,,David,male,99,381770
Lin-Bao,Henan,Lin-Bao,female,52,7894
Colin,USA,Colin,male,100,3986
Bing,,Bing,male,63,1057
Jing,Tokyo,Jing,female,75,2534
Jiří,,Jiří,male,99,10464
Hubert,Jeddah,Hubert,male,98,8761
Haruhiko,Sendai,Haruhiko,male,100,43
Zhenhua,Beijing,Zhenhua,male,79,67
Alyssa,USA,Alyssa,female,99,6336
Ying,USA,Ying,female,85,200
Zhenzhen,,Zhenzhen,female,93,57
Tobias,,Tobias,male,100,17675
Philipp,,Philipp,male,99,8496
Xiaobo,Xiamen,Xiaobo,male,92,85
Xiaofen,USA,Xiaofen,female,75,4
Mirza,,Mirza,male,94,3966
Guangyang,Changzhou,Guangyang,male,75,4
Liangyu,HK,Liangyu,male,71,17
Dawei,USA,Dawei,male,91,22
Chandan,,Chandan,male,99,5989
Xiao-Huan,Tianjin,Xiao-Huan,male,64,2728
Hiroshi,Yokohama,Hiroshi,male,99,1730
Bo,USA,Bo,male,91,1184
Meng-Chun,Hsinchu,Meng-Chun,male,66,1957
German,,German,male,100,3182
Yao,SA,Yao,male,100,5
Ori,,Ori,male,70,873
Polly,,Polly,female,92,2093
Yuta,,Yuta,male,97,846
Yan,Shanghai,Yan,male,73,8519
Jiannan,Chengdu,Jiannan,male,94,16
Katerina,USA,Katerina,female,100,225
Takenori,Toyama,Takenori,male,100,31
Alex,,Alex,male,92,247706
Sabrina,,Sabrina,female,98,60955
Christophe,University,Christophe,male,98,60690
Qing-Yuan,Shanghai,Qing-Yuan,male,53,2391
Daishi,Tokyo,Daishi,male,91,23
Yang,Beijing,Yang,male,67,4256
Pavel,,Pavel,male,98,48181
Xuexiang,Lanzhou,Xuexiang,female,100,4
Mao,USA,Mao,male,51,47
Jie,Nanjing,Jie,male,61,1651
Matthias,,Matthias,male,100,17148
Christopher,Fife,Christopher,male,99,55041
Reza,ON,Reza,male,97,17936
Richard,,Richard,male,99,97659
Christine,Ontario,Christine,female,98,55857
Kai,Beijing,Kai,male,96,28964
Miao,USA,Miao,female,73,30
Stanley,British,Stanley,male,99,9310
Colin,,Colin,male,99,15399
Johanne,,Johanne,female,93,1273
Che,Singapore,Che,female,89,19
Qiaofeng,Singapore,Qiaofeng,male,75,4
Zachary,USA,Zachary,male,100,6186
Sarah,,Sarah,female,98,127402
Maria,,Maria,female,97,245074
Qing-Na,Beijing,Qing-Na,female,65,3904
Oleksandr,USA,Oleksandr,male,100,34
Yuan,,Yuan,male,58,1657
Lauren,,Lauren,female,97,25933
Leonhard,,Leonhard,male,99,174
Chihiro,Okayama,Chihiro,female,73,285
Ying-Wu,Hengyang,Ying-Wu,female,74,4453
Dejan-Krešimir,"United Kingdom",Dejan,male,100,26
C,,,,,
Tobias,Bremen,Tobias,male,100,17675
Yuxiao,Shenyang,Yuxiao,male,61,18
Julie,,Julie,female,98,72376
Pascal,,Pascal,male,98,53481
Mohua,Shanghai,Mohua,female,96,52
Jieshun,"Hong Kong",Jieshun,male,67,3
Michel,,Michel,male,97,68146
Wei,Beijing,Wei,male,73,4003
Jacqueline,USA,Jacqueline,female,98,4330
Hai,USA,Hai,male,91,181
Jia,Groningen,Jia,female,65,1433
Hanumantha,Utrecht,Hanumantha,male,100,56
Yinghui,,Yinghui,female,90,30
Manh,,Manh,male,96,1042
Johann,,Johann,male,95,7868
Shaohua,Singapore,Shaohua,male,75,4
Lanka,USA,Lanka,male,80,5
Veronica,USA,Veronica,female,99,5031
Junwei,"Hong Kong",Junwei,male,100,3
Ralf,USA,Ralf,male,100,101
Faruk,USA,Faruk,male,93,45
Sheng,Anhui,Sheng,male,74,646
Ines,,Ines,female,98,17120
Joseph,USA,Joseph,male,100,21534
Yong,Chengdu,Yong,male,87,2262
Anukul,,Anukul,male,98,94
Jakob,USA,Jakob,male,100,3859
Christopher,USA,Christopher,male,100,26017
Stefanie,,Stefanie,female,98,10626
Maximilian,,Maximilian,male,99,5404
Zachary,USA,Zachary,male,100,6186
Alexander,Kyiv,Alexander,male,99,56237
Benke,Beijing,Benke,male,85,79
Yanyan,Qingdao,Yanyan,female,71,345
Katarzyna,USA,Katarzyna,female,100,71
Ye,Shanghai,Ye,male,75,1057
Pradeep,,Pradeep,male,100,14804
Soichiro,Ibaraki,Soichiro,male,100,85
Joris,USA,Joris,male,96,25
Claudio,,Claudio,male,99,46478
Tuija,,Tuija,female,96,404
Jonathan,Oxford,Jonathan,male,99,84386
Xuewen,,Xuewen,male,62,13
Beom,Daejeon,Beom,male,100,53
Torsten,,Torsten,male,99,5046
Omar,USA,Omar,male,99,3202
Feriel,,Feriel,female,98,874
Anna,Milano,Anna,female,98,184558
Yuu,Kanazawa,Yuu,male,66,600
Man,Beijing,Man,male,91,8383
Masahiro,Tokushima,Masahiro,male,100,783
Wu,Shanghai,Wu,male,69,1165
Tomoko,Ibaraki,Tomoko,female,98,570
Soumen,,Soumen,male,99,959
Jinping,USA,Jinping,unknown,50,2
Masahiko,Toyama,Masahiko,male,100,242
Qinggang,Mülheim,Qinggang,male,75,4
Cristóbal,USA,Cristóbal,male,100,13
Jing,,Jing,female,75,2534
Fangyi,,Fangyi,female,78,23
Hong-Yan,,Hong-Yan,male,65,12440
Glenn,,Glenn,male,98,9914
Joanna,,Joanna,female,98,34331
Shin,Nagoya,Shin,male,79,2192
Stephan,,Stephan,male,99,19941
Alice,,Alice,female,98,40209
Daniel,Cambridge,Daniel,male,99,257742
Da,"Hong Kong",Da,female,83,12
Lihong,Beijing,Lihong,female,76,50
Biplab,Aichi,Biplab,male,100,716
Yingying,"Hong Kong",Yingying,female,100,5
Zhi,USA,Zhi,male,81,58
Marcel,,Marcel,male,99,41885
Ciro,,Ciro,male,99,10141
Sebastian,,Sebastian,male,99,47850
Eijiro,Tsukuba,Eijiro,male,100,11
Gabor,"New Zealand",Gabor,male,75,4
Miao,Jinan,Miao,female,61,531
Michaela,,Michaela,female,92,31084
Joel,USA,Joel,male,99,8032
Liangliang,USA,Liangliang,male,75,4
Evi,,Evi,female,95,3390
Jun,Shanghai,Jun,male,88,6829
Abraham,,Abraham,male,99,10411
Roberto,USA,Roberto,male,99,2676
Rénald,,Rénald,male,99,108
Tsuyoshi,Kanazawa,Tsuyoshi,male,99,458
Gary,USA,Gary,male,100,13394
Shu-Lin,USA,Lin,female,73,465
Kaihuan,,,,,
Dmytro,,Dmytro,male,100,701
Christian,,Christian,male,100,48300
Markus,,Markus,male,99,30782
Hariharaputhiran,Fargo,Hariharaputhiran,male,75,4
Cheng-Hsien,USA,Cheng,male,77,149
Raynold,USA,Raynold,male,100,3
Qing,,Qing,female,58,728
Ayaka,,Ayaka,female,97,359
Shinobu,Tokyo,Shinobu,male,61,150
Lu,QC,Lu,female,68,5209
Gregor,,Gregor,male,99,3274
Christian,,Christian,male,100,48300
Philippe,,Philippe,male,99,57297
Franziska,,Franziska,female,98,3237
Wei,Beijing,Wei,male,73,4003
Nadia,Stockholm,Nadia,female,98,44698
Tong,USA,Tong,male,69,86
Renata,,Renata,female,99,30340
Yi,USA,Yi,male,56,263
Sven,,Sven,male,99,19537
Cheng,USA,Cheng,male,77,149
Wael,Mansoura,Wael,male,98,10438
Yu,British,Yu,male,63,3415
Qiongzheng,USA,,,,
Ming,USA,Ming,male,73,237
Hai-xia,,Hai-Xia,male,77,4014
Xinghai,Emory,Xinghai,male,100,9
Ran,Beijing,Ran,male,65,1586
Chuan,USA,Chuan,male,87,23
Qian,,Qian,female,65,678
Ning,,Ning,female,74,1915
Xiaoyan,Suzhou,Xiaoyan,female,93,154
Shimrit,Beer-Sheva,Shimrit,female,100,49
Wengang,Singapore,Wengang,male,75,4
Gesche,,Gesche,female,88,26
Ran,Anhui,Ran,male,65,1586
Manuel,,Manuel,male,99,96874
Keith,USA,Keith,male,100,10807
Yun,Lanzhou,Yun,male,51,1517
Shuyu,,Shuyu,female,53,30
Moumita,,Moumita,female,99,798
Emanuela,,Emanuela,female,98,8115
Grant,,Grant,male,100,19022
Pingchun,Shanghai,,,,
Anthony,USA,Anthony,male,100,21929
Daniel,,Daniel,male,99,257742
Eric,USA,Eric,male,100,31662
Miguel,Campus,Miguel,male,99,89766
Robert,Huddersfield,Robert,male,99,145540
Hui,Shanghai,Hui,female,52,1684
Sebastian,,Sebastian,male,99,47850
Matthew,Zürich,Matthew,male,100,51412
Thomas,ACT,Thomas,male,99,129177
Junfeng,"Hong Kong",Junfeng,male,75,4
Xin,China,Xin,male,62,851
Jared,USA,Jared,male,100,7077
Xi,USA,Xi,female,61,98
Sigma,Kyoto,Sigma,male,78,158
Wenjun,,Wenjun,male,52,119
Diana,USA,Diana,female,98,8050
Masayuki,Okayama,Masayuki,male,99,597
Annapureddy,"Hong Kong",Annapureddy,male,63,8
Kathryn,USA,Kathryn,female,99,4645
Sheng,,Sheng,male,74,646
Emily,USA,Emily,female,99,20625
Björn,,Björn,male,99,6460
Qinglian,Singapore,Qinglian,female,100,4
Santanab,USA,Santanab,male,75,4
Huiying,Jinggangshan,Huiying,female,96,55
Kevin,,Kevin,male,99,140160
Antoine,,Antoine,male,99,33499
Peili,,Peili,female,71,14
Wooyul,,,,,
Junshan,Shanghai,Junshan,male,100,5
Kristian,,Kristian,male,98,9945
Peng,,Peng,male,84,1353
Ireen,,Ireen,female,98,176
Yingche,ON,,,,
Soi,"United Kingdom",Soi,male,75,4
Christopher,Edinburgh,Christopher,male,99,55041
Xiao-Ping,Shanghai,Xiao-Ping,male,53,3334
Owen,"United Kingdom",Owen,male,99,1436
Wenwen,Beijing,Wenwen,female,83,170
Sarah,USA,Sarah,female,99,32394
Shintaro,Saitama,Shintaro,male,98,246
Yu-Chen,,Yu-Chen,female,62,29
Zhaohong,Shanghai,Zhaohong,male,60,5
Hirofumi,Kyoto,Hirofumi,male,99,171
Pier,,Pier,male,97,2999
Michael,Zürich,Michael,male,99,211741
Gebrekidan,,Gebrekidan,male,100,3
Urszula,,Urszula,female,98,3453
Debasis,,Debasis,male,100,732
Donald,,Donald,male,99,12793
Albert,,Albert,male,98,31368
Tobias,,Tobias,male,100,17675
Elena,,Elena,female,98,74807
Sarah,Edinburgh,Sarah,female,98,127402
Chinmoy,Strasbourg,Chinmoy,male,100,335
Bryce,USA,Bryce,male,97,2164
Yue,Changchun,Yue,female,58,1014
Wei,,Wei,male,73,4003
Hideaki,,Hideaki,male,99,343
Pranatchareeya,,,,,
Changkun,,Changkun,male,100,7
Gloria,,Gloria,female,98,20788
Hanna,,Hanna,female,97,20483
Eric,,Eric,male,99,121922
Qing-Hui,Beijing,Qing-Hui,female,53,2412
Anna,,Anna,female,98,184558
Kenji,Tokyo,Kenji,male,98,1939
Nils,,Nils,male,99,5129
Harshita,USA,Harshita,female,69,49
Shengjie,,Shengjie,male,79,28
Mingxin,,Mingxin,male,79,19
Hulin,Tokyo,Hulin,male,79,28
Nemanja,USA,Nemanja,male,100,36
Xiuxian,Xueyuan,Xiuxian,unknown,50,6
Kei,Sendai,Kei,male,74,1478
Grit,,Grit,female,91,426
Thanh,,Thanh,male,62,8016
Andreas,,Andreas,male,99,44818
Frank,Location:,Frank,male,99,66241
Hristiyan,,Hristiyan,male,92,26
Jonathan,"United Kingdom",Jonathan,male,99,5744
Tianmeng,USA,Tianmeng,female,75,4
Qing-Fu,,Qing-Fu,male,56,1206
Aldo,Göttingen,Aldo,male,99,15830
Masato,Osaka,Masato,male,99,603
Ping,USA,Ping,male,56,90
Yasuhiro,Toyonaka,Yasuhiro,male,100,455
Ursula,,Ursula,female,98,5883
John,York,John,male,99,219085
Fabian,,Fabian,male,99,25659
Can,Shanghai,Can,male,95,36655
Congde,Gansu,,,,
Manos,Paris,Manos,male,98,2698
Matthieu,,Matthieu,male,99,12012
Xiaojin,,Xiaojin,male,56,18
Chien-Chi,,Chien-Chi,male,51,3802
Adinarayana,,Adinarayana,male,100,45
Kiran,,Kiran,male,80,13630
Shin-ichi,Osaka,Shin-Ichi,male,100,23
Daniel,USA,Daniel,male,100,35866
Kang,Daegu,Kang,male,90,2557
Cheng-Chung,Taipei,Cheng-Chung,male,100,4
Przemysław,,Przemysław,male,100,4556
Timothy,Queensland,Timothy,male,99,15778
Hak,Korea,Hak,male,90,512
Ming,USA,Ming,male,73,237
Chunqiu,Changchun,Chunqiu,male,100,3
Chung-Hao,USA,Hao,male,91,219
Yutaka,Tokyo,Yutaka,male,99,480
Michael,,Michael,male,99,211741
Jingwen,Guangzhou,Jingwen,female,74,82
Xiaochu,,Xiaochu,female,75,4
Ann-Christin,,Ann-Christin,female,97,276
Yuichi,Sendai,Yuichi,male,99,451
Yi,,Yi,male,61,1397
Paul,St,Paul,male,75,4
Jochen,,Jochen,male,99,2695
Tom,Dreijenlaan,Tom,male,99,87429
Zhichao,Singapore,Zhichao,male,75,4
Ritesh,Bangalore,Ritesh,male,99,5074
Dimitris,Crete,Dimitris,male,99,10807
Pengcheng,,Pengcheng,male,100,35
Yue,USA,Yue,female,60,139
Lucile,,Lucile,female,97,2685
Jian-Wei,Hefei,Jian-Wei,male,77,5218
Jens,,Jens,male,99,13599
Gergely,,Gergely,male,98,1654
Zhaocun,,,,,
Pietro,,Pietro,male,99,18347
Bochao,,Bochao,male,100,6
Zhiyong,Beijing,Zhiyong,male,99,75
Alexander,USA,Alexander,male,100,6939
Wei,Hunan,Wei,male,73,4003
Jun-Jie,Tianjin,Jun-Jie,male,100,3
Moran,,Moran,male,55,304
Beniamino,ON,Beniamino,male,98,421
Ying,,Ying,female,89,3288
Hatice,Beijing,Hatice,female,96,12003
Hang,ON,,,,
Fatme,,Fatme,female,97,239
Yu-Liang,Madrid,Yu-Liang,male,100,5
Edwin,Shaanxi,Edwin,male,99,18517
Yincheng,Beijing,Yincheng,male,100,4
Shan,,Shan,male,73,4252
James,USA,James,male,100,47200
Pablo,,Pablo,male,99,51159
Amit,Haifa,Amit,male,99,37747
Ilan,,Ilan,male,97,1086
Bob,,Bob,male,97,42812
Dipankar,Bangalore,Dipankar,male,100,1261
Manish,Tokyo,Manish,male,100,19543
Kosei,Edinburgh,Kosei,male,92,37
Wing,Kyoto,,,,
John,,John,male,99,219085
Tomoki,Tokyo,Tomoki,male,99,233
Lei,,Lei,male,59,2374
Kazuhiko,,Kazuhiko,male,99,192
Julian,,Julian,male,95,24021
Joachim,,Joachim,male,99,6027
Baptiste,,Baptiste,male,98,6190
Arnab,USA,Arnab,male,100,58
Rui,,Rui,male,98,25872
Stephanie,,Stephanie,female,98,66153
Raphael,,Raphael,male,99,22692
Roly,,Roly,male,86,366
Christian,Cambridge,Christian,male,100,48300
Marcileia,Kobe,Marcileia,female,100,32
André,Jilin,André,male,99,25357
Toshifumi,,Toshifumi,male,100,40
Ping,Hsinchu,Ping,male,53,1562
Jaroslav,,Jaroslav,male,98,16800
Satish,Bangalore,Satish,male,100,9426
Jürgen,Bayer,Jürgen,male,99,9431
B,,,,,
Franz,USA,Franz,male,99,169
Christofer,Madrid,Christofer,male,99,542
Kevin,Guangzhou,Kevin,male,99,140160
Joao,,Joao,male,99,33906
Jun-Liang,Shanghai,Jun-Liang,male,87,8116
Fabian,,Fabian,male,99,25659
Deyun,,Deyun,female,67,6
Simon,,Simon,male,98,57458
Shoubhik,USA,Shoubhik,male,75,4
Kang,Nanjing,Kang,male,90,2557
En,"Hong Kong",En,male,75,4
Zhenzhu,,Zhenzhu,female,90,10
Zhanhua,,Zhanhua,male,75,4
Yasutomo,USA,Yasutomo,male,100,12
Dietmar,Shizuoka,Dietmar,male,99,1635
Jesús,Xi'an,Jesús,male,99,7086
Noriyasu,Tianjin,Noriyasu,male,100,26
Jin,,Jin,male,72,4739
Zhe,Kyoto,Zhe,male,80,504
Richard,,Richard,male,99,97659
Takeshi,USA,Takeshi,male,98,42
Jitendra,,Jitendra,male,100,6724
Hongbo,Aarhus,Hongbo,male,83,65
Shu-Ting,Sapporo,Shu-Ting,female,100,7
Fabian,Dublin,Fabian,male,99,25659
Yusaku,,Yusaku,male,99,69
Emma,Amsterdam,Emma,female,91,44680
Andreas,,Andreas,male,99,44818
Jaap,USA,Jaap,male,100,10
Avik,,Avik,male,100,602
Justin,Xuzhou,Justin,male,98,43826
Matthias,,Matthias,male,100,17148
Yanyan,,Yanyan,female,71,345
Dominik,,Dominik,male,98,21763
Stijn,USA,Stijn,male,100,5
Sung-Hwan,,Sung-Hwan,male,100,15
Quentin,,Quentin,male,99,23008
Thomas,Osaka,Thomas,male,99,129177
Christian,Delft,Christian,male,100,48300
Ryosuke,Anhui,Ryosuke,male,99,451
Peter,,Peter,male,99,146529
Shan,Guangzhou,Shan,male,73,4252
Bettina,,Bettina,female,98,5079
Liang,,Liang,male,82,1287
Yasuharu,Avenida,Yasuharu,male,100,41
Enguerrand,Shanghai,Enguerrand,male,99,87
Elena,,Elena,female,98,74807
Wei,,Wei,male,73,4003
Jyotsna,,Jyotsna,female,99,583
Andreas,USA,Andreas,male,100,2789
Thomas,USA,Thomas,male,100,20215
Michael,USA,Michael,male,100,65535
Tao,USA,Tao,male,90,147
Steven,,Steven,male,99,59951
Xingzhong,Ontario,Xingzhong,male,100,5
Vipin,,Vipin,male,100,4982
Weifeng,,Weifeng,male,88,40
Frímann,Suzhou,Frímann,male,75,4
Peng,,Peng,male,84,1353
Xiaoqing,Changchun,Xiaoqing,female,80,79
Katrin,,Katrin,female,98,6642
Zhennan,Beijing,Zhennan,male,100,9
Jordi,Oviedo,Jordi,male,99,16977
Chao,USA,Chao,male,91,112
Eva,,Eva,female,98,79421
Ming,Dortmund,Ming,male,77,2692
Pieter,USA,Pieter,male,100,123
Vincent,USA,Vincent,male,100,4308
Ying,Jiangsu,Ying,female,89,3288
Carl,Dalian,Carl,male,98,18194
Weigang,Fuzhou,Weigang,male,100,15
Chunxiang,,Chunxiang,female,70,10
Yun,Guangzhou,Yun,male,51,1517
Andor,,Andor,male,97,396
Lizhen,USA,Lizhen,female,100,3
Peng,,Peng,male,84,1353
Christopher,Marseille,Christopher,male,99,55041
Melanie,,Melanie,female,98,35986
Xiaoxuan,Chengdu,Xiaoxuan,female,80,35
Souvik,,Souvik,male,100,1116
Yumin,Qld,Yumin,female,51,82
Rafael,,Rafael,male,99,52197
Daniel,,Daniel,male,99,257742
Pu-Sheng,USA,Sheng,male,67,55
Kristine,,Kristine,female,98,4482
Rajarshi,,Rajarshi,male,100,373
Rico,Tokyo,Rico,male,99,11022
Daniel,Jinan,Daniel,male,99,257742
Takamasa,USA,Takamasa,male,75,4
Wei,Institut,Wei,male,73,4003
Max,USA,Max,male,98,5582
Michel,,Michel,male,97,68146
Sumith,Münster,Sumith,male,99,428
Ritesh,Hefei,Ritesh,male,99,5074
Nico,,Nico,male,97,43301
Fei,Chengdu,Fei,male,62,1203
Hongjuan,,Hongjuan,female,100,3
Youzhou,USA,,,,
Pere,,Pere,male,98,2369
Jeffrey,Chengdu,Jeffrey,male,100,19324
Kha,Hangzhou,Kha,male,76,917
Yangbin,,Yangbin,male,100,15
Kai,Shanghai,Kai,male,96,28964
Carlos,Beijing,Carlos,male,99,174998
Zhao-Xi,USA,Zhao,male,77,52
Huan,Universität,Huan,male,84,956
Surendra,,Surendra,male,100,3323
Oliver,,Oliver,male,98,22853
Antonio,Durham,Antonio,male,99,180825
Xiaoming,USA,Xiaoming,male,79,14
Yonghao,Coventry,Yonghao,male,100,39
Andrew,,Andrew,male,99,82448
Elena,,Elena,female,98,74807
Guillaume,USA,Guillaume,male,99,183
Sérgio,Guangzhou,Sérgio,male,99,4758
Huw,Bristol,Huw,male,99,360
Peihua,,Peihua,female,69,16
David,Tokyo,David,male,99,381770
Yohei,,Yohei,male,99,308
Yuh,USA,Yuh,unknown,50,2
Bastian,Singapore,Bastian,male,100,3
Alexander,,Alexander,male,99,56237
Lili,Dalian,Lili,female,94,21470
Sandra,,Sandra,female,98,133088
Jiao,,Jiao,female,75,156
Terry,,Terry,male,79,22131
Albrecht,Shanghai,Albrecht,male,97,237
Hamish,,Hamish,male,99,709
Shasha,Guangzhou,Shasha,female,81,749
Yin,Irvine,Yin,female,56,1172
Mei,Cambridge,Mei,female,89,2342
Johannes,,Johannes,male,99,7870
Christine,India,Christine,female,88,72
Benedikt,Suwon,Benedikt,male,99,1034
Upendra,Singapore,Upendra,male,75,4
Kang,,Kang,male,90,2557
Sanyang,,Sanyang,male,100,12
Nicholas,Beijing,Nicholas,male,100,21206
Tsai-Te,,Tsai-Te,male,65,949
Xiang-Yu,USA,Xiang,male,83,60
Peng,,Peng,male,84,1353
Jingjin,,Jingjin,female,83,6
Qiang,Christchurch,Qiang,male,97,531
Seonyoung,Kyoto,Seonyoung,female,87,23
David,"New Zealand",David,male,100,793
Katsuaki,,Katsuaki,male,100,36
Martin,,Martin,male,98,139211
Julian,,Julian,male,95,24021
Matthijs,USA,Matthijs,male,100,6
Grethe,USA,Grethe,female,100,3
Thomas,,Thomas,male,99,129177
James,,James,male,99,131879
Nobuhiro,USA,Nobuhiro,male,100,6
Daniel,,Daniel,male,99,257742
Ian,Sapporo,Ian,male,99,34076
Hans,Bellaterra,Hans,male,97,28935
Masaki,Qingdao,Masaki,male,97,788
Zhiyu,USA,Zhiyu,male,77,13
Shaohua,,Shaohua,male,79,43
Zhankui,Kgs,,,,
Cedric,USA,Cedric,male,100,7680
Jerrik,,Jerrik,male,100,85
Shigehiro,,Shigehiro,male,100,22
Ryota,Kyoto,Ryota,male,100,617
Roberto,,Roberto,male,99,100721
Heidie,,Heidie,female,100,65
Benjamin,USA,Benjamin,male,100,9079
Chelladurai,Beijing,Chelladurai,male,100,27
Xun,Madison,Xun,male,78,162
Fei,,Fei,male,62,1203
Frank,,Frank,male,99,66241
Frederik,Nanjing,Frederik,male,98,2443
Dominik,USA,Dominik,male,100,5078
Heng-Yun,USA,Heng,male,64,45
Thomas,,Thomas,male,99,129177
Ryan,,Ryan,male,99,64450
Zhibo,Shanghai,Zhibo,male,100,25
Hangxiang,L'Hospitalet,,,,
Rui,Tokyo,Rui,male,98,25872
Alba,Reading,Alba,female,96,14007
Toru,,Toru,male,98,537
Kripasindhu,Avda/de,Kripasindhu,male,100,11
Yvain,Shanghai,Yvain,male,97,66
Juan,,Juan,male,98,106011
Lin,,Lin,female,58,6456
Judith,USA,Judith,female,98,2146
Takumi,,Takumi,male,96,557
Anyin,USA,Anyin,unknown,50,2
Bernhard,Jena,Bernhard,male,98,4878
Marius,USA,Marius,male,100,175
Felipe,USA,Felipe,male,99,1278
Lyle,Biomateriales,Lyle,male,99,3865
José,USA,José,male,99,355
Cristina,,Cristina,female,98,70974
Miao,,Miao,female,61,531
Tatjana,Fujian,Tatjana,female,98,4967
Tsuneomi,Manchester,,,,
Pei-Xin,Changsha,Pei-Xin,male,52,2173
Ewan,USA,Ewan,male,100,62
Ming-Bo,USA,Bo,male,91,1184
Huaiji,Pohang,Huaiji,male,75,4
Huy,USA,Huy,male,98,245
Byeongseon,Beijing,Byeongseon,male,75,4
Xin,,Xin,male,58,1659
Xiling,,Xiling,female,100,9
Chris,,Chris,male,93,163699
Landon,USA,Landon,male,100,9456
Shikun,,Shikun,male,75,4
Ping,Seoul,Ping,male,53,1562
Ville-Veikko,ACT,Ville-Veikko,male,100,16
Sungju,Tokyo,Sungju,male,94,16
Ruth,,Ruth,female,98,20411
Takafumi,Geneva,Takafumi,male,100,208
Mélissandre,,Mélissandre,female,96,70
Kaori,,Kaori,female,96,676
Hugo,Shanghai,Hugo,male,99,35618
Clément,,Clément,male,98,7544
Ajmal,,Ajmal,male,97,1557
Barbara,Singapore,Barbara,female,95,21
Yasar,,Yasar,male,96,4911
Yuxin,USA,Yuxin,female,63,19
Conan,Eindhoven,Conan,male,93,674
Thiago,Taiwan,Thiago,male,100,16887
Ivo,,Ivo,male,98,9791
Yu-Chen,Chongqing,Yu-Chen,female,62,29
Sheng-Li,,Sheng-Li,male,51,4811
Wenshan,Kagoshima,Wenshan,unknown,50,14
Felix,USA,Felix,male,99,1537
Kazuyuki,USA,Kazuyuki,male,100,6
Suzanne,,Suzanne,female,98,11294
Yu,Oxford,Yu,male,63,3415
Pascal,,Pascal,male,98,53481
Anna,,Anna,female,98,184558
Sebastian,,Sebastian,male,99,47850
Dawei,USA,Dawei,male,91,22
Andreas,,Andreas,male,99,44818
Pasquale,,Pasquale,male,99,15771
Katharina,Bangalore,Katharina,female,98,5457
Franziska,,Franziska,female,98,3237
Chinta,Leiden,Chinta,female,58,161
Dipankar,USA,Dipankar,male,100,17
Sascha,,Sascha,male,97,13412
K,Hiroshima,,,,
Elise,,Elise,female,97,9916
Kimihiro,,Kimihiro,male,100,29
Hongwei,,Hongwei,male,88,89
Zhen,,Zhen,male,64,631
Haonan,USA,Haonan,male,100,4
Hai-Yan,Shenzhen,Hai-Yan,male,77,12079
Liang,,Liang,male,82,1287
Long,FAMU-FSU,Long,male,100,89
Mar,USA,Mar,female,65,240
Mingu,,Mingu,male,93,45
Kiel,Xiamen,Kiel,male,95,284
David,,David,male,99,381770
Lei,USA,Lei,male,57,231
Jack,Changsha,Jack,male,97,59917
Robert,,Robert,male,99,145540
Hao,,Hao,male,84,2105
Jens,Tokyo,Jens,male,99,13599
Xueqiang,Maharashtra,Xueqiang,male,75,4
Akihiro,USA,Akihiro,male,100,9
Tullimilli,Changzhou,,,,
Nathan,Kyoto,Nathan,male,99,29365
Daming,Shenyang,Daming,male,95,19
Shin,Anhui,Shin,male,79,2192
Hongyang,,Hongyang,male,77,22
Song,USA,Song,male,100,74
Zhuxian,USA,Zhuxian,female,75,4
Travis,,Travis,male,99,11196
Huiyuan,USA,Huiyuan,female,75,4
Dion,,Dion,male,97,6266
Weston,,Weston,male,100,7157
Stefanie,,Stefanie,female,98,10626
Kai,Beijing,Kai,male,96,28964
Christof,Shanghai,Christof,male,99,1226
Qiongqiong,,Qiongqiong,female,100,7
Zhitao,USA,Zhitao,male,75,4
Fanzhi,,Fanzhi,male,75,4
Stefan,,Stefan,male,98,50890
Jarryl,Qingdao,Jarryl,male,100,3
Celina,,Celina,female,99,6944
Xiaoxu,,Xiaoxu,male,61,33
Daniel,UP.,Daniel,male,99,257742
Gianvito,USA,Gianvito,male,75,4
Vishnumaya,Beijing,Vishnumaya,female,100,5
G,,,,,
Xiang,USA,Xiang,male,83,60
Mohammed,Beijing,Mohammed,male,99,70885
Qi,,Qi,male,63,557
Yang,Shenzhen,Yang,male,67,4256
Kassem,USA,Kassem,male,100,17
Guangjian,,Guangjian,male,100,4
Amy,,Amy,female,98,42632
Ophélie,USA,Ophélie,female,100,9
Moritz,,Moritz,male,99,1782
Richard,Singapore,Richard,male,99,386
Lirong,,Lirong,female,74,27
Shenci,,,,,
Natalja,USA,Natalja,female,83,6
Dian-Feng,,Dian-Feng,female,58,7323
Young,USA,Young,male,100,51
Sven,Osaka,Sven,male,99,19537
R,,,,,
Riko,Catalonia,Riko,male,90,1187
Colm,Shanghai,Colm,male,99,588
Sergi,Daejeon,Sergi,male,99,4565
Xiao-Nan,Taichung,Xiao-Nan,female,63,5476
Ji,NSW,Ji,male,78,4632
Yi-Wen,USA,Yi,male,56,263
Peter,USA,Peter,male,100,15502
Hoon,,Hoon,male,97,582
Tao,,Tao,male,87,1999
Timo,,Timo,male,99,8332
Wawrzyniec,,Wawrzyniec,male,100,45
Christian,,Christian,male,100,48300
Dario,Manchester,Dario,male,99,26444
Frank,,Frank,male,99,66241
Anthony,Kyoto,Anthony,male,99,85303
Uwe,Ottawa,Uwe,male,99,8221
Benedict,,Benedict,male,98,1805
Graham,Antwerp,Graham,male,99,10110
Lisa,,Lisa,female,98,75562
Sara,Yokohama,Sara,female,98,153041
Victor,Shanghai,Victor,male,99,78043
Haruna,USA,Haruna,female,53,15
Yueqiang,USA,Yueqiang,male,75,4
Michael,Hubei,Michael,male,99,211741
Man-Rong,,Man,male,91,8383
Qiong,Fujian,Qiong,female,88,111
Alexander,,Alexander,male,99,56237
Shanyong,,Shanyong,male,100,4
Ahmet,USA,Ahmet,male,99,184
Chang,Singapore,Chang,male,60,62
Sayumi,USA,Sayumi,female,75,4
Gengzhi,USA,Gengzhi,male,75,4
Nicolas,Seoul,Nicolas,male,99,79977
Masahiro,Jinan,Masahiro,male,100,783
Jihyun,,Jihyun,female,76,250
Xueyun,USA,Xueyun,male,75,4
Anli,Singapore,Anli,male,64,148
Gaoyuan,,Gaoyuan,male,86,7
Genqiang,,,,,
Dominik,,Dominik,male,98,21763
Alireza,,Alireza,male,99,9043
Jun-Long,USA,Long,male,100,89
Manas,,Manas,male,98,1999
Sachin,USA,Sachin,male,100,324
Michael,,Michael,male,99,211741
Zhiyi,Beijing,Zhiyi,male,70,44
Christoph,Durham,Christoph,male,99,9324
Guojiao,USA,,,,
Martina,Kyoto,Martina,female,99,62606
Robin,,Robin,male,75,32295
Cédric,USA,Cédric,male,100,23
Yansong,USA,Yansong,male,75,4
Jagodige,,,,,
Alexey,Nagoya,Alexey,male,100,7132
Servaas,Xiamen,Servaas,male,100,25
Hiroshi,,Hiroshi,male,99,1730
Zhi,,Zhi,male,79,379
Elena,Singapore,Elena,female,97,31
Daniel,Lanzhou,Daniel,male,99,257742
Ronny,,Ronny,male,98,11469
Wenyu,USA,Wenyu,female,56,9
Reinhard,,Reinhard,male,99,1973
Jiajia,,Jiajia,female,76,182
Changgui,,Changgui,unknown,50,4
James,USA,James,male,100,47200
Xiantao,,Xiantao,male,100,6
Mengnan,Shanghai,Mengnan,male,64,14
Claudia,Nagasaki,Claudia,female,98,72003
Ming,USA,Ming,male,73,237
Takamichi,Beijing,Takamichi,male,100,23
Jiajia,,Jiajia,female,76,182
Feng,,Feng,male,81,1386
Tanja,Jerusalem,Tanja,female,98,13686
X-F,,X-F,male,75,4
Weiwei,USA,Weiwei,female,54,26
Stephan,USA,Stephan,male,100,7199
K,USA,,,,
Ryan,,Ryan,male,99,64450
Brendan,USA,Brendan,male,100,2930
Sabrina,Beijing,Sabrina,female,98,60955
Chengyu,,Chengyu,male,74,34
Fu-Lin,,Fu-Lin,female,55,6934
Lihua,Nanjing,Lihua,female,85,128
Stef,,Stef,male,73,10244
Jin,"Hong Kong",Jin,male,61,33
Solène,,Solène,female,98,1239
Wanxiang,Scotland,Wanxiang,male,75,4
Christiane,Osaka,Christiane,female,98,10974
Caihong,USA,Caihong,female,75,4
Takato,,Takato,male,100,39
Peng,,Peng,male,84,1353
Ryo,Mülheim,Ryo,male,97,2815
Klaas,,Klaas,male,96,1869
Seungwoo,,Seungwoo,male,98,84
Erwin,Chiba,Erwin,male,99,8787
Hajo,USA,Hajo,male,94,325
Atsuko,USA,Atsuko,female,90,10
Paul,,Paul,male,99,140849
Roman,,Roman,male,100,7094
Ulrike,Mülheim,Ulrike,female,88,3314
Qiwei,,Qiwei,male,90,31
Sébastien,Hangzhou,Sébastien,male,99,18623
Sebastian,Victoria,Sebastian,male,99,47850
Yayun,Vienna,Yayun,female,68,25
George,,George,male,99,63411
Claudia,,Claudia,female,98,72003
Dhevalapally,USA,,,,
Heinz,Norwich,Heinz,male,98,3977
Javier,Scotland,Javier,male,99,67247
Patrick,,Patrick,male,99,118290
Aušra,,Aušra,female,99,252
Philip,"Hong Kong",Philip,male,99,148
Peter,,Peter,male,99,146529
Anne,,Anne,female,98,48855
Xiong-Jie,,Xiong-Jie,male,63,1858
Yuehui,Anhui,Yuehui,male,63,8
Yuanyuan,Shanghai,Yuanyuan,female,90,239
Finn,,Finn,male,99,10959
Liang,Kolkata,Liang,male,82,1287
Yan-Bo,,Yan-Bo,male,78,13976
Matthias,,Matthias,male,100,17148
Suresh,Tokyo,Suresh,male,100,15885
Julie,,Julie,female,98,72376
Pedro,Tokyo,Pedro,male,99,109853
Yuji,,Yuji,male,97,825
Kishore,,Kishore,male,100,3908
Koji,,Koji,male,98,1020
Christina,,Christina,female,94,36391
František,,František,male,98,7354
Robert,,Robert,male,99,145540
Sandra,,Sandra,female,98,133088
Frank,,Frank,male,99,66241
Zhicheng,Sendai,Zhicheng,male,100,36
Jindřich,USA,Jindřich,male,75,4
Johannes,,Johannes,male,99,7870
Shintaro,,Shintaro,male,98,246
Graham,Kyoto,Graham,male,99,10110
Rami,,Rami,male,96,13366
Edward,,Edward,male,99,24073
Kazuhiro,Dortmund,Kazuhiro,male,100,419
Hao,,Hao,male,84,2105
Veronika,,Veronika,female,99,31200
Peng,,Peng,male,84,1353
Keyarash,Shanghai,Keyarash,male,100,4
Pierre,Wuhan,Pierre,male,99,64439
Anukul,USA,Anukul,male,75,4
Jiulin,NSW,,,,
Yu-Tao,USA,Tao,male,90,147
Liene,,Liene,female,98,479
John,Durgapur,John,male,99,219085
Michael,,Michael,male,99,211741
Lili,USA,Lili,female,95,385
Sudip,,Sudip,male,99,1516
Calum,Aberdeen,Calum,male,99,945
John,,John,male,99,219085
Birte,USA,Birte,female,100,6
Jun,Cambridge,Jun,male,88,6829
Agnes,,Agnes,female,98,12224
Hua,,Hua,male,52,891
Eric,USA,Eric,male,100,31662
Kasper,Tokyo,Kasper,male,98,1773
Fabio,Seoul,Fabio,male,99,72039
Yumeng,Thuwal,Yumeng,female,79,34
Woo-Jin,,Woo-Jin,male,92,13
Sangmok,,Sangmok,male,100,9
Haizhou,,Haizhou,male,85,13
Fang,BCH,Fang,female,68,1434
Morten,,Morten,male,100,3238
David,,David,male,99,381770
Jean-Baptiste,Victoria,Jean-Baptiste,male,99,2954
Martin,Shanghai,Martin,male,98,139211
Emmanuelle,Suzhou,Emmanuelle,female,97,8532
Manda,Uttar,Manda,female,83,1041
Longbin,USA,Longbin,male,75,4
Chao,,Chao,male,86,1135
Syed,,Syed,male,98,14107
Zachary,,Zachary,male,100,7365
Rong,Singapore,Rong,male,67,15
Ping,York,Ping,male,53,1562
Cyril,USA,Cyril,male,96,208
Zongyou,Hangzhou,Zongyou,male,75,4
Abigail,USA,Abigail,female,99,2580
Alexander,,Alexander,male,99,56237
Shao-Jie,USA,Shao,male,74,19
Nicolas,USA,Nicolas,male,100,1619
Hülya,,Hülya,female,97,7666
Robert,,Robert,male,99,145540
Samer,,Samer,male,97,7806
Fengtao,,Fengtao,male,75,4
Paola,USA,Paola,female,98,1002
Christoph,Nanjing,Christoph,male,99,9324
Qiang,Shanghai,Qiang,male,97,531
Peter,,Peter,male,99,146529
Jiangwei,,Jiangwei,male,87,15
Qi-Neng,USA,Neng,male,77,13
Lixia,Shanghai,Lixia,female,90,41
Li,Sapporo,Li,female,53,4165
Zhiyong,,Zhiyong,male,99,75
Chunfa,,Chunfa,unknown,50,2
Tomoya,,Tomoya,male,100,335
Rüdiger,,Rüdiger,male,100,1153
David,,David,male,99,381770
Hans-Ulrich,,Hans-Ulrich,male,100,77
Juan,,Juan,male,98,106011
Samanta,,Samanta,female,97,4218
Nhung,,Nhung,female,97,2432
Michael,Shanghai,Michael,male,99,211741
Olaf,USA,Olaf,male,99,75
Robert,Singapore,Robert,male,99,155
Yingbo,,Yingbo,male,83,6
Sharmistha,USA,Sharmistha,female,100,13
Chunhui,Fax:,Chunhui,male,64,39
Marcel,,Marcel,male,99,41885
Ralf,"Hong Kong",Ralf,male,100,5
Matthias,Kyoto,Matthias,male,100,17148
Joan,Beijing,Joan,male,56,19446
Taotao,USA,Taotao,unknown,50,4
Tomohiro,USA,Tomohiro,male,100,9
Yan-Xia,Beijing,Yan-Xia,male,72,9109
Michael,USA,Michael,male,100,65535
Andreas,USA,Andreas,male,100,2789
Xiao-Hui,Hangzhou,Xiao-Hui,male,51,3456
Erica,,Erica,female,98,19226
Yujun,USA,Yujun,female,75,4
Xiaoying,USA,Xiaoying,female,100,4
Michiel,,Michiel,male,99,1771
Bradford,Changchun,Bradford,male,100,3908
M,Beijing,,,,
Vincent,Glasgow,Vincent,male,99,58501
Wenhui,NS.W,Wenhui,female,58,57
Jingqi,USA,Jingqi,male,75,4
Rachel,,Rachel,female,98,41104
Marylène,USA,Marylène,female,99,552
Matthew,USA,Matthew,male,100,30646
Bixue,USA,,,,
Linghong,Beijing,Linghong,female,60,5
Yilei,,Yilei,female,54,13
Salih,"United Kingdom",Salih,male,99,77
Qiangqiang,USA,Qiangqiang,male,100,5
Kristina,,Kristina,female,98,18828
Jordi,,Jordi,male,99,16977
Youliang,USA,Youliang,male,89,9
Larisha,Sapporo,Larisha,female,100,20
Anastasia,Seoul,Anastasia,female,98,12209
Michael,,Michael,male,99,211741
Xianguang,University,Xianguang,male,75,4
Seungmi,Wales,Seungmi,female,100,17
Fei-Jian,,Fei-Jian,male,75,2418
Alexandre,,Alexandre,male,99,52132
Colan,USA,Colan,male,100,9
Laetitia,,Laetitia,female,97,26220
Jie,USA,Jie,male,55,176
Anna,USA,Anna,female,99,11850
Julie,,Julie,female,98,72376
Michael,,Michael,male,99,211741
Saadyah,,,,,
Volker,Changchun,Volker,male,99,3081
Mateo,USA,Mateo,male,100,15741
Feng,,Feng,male,81,1386
Yuzhou,USA,Yuzhou,female,75,4
Andrea,,Andrea,female,54,161059
Christophe,,Christophe,male,98,60690
Julia,Saitama,Julia,female,97,57688
Zhong,,Zhong,male,73,314
Elliot,USA,Elliot,male,100,8012
Akihiro,,Akihiro,male,100,395
Antonio,,Antonio,male,99,180825
Xiaodong,USA,Xiaodong,male,89,18
Inmaculada,,Inmaculada,female,98,1657
Artur,,Artur,male,99,24643
Danny,Tianjin,Danny,male,94,41156
Phillip,,Phillip,male,99,9441
Erli,,Erli,female,56,142
Jianguang,USA,Jianguang,male,100,9
Christian,Hsinchu,Christian,male,100,48300
Srikrishna,USA,Srikrishna,male,100,6
Wei-Tsung,USA,Tsung,male,100,4
Cheng-Hsiu,,Cheng-Hsiu,male,73,1928
Ariel,RU,Ariel,male,71,42
John,,John,male,99,219085
Kristof,USA,Kristof,male,100,24
Dmitrii,,Dmitrii,male,100,611
Thomas,USA,Thomas,male,100,20215
Sepideh,Seoul,Sepideh,female,98,1140
Jinrong,,Jinrong,male,81,16
Hao,Shanghai,Hao,male,84,2105
Gun-Hee,University,Gun-Hee,male,64,1625
Benjamin,USA,Benjamin,male,100,9079
Yu-Lan,,Yu-Lan,female,56,6875
Min,Hsinchu,Min,male,65,4933
Christina,,Christina,female,94,36391
Iker,,Iker,male,98,3452
Jayachandran,Netherlands,Jayachandran,male,100,176
Peng,,Peng,male,84,1353
Filip,,Filip,male,98,15100
Zonglong,USA,Zonglong,male,75,4
Atchutarao,BC,Atchutarao,male,75,4
Davin,"South Korea",Davin,unknown,50,4
Zhitong,Chiba,Zhitong,male,60,5
Takahito,USA,Takahito,male,100,4
Clare,Shanghai,Clare,female,98,8889
Tomohito,USA,Tomohito,male,100,31
Sébastien,,Sébastien,male,99,18623
Hao,Shanghai,Hao,male,84,2105
Maryam,Hsinchu,Maryam,female,98,12089
Peter,USA,Peter,male,100,15502
Jin-Sheng,USA,Jin,male,68,337
Hung-Yu,Taichung,Hung-Yu,male,100,6
Robert,Quebec,Robert,male,99,145540
Zhichang,USA,Zhichang,male,75,4
Lin-Ya,USA,Lin,female,73,465
Georgios,,Georgios,male,99,1597
Jun,,Jun,male,88,6829
Peter,Singapore,Peter,male,99,480
Audrey,Shanghai,Audrey,female,97,33454
Jaroslav,,Jaroslav,male,98,16800
Dan,,Dan,male,97,61524
Yuhui,Utrecht,Yuhui,male,52,48
Paul,USA,Paul,male,100,28746
Sansanee,,Sansanee,female,99,87
Zoran,USA,Zoran,male,99,70
Yueyang,,Yueyang,male,67,9
Jesper,USA,Jesper,male,100,52
Mark,USA,Mark,male,100,47989
Christian,,Christian,male,100,48300
Bobo,,Bobo,male,78,5300
Rocco,"New Zealand",Rocco,male,99,12203
Hua-Dong,,Hua-Dong,male,77,3103
Yan,,Yan,male,73,8519
Sunita,,Sunita,female,98,2385
Somnath,USA,Somnath,male,100,22
Thomas,Rehovot,Thomas,male,99,129177
Joice,,Joice,female,94,2059
Yunfeng,,Yunfeng,male,93,69
Itai,,Itai,male,96,277
Stephen,Tokyo,Stephen,male,99,46085
Matthew,USA,Matthew,male,100,30646
Christian,Technische,Christian,male,100,48300
Tomohiro,Sapporo,Tomohiro,male,100,436
Brent,Chicago,Brent,male,100,7215
Christoph,,Christoph,male,99,9324
Yuqing,Kyoto,Yuqing,female,70,77
Alexey,Seoul,Alexey,male,100,7132
Shigenaga,,,,,
Kazuhiko,,Kazuhiko,male,99,192
Won,USA,Won,male,88,59
Da-Gang,,Da-Gang,male,76,4596
Bruno,USA,Bruno,male,100,3887
Wen-Ming,,Wen-Ming,male,63,4677
Selim,Sapporo,Selim,male,96,18492
Joseph,USA,Joseph,male,100,21534
Julia,Tokyo,Julia,female,97,57688
Yuki,Institution,Yuki,female,62,3972
Anna,"Hong Kong",Anna,female,97,183
Yuri,,Yuri,male,81,8959
Fan,Seoul,Fan,male,63,1956
Da,USA,Da,male,82,300
Dennis,Nagoya,Dennis,male,99,44146
Tae-Kyung,,Tae-Kyung,male,86,7
Liqun,USA,Liqun,male,75,4
Masashi,USA,Masashi,male,100,13
Xianjie,USA,Xianjie,male,75,4
Mark,USA,Mark,male,100,47989
Keisuke,,Keisuke,male,100,782
Benjamin,,Benjamin,male,99,50718
Jonathan,Shenyang,Jonathan,male,99,84386
Teresa,,Teresa,female,98,35574
Ulrike,,Ulrike,female,88,3314
Zhiqing,Singapore,Zhiqing,male,75,4
Michael,USA,Michael,male,100,65535
Jean-Philippe,,Jean-Philippe,male,97,6209
Lingbing,Nankang,Lingbing,male,75,4
Wenhan,,Wenhan,male,79,28
Tom,Singapore,Tom,male,98,178
Hong-Jay,,Hong-Jay,male,90,48969
Koya,,Koya,male,78,132
Xue-Jun,USA,Jun,male,86,387
Justus,,Justus,male,100,4063
G,,,,,
Eric,,Eric,male,99,121922
Jolanda,Shanghai,Jolanda,female,98,3133
Tanja,Tokyo,Tanja,female,98,13686
Frank,USA,Frank,male,100,11178
Gen-Qiang,,Gen-Qiang,male,71,1632
Yuki,ChangSha,Yuki,female,62,3972
Le,,Le,male,68,8970
Qian,,Qian,female,65,678
Chunyang,,Chunyang,male,83,18
Daniel,,Daniel,male,99,257742
Genqiang,,,,,
Fabio,Oxford,Fabio,male,99,72039
Haijun,"Hong Kong",Haijun,male,96,46
Shine,Edinburgh,Shine,female,100,3920
Clive,Nagasaki,Clive,male,99,3066
Wai-Lun,Changsha,Wai-Lun,male,77,1598
Alexandra,,Alexandra,female,98,53680
Tatsuya,,Tatsuya,male,99,739
Zhou,,Zhou,male,63,863
Siegfried,,Siegfried,male,99,1551
Lorine,,Lorine,female,97,385
Alexandre,Shanghai,Alexandre,male,99,52132
Trine,Tamil,Trine,female,99,721
Cho-Shuen,,Cho-Shuen,male,64,1231
Yu,,Yu,male,63,3415
Christy,,Christy,female,93,7164
Demet,,Demet,female,97,4441
Chelladurai,USA,Chelladurai,male,75,4
Laura,,Laura,female,98,163073
Mattia,,Mattia,male,98,14801
Bangping,USA,Bangping,male,75,4
Sven,,Sven,male,99,19537
Sabin-Lucian,Singapore,Sabin,male,100,4
Joel,Saitama,Joel,male,99,40697
Da-Gang,USA,Da,male,82,300
Zhenkun,USA,Zhenkun,male,90,10
Hiromichi,USA,Hiromichi,male,100,4
Yu,USA,Yu,male,64,274
Jie,Tokyo,Jie,male,61,1651
Tao,,Tao,male,87,1999
Robert,Ontario,Robert,male,99,145540
Eun-Woo,,Eun-Woo,male,64,1034
Sophie,,Sophie,female,98,54216
Milad,,Milad,male,98,4413
Hezhong,Shanghai,,,,
Miklós,,Miklós,male,99,2012
James,Edificio,James,male,99,131879
Jianlei,USA,Jianlei,male,75,4
Cecilia,(USA),Cecilia,female,98,18089
Erandi,,Erandi,female,91,110
Jing,USA,Jing,female,76,249
Dorian,USA,Dorian,male,98,4515
Shobhna,,Shobhna,female,98,53
James,Bristol,James,male,99,131879
Gaël,USA,Gaël,male,89,9
Matthias,,Matthias,male,100,17148
Edward,Ontario,Edward,male,99,24073
Bryce,,Bryce,male,97,2854
Virginia,,Virginia,female,98,14661
Ying-Li,,Ying-Li,female,69,7453
Giulia,,Giulia,female,99,29392
Brandon,,Brandon,male,100,29118
Antonio,Shizuoka,Antonio,male,99,180825
Andreas,USA,Andreas,male,100,2789
Siegfried,,Siegfried,male,99,1551
Yuta,,Yuta,male,97,846
Qingyang,,Qingyang,male,74,23
Dae-Woon,USA,Woon,male,67,3
Jonathan,,Jonathan,male,99,84386
Srimanta,Lanzhou,Srimanta,male,100,84
Bryan,,Bryan,male,99,27027
Osama,USA,Osama,male,99,226
Pin,Tokyo,Pin,male,54,819
Jaika,Nagoya,Jaika,female,54,13
Jinhye,Pohang,Jinhye,female,75,4
Tadamasa,USA,Tadamasa,male,75,4
Naoya,USA,Naoya,male,100,9
Jiho,,Jiho,male,93,179
Dong-Sik,,Dong-Sik,male,86,2392
Deepak,,Deepak,male,100,28771
Matias,Singapore,Matias,male,100,5
Jan-Hendrik,Changsha,Jan-Hendrik,male,99,124
Thomas,USA,Thomas,male,100,20215
Siew-Peng,Chungbuk,Siew-Peng,male,78,1530
Yu,,Yu,male,63,3415
Nirmal,,Nirmal,male,97,2849
Aram,,Aram,male,90,2284
Martin,Kyoto,Martin,male,98,139211
Joos,USA,Joos,male,75,4
Annette,,Annette,female,98,8428
Kei,USA,Kei,male,60,93
Shaodong,USA,Shaodong,male,100,4
Alexander,Osaka,Alexander,male,99,56237
Hongchao,,Hongchao,male,93,15
Joseph,,Joseph,male,99,63161
Tatsuya,Tsukuba,Tatsuya,male,99,739
Paola,,Paola,female,98,34326
Federico,,Federico,male,99,28505
Chengjun,Sheffield,Chengjun,male,83,29
Albert,,Albert,male,98,31368
Paul,USA,Paul,male,100,28746
Emmanuel,Shanghai,Emmanuel,male,99,43639
Rebecca,Alberta,Rebecca,female,99,35211
Ming,,Ming,male,77,2692
Shengbin,,Shengbin,male,100,8
Alberto,,Alberto,male,99,73988
Philipp,Shanghai,Philipp,male,99,8496
Peter,USA,Peter,male,100,15502
William,Oxford,William,male,99,67797
Guo-Feng,,Guo-Feng,male,76,1958
Gopal,Edinburgh,Gopal,male,99,4583
Pengpeng,,Pengpeng,male,55,29
Ariana,,Ariana,female,97,4522
Kamila,Seoul,Kamila,female,98,23023
Baihua,USA,Baihua,male,67,3
Felix,USA,Felix,male,99,1537
Suhee,Okayama,Suhee,female,76,25
Yang,Oxford,Yang,male,67,4256
Jonathan,Ontario,Jonathan,male,99,84386
Yasushi,,Yasushi,male,99,226
Matthew,USA,Matthew,male,100,30646
David,,David,male,99,381770
Guillaume,Kowloon,Guillaume,male,99,37030
Labros,Chengdu,Labros,male,100,88
Sovy,USA,Sovy,female,100,3
Xia,,Xia,female,64,522
Yuanhong,,Yuanhong,female,75,4
Rahul,Shanghai,Rahul,male,100,44776
Tao,Tokyo,Tao,male,87,1999
Elisa,Beijing,Elisa,female,98,32786
Xiang,SA,Xiang,male,75,4
Shigeru,,Shigeru,male,100,216
Xiaoyan,USA,Xiaoyan,female,92,12
Krystle,Manchester,Krystle,female,100,6959
Davide,Shanghai,Davide,male,99,46537
Bryan,Hangzhou,Bryan,male,99,27027
Jean-François,Wuhu,Jean-François,male,99,4129
Jing,USA,Jing,female,76,249
Xiaoyan,,Xiaoyan,female,93,154
Long,,Long,male,100,89
Peng,Tokyo,Peng,male,84,1353
Leela,,Leela,female,72,668
Yahui,,Yahui,female,71,42
Naoyuki,,Naoyuki,male,100,132
Lifei,Nanjing,Lifei,male,56,25
Sigrid,VIC,Sigrid,female,98,1550
Claudia,,Claudia,female,98,72003
Song,,Song,male,100,74
Jinming,,Jinming,male,100,21
Johannes,,Johannes,male,99,7870
Javix,,Javix,male,100,13
Johannes,USA,Johannes,male,99,135
Jean-Pierre,,Jean-Pierre,male,99,9874
Eric,USA,Eric,male,100,31662
Anna,,Anna,female,98,184558
Paul,,Paul,male,99,140849
Kristina,Daejeon,Kristina,female,98,18828
Susanne,,Susanne,female,99,11100
Philipp,,Philipp,male,99,8496
Juno,Fukuoka,Juno,male,67,560
Max,,Max,male,98,69969
Daniel,,Daniel,male,99,257742
Takahiro,,Takahiro,male,99,917
Helen,,Helen,female,98,23138
Mouhamadou,Hangzhou,Mouhamadou,male,99,649
Ali,,Ali,male,94,240857
Hideaki,,Hideaki,male,99,343
Jianhua,Tianjin,Jianhua,male,84,67
Jianbin,,Jianbin,male,100,20
Simone,USA,Simone,female,84,1153
Rui,Beijing,Rui,male,98,25872
Yuta,TU,Yuta,male,97,846
Carl,,Carl,male,98,18194
Li,China,Li,male,68,1023
Philipp,,Philipp,male,99,8496
Laura,USA,Laura,female,99,21696
Yaoyao,Sendai,Yaoyao,female,75,92
Paul,,Paul,male,99,140849
Zheng,,Zheng,male,76,882
Tatsuya,Dalian,Tatsuya,male,99,739
Pavel,,Pavel,male,98,48181
Yao,,Yao,male,74,1982
Guiji,"Hong Kong",Guiji,male,100,3
Svenja,USA,Svenja,female,100,12
Sebastian,Jerusalem,Sebastian,male,99,47850
Dik-Lung,USA,Dik,male,100,8
Hernan,Montreal,Hernan,male,99,5526
Chun-Hua,USA,Chun,male,71,52
Michael,,Michael,male,99,211741
Cristina,Tokyo,Cristina,female,98,70974
Fan,,Fan,male,63,1956
Henry,,Henry,male,99,32139
Shohei,,Shohei,male,100,309
Ata,,Ata,male,93,3112
Henry,Singapore,Henry,male,98,247
Maximilian,,Maximilian,male,99,5404
Daniel,cedex,Daniel,male,99,257742
Bin,Kanazawa,Bin,male,89,2162
Shan,USA,Shan,male,52,324
Christophe,,Christophe,male,98,60690
Yasuaki,Changchun,Yasuaki,male,100,77
Bing,,Bing,male,63,1057
Abdessamad,SA,Abdessamad,male,100,5
Zhongxue,Kyoto,Zhongxue,unknown,50,4
Qiang,,Qiang,male,97,531
Tian,,Tian,male,69,1173
Masayuki,,Masayuki,male,99,597
Mattia,,Mattia,male,98,14801
Gábor,,Gábor,male,99,11799
Hélène,USA,Hélène,female,100,27
Hai-Yu,USA,Hai,male,91,181
Mark,USA,Mark,male,100,47989
Mingxuan,,Mingxuan,male,92,12
Yannan,(Japan),Yannan,female,53,15
Michael,,Michael,male,99,211741
Antonio,Guangzhou,Antonio,male,99,180825
Tatsuyuki,,Tatsuyuki,male,100,15
Mickaël,,Mickaël,male,99,2668
Jianxiao,,,,,
Martin,,Martin,male,98,139211
Lipeng,Yokohama,Lipeng,male,85,33
Julian,Tokyo,Julian,male,95,24021
Kun,,Kun,male,79,1288
Ren,Osaka,Ren,male,75,2476
Tomohisa,USA,Tomohisa,male,75,4
Ahmed,,Ahmed,male,98,156410
Shin-Ichi,,Shin-Ichi,male,100,23
Kevin,USA,Kevin,male,100,35080
Simon,,Simon,male,98,57458
Xibo,Pohang,Xibo,male,88,8
Xiuru,,Xiuru,female,100,3
Witali,,Witali,male,91,46
Jun,,Jun,male,88,6829
Samet,Harbin,Samet,male,97,18399
Youyong,Shanghai,Youyong,male,75,4
Christian,BC,Christian,male,100,48300
Cunku,,,,,
Ze-Peng,USA,Peng,male,91,133
Alasdair,,Alasdair,male,100,358
Ian,Manchester,Ian,male,99,34076
Martin,Chiba,Martin,male,98,139211
Xavier,,Xavier,male,99,27038
Mohammadali,,Mohammadali,male,99,184
Shigeru,Shanghai,Shigeru,male,100,216
Kui,,Kui,male,61,184
Cédric,,Cédric,male,99,11765
Tian-Nan,Pohang,Tian-Nan,female,62,4877
Emmanuel,Jilin,Emmanuel,male,99,43639
Markus,Seoul,Markus,male,99,30782
Won-Ki,USA,Won,male,88,59
Chunjing,Kyushu,Chunjing,unknown,50,6
Shuvo,USA,Shuvo,male,83,6
Wei,Universität,Wei,male,73,4003
Ryoichi,,Ryoichi,male,100,111
C,USA,,,,
Mulda,,Mulda,unknown,50,2
Felix,,Felix,male,98,24864
Jae,,Jae,male,76,1609
Anu,Wuhan,Anu,female,75,5417
Tomče,,,,,
Zuzana,,Zuzana,female,99,20771
Fei,Pune,Fei,male,62,1203
Olaf,,Olaf,male,98,4079
Matthias,,Matthias,male,100,17148
Milind,,Milind,male,100,1848
Matthias,,Matthias,male,100,17148
Sidharam,USA,Sidharam,male,100,5
Srimanta,,Srimanta,male,100,84
Dogukan,Shanghai,Dogukan,male,97,1785
Hai,Tokyo,Hai,male,84,3492
Marco,Sydney,Marco,male,99,133237
Xiaohong,,Xiaohong,female,71,68
Yuki,Changsha,Yuki,female,62,3972
Xiang-Guo,,Xiang-Guo,male,72,1322
Stephanie,Amsterdam,Stephanie,female,98,66153
Jian-Hong,USA,Jian,male,84,124
Alex,Nanjing,Alex,male,92,247706
Annemieke,Cardiff,Annemieke,female,99,419
Phong,,Phong,male,95,2355
Kang,Yokohama,Kang,male,90,2557
Pushpak,Jilin,Pushpak,male,100,218
Dmytro,,Dmytro,male,100,701
Hiroki,,Hiroki,male,99,1031
Qian,Nagoya,Qian,female,65,678
Zhaomeng,Seoul,Zhaomeng,male,75,4
Philipp,"Hong Kong",Philipp,male,100,4
Ryosuke,,Ryosuke,male,99,451
Ju,Singapore,Ju,female,57,7
Xuejin,Kolkata,Xuejin,male,67,3
Alberto,Nanjing,Alberto,male,99,73988
Daniel,,Daniel,male,99,257742
Goutam,University,Goutam,male,100,1010
Heng-Yun,Beijing,Heng-Yun,male,61,2269
Erli,,Erli,female,56,142
Yann,,Yann,male,98,17007
Shaobo,,Shaobo,male,96,27
Gyeongwon,,Gyeongwon,male,75,4
Benjamin,USA,Benjamin,male,100,9079
Ping-Jie,USA,Ping,male,56,90
Dominikus,Shanghai,Dominikus,male,100,48
Tue,,Tue,male,88,217
Yiqun,,Yiqun,female,55,31
Xu-Dong,,Xu-Dong,male,81,3062
Leila,Nagoya,Leila,female,98,19754
Hong,,Hong,female,53,3853
Suihan,,Suihan,female,75,4
Hidefumi,,Hidefumi,male,100,18
Mads,University,Mads,male,96,1442
Hongjian,USA,Hongjian,male,75,4
Marc,USA,Marc,male,100,6334
Thomas,,Thomas,male,99,129177
Mohammad,,Mohammad,male,99,47588
Marc,Fukuoka,Marc,male,99,77461
Oliver,,Oliver,male,98,22853
Juanjuan,Ibaraki,Juanjuan,female,80,51
Sae,Singapore,Sae,unknown,50,2
Kai,,Kai,male,96,28964
Tomohiro,Jiangsu,Tomohiro,male,100,436
Zhenqian,USA,Zhenqian,male,75,4
Aurélien,,Aurélien,male,99,5891
Liang,Xi'an,Liang,male,82,1287
Hester,USA,Hester,female,95,41
Gerardo,,Gerardo,male,99,12521
Jie,USA,Jie,male,55,176
Nicholas,,Nicholas,male,100,21206
Miriam,USA,Miriam,female,99,1664
Joseph,,Joseph,male,99,63161
Olesia,,Olesia,female,98,296
Cory,USA,Cory,male,94,4857
Kazuto,Shanghai,Kazuto,male,99,149
Gabriel,USA,Gabriel,male,99,5383
Senmiao,,,,,
Liejin,,,,,
Anais,,Anais,female,98,12849
Honghui,,Honghui,male,77,13
Henry,Beijing,Henry,male,99,32139
Aimen,,Aimen,male,84,672
Abhishek,Beijing,Abhishek,male,100,27387
Yuyun,Seoul,Yuyun,female,90,506
Clemens,USA,Clemens,male,100,25
Siqi,,Siqi,female,62,73
Young-Hwan,Shanghai,Young-Hwan,male,100,6
Youqian,Atlanta,Youqian,male,75,4
Mirna,Toronto,Mirna,female,98,2616
Ajmal,,Ajmal,male,97,1557
Jay,Anhui,Jay,male,93,45116
Michael,Beijing,Michael,male,99,211741
Dong,QLD,Dong,male,87,2212
Awei,Fife,Awei,male,86,56
Conghui,Northwestern,Conghui,female,80,5
Aline,USA,Aline,female,98,369
Krzysztof,Maharashtra,Krzysztof,male,100,28969
Scott,Shanghai,Scott,male,100,48262
Ulrich,USA,Ulrich,male,98,62
Tullimilli,Jerusalem,,,,
Alessandro,Utrecht,Alessandro,male,99,79631
Le,,Le,male,68,8970
Cheng,Xiamen,Cheng,male,73,1902
Koushik,Tokyo,Koushik,male,100,1314
Gonzalo,Tokyo,Gonzalo,male,99,12933
Sacha,Uji,Sacha,male,66,3867
Cong-Li,USA,Cong,male,85,66
Yohei,,Yohei,male,99,308
Ryo,USA,Ryo,male,98,57
Takahiro,,Takahiro,male,99,917
Yu,,Yu,male,63,3415
Pavla,,Pavla,female,99,10376
Bilge,,Bilge,female,86,1927
Marcel,,Marcel,male,99,41885
Xuehui,Seoul,Xuehui,female,55,11
Shile,USA,Shile,male,80,5
Timothy,USA,Timothy,male,100,9427
Konrad,,Konrad,male,100,7427
Seungwoo,,Seungwoo,male,98,84
Arnab,Nanjing,Arnab,male,100,1800
Yi,,Yi,male,61,1397
Michael,Oxford,Michael,male,99,211741
M,USA,,,,
Yafei,Anhui,Yafei,male,57,44
Adam,,Adam,male,99,101742
Christopher,,Christopher,male,99,55041
Margaret,,Margaret,female,98,12383
Yu-Kui,,Yu-Kui,male,63,3599
Eduardo,USA,Eduardo,male,100,2615
Zheng,Jiangxi,Zheng,male,76,882
Markus,,Markus,male,99,30782
Hendrik,,Hendrik,male,99,4118
Jonathan,,Jonathan,male,99,84386
Feng,NSW,Feng,male,81,1386
Shih-Fan,Kyoto,Shih-Fan,male,63,2100
Jinhee,,Jinhee,female,75,169
Sandra,Groningen,Sandra,female,98,133088
Alison,,Alison,female,93,14178
Seiji,USA,Seiji,male,100,22
Thierry,,Thierry,male,98,41754
Willem,Groningen,Willem,male,98,4919
Holger,USA,Holger,male,100,54
Z,,,,,
Lars,,Lars,male,99,13478
Wiktor,Tokyo,Wiktor,male,99,1927
Yang,,Yang,male,67,4256
Yin,,Yin,female,56,1172
Nicole,Dalian,Nicole,female,98,65299
Daisuke,Yokohama,Daisuke,male,99,1432
Tiago,,Tiago,male,99,25033
Grzegorz,,Grzegorz,male,99,19890
Xiaojia,USA,Xiaojia,female,75,4
Satoshi,Zhejiang,Satoshi,male,99,1177
Wan,USA,Wan,male,75,59
Matthew,USA,Matthew,male,100,30646
Mark,,Mark,male,100,48064
Qiankun,,Qiankun,male,100,6
Zhenhai,,Zhenhai,male,92,12
Michael,USA,Michael,male,100,65535
Catherine,Brisbane,Catherine,female,98,41180
Roberto,Princeton,Roberto,male,99,100721
Fermín,,Fermín,male,99,200
Meghan,,Meghan,female,99,4390
Lidiya,Tokyo,Lidiya,female,99,404
Iraklis,Shanghai,Iraklis,male,99,235
Luigi,Tianjin,Luigi,male,99,39705
Susana,USA,Susana,female,100,5659
Karin,Beijing,Karin,female,97,15483
Shaowu,Glasgow,Shaowu,male,100,5
Tianyu,,Tianyu,male,85,84
Ileana,Osaka,Ileana,female,98,1985
Yanfei,,Yanfei,female,55,31
Siva,,Siva,male,94,8139
Valentina,Xiamen,Valentina,female,99,53479
Akitaka,Vancouver,Akitaka,male,100,13
Xiang,,Xiang,male,77,750
Po-Yeng,Nagoya,Po-Yeng,male,65,936
Congqing,USA,,,,
Natalie,,Natalie,female,98,22431
David,,David,male,99,381770
Yuki,Vic,Yuki,female,62,3972
Michael,USA,Michael,male,100,65535
Zhikuan,Rosario,,,,
Fabian,,Fabian,male,99,25659
Brett,USA,Brett,male,98,6286
Haoxuan,,Haoxuan,male,94,17
Marcos,,Marcos,male,99,43582
Bertrand,USA,Bertrand,female,57,203
Tiandi,Shanghai,Tiandi,male,89,9
Florence,,Florence,female,97,19716
Johannes,,Johannes,male,99,7870
Derek,,Derek,male,99,15838
Bo,USA,Bo,male,91,1184
Cristian,USA,Cristian,male,98,1193
Lei,USA,Lei,male,57,231
Tobias,USA,Tobias,male,100,2610
Allen,Saitama,Allen,male,96,10293
Arun,,Arun,male,99,24419
Ran,Beijing,Ran,male,65,1586
Haoxing,,Haoxing,male,100,3
Atsushi,Tianjin,Atsushi,male,100,935
Sebastian,Ho,Sebastian,male,99,47850
Xuedong,USA,Xuedong,male,100,3
Sana,Shanghai,Sana,female,88,9730
Siyun,USA,Siyun,female,75,4
Tien,Aalto,Tien,male,76,2229
Rajesh,,Rajesh,male,100,25751
Feng,,Feng,male,81,1386
Tien,USA,Tien,male,70,162
Antti,Shanghai,Antti,male,100,1481
Davor,,Davor,male,99,1534
Mateusz,Tianjin,Mateusz,male,100,24887
Haibin,,Haibin,male,92,48
Yin,Álava,Yin,female,56,1172
Shyamal,USA,Shyamal,male,100,12
Peng,,Peng,male,84,1353
Achim,USA,Achim,male,91,11
Elizabeth,,Elizabeth,female,99,44677
David,,David,male,99,381770
Jean-Simon,USA,Simon,male,99,2413
Tianbiao,USA,Tianbiao,male,75,4
Daniel,,Daniel,male,99,257742
Quan,USA,Quan,male,93,216
Caitlin,,Caitlin,female,99,5889
Jae-Il,Hsinchu,Jae-Il,male,86,7
Karolina,ACT,Karolina,female,98,28717
Lik,Singapore,Lik,male,75,4
Jun-Long,USA,Long,male,100,89
Somnath,Mumbai,Somnath,male,100,1665
Erik,Sapporo,Erik,male,96,31753
Pan-Lin,USA,Lin,female,73,465
Ralf,,Ralf,male,99,9994
Bidyut,Beijing,Bidyut,male,97,292
Tomoshige,Changsha,Tomoshige,male,100,8
John,Dublin,John,male,99,219085
Daniele,,Daniele,male,87,46369
Senlian,USA,,,,
Rong,Tokyo,Rong,male,55,603
Paolo,Shanghai,Paolo,male,99,60571
Kenneth,,Kenneth,male,99,20555
Xin,Tokyo,Xin,male,58,1659
Kosuke,VIC,Kosuke,male,99,286
Hao,,Hao,male,84,2105
Larissa,Paris,Larissa,female,99,21495
Liang,Wuhan,Liang,male,82,1287
Cher,,Cher,female,82,853
Bo,,Bo,male,85,5389
Anne,,Anne,female,98,48855
Lu,,Lu,female,68,5209
Wojciech,USA,Wojciech,male,100,63
Wei,,Wei,male,73,4003
Daniel,,Daniel,male,99,257742
Caoyun,,,,,
Nandini,,Nandini,female,97,1225
Ji-Wook,Krasnoyarsk,Ji-Wook,male,79,4812
Tanja,,Tanja,female,98,13686
Cao-Thang,,Cao-Thang,male,88,3304
Samantha,Singapore,Samantha,female,100,163
Valentin,USA,Valentin,male,100,1730
Lisa,Jinju,Lisa,female,98,75562
Johannes,,Johannes,male,99,7870
Xiaoyu,,Xiaoyu,female,56,275
Yihui,,Yihui,male,57,37
In-Hyeok,USA,In,male,71,17
Sven,Ontario,Sven,male,99,19537
Volker,,Volker,male,99,3081
Geoffroy,,Geoffroy,male,98,1357
Eric,,Eric,male,99,121922
Daniel,AB,Daniel,male,99,257742
Takanori,Tianjin,Takanori,male,99,257
Alberto,Beijing,Alberto,male,99,73988
Sean,"Hong Kong",Sean,male,100,98
Frédérique,,Frédérique,female,92,2213
Jun,,Jun,male,88,6829
Hai,Munich,Hai,male,84,3492
Taotao,,Taotao,male,74,81
Zhen-Long,USA,Long,male,100,89
Ana,Osaka,Ana,female,97,141747
Serena,USA,Serena,female,99,1108
Frank,,Frank,male,99,66241
Benjamin,Beijing,Benjamin,male,99,50718
Tatsuya,USA,Tatsuya,male,94,18
Zhongda,,Zhongda,male,75,4
Vincent,USA,Vincent,male,100,4308
Wei,,Wei,male,73,4003
Qiaoyi,,Qiaoyi,female,80,5
Rüdiger,USA,Rüdiger,male,100,4
Ashleigh,,Ashleigh,female,96,2774
Michel,USA,Michel,male,83,715
Marcello,,Marcello,male,99,11514
Daniel,Beijing,Daniel,male,99,257742
Agnes,USA,Agnes,female,98,395
Nanxi,,Nanxi,female,100,14
Hans,USA,Hans,male,99,791
Qing-Wei,Beijing,Qing-Wei,male,69,4731
Hosea,,Hosea,male,98,325
Phil,,Phil,male,98,25391
Johnathan,,Johnathan,male,99,2032
Zehuan,USA,Zehuan,male,75,4
Ryo,,Ryo,male,97,2815
Zhuqun,Raleigh,,,,
Philipp,,Philipp,male,99,8496
Ashley,,Ashley,female,84,40088
James,Beijing,James,male,99,131879
Nataliia,,Nataliia,female,99,402
Elinor,,Elinor,female,94,365
Léna,,Léna,female,97,900
Junnian,USA,Junnian,male,75,4
Hongwei,,Hongwei,male,88,89
Per-Olof,USA,Olof,male,100,7
Maurizio,Singapore,Maurizio,male,100,3
Youwei,,Youwei,male,92,12
Changping,Guangzhou,Changping,male,100,3
Andrew,Victoria,Andrew,male,99,82448
Xue-Jun,Espoo,Xue-Jun,male,84,7323
Jia-Xuan,USA,Jia,female,68,129
Guangtao,,Guangtao,male,100,4
Marcin,,Marcin,male,99,47207
Jason,Singapore,Jason,male,100,784
Sanket,USA,Sanket,male,100,62
Hyun,,Hyun,male,82,1161
Gang,,,,,
Daniel,,Daniel,male,99,257742
Michael,,Michael,male,99,211741
Matthias,USA,Matthias,male,100,3407
Alexander,USA,Alexander,male,100,6939
Jin-Ming,,Jin-Ming,male,74,7431
Marcel,,Marcel,male,99,41885
Sean,Victoria,Sean,male,99,37072
Daniel,University,Daniel,male,99,257742
Paolo,,Paolo,male,99,60571
Yanke,,Yanke,male,83,30
Junling,USA,Junling,male,75,4
Jay,Beijing,Jay,male,93,45116
Mohamed,Anhui,Mohamed,male,98,173033
Morgane,USA,Morgane,female,97,39
Kari,,Kari,female,68,6088
Ruoyu,,Ruoyu,male,84,25
Lili,,Lili,female,94,21470
Wei-Li,Beijing,Wei-Li,male,63,8
Arik,,Arik,male,94,622
Valentina,,Valentina,female,99,53479
Tim,,Tim,male,99,52554
Zailei,USA,,,,
Sergey,,Sergey,male,100,16316
Qin,Hefei,Qin,female,64,454
Fabian,Okazaki,Fabian,male,99,25659
Matthew,Seoul,Matthew,male,100,51412
Laura,,Laura,female,98,163073
Qing,Xiamen,Qing,female,58,728
Cheng,,Cheng,male,73,1902
Minseob,,Minseob,male,100,13
Elise,Geneva,Elise,female,97,9916
Neng-Fei,USA,Neng,male,77,13
Javier,Singapore,Javier,male,98,47
Martin,USA,Martin,male,100,5868
Altan,USA,Altan,male,100,4
Yumeng,,Yumeng,female,79,34
Hiang,USA,Hiang,female,67,9
Ian,Cambridge,Ian,male,99,34076
Xinchang,Beijing,Xinchang,male,75,4
Ryo,Nanjing,Ryo,male,97,2815
Robert,,Robert,male,99,145540
Yi-Cheun,Universität,Yi-Cheun,male,62,1429
Azucena,,Azucena,female,99,1476
Yun,USA,Yun,male,54,104
Yi,,Yi,male,61,1397
Simon,,Simon,male,98,57458
Wangqing,Daejeon,Wangqing,male,67,6
Thomas,Sydney,Thomas,male,99,129177
Weijie,USA,Weijie,male,100,9
Zi-Xuan,Daejeon,Zi-Xuan,male,50,2042
Sarah,,Sarah,female,98,127402
Jae,Sendai,Jae,male,76,1609
Yue,,Yue,female,58,1014
Maria,USA,Maria,female,98,14223
Changbum,,Changbum,male,100,10
Helena,Beijing,Helena,female,99,30771
Yoshikazu,Anhui,Yoshikazu,male,100,118
Tao,,Tao,male,87,1999
Zhen,Shanghai,Zhen,male,64,631
Karen,Kyushu,Karen,female,96,51469
Jue,,Jue,female,74,336
Huai-Ling,Guangzhou,Huai-Ling,female,78,2243
Jörg,Quebec,Jörg,male,99,6663
Wen,Quebec,Wen,female,56,1985
Kyoji,USA,Kyoji,male,75,4
Qiang,USA,Qiang,male,95,40
Wu-Qiang,USA,Qiang,male,95,40
Thomas,USA,Thomas,male,100,20215
Wei,USA,Wei,male,75,391
Ravi,USA,Ravi,male,99,851
Jicong,Haifa,Jicong,male,100,3
Ekaterina,QLD,Ekaterina,female,98,5828
Sen,QLD,Sen,male,69,1745
Daniel,,Daniel,male,99,257742
Amanda,,Amanda,female,98,64384
Yanfeng,Strasbourg,Yanfeng,male,82,38
Xu,,Xu,male,67,850
Matthew,,Matthew,male,100,51412
Lucas,,Lucas,male,99,50557
Bastian,Tianjin,Bastian,male,99,2753
Qing-Yuan,Tianjin,Qing-Yuan,male,53,2391
Yannyk,Tianjin,Yannyk,male,100,3
Tomohiko,Tianjin,Tomohiko,male,100,98
Ying,"South Korea",Ying,female,95,22
Shiwen,"South Korea",Shiwen,female,75,4
Yiqing,"South Korea",Yiqing,female,75,4
Nathan,,Nathan,male,99,29365
Luca,Osaka,Luca,male,98,88492
Xiaodong,Osaka,Xiaodong,male,92,157
Xiao-Yong,Groningen,Xiao-Yong,male,72,4034
Haoquan,Groningen,Haoquan,male,75,4
Martin,Groningen,Martin,male,98,139211
Kazuhiro,Groningen,Kazuhiro,male,100,419
Wei,Groningen,Wei,male,73,4003
Derk,Basel,Derk,male,96,321
Emma,,Emma,female,91,44680
Jeremy,USA,Jeremy,male,100,16054
Alexandra,Shanghai,Alexandra,female,98,53680
Witali,Changchun,Witali,male,91,46
Mirjam,Beijing,Mirjam,female,98,1832
J,Sapporo,,,,
Beni,,Beni,male,91,3988
Wenlong,Sapporo,Wenlong,male,100,64
Zhenhua,,Zhenhua,male,79,67
Jindong,,Jindong,male,100,19
Takuya,"Hong Kong",Takuya,male,67,3
Gang,,,,,
Kentaro,USA,Kentaro,male,100,24
Erik,Shanghai,Erik,male,96,31753
Alexander,,Alexander,male,99,56237
Yi-Xiang,,Yi-Xiang,male,67,2157
Manuel,British,Manuel,male,99,96874
Oliver,,Oliver,male,98,22853
Jianan,Kyoto,Jianan,male,70,30
Susnata,,Susnata,male,63,8
M,USA,,,,
Shira,USA,Shira,female,99,175
Min-Chao,USA,Chao,male,91,112
Guixiang,,Guixiang,female,75,4
Andreia,USA,Andreia,female,99,118
Stacey,Singapore,Stacey,female,96,23
Fang-Kun,Singapore,Kun,male,83,12
Ahmad,USA,Ahmad,male,99,1112
Przemyslaw,Changchun,Przemyslaw,male,99,931
Aiguo,,Aiguo,male,90,10
Raghavender,,Raghavender,male,100,112
Xun,USA,Xun,male,75,12
Miles,Gyeonggi-do,Miles,male,92,2972
Xiaoxin,USA,Xiaoxin,female,100,3
Günther,USA,Günther,male,100,4
Liviu,,Liviu,male,99,2234
Deepika,Shanghai,Deepika,female,99,3337
Seunghyun,,Seunghyun,male,94,135
Olga,USA,Olga,female,98,1278
Grant,Singapore,Grant,male,100,19022
Marc-André,Beijing,Marc-André,male,99,304
Zhan-Ming,Marseille,Ming,male,77,2692
Rafael,,Rafael,male,99,52197
Jiajun,,Jiajun,male,83,89
Yong-Qiang,Rehovot,Yong-Qiang,male,89,2793
Mengxi,,Mengxi,female,71,21
Adrien,,Adrien,male,98,18854
Emil,Singapore,Emil,male,88,8
Ryo,,Ryo,male,97,2815
Christian,,Christian,male,100,48300
Jonathan,USA,Jonathan,male,100,21578
Günter,,Günter,male,99,2441
Annette,,Annette,female,98,8428
Feng-Lian,Kyoto,Feng-Lian,male,63,2613
Debasis,,Debasis,male,100,732
Benedict,,Benedict,male,98,1805
Xi,,Xi,male,50,483
Nicolas,,Nicolas,male,99,79977
Craig,Mumbai,Craig,male,100,24286
Norihito,Jiangsu,Norihito,male,100,25
Ming-Chia,USA,Ming,male,73,237
Bernd,ON,Bernd,male,99,7628
Enrico,Toyama,Enrico,male,99,21620
Slavko,,Slavko,male,98,975
Garima,Cheongwon,Garima,female,98,1518
Yang-Chun,USA,Chun,male,71,52
Jinpeng,,Jinpeng,male,94,18
Vimal,USA,Vimal,male,97,75
Kazuyuki,,Kazuyuki,male,100,219
Peixiang,,Peixiang,male,100,3
Sankarprasad,,Sankarprasad,male,100,3
A,Russia,,,,
Rahul,,Rahul,male,100,44776
Roscoe,Singapore,Roscoe,male,100,232
Natalia,USA,Natalia,female,99,1455
Alexander,USA,Alexander,male,100,6939
Christophe,Tokyo,Christophe,male,98,60690
Denis,,Denis,male,97,42503
Kate,,Kate,female,98,27239
Hairong,,Hairong,female,83,18
Changqian,Tianjin,,,,
Seok,,Seok,male,96,223
Qing,,Qing,female,58,728
Ilhem,,Ilhem,female,98,804
Qiuping,,Qiuping,female,90,10
Yujing,,Yujing,female,71,42
Bingxian,,Bingxian,male,75,4
Nikolaus,,Nikolaus,male,99,447
Leticia,USA,Leticia,female,98,1072
Volker,USA,Volker,male,100,30
Changming,USA,Changming,male,75,4
Stefanie,,Stefanie,female,98,10626
Jens,,Jens,male,99,13599
Yunfei,Shizuoka,Yunfei,male,88,52
Yuning,Ibaraki-ken,Yuning,female,54,39
Cheng,,Cheng,male,73,1902
Alyssa-Jennifer,Glasgow,Alyssa-Jennifer,female,98,96859
Michael,USA,Michael,male,100,65535
Ewa,USA,Ewa,female,96,105
Tetsuya,Singapore,Tetsuya,male,75,4
Arivazhagan,,Arivazhagan,male,100,101
Franz,,Franz,male,98,7069
Carine,USA,Carine,female,99,76
Yuta,,Yuta,male,97,846
Caroline,USA,Caroline,female,99,4455
Xiukai,USA,Xiukai,male,75,4
Yan,,Yan,male,73,8519
Michael,BC,Michael,male,99,211741
Shiva,Nagoya,Shiva,male,81,7048
Dominik,Sapporo,Dominik,male,98,21763
Sachin,Kyoto,Sachin,male,100,17232
Shanteri,,,,,
Robert,,Robert,male,99,145540
Alasdair,Sydney,Alasdair,male,100,358
Yusuke,,Yusuke,male,99,1232
Taiki,USA,Taiki,male,100,7
Koichi,USA,Koichi,male,100,23
Zhe,,Zhe,male,80,504
Berenika,Tokyo,Berenika,female,98,130
Zixin,,Zixin,female,63,32
Jonathan,,Jonathan,male,99,84386
Gonzalo,,Gonzalo,male,99,12933
Gregory,,Gregory,male,99,21213
Phillip,"United Kingdom",Phillip,male,99,1324
Zhen,Torino,Zhen,male,64,631
Tao,USA,Tao,male,90,147
Gianmario,Changsha,Gianmario,male,100,326
Guillaume,Beijing,Guillaume,male,99,37030
Tynchtyk,Beijing,Tynchtyk,male,100,11
Adam,,Adam,male,99,101742
Diego,Dublin,Diego,male,99,67382
Suttipol,,,,,
Ming-Bo,,Ming-Bo,male,82,8081
Ying,,Ying,female,89,3288
Santiago,Oxford,Santiago,male,99,18064
Mu-Chieh,USA,Chieh,male,100,5
Gillian,Beijing,Gillian,female,97,6303
David,,David,male,99,381770
Danqing,Oxford,Danqing,female,58,12
Andrea,,Andrea,female,54,161059
Irene,,Irene,female,98,30206
Michael,Enschede,Michael,male,99,211741
Leiyang,,Leiyang,male,75,4
Li,NSW,Li,female,53,4165
Anna,Seoul,Anna,female,98,184558
Shin-ichiro,,Shin-Ichiro,male,100,12
Peter,,Peter,male,99,146529
Carmen,,Carmen,female,98,54029
Vivien,,Vivien,female,60,4611
Yves,USA,Yves,male,96,199
Song-Ho,USA,Ho,male,75,48
Che,USA,Che,male,69,150
Aaron,USA,Aaron,male,100,19401
Alexandre,USA,Alexandre,male,98,465
Joerg,,Joerg,male,99,1356
Christian,Bangkok,Christian,male,100,48300
Fa,,Fa,male,59,1583
Jie,USA,Jie,male,55,176
Thomas,USA,Thomas,male,100,20215
Chien-Yang,,Chien-Yang,male,70,5106
Nina,,Nina,female,98,42386
Sudarat,China,Sudarat,female,98,366
Ryozo,QLD,Ryozo,male,100,7
Simon,,Simon,male,98,57458
Nathan,,Nathan,male,99,29365
Dennis,USA,Dennis,male,99,8742
Miłosz,,Miłosz,male,100,920
Songqing,Nagoya,Songqing,male,60,5
Sarina,Newcastle,Sarina,female,97,1455
Zoltan,,Zoltan,male,99,2799
Xian-Kai,,Xian-Kai,male,89,11662
Qianrong,,Qianrong,female,67,3
R,,,,,
Chikako,,Chikako,female,98,103
Bernard,,Bernard,male,98,30260
Christian,Jinan,Christian,male,100,48300
Sabrina,USA,Sabrina,female,99,3888
Paromita,Beijing,Paromita,female,96,188
Pingping,,Pingping,female,69,131
Masaki,Guangzhou,Masaki,male,97,788
Janina,Beijing,Janina,female,98,4612
Zhiyu,USA,Zhiyu,male,77,13
Deepak,Seoul,Deepak,male,100,28771
Chenxu,,Chenxu,male,96,97
Li-Sheng,Daejeon,Li-Sheng,male,51,4811
Dingcai,USA,Dingcai,male,75,4
Jiecheng,USA,,,,
Kung-Ching,Tianjin,Kung-Ching,female,66,2166
Hee-Dae,Tianjin,Hee-Dae,male,65,769
Ling-Yun,,Ling-Yun,female,66,3742
Kyungtae,,Kyungtae,male,100,34
David,,David,male,99,381770
Yang,University,Yang,male,67,4256
Bin,,Bin,male,89,2162
Jia-Rong,,Jia-Rong,female,60,2036
Hirokazu,USA,Hirokazu,male,100,5
Qing,Anhui,Qing,female,58,728
Ling-Ling,,Ling-Ling,female,89,9
Linxian,,Linxian,female,75,4
Dao-Juan,,Dao-Juan,male,98,107291
Christian,,Christian,male,100,48300
Jeffrey,USA,Jeffrey,male,100,10439
Jin,,Jin,male,72,4739
Annika,USA,Annika,female,100,9607
Sabrina,,Sabrina,female,98,60955
Miao,Madhya,Miao,female,61,531
Keith,,Keith,male,98,21035
Dongyue,USA,Dongyue,female,75,4
Christoph,,Christoph,male,99,9324
Joachim,USA,Joachim,male,100,83
Le,Yokohama,Le,male,68,8970
Sudam,Wuhan,Sudam,male,100,110
Ming,,Ming,male,77,2692
Alexander,,Alexander,male,99,56237
Matthieu,,Matthieu,male,99,12012
Xuesong,,Xuesong,male,81,37
Norifumi,,Norifumi,male,100,25
Hong,,Hong,female,53,3853
Anna,,Anna,female,98,184558
Gheorghe-Doru,,Gheorghe-Doru,male,96,2818
Bo,Belfast,Bo,male,85,5389
Debin,,Debin,male,91,22
Craig,,Craig,male,100,24286
Dipankar,,Dipankar,male,100,1261
Sander,,Sander,male,98,4407
Stephan,,Stephan,male,99,19941
Allen,,Allen,male,96,10293
Jan,USA,Jan,female,77,3645
Anukul,Leiden,Anukul,male,98,94
Guillaume,,Guillaume,male,99,37030
Holger,,Holger,male,99,4992
Menny,,Menny,male,70,80
Johanna,,Johanna,female,98,15895
Nusrah,Tokyo,Nusrah,female,86,14
Steven,,Steven,male,99,59951
Alexey,Dublin,Alexey,male,100,7132
Sun-Min,Chiyoda-ku,Sun-Min,male,63,10032
Kasper,,Kasper,male,98,1773
Sahar,Singapore,Sahar,male,100,3
Yue,,Yue,female,58,1014
Anindita,Aichi,Anindita,female,98,630
Francesco,,Francesco,male,99,74458
Shiki,,Shiki,male,66,85
Mirza,USA,Mirza,male,76,109
Yi,USA,Yi,male,56,263
Norman,,Norman,male,99,6533
Biplab,,Biplab,male,100,716
Hannah,,Hannah,female,99,20781
Jędrzej,USA,Jędrzej,male,100,299
Vladimir,USA,Vladimir,male,100,690
John,Kaiserslautern,John,male,99,219085
Holger,USA,Holger,male,100,54
Pere,USA,Pere,male,92,13
Manh,,Manh,male,96,1042
Anyin,,Anyin,unknown,50,2
Zhi,USA,Zhi,male,81,58
Marie-Laure,Ulsan,Marie-Laure,female,98,1958
Brendan,,Brendan,male,99,6341
F,Zhejiang,,,,
Damien,,Damien,male,99,30575
Wolfgang,USA,Wolfgang,male,99,185
Wenjun,,Wenjun,male,52,119
Young,,Young,male,100,51
Ji-Young,Changchun,Ji-Young,female,75,40
Minyan,Sendai,Minyan,female,64,14
Roman,,Roman,male,100,7094
Barry,USA,Barry,male,100,3714
Oleg,USA,Oleg,male,99,328
Hua,Tsukuba,Hua,male,52,891
Yang,Tsukuba,Yang,male,67,4256
Yusuke,Tsukuba,Yusuke,male,99,1232
Kim,Tsukuba,Kim,female,68,48002
Ian,Tsukuba,Ian,male,99,34076
Griffin,Tsukuba,Griffin,male,99,3903
Graham,USA,Graham,male,98,1457
Marcel,,Marcel,male,99,41885
Zhilin,,Zhilin,male,91,113
Xuexiang,,Xuexiang,female,100,4
Carl,University,Carl,male,98,18194
Jing,Singapore,Jing,female,78,60
Joseph,,Joseph,male,99,63161
Jingjun,,Jingjun,male,75,12
Wolfgang,Beijing,Wolfgang,male,99,10782
Milon,Stuttgart,Milon,male,97,345
Allen,"Hong Kong",Allen,male,97,92
Tianli,USA,Tianli,male,67,3
Roman,,Roman,male,100,7094
Sandra,Osaka,Sandra,female,98,133088
Gao,Ontario,Gao,male,64,554
Bettina,Anhui,Bettina,female,98,5079
Ka-Ho,Fuzhou,Ka-Ho,male,100,3
Nathan,,Nathan,male,99,29365
Bernd,USA,Bernd,male,100,54
Hefeng,USA,Hefeng,male,100,5
Kun,,Kun,male,79,1288
Ran,,Ran,male,65,1586
Shijing,,Shijing,female,60,10
Matthias,USA,Matthias,male,100,3407
Tian,,Tian,male,69,1173
Ming,,Ming,male,77,2692
Martin,USA,Martin,male,100,5868
Rénald,,Rénald,male,99,108
Neus,Anhui,Neus,female,97,1260
Chi,Singapore,Chi,female,52,23
Chunrui,Fukuoka,,,,
Laetitia,,Laetitia,female,97,26220
Jin-Gyu,,Jin-Gyu,male,100,3
Janine,,Janine,female,98,9033
Xiaorui,University,Xiaorui,male,56,18
Chao,Sevilla,Chao,male,86,1135
Hirotaka,,Hirotaka,male,100,157
Pierluca,VIC,Pierluca,male,100,213
Anis,USA,Anis,male,78,103
Iryna,,Iryna,female,98,1484
Tyler,,Tyler,male,97,19321
Samrana,,Samrana,female,100,10
Andreas,,Andreas,male,99,44818
Biao,USA,Biao,male,80,5
Benjamin,Kobe,Benjamin,male,99,50718
E,Taiyuan,,,,
Markus,USA,Markus,male,100,4802
Jinfa,Taipei,Jinfa,male,100,5
Jochen,,Jochen,male,99,2695
Susan,Shanghai,Susan,female,98,34211
Kappei,,Kappei,male,75,4
Xiaoning,,Xiaoning,male,61,41
Carson,,Carson,male,97,6541
Chin-Yuan,,Chin-Yuan,male,100,5
David,USA,David,male,100,65535
Yuanyuan,Nagoya,Yuanyuan,female,90,239
Stefan,,Stefan,male,98,50890
Fei,,Fei,male,62,1203
Matthew,,Matthew,male,100,51412
Xianfu,Lyon,Xianfu,male,100,4
Sujun,,Sujun,male,55,11
Xin,Tianjin,Xin,male,58,1659
Liang,Tokyo,Liang,male,82,1287
Dan-Tam,,Dan-Tam,male,95,65459
Robin,,Robin,male,75,32295
Anthony,Qc,Anthony,male,99,85303
Xu,USA,Xu,male,69,87
Peng,,Peng,male,84,1353
Jun,Anhui,Jun,male,88,6829
Adrian,Tianjin,Adrian,male,98,56140
Aswani,,Aswani,female,51,159
Hayden,,Hayden,male,98,8850
Xiaoxiao,,Xiaoxiao,female,75,226
Felix,Shanghai,Felix,male,98,24864
Yang,Mianyang,Yang,male,67,4256
Xiu-Lan,USA,Lan,female,76,218
Simone,,Simone,male,67,55421
Francesco,,Francesco,male,99,74458
Tanmaya,Nanjing,Tanmaya,male,77,108
Lei,Nanjing,Lei,male,59,2374
Qinghua,,Qinghua,female,52,44
Wen-Yang,USA,Yang,male,69,340
Yaqin,USA,Yaqin,unknown,50,2
Jennifer,,Jennifer,female,98,88317
Yuanting,Assam,Yuanting,female,71,7
Yi,,Yi,male,61,1397
Cédric,USA,Cédric,male,100,23
Peng-Hao,Beijing,Hao,male,84,2105
Laura,,Laura,female,98,163073
Florian,,Florian,male,99,31950
Sunil,Kanazawa,Sunil,male,99,21216
Pankaj,,Pankaj,male,100,16171
Andrey,,Andrey,male,99,14894
Yuanchen,,Yuanchen,male,77,13
Da-Gang,,Da-Gang,male,76,4596
Terry,,Terry,male,79,22131
Takuma,Hsinchu,Takuma,male,99,274
Luuk,,Luuk,male,100,686
Denis,,Denis,male,97,42503
Alberto,USA,Alberto,male,100,1893
Tim,Nagoya,Tim,male,99,52554
Johannes,Wuhan,Johannes,male,99,7870
Yun,,Yun,male,51,1517
Weifeng,,Weifeng,male,88,40
Dominik,Shanghai,Dominik,male,98,21763
Iou-Sheng,USA,Sheng,male,67,55
Tsubasa,Tokyo,Tsubasa,male,87,329
Jun-Tao,,Jun-Tao,male,88,8828
Qianli,,Qianli,male,91,23
Arun,USA,Arun,male,99,576
Mingxing,,Mingxing,male,91,33
Saadyah,,,,,
Katsuki,USA,Katsuki,male,57,7
Veronika,USA,Veronika,female,98,213
Benedikt,Xiamen,Benedikt,male,99,1034
Harit,,Harit,male,98,172
Ian,USA,Ian,male,100,8095
Jochen,USA,Jochen,male,100,30
Alexander,,Alexander,male,99,56237
Saumen,USA,Saumen,male,75,4
Yi-Fan,Irvine,Yi-Fan,male,73,11
Patrick,Bangkok,Patrick,male,99,118290
Andrew,,Andrew,male,99,82448
Hongyin,Sendai,Hongyin,male,67,9
Dario,,Dario,male,99,26444
Weixue,Kyoto,Weixue,male,75,4
Ivelina,USA,Ivelina,female,100,12
Watcharaporn,Shanghai,Watcharaporn,female,96,100
Biao,,Biao,male,95,81
Soji,,Soji,male,93,380
Stephen,,Stephen,male,99,46085
Ayako,Beijing,Ayako,female,98,357
Yuanqing,USA,Yuanqing,female,75,4
Danqing,Anhui,Danqing,female,58,12
Moritz,,Moritz,male,99,1782
Elaine,Hefei,Elaine,female,98,15147
Jiro,,Jiro,male,95,291
Zhonghua,"Hong Kong",Zhonghua,male,82,38
Hong-Tao,,Hong-Tao,male,61,5852
Shuxin,Dublin,Shuxin,male,53,15
Xiao,USA,Xiao,male,62,138
Shangfeng,Shenzhen,Shangfeng,male,75,4
Takaki,USA,Takaki,male,75,4
Shengtao,(P,Shengtao,male,100,6
Ivana,,Ivana,female,97,28763
Kirill,USA,Kirill,male,100,115
Kevin,USA,Kevin,male,100,35080
Guozong,,,,,
Ming,,Ming,male,77,2692
Wu,,Wu,male,69,1165
Ümit,,Ümit,male,96,19945
Stacey,Nanjing,Stacey,female,95,9859
Mark,Singapore,Mark,male,100,48064
Jennifer,,Jennifer,female,98,88317
Alexander,,Alexander,male,99,56237
Christoph,,Christoph,male,99,9324
Vincent,USA,Vincent,male,100,4308
Penghui,Daejeon,Penghui,male,88,8
Jackwee,Beijing,,,,
Ori,Anhui,Ori,male,70,873
Andrea,Shanghai,Andrea,female,54,161059
Alleyn,,Alleyn,male,60,5
Dong,Beijing,Dong,male,87,2212
Jinwoo,,Jinwoo,male,99,293
Xu-Bing,USA,Xu,male,69,87
Yi-Ming,,Yi-Ming,male,100,6
Shuo-Guo,Singapore,Guo,male,73,33
Garima,,Garima,female,98,1518
Ruijie,,Ruijie,male,83,12
Pichandi,,Pichandi,male,75,4
Dennis,Singapore,Dennis,male,99,238
Wei,Singapore,Wei,male,80,153
Goutam,,Goutam,male,100,1010
Kasper,Singapore,Kasper,male,75,4
Mechthild,Fukuoka,Mechthild,female,99,172
Guillaume,,Guillaume,male,99,37030
Xiehong,,Xiehong,unknown,50,2
Yao,,Yao,male,74,1982
Kasper,USA,Kasper,male,88,49
Shawn,USA,Shawn,male,92,10614
Mengchen,,Mengchen,female,55,11
Cristian,,Cristian,male,99,46450
Elizabeth,,Elizabeth,female,99,44677
Michael,Wuhan,Michael,male,99,211741
Hongli,,Hongli,unknown,50,22
Junhe,,Junhe,male,80,10
Philipp,,Philipp,male,99,8496
Luca,USA,Luca,male,100,12754
Christoph,Beijing,Christoph,male,99,9324
Guangyan,Kyoto,Guangyan,male,75,4
Johannes,Tenerife,Johannes,male,99,7870
Liang,,Liang,male,82,1287
Sébastien,,Sébastien,male,99,18623
Virginia,Beijing,Virginia,female,98,14661
Zhibin,,Zhibin,male,98,45
Satoshi,,Satoshi,male,99,1177
Fernando,,Fernando,male,99,77505
Warunee,"United Kingdom",Warunee,female,75,4
Shuhei,,Shuhei,male,100,229
Fei,Shanghai,Fei,male,62,1203
Lada,"New Zealand",Lada,female,57,3640
María,USA,María,female,99,148
Xiaodan,,Xiaodan,female,81,47
Dr,,Dr,male,91,2751
Franziska,USA,Franziska,female,100,31
Zhang,Alberta,Zhang,male,61,2518
Joshua,Rehovot,Joshua,male,100,35201
Wei,,Wei,male,73,4003
Arno,,Arno,male,99,4737
Shiyu,USA,Shiyu,male,57,14
Zheng,,Zheng,male,76,882
Somnath,Wuhan,Somnath,male,100,1665
Giuliano,,Giuliano,male,99,5548
Vaibhav,,Vaibhav,male,100,7619
Florian,Beijing,Florian,male,99,31950
Rakesh,USA,Rakesh,male,99,325
Debasis,,Debasis,male,100,732
Jie,,Jie,male,61,1651
Charles,,Charles,male,98,52754
Weiwu,Shanghai,Weiwu,male,100,4
Hui,,Hui,female,52,1684
Zheng,,Zheng,male,76,882
D,Cape,,,,
Cong,,Cong,male,92,975
Denis,,Denis,male,97,42503
Yaokang,USA,Yaokang,male,75,4
Vytautas,Shanghai,Vytautas,male,99,738
Roman,,Roman,male,100,7094
Nico,,Nico,male,97,43301
Zhongliang,,Zhongliang,male,100,16
Andrea,,Andrea,female,54,161059
Huabin,,Huabin,male,100,8
Xu,Seoul,Xu,male,67,850
Daniel,Seoul,Daniel,male,99,257742
Julian,,Julian,male,95,24021
Yang,,Yang,male,67,4256
Kun,Sendai,Kun,male,79,1288
Jordi,,Jordi,male,99,16977
Eun,University,Eun,female,69,381
Hisashi,USA,Hisashi,male,100,6
Changbao,USA,Changbao,male,75,4
Joachim,USA,Joachim,male,100,83
Chunlin,USA,Chunlin,male,92,24
Annalisa,USA,Annalisa,female,99,125
Christopher,,Christopher,male,99,55041
Luo,,Luo,male,62,445
Lei,Beijing,Lei,male,59,2374
Marat,,Marat,male,98,1497
Tao,,Tao,male,87,1999
Yue,,Yue,female,58,1014
Silvia,Braunschweig,Silvia,female,98,61342
Heike,,Heike,female,98,4809
Ping,Singapore,Ping,female,53,34
Eric,,Eric,male,99,121922
Na,Taiwan,Na,female,89,19
Intek,Osaka,Intek,male,75,4
Gerrit,"Hong Kong",Gerrit,male,98,2678
Shubhankar,Milano,Shubhankar,male,100,354
Xingao,TU,,,,
Yi-Ming,,Yi-Ming,male,100,6
Shu-Min,Chengdu,Shu-Min,male,64,5915
Katsuya,USA,Katsuya,male,100,3
Yat-Ming,,Yat-Ming,male,77,2816
Angiolina,Shizuoka,Angiolina,female,97,34
Martin,USA,Martin,male,100,5868
Gang,Tokyo,,,,
Yin,Glasgow,Yin,female,56,1172
Sarah,,Sarah,female,98,127402
Yuki,,Yuki,female,62,3972
Jae-Hoon,,Jae-Hoon,male,100,13
Yu,Daejeon,Yu,male,63,3415
Shinichiro,,Shinichiro,male,100,128
Clemens,,Clemens,male,99,1082
Jonathan,,Jonathan,male,99,84386
Jennifer,Shanghai,Jennifer,female,98,88317
Jochen,Cambridge,Jochen,male,99,2695
Xiangya,,,,,
Thibaut,USA,Thibaut,male,100,17
Ilka,USA,Ilka,female,100,31
Ming-Jie,,Ming-Jie,male,71,4343
Wubing,,Wubing,male,75,4
Colin,USA,Colin,male,100,3986
Changzhou,USA,Changzhou,male,75,4
Alexander,,Alexander,male,99,56237
Liping,University,Liping,female,81,126
Martin,,Martin,male,98,139211
Joseph,Tokyo,Joseph,male,99,63161
Vagulejan,University,,,,
Naveen,USA,Naveen,male,98,285
Anindita,Buenos,Anindita,female,98,630
Jiangtao,,Jiangtao,male,100,28
Jesús,,Jesús,male,99,7086
Kei,Av,Kei,male,74,1478
Francesco,Shanghai,Francesco,male,99,74458
Ming,USA,Ming,male,73,237
German,,German,male,100,3182
Thi-Phuong-Anh,,Thi-Phuong-Anh,female,53,11507
Sanjog,Jerusalem,Sanjog,male,97,173
Laurence,Shanghai,Laurence,female,90,21237
Hao,Manchester,Hao,male,84,2105
Priyanka,USA,Priyanka,female,98,264
David,Singapore,David,male,99,875
Alexander,Tokyo,Alexander,male,99,56237
Shlomit,USA,Shlomit,female,100,8
Weilong,,Weilong,male,97,36
Liam,,Liam,male,99,11210
Alexander,Jinan,Alexander,male,99,56237
Wan,USA,Wan,male,75,59
Kei,,Kei,male,74,1478
Jordan,Beijing,Jordan,male,88,35943
Michal,,Michal,male,97,44099
Jing,,Jing,female,75,2534
Fangdong,Nanjing,,,,
Wei-Li,,Wei-Li,male,63,8
Christoph,Ibaraki,Christoph,male,99,9324
Fu-Lin,,Fu-Lin,female,55,6934
Fátima,,Fátima,female,99,3219
Xin,USA,Xin,male,63,194
Xiaoyu,,Xiaoyu,female,56,275
Mutalifu,Kyoto,Mutalifu,male,75,4
Hitoshi,USA,Hitoshi,male,94,16
Christina,,Christina,female,94,36391
Oliver,Vic,Oliver,male,98,22853
Matthew,Daejeon,Matthew,male,100,51412
Katarina,,Katarina,female,98,7875
Keisuke,,Keisuke,male,100,782
Zhihai,Crespina,Zhihai,male,100,10
Ioannis,Tokyo,Ioannis,male,99,2092
Rohan,Hangzhou,Rohan,male,100,13393
Yong,,Yong,male,87,2262
Rajorshi,,Rajorshi,male,100,20
Sankar,Singapore,Sankar,male,100,12
Claudiu,Fuzhou,Claudiu,male,99,2586
Atsuhiko,Nagasaki,Atsuhiko,male,100,19
Shungang,,,,,
Hannah,,Hannah,female,99,20781
Matthias,,Matthias,male,100,17148
Yi-Feng,,Yi-Feng,male,67,3
Sibo,USA,Sibo,male,75,4
Takaaki,,Takaaki,male,100,195
Sven,,Sven,male,99,19537
Alberto,,Alberto,male,99,73988
Shuai,,Shuai,male,87,255
Yang,USA,Yang,male,69,340
Lalit,,Lalit,male,99,4439
Ainara,Jinju,Ainara,female,99,1251
Muhammad,Bangalore,Muhammad,male,99,59995
Lin,Queensland,Lin,female,58,6456
Cenbin,USA,,,,
Galen,,Galen,male,98,2505
Daniela,,Daniela,female,97,67491
In-Hyeok,,In-Hyeok,male,58,698
Parikshit,,Parikshit,male,100,423
Christina,,Christina,female,94,36391
W,,,,,
Philipp,Shanghai,Philipp,male,99,8496
Yoonjung,USA,Yoonjung,female,100,4
Yuanzeng,,,,,
Keihann,Bristol,,,,
Christèle,Glasgow,Christèle,female,97,421
Danuta,,Danuta,female,99,3908
Kai,USA,Kai,male,99,18599
Allie,,Allie,female,94,2540
Victor,Seoul,Victor,male,99,78043
David,,David,male,99,381770
Steven,Hsinchu,Steven,male,99,59951
V,,,,,
Diego,,Diego,male,99,67382
Baihua,Daejeon,Baihua,unknown,50,4
Xiao-Yu,Suzhou,Xiao-Yu,male,60,5187
R,,,,,
Mohammed,USA,Mohammed,male,99,1678
Xiao,,Xiao,male,53,1772
Javix,,Javix,male,100,13
Seung,,Seung,male,93,447
Wenbin,(P,Wenbin,male,91,81
Till,Nagoya,Till,male,100,100
Hester,,Hester,female,96,535
Maximilian,Sapporo,Maximilian,male,99,5404
Stefan,,Stefan,male,98,50890
Durga,,Durga,male,62,1717
Guanjun,,Guanjun,male,100,5
Masakazu,,Masakazu,male,100,191
Susanne,,Susanne,female,99,11100
Yoshihiro,,Yoshihiro,male,100,383
Andreas,,Andreas,male,99,44818
Sabrina,,Sabrina,female,98,60955
Francis,,Francis,male,94,31198
Kinya,,Kinya,female,60,72
Alexandros,,Alexandros,male,99,2824
Dieter,Hsinchu,Dieter,male,98,7678
Vitaly,Beijing,Vitaly,male,99,1738
Louis,Yokohama,Louis,male,97,22473
Erin,,Erin,female,96,16296
Dmitry,USA,Dmitry,male,100,349
Jérémie,Sapporo,Jérémie,male,99,2401
Sheng-Lung,USA,Sheng,male,67,55
Lu,,Lu,female,68,5209
Kenji,USA,Kenji,male,98,140
Henning,Tokyo,Henning,male,97,1892
Jason,,Jason,male,99,76567
Kenshu,USA,Kenshu,male,75,4
Dehui,,Dehui,male,70,10
Alexander,Saitama,Alexander,male,99,56237
Sandy,,Sandy,female,78,27089
Xiongjie,Wuhan,Xiongjie,male,100,11
Simon,University,Simon,male,98,57458
Steve,USA,Steve,male,100,25945
Anja,"Hong Kong",Anja,female,98,11999
Takuya,,Takuya,male,99,1101
Soon,USA,,,,
Guangyan,,Guangyan,male,75,4
Lin,,Lin,female,58,6456
Linbin,,Linbin,male,100,6
Chun-Wai,,Chun-Wai,male,76,2180
Günter,Tianjin,Günter,male,99,2441
Thomas,USA,Thomas,male,100,20215
Zhicheng,USA,Zhicheng,male,100,5
Eiji,,Eiji,male,98,358
Oleg,,Oleg,male,100,12219
Michael,USA,Michael,male,100,65535
Dan,,Dan,male,97,61524
Jing,USA,Jing,female,76,249
Yingying,Beijing,Yingying,female,98,260
Marc,Chiba,Marc,male,99,77461
Vakayil,Chicago,,,,
Aleksei,,Aleksei,male,99,1182
Jens,,Jens,male,99,13599
Elliot,USA,Elliot,male,100,8012
Yu-Feng,Sendai,Yu-Feng,male,100,5
Kazuya,USA,Kazuya,male,92,13
Crystalann,,Crystalann,female,100,8
Arne,,Arne,male,98,2733
Gang,Marseille,,,,
Michael,Beijing,Michael,male,99,211741
Masahiro,USA,Masahiro,male,100,29
Tiezheng,Zhejiang,Tiezheng,male,75,4
Christian,Wuhan,Christian,male,100,48300
Benjamin,USA,Benjamin,male,100,9079
Julie,USA,Julie,female,99,14484
Fengyan,,Fengyan,female,78,9
Ryan,USA,Ryan,male,99,35179
Qing,,Qing,female,58,728
Jie,,Jie,male,61,1651
Yongfeng,USA,Yongfeng,male,75,4
Panos,Kyeonggi-do,Panos,male,99,4504
Isidoro,Singapore,Isidoro,male,98,953
Sang,,Sang,male,88,2448
Moritz,,Moritz,male,99,1782
Marc,Nijmegen,Marc,male,99,77461
Rock,USA,Rock,male,100,75
Naeem,,Naeem,male,99,3156
Candy,,Candy,female,100,2337
Zelang,USA,Zelang,male,75,4
Manuel,,Manuel,male,99,96874
Ruud,,Ruud,male,99,2664
Yong,Saitama,Yong,male,87,2262
Grégory,USA,Grégory,male,100,11
Peter,Victoria,Peter,male,99,146529
Yuan,USA,Yuan,male,57,152
Sebastian,,Sebastian,male,99,47850
Daniel,Seoul,Daniel,male,99,257742
Yoichi,USA,Yoichi,male,100,12
Rui,,Rui,male,98,25872
Ewelina,,Ewelina,female,98,14142
Ping,,Ping,male,53,1562
Christoph,USA,Christoph,male,100,156
Gyudong,USA,Gyudong,male,100,3
Joyce,Hsinchu,Joyce,female,97,17454
Cornelia,,Cornelia,female,97,3570
Jaroslaw,Quebec,Jaroslaw,male,99,1094
Gregor,USA,Gregor,male,100,91
Michael,USA,Michael,male,100,65535
Muwei,,Muwei,male,100,4
