"First Name",Country,ga_first_name,ga_gender,ga_accuracy,ga_samples
Edmund,Canada,Edmund,male,98,44
Mohammad,Germany,Mohammad,male,99,452
Sebastian,Germany,Sebastian,male,100,13809
Takashi,Japan,Takashi,male,99,1549
Shengming,China,Shengming,male,100,4
Carl,Germany,Carl,male,98,330
K,USA,,,,
Marc,Switzerland,Marc,male,99,2803
Francesca,Italy,Francesca,female,98,42923
Ronald,Netherlands,Ronald,male,99,3248
Lili,Germany,Lili,female,93,548
Meenakshi,India,Meenakshi,female,94,1525
Phil,USA,Phil,male,100,5283
Hans,Switzerland,Hans,male,95,1145
Masahiro,Japan,Masahiro,male,100,703
Ying-Chuan,USA,Chuan,male,87,23
Guillaume,UK,Guillaume,male,99,37030
Jinhua,Japan,Jinhua,female,83,98
Antonio,Germany,Antonio,male,97,2673
Aline,Germany,Aline,female,97,356
Markus,Germany,Markus,male,99,15230
Andreas,Germany,Andreas,male,99,21215
Kazunobu,Japan,Kazunobu,male,100,21
Tomás,"Czech Republic",Tomás,male,94,18
Juan,Spain,Juan,male,100,65535
Vaddypally,India,,,,
Dan,China,Dan,female,56,578
Elizabeth,France,Elizabeth,female,97,635
Jian-Wen,China,Jian,male,93,610
Julien,Germany,Julien,male,99,475
Shohei,Japan,Shohei,male,100,267
Mohammad,Germany,Mohammad,male,99,452
Christian,USA,Christian,male,100,48214
Shiding,China,,,,
Rolf,Germany,Rolf,male,99,3089
Dimitri,Germany,Dimitri,male,100,360
Dana,UK,Dana,female,91,29276
Andrew,USA,Andrew,male,100,34858
Margaret-Jane,Germany,Jane,female,96,643
Ernst,Austria,Ernst,male,100,371
Arkady,Germany,Arkady,male,100,6
Mark,USA,Mark,male,100,47989
Simone,Italy,Simone,male,98,35390
Didier,France,Didier,male,98,20949
Steffen,Germany,Steffen,male,99,5356
Nathalie,France,Nathalie,female,97,39376
Zoltán,Hungary,Zoltán,male,100,10422
Natascha,Germany,Natascha,female,98,1753
Liang,China,Liang,male,82,742
Jaime,France,Jaime,male,97,236
Nicolas,USA,Nicolas,male,100,1619
Guosheng,USA,Guosheng,male,100,3
Bryan,USA,Bryan,male,100,12066
Sascha,Germany,Sascha,male,99,11090
Andreas,Canada,Andreas,male,100,84
Yujie,USA,Yujie,female,53,17
Israel,Spain,Israel,male,99,3016
Stefan,Germany,Stefan,male,97,20127
E,Switzerland,,,,
Nicholas,France,Nicholas,male,98,172
John,UK,John,male,99,219085
Michael,Germany,Michael,male,100,30913
Holger,Germany,Holger,male,100,4362
Dario,Italy,Dario,male,99,14815
Tadao,Japan,Tadao,male,98,41
Michael,USA,Michael,male,100,65535
Hu,USA,Hu,male,67,36
Sebastian,Germany,Sebastian,male,100,13809
Ge,China,Ge,male,83,75
Dong,"South Korea",Dong,male,97,386
Kornelia,Switzerland,Kornelia,female,100,8
Claudio,Spain,Claudio,male,99,1807
Juewen,USA,Juewen,male,75,4
Stefan,Germany,Stefan,male,97,20127
Chunyi,Japan,Chunyi,unknown,50,2
Yu,China,Yu,male,73,664
Ivan,Germany,Ivan,male,98,904
Ann,UK,Ann,female,97,23825
Diana,Moldova,Diana,female,98,375
Stefan,Germany,Stefan,male,97,20127
Gerd,Germany,Gerd,male,90,3051
Srinivas,Switzerland,Srinivas,male,100,4
Chunyi,Japan,Chunyi,unknown,50,2
Kyoung,Canada,Kyoung,male,80,121
Laurent,France,Laurent,male,96,46385
Takuya,Germany,Takuya,male,80,5
Francesco,Italy,Francesco,male,100,65535
Kiichiro,Japan,Kiichiro,male,100,10
Satish,USA,Satish,male,100,228
Tony,China,Tony,male,98,2009
Kyoung-Jin,Korea,Kyoung-Jin,male,60,5
Andrey,Switzerland,Andrey,male,96,23
Jaap,Netherlands,Jaap,male,98,1997
Laurent,Switzerland,Laurent,male,99,880
Yeo-Wan,Taiwan,Wan,female,56,54
Alexander,USA,Alexander,male,100,6939
Lucia,UK,Lucia,female,98,49100
Nicola,Italy,Nicola,male,99,27143
Bhawna,USA,Bhawna,female,100,18
Marcin,USA,Marcin,male,100,172
Torsten,Germany,Torsten,male,99,4534
Nils,Germany,Nils,male,99,2739
Shin,USA,Shin,male,66,82
Achim,Germany,Achim,male,99,1756
David,Canada,David,male,100,5841
Gang,Germany,,,,
Gérard,Switzerland,Gérard,male,98,135
Seung,Korea,Seung,male,93,447
Yaofeng,Canada,Yaofeng,male,100,11
Xavier,France,Xavier,male,99,14211
Sathyanarayana,India,Sathyanarayana,male,99,94
Shengming,China,Shengming,male,100,4
Phillip,UK,Phillip,male,99,9441
Stefan,Germany,Stefan,male,97,20127
Wolfram,Germany,Wolfram,male,100,256
Volker,Germany,Volker,male,100,2821
Agustino,Germany,Agustino,male,98,55
John,USA,John,male,100,65535
Quan,China,Quan,male,85,174
Diego,Spain,Diego,male,99,17909
Zhong-Hai,China,Hai,male,85,184
Mattie,Switzerland,Mattie,female,75,4
Christopher,USA,Christopher,male,100,26017
Deborah,USA,Deborah,female,99,7003
Tomoya,Japan,Tomoya,male,100,286
Sebastian,Germany,Sebastian,male,100,13809
Maik,Germany,Maik,male,99,5306
Jason,UK,Jason,male,99,76567
Uladzimir,USA,Uladzimir,male,100,3
Mercouri,USA,,,,
Marco,Germany,Marco,male,99,12863
Justin,USA,Justin,male,100,25338
Arianna,Sweden,Arianna,female,64,11
Youichi,Japan,Youichi,male,100,59
Hidefumi,Japan,Hidefumi,male,100,17
Dolores,Spain,Dolores,female,98,1528
Elizabeta,Israel,Elizabeta,female,75,4
Sebastian,Germany,Sebastian,male,100,13809
Zhiqiang,Singapore,Zhiqiang,male,100,7
Joakim,Sweden,Joakim,male,99,2513
Do-Youn,Daejeon,Do-Youn,male,66,2652
Kit,UK,Kit,male,67,2436
Evgueni,USA,Evgueni,male,75,4
Helge,Germany,Helge,female,71,1604
Marcus,Germany,Marcus,male,99,4940
Cátia,France,Cátia,female,100,12
Jan,Germany,Jan,male,99,10566
Ramesh,USA,Ramesh,male,99,399
Chung-Cheng,Taiwan,Chung,male,73,137
Andrey,Germany,Andrey,male,99,179
Jiaquan,USA,Jiaquan,male,100,3
Tobias,Germany,Tobias,male,100,9929
H,UK,,,,
Nandita,USA,Nandita,female,100,30
Sebastian,Germany,Sebastian,male,100,13809
Sebastian,Germany,Sebastian,male,100,13809
Teddie,USA,Teddie,female,61,54
Niko,Germany,Niko,male,97,1379
Taekyung,Korea,Taekyung,male,81,21
Stefan,Germany,Stefan,male,97,20127
Michael,Germany,Michael,male,100,30913
Christian,Germany,Christian,male,100,86
Evgeny,USA,Evgeny,male,98,62
Albrecht,Germany,Albrecht,male,97,158
Paul,USA,Paul,male,100,28746
Chengxin,China,Chengxin,male,75,4
Sebastian,Germany,Sebastian,male,100,13809
Michael,USA,Michael,male,100,65535
Jinwoo,Korea,Jinwoo,male,99,293
Christopher,USA,Christopher,male,100,26017
Bo,USA,Bo,male,91,1184
Nazario,Spain,Nazario,male,98,40
Florian,Germany,Florian,male,99,9022
Lior,Israel,Lior,male,85,568
Nobuharu,Japan,Nobuharu,male,100,10
Giuseppe,Italy,Giuseppe,male,100,65535
Guy,UK,Guy,male,98,20859
Kristof,Belgium,Kristof,male,99,1499
Frédéric,Switzerland,Frédéric,male,98,318
Christopher,Canada,Christopher,male,100,1301
Koichi,Japan,Koichi,male,99,394
Xiaoxiang,USA,Xiaoxiang,male,100,5
Andreas,Germany,Andreas,male,99,21215
Holger,Germany,Holger,male,100,4362
Yoshitaka,Japan,Yoshitaka,male,100,183
Ken,Japan,Ken,male,99,1450
Thomas,Sweden,Thomas,male,99,3089
Carsten,Germany,Carsten,male,100,4032
Guido,Germany,Guido,male,99,1620
Michael,Germany,Michael,male,100,30913
Jaebeom,USA,Jaebeom,male,100,15
Haruki,Japan,Haruki,male,94,143
Sylvain,Switzerland,Sylvain,male,100,286
Lutz,Germany,Lutz,male,99,1566
Juewen,USA,Juewen,male,75,4
Carmelo,UK,Carmelo,male,99,11695
Claudia,USA,Claudia,female,98,3960
Anthony,USA,Anthony,male,100,21929
Venkataramanarao,Japan,Venkataramanarao,male,100,4
Masaharu,Japan,Masaharu,male,99,89
Xin,USA,Xin,male,63,194
Munetaka,Japan,Munetaka,male,100,8
Vincent,USA,Vincent,male,100,4308
Deborah,UK,Deborah,female,98,22398
Tomoyuki,Japan,Tomoyuki,male,97,276
Meike,Switzerland,Meike,female,90,10
Muhammed,USA,Muhammed,male,100,149
Tao,Japan,Tao,male,81,31
Takanobu,Japan,Takanobu,male,100,61
Hong-Zhi,USA,Zhi,male,81,58
Petia,USA,Petia,female,100,5
Josep,Spain,Josep,male,99,5169
Wolfgang,Germany,Wolfgang,male,99,7880
Yuhei,USA,Yuhei,male,100,5
James,USA,James,male,100,47200
Shinsuke,Japan,Shinsuke,male,100,139
Yann,France,Yann,male,98,14337
Michael,USA,Michael,male,100,65535
My,USA,My,female,62,157
Yan,China,Yan,female,69,1535
Ilyas,USA,Ilyas,male,100,57
W,UK,,,,
Kazuki,Japan,Kazuki,male,99,657
Thomas,USA,Thomas,male,100,20215
Min,China,Min,female,56,572
Zhi,Germany,Zhi,male,100,5
Yoshihiro,Japan,Yoshihiro,male,100,350
Vincent,France,Vincent,male,98,32067
Sean,USA,Sean,male,99,17810
Yong,USA,Yong,male,82,158
Masahito,Japan,Masahito,male,100,48
Apoorva,UK,Apoorva,female,77,1023
Kasper,Denmark,Kasper,male,100,895
Christian,Germany,Christian,male,100,86
Christian,Germany,Christian,male,100,86
Jean,Germany,Jean,female,100,180
Adam,UK,Adam,male,99,101742
Hui,China,Hui,male,54,700
Takahisa,Japan,Takahisa,male,100,60
Chun-Ping,Taiwan,Ping,female,57,152
Vikas,USA,Vikas,male,100,240
Masayuki,Japan,Masayuki,male,99,556
John,UK,John,male,99,219085
Hegui,USA,,,,
Xin,China,Xin,male,62,851
Guido,Germany,Guido,male,99,1620
Yan,China,Yan,female,69,1535
Paola,France,Paola,female,97,835
Kevin,USA,Kevin,male,100,35080
Koji,Japan,Koji,male,99,780
Dieter,UK,Dieter,male,98,7678
Aurélie,France,Aurélie,female,97,15489
Marcel,Germany,Marcel,male,99,13238
Oleg,USA,Oleg,male,99,328
Christian,UK,Christian,male,100,48300
Neil,UK,Neil,male,99,16868
Kazunori,Japan,Kazunori,male,100,192
Zhi-En,China,Zhi,male,80,154
Min,Korea,Min,male,65,4933
Simon,UK,Simon,male,98,57458
Robert,USA,Robert,male,100,43118
Allan,Denmark,Allan,male,100,864
Sylwia,Austria,Sylwia,female,100,19
Justin,USA,Justin,male,100,25338
Craig,USA,Craig,male,100,9154
Sean,USA,Sean,male,99,17810
Jeonghee,USA,Jeonghee,female,75,4
Haihui,Germany,Haihui,male,75,4
Yuri,Russia,Yuri,male,99,733
Satoshi,Japan,Satoshi,male,100,1038
Maria,Italy,Maria,female,96,36074
Alexei,Germany,Alexei,male,97,30
Feng,Canada,Feng,male,80,20
Barry,USA,Barry,male,100,3714
Sugumar,Germany,Sugumar,male,99,168
Shun-Ichi,Japan,Shun,male,99,555
Luis,Spain,Luis,male,99,43667
Maik,Germany,Maik,male,99,5306
Bathula,India,Bathula,male,79,29
Mu,China,Mu,male,78,40
Jörg,Germany,Jörg,male,99,6145
Hiromune,Japan,Hiromune,male,75,4
Jean-Philippe,France,Jean-Philippe,male,96,5258
Yu,USA,Yu,male,64,274
Sheereen,USA,Sheereen,female,75,4
David,USA,David,male,100,65535
Ping-hui,USA,Ping,male,56,90
Matthias,Germany,Matthias,male,100,9451
Ian,UK,Ian,male,99,34076
Chunxiang,USA,Chunxiang,female,70,10
Yongan,USA,Yongan,male,75,4
Muralee,Germany,Muralee,male,100,61
Thomas,Germany,Thomas,male,99,27141
Steven,UK,Steven,male,99,59951
Matthias,Germany,Matthias,male,100,9451
Richard,UK,Richard,male,99,97659
Patrizia,Germany,Patrizia,female,97,383
Chun-Long,USA,Long,male,100,89
Mark,USA,Mark,male,100,47989
Kazuya,Japan,Kazuya,male,100,504
Lee,Korea,Lee,male,82,37625
Michele,Germany,Michele,male,65,945
Thomas,Germany,Thomas,male,99,27141
Zhaoda,USA,Zhaoda,male,75,4
Sundargopal,USA,,,,
Kris,USA,Kris,male,60,4135
Shengxiong,USA,Shengxiong,male,75,4
Michael,UK,Michael,male,99,211741
Pascal,Switzerland,Pascal,male,99,2259
Xiao-Xia,China,Xia,female,67,256
Y,China,,,,
Juanfang,Sweden,,,,
Justin,USA,Justin,male,100,25338
Chun,Japan,Chun,male,58,12
José,Spain,José,male,99,8211
Sören,USA,Sören,male,100,5
Deyun,USA,Deyun,female,75,4
Pablo,Germany,Pablo,male,99,587
Erwan,France,Erwan,male,98,3435
Carmen,Spain,Carmen,female,98,26181
Tatsuo,Japan,Tatsuo,male,99,117
Pascal,Switzerland,Pascal,male,99,2259
Steffen,Netherlands,Steffen,male,98,54
Raquel,Spain,Raquel,female,99,15035
Daniel,Switzerland,Daniel,male,99,4213
Satoru,Japan,Satoru,male,99,360
Deike,Germany,Deike,female,94,16
Christoph,USA,Christoph,male,100,156
Mark,USA,Mark,male,100,47989
Francisco,Spain,Francisco,male,99,27756
Heng-Bo,Japan,Bo,male,92,12
Xingwang,China,Xingwang,male,100,3
Maciej,Poland,Maciej,male,100,12808
Oscar,Spain,Oscar,male,99,20361
Yan,China,Yan,female,69,1535
Yuya,Japan,Yuya,male,100,423
Malcolm,USA,Malcolm,male,100,1023
D,UK,,,,
Carine,France,Carine,female,97,7225
Vera,Germany,Vera,female,97,1256
Ahmed,Germany,Ahmed,male,97,1370
Tse,Singapore,Tse,unknown,50,2
Brett,USA,Brett,male,98,6286
Henry,Switzerland,Henry,male,99,157
Sabine,Austria,Sabine,female,98,1408
Feng,UK,Feng,male,81,1386
Gilbert,UK,Gilbert,male,98,10398
David,Israel,David,male,99,1241
Marco,Italy,Marco,male,100,65535
Takashi,Japan,Takashi,male,99,1549
J,Netherlands,,,,
Kazutoshi,Japan,Kazutoshi,male,100,54
Virgil,USA,Virgil,male,100,2101
Satoshi,Japan,Satoshi,male,100,1038
Masaichi,Japan,Masaichi,male,100,7
Aaron,USA,Aaron,male,100,19401
Ya,China,Ya,female,68,47
José,Spain,José,male,99,8211
Sven-Oliver,Germany,Sven-Oliver,male,100,10
Xin-Long,China,Xin,male,62,851
Carmen,USA,Carmen,female,94,3768
Matthias,Germany,Matthias,male,100,9451
Vladimir,Japan,Vladimir,male,100,16
Chulsung,USA,Chulsung,male,75,4
Robert,Germany,Robert,male,99,8458
Petra,Germany,Petra,female,98,8277
Pascal,Norway,Pascal,male,100,19
Ekaterina,Germany,Ekaterina,female,97,116
Christopher,UK,Christopher,male,99,55041
Fabio,Italy,Fabio,male,99,47594
Cristina,Spain,Cristina,female,96,26181
Wei,France,Wei,male,59,70
Claudio,Spain,Claudio,male,99,1807
Giuseppe,Italy,Giuseppe,male,100,65535
Walter,Italy,Walter,male,99,5714
Marina,USA,Marina,female,99,1670
Séamus,Ireland,Séamus,male,100,8
John,USA,John,male,100,65535
Emilie,France,Emilie,female,97,25224
Holger,Germany,Holger,male,100,4362
Andrew,Germany,Andrew,male,99,574
Elizabeth,USA,Elizabeth,female,99,20330
J,UK,,,,
Michael,Germany,Michael,male,100,30913
Neil,Canada,Neil,male,99,601
Sangmo,Korea,Sangmo,male,86,14
Shun-ichi,Japan,Shun,male,99,555
Guoxin,USA,Guoxin,male,75,4
Ho-Joong,Korea,Ho-Joong,male,76,1864
Stephan,Germany,Stephan,male,98,6568
Matthew,USA,Matthew,male,100,30646
Mahdi,USA,Mahdi,male,99,147
Masayuki,Japan,Masayuki,male,99,556
Yuuki,Japan,Yuuki,male,88,555
Bruce,USA,Bruce,male,100,6899
Masafumi,Japan,Masafumi,male,99,129
Kim,Denmark,Kim,male,98,1588
Jiro,Japan,Jiro,male,99,110
K,USA,,,,
Helen,UK,Helen,female,98,23138
Woo,Germany,Woo,male,100,4
K,USA,,,,
Toshifumi,Japan,Toshifumi,male,100,38
Oleg,Germany,Oleg,male,99,393
Leyu,China,Leyu,male,75,4
Lehui,Germany,Lehui,male,75,4
Aniruddha,USA,Aniruddha,male,100,28
David,USA,David,male,100,65535
Gerhard,Germany,Gerhard,male,99,2024
Rafael,USA,Rafael,male,99,2923
Jonathan,USA,Jonathan,male,100,21578
Christian,Germany,Christian,male,100,86
José,Spain,José,male,99,8211
Alessandro,USA,Alessandro,male,100,4843
Therese,USA,Therese,female,99,473
Paul,Switzerland,Paul,male,98,968
Tadeusz,Italy,Tadeusz,male,100,5
Chryssostomos,Italy,,,,
Vojtech,Germany,Vojtech,male,100,6
Lianbin,USA,Lianbin,male,75,4
Yan,China,Yan,female,69,1535
Nadine,Germany,Nadine,female,98,8665
Tzuoo-Tsair,Taiwan,,,,
Alexander,Germany,Alexander,male,98,11884
Stefan,Germany,Stefan,male,97,20127
Krishnan,USA,Krishnan,male,100,42
Kevin,USA,Kevin,male,100,35080
Xue-Bin,USA,Bin,male,83,140
Alex,USA,Alex,male,89,28322
Ludwig,Germany,Ludwig,male,98,681
Yuan-Zhu,China,Zhu,male,61,457
Yasuyuki,Japan,Yasuyuki,male,100,153
Sungwook,USA,Sungwook,male,100,5
Raman,"Republic of Korea",Raman,male,92,3168
Mario,"Czech Republic",Mario,male,98,434
Hongwei,China,Hongwei,male,90,52
Gangavaram,India,Gangavaram,male,75,8
José,Spain,José,male,99,8211
Makoto,Canada,Makoto,female,67,3
Kenichi,Japan,Kenichi,male,100,436
Take-Aki,Japan,Aki,male,60,628
Warren,Canada,Warren,male,100,268
Yangming,USA,Yangming,male,100,3
Christopher,USA,Christopher,male,100,26017
Stefano,Italy,Stefano,male,99,51491
Felix,Germany,Felix,male,99,4905
Aaron,USA,Aaron,male,100,19401
Xiaofeng,USA,Xiaofeng,male,84,19
Douglas,USA,Douglas,male,100,5371
Pilar,Spain,Pilar,female,98,11086
Alberto,Italy,Alberto,male,99,23379
Roberto,Spain,Roberto,male,99,16213
Robert,USA,Robert,male,100,43118
Takashi,Japan,Takashi,male,99,1549
David,Spain,David,male,100,65535
Lapo,Italy,Lapo,male,99,301
Micaela,France,Micaela,female,92,38
Joachim,Germany,Joachim,male,99,2809
Roland,USA,Roland,male,100,1123
Sylvain,UK,Sylvain,male,98,23757
Melinda,UK,Melinda,female,98,8516
Biprajit,Germany,Biprajit,male,100,16
Chuang,China,Chuang,male,89,38
Carlos,France,Carlos,male,99,3807
K,USA,,,,
Florian,Germany,Florian,male,99,9022
Vincent,USA,Vincent,male,100,4308
Varinder,UK,Varinder,male,94,496
J,Germany,,,,
Jean-Philippe,USA,Jean-Philippe,male,100,24
Akira,Japan,Akira,male,97,1276
Gabor,Japan,Gabor,male,100,7
Evgueni,USA,Evgueni,male,75,4
Masaharu,Japan,Masaharu,male,99,89
Alexej,Switzerland,Alexej,male,100,8
Yan-Qiong,China,Qiong,female,88,75
Saif,UK,Saif,male,99,7698
Parayil,Singapore,Parayil,male,75,4
Zhaofu,Switzerland,Zhaofu,male,100,3
Johan,Belgium,Johan,male,99,3277
Matthew,UK,Matthew,male,100,51412
Jason,USA,Jason,male,100,39059
Sheng,China,Sheng,male,91,230
Varinder,UK,Varinder,male,94,496
Coralie,Germany,Coralie,female,92,12
Silvio,Italy,Silvio,male,99,4665
Xinmiao,China,,,,
Suhrit,India,Suhrit,male,100,14
Dieter,Germany,Dieter,male,98,5789
Sarah,Germany,Sarah,female,98,9213
Tsuyoshi,France,Tsuyoshi,male,75,4
Woon-Seok,USA,Woon,male,67,3
Masami,Japan,Masami,male,57,212
Giordano,USA,Giordano,male,92,24
Sabine,Belgium,Sabine,female,99,1781
Mako,Japan,Mako,male,52,134
Yasuhiro,Japan,Yasuhiro,male,100,425
Anja-Verena,Germany,Anja,female,98,6430
Reinhold,Germany,Reinhold,male,100,527
Ralf,Germany,Ralf,male,99,7883
Yi,USA,Yi,male,56,263
Naoki,Japan,Naoki,male,100,826
Anna,Poland,Anna,female,98,41841
Masanobu,Japan,Masanobu,male,100,73
M,USA,,,,
Uwe,France,Uwe,male,100,25
Razvan,Canada,Razvan,male,100,10
Kazuhiro,Japan,Kazuhiro,male,100,388
Dang,Germany,Dang,male,88,8
Claudia,Switzerland,Claudia,female,96,1520
Nanfeng,USA,Nanfeng,male,75,4
H,Norway,,,,
Manuel,Spain,Manuel,male,99,38516
Supratim,USA,Supratim,male,100,3
Koji,Japan,Koji,male,99,780
Marie-Christine,Switzerland,Marie-Christine,female,100,25
Da-Hui,Shanghai,Da-Hui,male,66,5778
Laurent,Germany,Laurent,male,96,142
Fang,USA,Fang,female,55,96
Deborha,UK,Deborha,female,99,98
Alexander,Germany,Alexander,male,98,11884
Severin,Switzerland,Severin,male,97,184
Christian,Germany,Christian,male,100,86
Christopher,USA,Christopher,male,100,26017
Satoru,Japan,Satoru,male,99,360
Hiroaki,Japan,Hiroaki,male,100,501
Shengming,Shanghai,Shengming,male,100,5
Uwe,France,Uwe,male,100,25
Florent,Switzerland,Florent,male,99,113
Shanmugam,UK,Shanmugam,male,99,480
Nicolas,France,Nicolas,male,99,55561
Massimo,Italy,Massimo,male,99,38175
Xiaogang,Singapore,Xiaogang,male,75,4
Chao,Canada,Chao,male,79,14
Peter,Germany,Peter,male,99,21321
Stephan,Germany,Stephan,male,98,6568
Sandro,Germany,Sandro,male,100,1152
Helmut,Germany,Helmut,male,98,3338
Michel,UK,Michel,male,97,68146
Dmitrii,Canada,Dmitrii,male,100,3
Stefan,Germany,Stefan,male,97,20127
Dieter,Germany,Dieter,male,98,5789
Alfonso,Sweden,Alfonso,male,100,14
Jesse,USA,Jesse,male,95,10195
Neil,UK,Neil,male,99,16868
Xinjian,China,Xinjian,male,100,5
Emma,USA,Emma,female,98,5378
Masaaki,Japan,Masaaki,male,100,226
Trevor,UK,Trevor,male,99,10360
Yufang,China,Yufang,female,100,9
Hongping,Germany,Hongping,unknown,50,8
Conor,USA,Conor,male,100,5996
Holger,Germany,Holger,male,100,4362
Andreas,Germany,Andreas,male,99,21215
Hiroaki,Japan,Hiroaki,male,100,501
Stefano,Italy,Stefano,male,99,51491
Sébastien,France,Sébastien,male,99,15658
Duoli,USA,Duoli,female,75,4
Richard,Switzerland,Richard,male,99,476
K,USA,,,,
Hongwei,China,Hongwei,male,90,52
Kazuhiro,Japan,Kazuhiro,male,100,388
José,Spain,José,male,99,8211
Emilie,France,Emilie,female,97,25224
Clément,Switzerland,Clément,male,93,58
Benjamin,USA,Benjamin,male,100,9079
Olivier,Belgium,Olivier,male,98,4630
Matthew,USA,Matthew,male,100,30646
Yoshinao,Japan,Yoshinao,male,100,9
Ingrid,Netherlands,Ingrid,female,98,1559
Ian,Sweden,Ian,male,99,71
Shinya,Japan,Shinya,male,100,492
Xue-Bin,USA,Bin,male,83,140
Prema,India,Prema,female,91,341
Patrick,Germany,Patrick,male,99,14512
Shao-Liang,USA,Liang,male,87,106
Carsten,USA,Carsten,male,98,57
Vladimir,Switzerland,Vladimir,male,99,89
Helena,Germany,Helena,female,98,864
Alexander,Germany,Alexander,male,98,11884
Shenghu,USA,Shenghu,male,100,3
Neal,USA,Neal,male,100,1543
K,USA,,,,
Roland,Austria,Roland,male,100,901
Frieder,Germany,Frieder,male,100,72
H,USA,,,,
Gopakumar,Switzerland,Gopakumar,male,99,216
Akiko,Japan,Akiko,female,99,391
Jesudoss,USA,Jesudoss,male,75,4
Kazuhiro,Japan,Kazuhiro,male,100,388
Tristram,Canada,Tristram,male,75,4
Domenico,Italy,Domenico,male,99,21152
Gábor,Germany,Gábor,male,100,133
Kathrin,Austria,Kathrin,female,98,207
Slavica,Austria,Slavica,female,95,20
Emma,UK,Emma,female,91,44680
Jens,Germany,Jens,male,99,9230
Luis,Spain,Luis,male,99,43667
Thorsten,Germany,Thorsten,male,99,4876
Satyasankar,UK,Satyasankar,male,100,4
Virgil,USA,Virgil,male,100,2101
Eugenii,Israel,Eugenii,male,75,4
Bo,China,Bo,male,88,316
Akihiko,Japan,Akihiko,male,99,152
Michael,Canada,Michael,male,100,4889
W,China,,,,
Aránzazu,Germany,Aránzazu,female,100,24
Daniel,Germany,Daniel,male,99,22784
Ye,Singapore,Ye,male,94,63
Seiji,Japan,Seiji,male,99,298
Desiree,USA,Desiree,female,98,2168
Mercè,Spain,Mercè,female,98,533
Joshua,USA,Joshua,male,100,20095
K,USA,,,,
Bernard,UK,Bernard,male,98,30260
Kazuya,Japan,Kazuya,male,100,504
Naohiko,Japan,Naohiko,male,100,17
Toshiki,Japan,Toshiki,male,99,146
Sreelatha,USA,Sreelatha,female,75,4
Christian,Germany,Christian,male,100,86
Dario,USA,Dario,male,100,2313
Adolf,Sweden,Adolf,male,89,35
Virginie,France,Virginie,female,97,25593
Ludger,Germany,Ludger,male,99,225
Rong,China,Rong,female,61,248
Timothy,UK,Timothy,male,99,15778
Javier,Spain,Javier,male,99,46053
Francesca,Italy,Francesca,female,98,42923
Takanori,Japan,Takanori,male,100,230
Ju,USA,Ju,female,57,86
Tim,Germany,Tim,male,99,7477
Chun-Jiang,USA,Chun,male,71,52
Vincenzo,Italy,Vincenzo,male,99,31988
Bunnai,Japan,,,,
Julie,France,Julie,female,97,34461
Bao-Yun,Japan,Bao,male,80,10
Aubry,USA,Aubry,female,84,50
Hyun,Korea,Hyun,male,82,1161
Hiromi,Japan,Hiromi,female,79,363
Jian,Japan,Jian,male,100,9
Matthew,UK,Matthew,male,100,51412
Sandra,Germany,Sandra,female,98,12614
Monika,France,Monika,female,96,450
Ryo,Japan,Ryo,male,98,2022
Jamie,"New Zealand",Jamie,male,81,175
Anders,Sweden,Anders,male,99,6318
Ron,Israel,Ron,male,96,374
Henrik,Sweden,Henrik,male,99,2914
David,UK,David,male,99,381770
Achim,Germany,Achim,male,99,1756
Hani,France,Hani,male,89,184
Hiromi,Japan,Hiromi,female,79,363
Sergio,UK,Sergio,male,99,81526
Alexander,Netherlands,Alexander,male,99,918
Brian,USA,Brian,male,100,40133
Ling-Yan,China,Ling,female,82,646
René,Switzerland,René,male,99,817
David,France,David,male,98,65535
Jonathan,UK,Jonathan,male,99,84386
Chun-Jiang,China,Jiang,male,63,472
Wolfgang,Germany,Wolfgang,male,99,7880
Hang,USA,,,,
Minoru,Japan,Minoru,male,99,320
Akihiro,Japan,Akihiro,male,100,349
Taihei,Japan,Taihei,male,100,17
Miguel,Spain,Miguel,male,99,40797
Kaspar,Switzerland,Kaspar,male,100,45
Vasant,India,Vasant,male,99,474
Jing,Singapore,Jing,female,78,60
Aixin,China,Aixin,male,100,4
Yan,USA,Yan,male,63,365
Ye,USA,Ye,male,58,95
Hideki,Japan,Hideki,male,100,517
José,Spain,José,male,99,8211
Qiang,Japan,Qiang,male,100,4
Cecily,Canada,Cecily,female,100,10
Makoto,Japan,Makoto,male,97,995
Edwin,USA,Edwin,male,100,2541
Norio,Japan,Norio,male,99,125
An-Min,China,An,male,66,109
Wei,USA,Wei,male,75,391
Roey,Israel,Roey,male,100,31
Alexander,Portugal,Alexander,male,99,89
François,France,François,male,99,11778
Haikuo,China,Haikuo,male,75,4
Zoraida,Spain,Zoraida,female,99,310
Shinji,Japan,Shinji,male,99,394
Aaron,USA,Aaron,male,100,19401
Minhua,China,Minhua,unknown,50,8
Wenwei,Germany,Wenwei,male,75,4
Andreas,Switzerland,Andreas,male,99,1721
Scott,USA,Scott,male,100,30644
Detlef,Germany,Detlef,male,99,2271
Ana,Israel,Ana,female,80,147
Ming,Australia,Ming,male,70,23
Peter,Germany,Peter,male,99,21321
Michael,UK,Michael,male,99,211741
Na,Korea,Na,female,62,2852
Youngu,USA,Youngu,male,75,4
Seung-Yub,USA,Seung,male,94,35
Manuel,Spain,Manuel,male,99,38516
Rob,Netherlands,Rob,male,99,5824
Shinya,Japan,Shinya,male,100,492
Manfred,Germany,Manfred,male,99,5121
Jose,USA,Jose,male,99,11929
Tamio,Japan,Tamio,male,100,12
Yujiro,Japan,Yujiro,male,100,35
Gregor,Germany,Gregor,male,100,1108
Víctor,Germany,Víctor,male,100,5
Fabienne,France,Fabienne,female,98,8763
Sergey,Russia,Sergey,male,100,9144
Robert,Germany,Robert,male,99,8458
Dan,China,Dan,female,56,578
Hiromasa,Japan,Hiromasa,male,100,57
Sebastian,Germany,Sebastian,male,100,13809
Olivier,France,Olivier,male,99,36743
Masato,Japan,Masato,male,100,530
Pradeepta,Korea,Pradeepta,male,81,42
Dieter,Germany,Dieter,male,98,5789
Nadia,Canada,Nadia,female,98,291
Qiang,China,Qiang,male,98,373
Lukas,Germany,Lukas,male,100,3730
Banglin,USA,,,,
Milan,USA,Milan,male,84,332
Evgeny,Israel,Evgeny,male,100,168
Gilles,France,Gilles,male,99,14418
Achim,Germany,Achim,male,99,1756
Giuseppe,Germany,Giuseppe,male,99,1616
Eric,USA,Eric,male,100,31662
Bernd,Switzerland,Bernd,male,100,77
Alberto,Spain,Alberto,male,99,31002
Oliver,Germany,Oliver,male,99,7903
Olafs,USA,Olafs,male,100,17
Bernhard,Germany,Bernhard,male,98,3134
Ronan,Israel,Ronan,male,75,4
María,UK,María,female,98,11821
Feng,China,Feng,male,82,850
Matthew,Canada,Matthew,male,100,2097
Yasutaka,Japan,Yasutaka,male,100,77
Xikui,USA,Xikui,male,100,3
Dieter,Switzerland,Dieter,male,99,162
Rainer,Germany,Rainer,male,99,4309
Takahiro,Japan,Takahiro,male,99,846
László,Hungary,László,male,99,11323
Matthew,UK,Matthew,male,100,51412
Jason,USA,Jason,male,100,39059
Irina,Germany,Irina,female,98,1105
Laurent,Germany,Laurent,male,96,142
Long,Germany,Long,male,100,89
Yi,USA,Yi,male,56,263
Ryan,USA,Ryan,male,99,35179
David,UK,David,male,99,381770
Reinhart,Germany,Reinhart,male,100,23
Phil,USA,Phil,male,100,5283
K,USA,,,,
Phil,USA,Phil,male,100,5283
Yoshie,Japan,Yoshie,female,91,91
Ryo,Japan,Ryo,male,98,2022
Ken,Japan,Ken,male,99,1450
Christopher,UK,Christopher,male,99,55041
Harald,Germany,Harald,male,99,2992
Markus,Germany,Markus,male,99,15230
Claudio,Spain,Claudio,male,99,1807
Mikhail,Sweden,Mikhail,male,100,10
Panagiotis,,Panagiotis,male,99,3514
Marc,Germany,Marc,male,100,7914
Derek,USA,Derek,male,100,8119
Dieter,Germany,Dieter,male,98,5789
Oliver,Germany,Oliver,male,99,7903
K,USA,,,,
Sébastien,France,Sébastien,male,99,15658
Hiromasa,Japan,Hiromasa,male,100,57
K,USA,,,,
Praveen,USA,Praveen,male,99,353
Xin-Jun,,Xin-Jun,male,82,8488
Bernd,Germany,Bernd,male,99,6529
Sib,Germany,Sib,female,67,9
Soji,Japan,Soji,male,100,9
Huw,USA,Huw,male,100,12
Ulrich,Germany,Ulrich,male,99,1577
Jyotirmayee,Germany,Jyotirmayee,female,100,46
Norman,UK,Norman,male,99,6533
Scott,USA,Scott,male,100,30644
Holger,Germany,Holger,male,100,4362
Manolis,USA,Manolis,male,100,15
Manfred,Germany,Manfred,male,99,5121
Paolo,Switzerland,Paolo,male,99,527
F,Germany,,,,
Bernard,UK,Bernard,male,98,30260
Richard,UK,Richard,male,99,97659
Naoki,Japan,Naoki,male,100,826
Christophe,Netherlands,Christophe,male,100,31
Anna,USA,Anna,female,99,11850
Zhaoxiang,USA,Zhaoxiang,male,83,6
Doh,USA,Doh,male,100,3
Qianli,USA,Qianli,male,75,4
Kensuke,Japan,Kensuke,male,100,138
Xiaogang,China,Xiaogang,male,100,35
Matthias,USA,Matthias,male,100,3407
Petre,UK,Petre,male,93,951
Daniel,Germany,Daniel,male,99,22784
Kazuki,Japan,Kazuki,male,99,657
De-Liang,UK,De-Liang,male,73,6438
Jun,Japan,Jun,male,93,1455
Rolf,Germany,Rolf,male,99,3089
Christopher,Australia,Christopher,male,100,710
Linda,Germany,Linda,female,98,2611
Alexey,USA,Alexey,male,98,182
Pier,Italy,Pier,male,98,2166
Robert,Germany,Robert,male,99,8458
Ruikang,USA,Ruikang,male,75,4
Matthew,USA,Matthew,male,100,30646
Geeti,Canada,Geeti,female,88,16
Issei,Japan,Issei,male,100,88
Dunwei,USA,,,,
Itana,Switzerland,Itana,female,96,68
Walther,Italy,Walther,male,100,27
Matthew,Canada,Matthew,male,100,2097
Kimio,Japan,Kimio,male,100,22
Manfred,Germany,Manfred,male,99,5121
Dieter,Germany,Dieter,male,98,5789
Kohki,Japan,Kohki,male,100,19
Angelika,USA,Angelika,female,98,139
M,UK,,,,
Hugo,Portugal,Hugo,male,99,8544
Ka-Leung,China,Ka,male,72,29
Christopher,USA,Christopher,male,100,26017
Stephen,USA,Stephen,male,100,16681
Fumiko,USA,Fumiko,female,100,13
George,Switzerland,George,male,99,209
Antoine,Belgium,Antoine,male,98,1048
Felipe,UK,Felipe,male,99,29541
Hu,Japan,Hu,male,71,14
Takamasa,Japan,Takamasa,male,98,64
Mauro,Denmark,Mauro,male,100,7
Hukum,Japan,Hukum,male,95,37
Ran,USA,Ran,male,71,139
Marina,Germany,Marina,female,98,2981
Hirohisa,Japan,Hirohisa,male,100,28
Véronique,France,Véronique,female,98,6689
Hannah,UK,Hannah,female,99,20781
Marko,Austria,Marko,male,99,461
Daisuke,Japan,Daisuke,male,100,1249
Qianrong,China,Qianrong,male,75,4
Kenneth,Norway,Kenneth,male,99,539
Xiaofeng,UK,Xiaofeng,male,78,167
Abdessamad,Spain,Abdessamad,male,98,89
Zhihua,Singapore,Zhihua,male,75,4
Uli,Germany,Uli,male,83,1006
K,USA,,,,
Frédéric,France,Frédéric,male,98,8946
Qing,USA,Qing,unknown,50,62
Philip,Germany,Philip,male,100,1265
Jian,USA,Jian,male,84,124
Radu,USA,Radu,male,98,65
K,USA,,,,
Prokopis,UK,Prokopis,male,98,61
Andreas,Germany,Andreas,male,99,21215
Danielle,USA,Danielle,female,99,12284
Nancy,France,Nancy,female,95,1658
Alois,Germany,Alois,male,96,303
Gerard,Netherlands,Gerard,male,99,2714
Isabelle,Israel,Isabelle,female,100,12
Miguel,Netherlands,Miguel,male,99,249
Takaharu,Japan,Takaharu,male,100,30
Christopher,USA,Christopher,male,100,26017
Voltaire,USA,Voltaire,male,89,19
Cristina,Spain,Cristina,female,96,26181
Feng,China,Feng,male,82,850
Yan,Russia,Yan,male,96,217
Dmitry,Germany,Dmitry,male,96,76
Sridhar,USA,Sridhar,male,100,148
Béla,USA,Béla,male,75,4
Götz,Germany,Götz,male,98,85
Valerie,Germany,Valerie,female,95,204
Yongfeng,China,Yongfeng,male,90,20
Leonard,USA,Leonard,male,99,1472
Rui,China,Rui,male,66,439
Phineus,Germany,Phineus,male,100,3
Núria,Germany,Núria,female,100,4
Michael,UK,Michael,male,99,211741
Phil,"Republic of Korea",Phil,male,98,25391
Carla,Italy,Carla,female,98,7765
Jianmin,USA,Jianmin,male,83,30
Takahiro,Japan,Takahiro,male,99,846
Duhee,USA,Duhee,male,75,4
Béatrice,France,Béatrice,female,98,3342
Kyryl,Germany,Kyryl,male,100,14
Carsten,Germany,Carsten,male,100,4032
Wolfgang,Germany,Wolfgang,male,99,7880
Mecheril,USA,,,,
Kendric,USA,Kendric,male,100,26
Jean-Michel,France,Jean-Michel,male,99,3776
Junichiro,Japan,Junichiro,male,100,47
Yi,USA,Yi,male,56,263
Vivian,China,Vivian,female,98,1098
Xiang,USA,Xiang,male,83,60
Stephan,Germany,Stephan,male,98,6568
Victoria,Germany,Victoria,female,97,550
Ali,USA,Ali,male,62,4661
Julien,Germany,Julien,male,99,475
Myung-Ryul,Korea,Myung-Ryul,male,82,127
Manfred,Germany,Manfred,male,99,5121
Unyong,USA,Unyong,male,75,4
Tobias,Germany,Tobias,male,100,9929
Jonathan,UK,Jonathan,male,99,84386
Oliver,Germany,Oliver,male,99,7903
Hideki,Japan,Hideki,male,100,517
Michael,UK,Michael,male,99,211741
David,UK,David,male,99,381770
Tobias,Germany,Tobias,male,100,9929
Eliseo,Spain,Eliseo,male,98,264
Taichi,Japan,Taichi,male,99,183
Staffan,Sweden,Staffan,male,100,447
Roberto,Italy,Roberto,male,99,53093
Neil,UK,Neil,male,99,16868
María,Spain,María,female,98,9881
Martin,Germany,Martin,male,99,14619
Hermann,Germany,Hermann,male,95,1493
Jana,Germany,Jana,female,98,4230
Miguel,UK,Miguel,male,99,89766
Aizpea,Spain,Aizpea,female,90,10
Manfred,Germany,Manfred,male,99,5121
Sundargopal,USA,,,,
Thomas,Denmark,Thomas,male,100,2294
Mina,Korea,Mina,female,88,18003
Knut,Germany,Knut,male,99,411
Hiroyuki,Japan,Hiroyuki,male,100,955
Naoto,Japan,Naoto,male,99,340
Fernando,Netherlands,Fernando,male,98,266
Andreas,Germany,Andreas,male,99,21215
Pradeep,USA,Pradeep,male,100,275
Edgar,Germany,Edgar,male,99,564
Yousef,Israel,Yousef,male,96,190
Zhenqiang,USA,Zhenqiang,male,100,4
Yajun,Australia,Yajun,male,63,40
Iris,Germany,Iris,female,98,1856
T,UK,,,,
Andrea,Germany,Andrea,female,84,10166
Sasa,Switzerland,Sasa,male,76,131
Hatsuo,Japan,Hatsuo,male,75,4
Steffen,Germany,Steffen,male,99,5356
Taike,Germany,Taike,female,75,4
Atindra,Israel,Atindra,male,100,36
Kavitha,Korea,Kavitha,female,97,1637
Arianna,Sweden,Arianna,female,64,11
Andrew,Netherlands,Andrew,male,98,304
Kuiqing,China,,,,
Shuhei,Japan,Shuhei,male,100,207
Justin,USA,Justin,male,100,25338
Vincenzo,Italy,Vincenzo,male,99,31988
A,Germany,,,,
Dominic,UK,Dominic,male,98,9763
Wayne,USA,Wayne,male,100,5261
Melanie,Germany,Melanie,female,98,8557
Peter,USA,Peter,male,100,15502
Gleb,Nizhny,Gleb,male,100,925
Peng,USA,Peng,male,91,133
Susan,UK,Susan,female,98,34211
Jongnam,Korea,Jongnam,male,100,14
Sven,Germany,Sven,male,99,13636
Alois,Germany,Alois,male,96,303
Shuichi,Japan,Shuichi,male,100,135
Sigurd,Germany,Sigurd,male,100,37
Hong,China,Hong,female,58,636
Rajendra,USA,Rajendra,male,99,71
Tsuneomi,Japan,,,,
Jun'ichi,Japan,Jun'ichi,male,100,7
Qingmin,USA,Qingmin,male,75,4
Julien,France,Julien,male,99,61396
Tadashi,Japan,Tadashi,male,100,290
Bo,USA,Bo,male,91,1184
Rahul,India,Rahul,male,100,40928
Masataka,Japan,Masataka,male,100,134
Olimpia,Switzerland,Olimpia,female,100,6
Mark,Germany,Mark,male,100,75
Izumi,Japan,Izumi,female,69,160
Peter,USA,Peter,male,100,15502
Sophie,USA,Sophie,female,99,1651
Anne,USA,Anne,female,99,5550
Mauri,UK,Mauri,male,94,1882
Tetsuro,USA,Tetsuro,male,75,4
Natalie,USA,Natalie,female,99,7586
Ricardo,France,Ricardo,male,99,1666
Chaker,Spain,Chaker,male,100,10
Masayuki,Japan,Masayuki,male,99,556
Philipp,Switzerland,Philipp,male,100,856
Eric,USA,Eric,male,100,31662
Xiaoyu,China,Xiaoyu,female,53,179
Chaoyong,USA,Chaoyong,male,75,4
Diethard,Canada,Diethard,male,100,32
Ljiljana,Germany,Ljiljana,female,89,28
Fabio,Switzerland,Fabio,male,100,1400
Inga,Germany,Inga,female,97,560
Philippe,France,Philippe,male,98,44155
Jingyi,USA,Jingyi,female,95,21
Lutz,Germany,Lutz,male,99,1566
Heinz,Germany,Heinz,male,98,2539
Hidenori,Japan,Hidenori,male,100,81
Ming-Hua,China,Ming,male,83,826
Lisa,USA,Lisa,female,99,25941
Paul,USA,Paul,male,100,28746
Ansgar,Switzerland,Ansgar,male,100,5
Mariana,France,Mariana,female,97,474
Richard,USA,Richard,male,100,24609
Hu,Japan,Hu,male,71,14
Hisashi,USA,Hisashi,male,100,6
Jay,USA,Jay,male,95,11771
Yasuhiko,Japan,Yasuhiko,male,98,64
Kallolmay,UK,,,,
Nadim,USA,Nadim,male,97,38
Hang,USA,,,,
Hirohisa,Japan,Hirohisa,male,100,28
Jens,Switzerland,Jens,male,100,140
Hans,USA,Hans,male,99,791
Roberto,Denmark,Roberto,male,100,21
Gabriel,Mexico,Gabriel,male,100,2290
Adalgisa,Italy,Adalgisa,female,99,103
Maurizio,Germany,Maurizio,male,98,296
Takanori,Japan,Takanori,male,100,230
Anna,Spain,Anna,female,99,7629
Tatsuya,Japan,Tatsuya,male,100,660
Hermann,Germany,Hermann,male,95,1493
Jaap,Netherlands,Jaap,male,98,1997
Juan,Spain,Juan,male,100,65535
Thomas,USA,Thomas,male,100,20215
Timothy,USA,Timothy,male,100,9427
Silvio,Spain,Silvio,male,99,298
Mary,USA,Mary,female,98,20629
Ana,Spain,Ana,female,98,54404
Michinori,Japan,Michinori,male,100,9
Paul,UK,Paul,male,99,140849
Neil,Canada,Neil,male,99,601
Mark,USA,Mark,male,100,47989
Soji,Japan,Soji,male,100,9
Christian,Germany,Christian,male,100,86
Carsten,Germany,Carsten,male,100,4032
Kaichen,USA,Kaichen,male,100,9
Ivano,Italy,Ivano,male,99,2480
Delphine,Germany,Delphine,female,97,29
Michael,Germany,Michael,male,100,30913
Takashi,Japan,Takashi,male,99,1549
Ryoichi,Japan,Ryoichi,male,100,97
Chuo,USA,Chuo,male,58,26
Fozia,Germany,Fozia,female,100,3
Feng,Germany,Feng,male,60,15
Kai,Canada,Kai,male,91,94
Chunhua,Germany,Chunhua,female,84,70
Si-Dian,China,Dian,female,59,37
Li,Germany,Li,female,75,212
Adam,Germany,Adam,male,98,1662
Shunsuke,Japan,Shunsuke,male,100,280
Yüksel,Germany,Yüksel,male,92,192
Peter,Germany,Peter,male,99,21321
Martin,Germany,Martin,male,99,14619
Holger,Germany,Holger,male,100,4362
Gunnar,USA,Gunnar,male,100,5548
Thomas,UK,Thomas,male,99,129177
Douglas,USA,Douglas,male,100,5371
Yong-Jin,USA,Yong,male,82,158
Sang,USA,Sang,male,92,174
Jan-Uwe,USA,Uwe,male,98,45
Kanji,Japan,Kanji,male,97,30
Frank,Germany,Frank,male,98,16573
Jan,Germany,Jan,male,99,10566
Ah-Hyun,Japan,Hyun,male,80,15
Liang-Yin,China,Liang,male,82,742
Linjie,Germany,Linjie,male,75,4
Ramesh,USA,Ramesh,male,99,399
Jinhua,Japan,Jinhua,female,83,98
Jeroen,Netherlands,Jeroen,male,99,5953
Joachim,France,Joachim,male,99,845
Hiroshi,Japan,Hiroshi,male,99,1448
Chuan-De,USA,Chuan,male,87,23
Liang,China,Liang,male,82,742
David,Canada,David,male,100,5841
Hiromasa,Japan,Hiromasa,male,100,57
Seiya,Japan,Seiya,male,100,189
Gerald,Netherlands,Gerald,male,100,187
Conor,UK,Conor,male,100,8140
Romain,France,Romain,male,99,31252
Ramalingam,India,Ramalingam,male,97,145
Min,Canada,Min,male,55,38
Osamu,Japan,Osamu,male,99,342
Kazuaki,Japan,Kazuaki,male,100,140
B,India,,,,
Alessandro,Italy,Alessandro,male,100,65535
Dirk,Germany,Dirk,male,99,8318
Jurgen,Netherlands,Jurgen,male,99,611
Jun,USA,Jun,male,86,387
Antonio,Spain,Antonio,male,99,60132
Xuejun,USA,Xuejun,unknown,50,2
Markos,USA,Markos,male,100,31
Rimane,France,Rimane,male,75,4
Robert,Canada,Robert,male,100,3137
Liang-shi,USA,Liang,male,87,106
Albert,Spain,Albert,male,99,6353
Jin-Gang,Japan,Jin,male,88,289
Shinpei,Japan,Shinpei,male,100,40
Shengfa,Germany,,,,
Yafeng,Sweden,Yafeng,male,69,16
Yasuhide,Japan,Yasuhide,male,100,15
Ralf,USA,Ralf,male,100,101
Silvio,Italy,Silvio,male,99,4665
Andrea,USA,Andrea,female,95,13332
Carl,UK,Carl,male,98,18194
Ivan,Russia,Ivan,male,99,4821
Diego,Spain,Diego,male,99,17909
Dirk,Germany,Dirk,male,99,8318
Phil,"Republic of Korea",Phil,male,98,25391
Junliang,USA,Junliang,male,75,4
Andrew,UK,Andrew,male,99,82448
Michito,Japan,Michito,male,100,6
Ian,Japan,Ian,male,100,88
Sigrid,Innrain,Sigrid,female,98,1550
Ludwig,Germany,Ludwig,male,98,681
David,USA,David,male,100,65535
Huw,USA,Huw,male,100,12
Guillaume,France,Guillaume,male,99,32404
Benoît,Switzerland,Benoît,male,100,68
Christian,Israel,Christian,male,100,48300
Seong,USA,Seong,male,79,19
Ni,Singapore,Ni,female,60,10
Selma,USA,Selma,female,98,134
Benjamin,France,Benjamin,male,99,18269
Jian,USA,Jian,male,84,124
Ava,USA,Ava,female,100,48105
Ioannis,Denmark,Ioannis,male,100,4
Herve,France,Herve,male,98,7320
Mikael,Finland,Mikael,male,99,398
Ralph,Switzerland,Ralph,male,100,236
Bernhard,Germany,Bernhard,male,98,3134
Sylwia,Austria,Sylwia,female,100,19
David,UK,David,male,99,381770
Oleg,Germany,Oleg,male,99,393
Daniel,Germany,Daniel,male,99,22784
David,UK,David,male,99,381770
Marilyn,USA,Marilyn,female,98,2812
R,UK,,,,
Stefano,Germany,Stefano,male,99,491
Valentin,USA,Valentin,male,100,1730
Christine,France,Christine,female,98,21820
Weili,Switzerland,Weili,male,59,58
Sreenivas,USA,Sreenivas,male,100,32
Anna,"United Kingdom",Anna,female,97,6951
Duan,USA,Duan,male,81,26
Yasushi,Japan,Yasushi,male,99,197
Alessandro,Italy,Alessandro,male,100,65535
Varinder,UK,Varinder,male,94,496
Evgeny,USA,Evgeny,male,98,62
Hajime,Japan,Hajime,male,98,304
Upali,India,Upali,female,100,3
Daniel,USA,Daniel,male,100,35866
Akinori,Japan,Akinori,male,99,108
Zhaoyang,USA,Zhaoyang,male,75,4
Oliver,UK,Oliver,male,98,22853
K,USA,,,,
Zi-Bo,USA,Bo,male,91,1184
Michael,Germany,Michael,male,100,30913
Hongwei,Germany,Hongwei,male,75,4
Jack,Switzerland,Jack,male,97,674
Florian,Germany,Florian,male,99,9022
Kentaro,USA,Kentaro,male,100,24
Yoshitaka,Japan,Yoshitaka,male,100,183
Chi-Rung,Taiwan,Chi,female,59,215
Pingshan,USA,Pingshan,male,75,4
Masanori,Japan,Masanori,male,100,259
Omid,USA,Omid,male,99,143
Barry,Canada,Barry,male,99,455
Yasuhiro,Japan,Yasuhiro,male,100,425
Michael,UK,Michael,male,99,211741
Alexander,Germany,Alexander,male,98,11884
Christopher,USA,Christopher,male,100,26017
Fabien,France,Fabien,male,98,18829
Satoshi,Japan,Satoshi,male,100,1038
Xiao-Feng,USA,Feng,male,84,104
Tao,China,Tao,male,89,751
Nian,Germany,Nian,female,60,5
Thomas,Germany,Thomas,male,99,27141
Isabelle,Switzerland,Isabelle,female,99,646
Man-Bo,China,Bo,male,88,316
Tatiana,France,Tatiana,female,98,3024
Zhenshan,Germany,Zhenshan,male,75,4
Manuel,Deutschland,Manuel,male,99,96874
Gábor,Germany,Gábor,male,100,133
Gaurav,USA,Gaurav,male,100,360
John,UK,John,male,99,219085
Zhonghong,Canada,Zhonghong,male,75,4
K,USA,,,,
Toshikazu,Japan,Toshikazu,male,100,69
Tobias,Switzerland,Tobias,male,99,548
Matthias,Germany,Matthias,male,100,9451
Soohaeng,USA,Soohaeng,male,75,4
Massimiliano,Italy,Massimiliano,male,99,12816
Teodoro,Argentina,Teodoro,male,100,16
Chao,Germany,Chao,male,90,21
Yoshitaka,Japan,Yoshitaka,male,100,183
Rainer,Germany,Rainer,male,99,4309
Stefan,Germany,Stefan,male,97,20127
Wei,USA,Wei,male,75,391
Nurit,USA,Nurit,female,100,6
Xu,China,Xu,male,76,420
Sang-Sup,Korea,Sang-Sup,male,87,2673
Magali,Switzerland,Magali,female,100,139
Teruhisa,Japan,Teruhisa,male,100,21
Ian,UK,Ian,male,99,34076
Qilong,USA,Qilong,male,75,4
Hisao,Japan,Hisao,male,100,51
Sander,Netherlands,Sander,male,99,3223
Diala,France,Diala,female,80,15
Norifumi,Japan,Norifumi,male,100,24
P,Italy,,,,
Jongseong,USA,Jongseong,male,75,4
Joanna,USA,Joanna,female,98,2930
Xiaowu,USA,Xiaowu,male,75,4
Laurent,Switzerland,Laurent,male,99,880
Oliver,USA,Oliver,male,99,1490
Diego,Spain,Diego,male,99,17909
Holger,Germany,Holger,male,100,4362
Albrecht,Germany,Albrecht,male,97,158
Mauro,Denmark,Mauro,male,100,7
K,USA,,,,
Keren,Israel,Keren,female,97,213
R,Germany,,,,
Anja,Germany,Anja,female,98,6430
Anurag,USA,Anurag,male,97,116
Armin,Germany,Armin,male,100,1621
Tomasz,Poland,Tomasz,male,99,26599
Qibin,USA,Qibin,male,100,9
Javier,Norway,Javier,male,96,24
Dieter,Germany,Dieter,male,98,5789
Dieter,Germany,Dieter,male,98,5789
Jin-Song,China,Jin,male,61,856
Mark,UK,Mark,male,100,48064
Golo,Germany,Golo,male,94,17
Hiroshi,Japan,Hiroshi,male,99,1448
Yaofeng,USA,Yaofeng,male,75,4
Marco,Italy,Marco,male,100,65535
Hoi,"Republic of Korea",Hoi,male,58,929
Juan,China,Juan,female,71,353
Sergey,Russia,Sergey,male,100,9144
Akira,Japan,Akira,male,97,1276
Yasuhisa,Japan,Yasuhisa,male,100,43
Sandrine,France,Sandrine,female,97,32795
Kevin,UK,Kevin,male,99,140160
Martina,Germany,Martina,female,98,4282
Antoine,Belgium,Antoine,male,98,1048
Yann,UK,Yann,male,98,17007
T,Netherlands,,,,
Zulfiya,Israel,Zulfiya,female,99,102
Samit,USA,Samit,male,100,22
Hans-Friedrich,Germany,Hans-Friedrich,male,100,4
Qin,Singapore,Qin,female,75,20
Razvan,Canada,Razvan,male,100,10
May,UK,May,female,91,11741
Joseph,UK,Joseph,male,99,63161
Tae-Jong,Korea,Tae-Jong,male,86,1712
Amanda,USA,Amanda,female,99,27814
Pance,Japan,Pance,male,98,42
Jörg,Germany,Jörg,male,99,6145
Andreas,Germany,Andreas,male,99,21215
Won,Korea,Won,male,86,538
Jürgen,USA,Jürgen,male,100,28
Jin-Hwan,USA,Hwan,male,100,6
Ara,USA,Ara,male,53,131
Weixing,China,Weixing,male,86,7
Emma,UK,Emma,female,91,44680
Patricia,Netherlands,Patricia,female,98,2029
Atsushi,Japan,Atsushi,male,100,843
Eugenio,USA,Eugenio,male,98,132
Yoram,Israel,Yoram,male,99,112
Ioannis,Germany,Ioannis,male,99,179
Andreas,Germany,Andreas,male,99,21215
Xiyun,USA,Xiyun,female,71,7
Slobodan,Germany,Slobodan,male,95,55
Shan,Netherlands,Shan,female,66,64
Jesús,Sweden,Jesús,male,100,9
Sergio,Spain,Sergio,male,99,33830
Dennis,Canada,Dennis,male,100,600
Justin,USA,Justin,male,100,25338
Dolos,USA,Dolos,male,63,8
Jens,Germany,Jens,male,99,9230
Daisuke,Japan,Daisuke,male,100,1249
Nicolai,Germany,Nicolai,male,100,264
Tobias,Switzerland,Tobias,male,99,548
Muralee,USA,Muralee,male,75,4
Hugo,USA,Hugo,male,99,1238
You,Korea,You,male,83,3198
Hiroshi,Japan,Hiroshi,male,99,1448
Ute,UK,Ute,female,98,3270
Michael,UK,Michael,male,99,211741
Joeri,Belgium,Joeri,male,98,661
Masaaki,Japan,Masaaki,male,100,226
Manfred,Germany,Manfred,male,99,5121
Youngjong,USA,Youngjong,male,100,5
Masahito,Japan,Masahito,male,100,48
Sergey,Russia,Sergey,male,100,9144
Ludmila,Germany,Ludmila,female,98,104
Peter,Germany,Peter,male,99,21321
J,Germany,,,,
Woo-Dong,Japan,Dong,male,92,12
Micha,Israel,Micha,male,97,37
Mónica,Spain,Mónica,female,98,2359
Bernard,UK,Bernard,male,98,30260
Koji,Japan,Koji,male,99,780
Tehshik,USA,,,,
Giulia,Italy,Giulia,female,99,27083
Alfonso,Spain,Alfonso,male,99,8388
Sangwon,Korea,Sangwon,male,98,122
Laura,UK,Laura,female,98,163073
Rainer,Germany,Rainer,male,99,4309
Iris,Germany,Iris,female,98,1856
Christoph,Germany,Christoph,male,100,5773
Frank,Switzerland,Frank,male,99,536
Lenz,Germany,Lenz,male,97,34
Hiroyuki,Japan,Hiroyuki,male,100,955
Nicholas,"New Zealand",Nicholas,male,100,93
Kelly,Netherlands,Kelly,female,97,1388
Ralf,Germany,Ralf,male,99,7883
Evgueni,USA,Evgueni,male,75,4
George,Australia,George,male,99,613
Cong,China,Cong,male,78,135
Rana,USA,Rana,female,67,307
Won,USA,Won,male,88,59
Yong,Germany,Yong,male,75,12
Xiaofang,Japan,Xiaofang,female,92,49
Anders,Denmark,Anders,male,100,1449
Ramaiahgari,Germany,Ramaiahgari,male,75,4
Chengchun,Japan,Chengchun,male,100,4
Haoshen,Japan,,,,
Zhixiang,Germany,Zhixiang,male,86,21
Dongmei,Japan,Dongmei,female,100,51
Timothy,USA,Timothy,male,100,9427
Constantin,Switzerland,Constantin,male,91,23
Sadao,Japan,Sadao,male,97,31
Dmitry,Israel,Dmitry,male,99,157
My,USA,My,female,62,157
Hiromichi,Japan,Hiromichi,male,98,55
Naoto,Japan,Naoto,male,99,340
Shengqing,Canada,Shengqing,male,75,4
Shū,Japan,,,,
Andrey,Germany,Andrey,male,99,179
Damien,U,Damien,male,99,30575
Dirk,Germany,Dirk,male,99,8318
Jinhu,China,Jinhu,male,100,12
Michael,USA,Michael,male,100,65535
Li-Min,China,Li,male,68,1023
Yahong,China,Yahong,female,71,7
Ulrich,Germany,Ulrich,male,99,1577
Zhen-Yu,USA,Zhen,male,76,62
Barbara,Italy,Barbara,female,99,13019
Damiano,Italy,Damiano,male,99,3985
Paolo,Netherlands,Paolo,male,100,93
Shin-Ichiro,Japan,Shin-Ichiro,male,100,11
Gillian,UK,Gillian,female,97,6303
Seiji,Japan,Seiji,male,99,298
Bernd,Germany,Bernd,male,99,6529
Florian,Germany,Florian,male,99,9022
Aidan,Germany,Aidan,male,100,22
Keisuke,Japan,Keisuke,male,100,723
Sibaprasad,USA,Sibaprasad,male,100,44
Phil,USA,Phil,male,100,5283
Phil,USA,Phil,male,100,5283
Fabien,France,Fabien,male,98,18829
João,Switzerland,João,male,99,91
Hans-Joachim,Germany,Hans-Joachim,male,100,359
Zhaohui,Germany,Zhaohui,male,70,27
Yoshiki,Japan,Yoshiki,male,99,230
Yi,"Republic of Korea",Yi,male,61,1397
Ana,Spain,Ana,female,98,54404
Bruno,Italy,Bruno,male,99,8502
Young,Korea,Young,male,100,51
