"First Name",Country,ga_first_name,ga_gender,ga_accuracy,ga_samples
Norihiro,Netherlands,Norihiro,male,100,49
Zhenfeng,Beijing,Zhenfeng,male,100,11
Bernd,,Bernd,male,99,7628
Janis,USA,Janis,female,96,565
Choong,,Choong,male,73,135
Alexandra,USA,Alexandra,female,99,4792
Janusz,,Janusz,male,99,6824
Peter,USA,Peter,male,100,15502
Lars,,Lars,male,99,13478
Xingwei,Dalian,Xingwei,male,71,7
Jie-Sheng,Shanghai,Sheng,male,74,646
Uwe,,Uwe,male,99,8221
Reinhard,,Reinhard,male,99,1973
Martin,,Martin,male,98,139211
Nico,,Nico,male,97,43301
Uwe,,Uwe,male,99,8221
Paul,,Paul,male,99,140849
Hua,Singapore,Hua,male,86,14
Yu,Singapore,Yu,male,57,68
Dan,Singapore,Dan,male,93,202
Rajendra,USA,Rajendra,male,99,71
Takashi,Tokyo,Takashi,male,99,1807
Carsten,,Carsten,male,99,5153
Peter,,Peter,male,99,146529
Daniel,,Daniel,male,99,257742
Ivan,,Ivan,male,99,80498
Christopher,USA,Christopher,male,100,26017
Srikanth,USA,Srikanth,male,99,174
Suhrit,,Suhrit,male,100,14
Wilfred,University,Wilfred,male,99,1812
Jonathan,,Jonathan,male,99,84386
Keisuke,Tokyo,Keisuke,male,100,782
Fabio,University,Fabio,male,99,72039
Amos,USA,Amos,male,100,2497
Luis,Buenos,Luis,male,99,120090
Audrey,,Audrey,female,97,33454
Sujit,,Sujit,male,99,2207
Alain,Av,Alain,male,98,53597
Peng,Shanghai,Peng,male,84,1353
T,USA,,,,
Tanja,,Tanja,female,98,13686
Sonja,,Sonja,female,98,10955
Daniel,Jerusalem,Daniel,male,99,257742
Shengming,Shanghai,Shengming,male,100,5
Jonathan,Manchester,Jonathan,male,99,84386
Marina,USA,Marina,female,99,1670
Anh,Singapore,Anh,female,64,14
Keisuke,Tokyo,Keisuke,male,100,782
Regan,USA,Regan,female,98,5541
Gerhard,,Gerhard,male,99,4931
Emmanuel,,Emmanuel,male,99,43639
Jan-E,,Jan-E,male,92,104026
Zheng-Hui,,Zheng-Hui,male,58,2566
Kuiling,Shanghai,,,,
Shunai,,Shunai,female,100,6
Cyril,,Cyril,male,98,21612
Hongjun,Hangzhou,Hongjun,male,98,48
David,,David,male,99,381770
Stephen,USA,Stephen,male,100,16681
Daniel,USA,Daniel,male,100,35866
Peter,USA,Peter,male,100,15502
Shao,Singapore,Shao,male,100,10
Yuhong,USA,Yuhong,male,67,6
Carsten,USA,Carsten,male,98,57
Chad,USA,Chad,male,100,9565
Dirk,,Dirk,male,99,14847
Jianbo,Jinan,Jianbo,male,100,38
Lai-Sheng,USA,Sheng,male,67,55
Paul,,Paul,male,99,140849
Xiang-Ping,Beijing,Xiang-Ping,male,61,2312
Luis,,Luis,male,99,120090
Frank,,Frank,male,99,66241
Xinping,Nanjing,Xinping,male,65,17
Ghassan,,Ghassan,male,98,2069
Akira,Ibaraki,Akira,female,73,7383
Gustavo,,Gustavo,male,99,27768
Jacob,,Jacob,male,99,25605
Jürgen,,Jürgen,male,99,9431
Jesús,,Jesús,male,99,7086
Arben,,Arben,male,96,2157
Rahul,,Rahul,male,100,44776
Hyeon,Ulsan,Hyeon,male,77,113
Jian,Shanghai,Jian,male,89,1215
Pedro,Biomateriales,Pedro,male,99,109853
Jingsong,Chengdu,Jingsong,male,88,8
Alexandre,,Alexandre,male,99,52132
Maximilian,Nanjing,Maximilian,male,99,5404
Thomas,USA,Thomas,male,100,20215
Sergey,USA,Sergey,male,100,435
Zhiyong,Beijing,Zhiyong,male,99,75
Shi,SA,Shi,male,63,8
Dieter,,Dieter,male,98,7678
Markus,Braunschweig,Markus,male,99,30782
Stefanie,,Stefanie,female,98,10626
Albert,,Albert,male,98,31368
Matthias,Sassari,Matthias,male,100,17148
Christopher,USA,Christopher,male,100,26017
Ullrich,,Ullrich,male,96,100
Atsuhiro,Kyoto,Atsuhiro,male,100,20
Eric,USA,Eric,male,100,31662
Karl,,Karl,male,98,18575
Spencer,Vic,Spencer,male,97,5490
Sang,Daejeon,Sang,male,88,2448
F,,,,,
B,,,,,
Massimiliano,Crespina,Massimiliano,male,99,13500
Motomu,Tokyo,Motomu,male,100,16
Liming,Hangzhou,Liming,male,73,120
Harald,,Harald,male,99,4998
Uwe,,Uwe,male,99,8221
Shunsuke,Singapore,Shunsuke,male,100,307
Xinchen,Fuzhou,Xinchen,male,56,9
Susumi,Nagasaki,Susumi,female,75,4
Sylvestre,,Sylvestre,male,97,1007
Kai,,Kai,male,96,28964
A,,,,,
A,,,,,
G,USA,,,,
Feliu,,Feliu,male,94,17
Gerhard,,Gerhard,male,99,4931
Xiao-Feng,,Xiao-Feng,male,65,3158
Rolf,,Rolf,male,99,5940
Peter,USA,Peter,male,100,15502
Marie-Paule,,Marie-Paule,female,98,780
Jagadese,Jinju,,,,
Santanu,Bangalore,Santanu,male,100,1272
Thomas,Queensland,Thomas,male,99,129177
Jonas,USA,Jonas,male,100,2557
Tanja,,Tanja,female,98,13686
Wolfgang,,Wolfgang,male,99,10782
Xiaoyuan,National,Xiaoyuan,female,57,28
Kimoon,,Kimoon,male,100,8
Bengang,,,,,
Angela,,Angela,female,98,69937
Cyril,,Cyril,male,98,21612
Jiayin,,Jiayin,female,82,38
Lixin,Shanghai,Lixin,male,66,90
Matthew,USA,Matthew,male,100,30646
Marinella,,Marinella,female,98,1195
M,Bristol,,,,
John,Glasgow,John,male,99,219085
Melanie,,Melanie,female,98,35986
Vivian,Yokohama,Vivian,female,93,12465
Hemamala,USA,,,,
Nicolai,,Nicolai,male,99,1109
David,Seoul,David,male,99,381770
Sarah,,Sarah,female,98,127402
Yuan-Pern,Hsinchu,Yuan-Pern,male,58,1700
Jinbo,,Jinbo,male,93,27
Yunjie,,Yunjie,male,57,23
Soon,Daejeon,,,,
Jian,Suzhou,Jian,male,89,1215
Uwe,,Uwe,male,99,8221
Gojko,USA,Gojko,male,100,144
Didier,,Didier,male,98,29191
Pavlína,,Pavlína,female,99,6389
Jörn,,Jörn,male,99,701
Olivier,,Olivier,male,99,50237
Leif,,Leif,male,99,2426
Thomas,Urbana,Thomas,male,99,129177
Burkhard,,Burkhard,male,99,552
Bo,(P,Bo,male,85,5389
Cathleen,Nagoya,Cathleen,female,97,659
Michael,,Michael,male,99,211741
Aaron,USA,Aaron,male,100,19401
Marc,,Marc,male,99,77461
Wenhao,,Wenhao,male,97,76
Yoshihiro,Sapporo,Yoshihiro,male,100,383
Konrad,,Konrad,male,100,7427
Milagros,,Milagros,female,99,8317
John,USA,John,male,100,65535
Giuseppe,,Giuseppe,male,99,72416
Ben,Groningen,Ben,male,97,73526
Ching-Wen,,Ching-Wen,female,83,6
David,,David,male,99,381770
Daniel,,Daniel,male,99,257742
Peter,Auckland,Peter,male,99,146529
Rainer,,Rainer,male,99,5435
Masood,,Masood,male,99,1729
Matthew,,Matthew,male,100,51412
Jean,Marseille,Jean,male,89,84089
Klaus,,Klaus,male,98,13207
Thomas,,Thomas,male,99,129177
Timothy,,Timothy,male,99,15778
Peter,,Peter,male,99,146529
Christof,,Christof,male,99,1226
Yitzhak,USA,Yitzhak,male,100,8
Ivan,,Ivan,male,99,80498
Bing-Ming,Hsinchu,Bing-Ming,male,73,3749
Tierui,Beijing,Tierui,female,75,4
Noritaka,Yokohama,Noritaka,male,100,38
David,USA,David,male,100,65535
Felix,,Felix,male,98,24864
Klavs,USA,Klavs,male,75,4
Wenjun,USA,Wenjun,female,58,19
Takanori,Sapporo,Takanori,male,99,257
Ming,USA,Ming,male,73,237
Gregor,,Gregor,male,99,3274
Jin-Quan,USA,Quan,male,93,216
Noritaka,Tokyo,Noritaka,male,100,38
Berthold,,Berthold,male,100,302
Rainer,,Rainer,male,99,5435
Vytas,USA,Vytas,male,100,4
Michael,,Michael,male,99,211741
Masaichi,Saitama,Masaichi,male,100,7
Jik,,Jik,male,65,115
Taolei,Wuhan,,,,
Robert,University,Robert,male,99,145540
John,USA,John,male,100,65535
Chi-Ming,"Hong Kong",Ming,male,89,338
Alois,,Alois,male,95,1863
Yong,,Yong,male,87,2262
David,USA,David,male,100,65535
Xun,,Xun,male,78,162
James,USA,James,male,100,47200
Tamio,,Tamio,male,94,18
Mark,USA,Mark,male,100,47989
Lukas,,Lukas,male,99,22120
Gisbert,,Gisbert,male,98,96
Xian-He,Tianjin,Xian-He,male,67,1174
Mahdi,USA,Mahdi,male,99,147
Lynden,USA,Lynden,male,72,25
Wolfgang,,Wolfgang,male,99,10782
Nicola,,Nicola,male,81,36692
Johannes,USA,Johannes,male,99,135
Christophe,,Christophe,male,98,60690
Marc,,Marc,male,99,77461
Weihong,Wuhan,Weihong,male,70,40
Faycal,,Faycal,male,98,1972
Chad,USA,Chad,male,100,9565
Tehshik,USA,,,,
Ning,Beijing,Ning,female,74,1915
Norberto,SP,Norberto,male,99,2312
Jinwoo,Seoul,Jinwoo,male,99,293
Stephen,,Stephen,male,99,46085
Jieping,,Jieping,female,67,3
Michael,,Michael,male,99,211741
Tetsuro,Osaka,Tetsuro,male,100,93
William,Jupiter,William,male,99,67797
Guillermo,USA,Guillermo,male,99,1128
Takeaki,Sendai,Takeaki,male,100,27
Guido,,Guido,male,99,10286
Hajime,Hokkaido,Hajime,male,98,359
Jean,Strasbourg,Jean,male,89,84089
Yasuaki,Chiba,Yasuaki,male,100,77
Tom,Chicago,Tom,male,99,87429
Thomas,,Thomas,male,99,129177
Walther,,Walther,male,98,445
Joseph,USA,Joseph,male,100,21534
Yasunori,Sendai,Yasunori,male,99,126
Patrick,USA,Patrick,male,100,18462
Carsten,,Carsten,male,99,5153
Manuel,,Manuel,male,99,96874
Patrice,Marseille,Patrice,male,69,24498
Shu,Beijing,Shu,male,60,982
Paul,USA,Paul,male,100,28746
Jianping,Zhejiang,Jianping,male,75,48
Aiwen,Wuhan,Aiwen,male,67,24
Yongjian,USA,Yongjian,male,75,4
Jaswinder,USA,Jaswinder,male,85,20
Stefan,,Stefan,male,98,50890
Carolyn,USA,Carolyn,female,99,5417
Antoni,,Antoni,male,98,3438
Nathanael,USA,Nathanael,male,100,4316
Kathrin,,Kathrin,female,98,3502
Sylvie,,Sylvie,female,98,40082
Annette,,Annette,female,98,8428
Aaron,USA,Aaron,male,100,19401
Eun,Kyeonggi-do,Eun,female,69,381
Kian,Singapore,Kian,male,96,26
Jan,,Jan,male,92,104026
Haoshen,,,,,
Eric,,Eric,male,99,121922
Dawei,Shanghai,Dawei,male,95,164
Laurent,,Laurent,male,97,55808
Francois,Singapore,Francois,male,100,12
James,USA,James,male,100,47200
Kevin,USA,Kevin,male,100,35080
Silas,USA,Silas,male,100,1583
Sébastien,Nijmegen,Sébastien,male,99,18623
Dan,Guangdong,Dan,male,97,61524
Emilio,València,Emilio,male,99,21164
Peter,USA,Peter,male,100,15502
Bernard,,Bernard,male,98,30260
Feng-Ling,Shanghai,Feng-Ling,female,56,3601
Carsten,,Carsten,male,99,5153
Stefan,USA,Stefan,male,100,1196
Zhi-Xiang,,Zhi-Xiang,male,78,1129
Shigeru,Tokyo,Shigeru,male,100,216
Jianwei,"Hong Kong",Jianwei,male,97,65
Karl,USA,Karl,male,100,2609
Thuc-Quyen,USA,Thuc,male,83,18
Masahiro,Wako,Masahiro,male,100,783
Norio,Nagoya,Norio,male,99,143
Seigo,,Seigo,male,98,58
Kohtaro,,Kohtaro,male,100,8
Eric,USA,Eric,male,100,31662
Alexander,,Alexander,male,99,56237
Andreas,,Andreas,male,99,44818
Yasuhiro,Saitama,Yasuhiro,male,100,455
Jonathan,,Jonathan,male,99,84386
Monica,USA,Monica,female,99,7722
Bayden,Victoria,Bayden,male,100,16
Yusuke,Ibaraki,Yusuke,male,99,1232
Li-Jun,,Li-Jun,male,73,10994
Anish,USA,Anish,male,100,182
Luis,USA,Luis,male,100,8179
Marek,,Marek,male,99,46276
Takahiko,Tokyo,Takahiko,male,100,56
Manfred,,Manfred,male,99,7550
Robert,Seoul,Robert,male,99,145540
Antonio,,Antonio,male,99,180825
Wenjun,USA,Wenjun,female,58,19
J,USA,,,,
Uwe,,Uwe,male,99,8221
Sheng-Hsien,,Sheng-Hsien,male,74,687
Xiuling,Xiamen,Xiuling,female,92,12
Armin,Queensland,Armin,male,98,5364
R,,,,,
Janet,USA,Janet,female,99,6055
Ramon,,Ramon,male,98,18857
Henning,,Henning,male,97,1892
Peng,Beijing,Peng,male,84,1353
Claus,,Claus,male,96,2644
Dominik,,Dominik,male,98,21763
Frank,,Frank,male,99,66241
Hideki,Saitama,Hideki,male,99,634
Sam,,Sam,male,85,93540
Simon,,Simon,male,98,57458
Shouyun,Nanjing,,,,
Keiji,Kyoto,Keiji,male,99,237
Michael,,Michael,male,99,211741
Dongyuan,VIC,Dongyuan,male,80,5
F,USA,,,,
Gerhard,,Gerhard,male,99,4931
Jingsong,Chengdu,Jingsong,male,88,8
Yong-Gui,Dalian,Yong-Gui,male,88,4510
Jeffrey,USA,Jeffrey,male,100,10439
Milton,USA,Milton,male,100,4413
Jan-E,,Jan-E,male,92,104026
Bradley,USA,Bradley,male,99,3685
Atsuhiro,Kyoto,Atsuhiro,male,100,20
Peter,Cambridge,Peter,male,99,146529
Michael,,Michael,male,99,211741
Hong-Cai,USA,Hong,female,53,198
C,Bangalore,,,,
Matthias,USA,Matthias,male,100,3407
Karl,USA,Karl,male,100,2609
Gene-Hsiang,Hsinchu,Gene-Hsiang,male,57,1418
Michael,,Michael,male,99,211741
Jeffrey,,Jeffrey,male,100,19324
Nazario,,Nazario,male,98,383
Matthias,,Matthias,male,100,17148
Alexander,,Alexander,male,99,56237
Norio,,Norio,male,99,143
Timo,,Timo,male,99,8332
Gary,USA,Gary,male,100,13394
Chao-Jun,Quebec,Chao-Jun,male,88,7964
Vladimir,USA,Vladimir,male,100,690
Yi-Tao,Shanghai,Yi-Tao,male,77,3406
Tomislav,USA,Tomislav,male,100,27
Bas,,Bas,male,97,4840
Huisheng,Shanghai,Huisheng,male,86,7
Ying-Chun,,Ying-Chun,female,57,7
Chun-An,Lanzhou,Chun-An,female,75,4
Siping,,Siping,male,56,9
Yu,,Yu,male,63,3415
Mathias,,Mathias,male,99,14455
Eric,Xiamen,Eric,male,99,121922
Sergiy,USA,Sergiy,male,100,34
Dangsheng,,,,,
José,,José,male,98,35243
G,ON,,,,
James,,James,male,99,131879
Matthias,,Matthias,male,100,17148
Hua,Singapore,Hua,male,86,14
Sheng,USA,Sheng,male,67,55
Chae,USA,Chae,female,63,43
Ruihu,Fujian,Ruihu,male,75,4
Alois,,Alois,male,95,1863
Matthias,,Matthias,male,100,17148
Alexander,,Alexander,male,99,56237
Jan-E,,Jan-E,male,92,104026
Annemieke,,Annemieke,female,99,419
Hanfeng,Hangzhou,Hanfeng,male,100,12
Cristina,Universität,Cristina,female,98,70974
Hongjie,USA,Hongjie,male,67,3
Lifeng,,Lifeng,male,80,56
Kosuke,Tokushima,Kosuke,male,99,286
Bing-Feng,Hangzhou,Bing-Feng,male,73,2443
Jong-Min,Singapore,Jong,male,80,10
Mario,,Mario,male,99,112267
Andrew,Singapore,Andrew,male,100,502
Kristi,USA,Kristi,female,99,3001
Daniel,USA,Daniel,male,100,35866
Norman,USA,Norman,male,100,1447
Makoto,Sapporo,Makoto,male,95,1208
Joseph,USA,Joseph,male,100,21534
Andrew,ACT,Andrew,male,99,82448
Hermenegildo,,Hermenegildo,male,99,444
Naoki,Konan,Naoki,male,98,944
Dong,USA,Dong,male,91,136
Dongho,Seoul,Dongho,male,99,106
Peter,Beijing,Peter,male,99,146529
Shunichi,Osaka,Shunichi,male,100,74
Weibo,,Weibo,male,88,16
Shuangjun,Shanghai,Shuangjun,male,75,4
Forrest,USA,Forrest,male,100,6902
Rolf,,Rolf,male,99,5940
Michele,,Michele,male,72,60021
David,USA,David,male,100,65535
Xiaoyuan,USA,Xiaoyuan,unknown,50,2
Shuji,Tokyo,Shuji,male,100,154
David,,David,male,99,381770
Hiroshi,,Hiroshi,male,99,1730
Ilan,Haifa,Ilan,male,97,1086
Robin,,Robin,male,75,32295
Makoto,Tokyo,Makoto,male,95,1208
Kian,Singapore,Kian,male,96,26
A,USA,,,,
Tim,,Tim,male,99,52554
Arne,,Arne,male,98,2733
John,USA,John,male,100,65535
Elizabeth,USA,Elizabeth,female,99,20330
Herbert,,Herbert,male,99,9602
René,,René,male,98,12079
Weiping,USA,Weiping,male,75,8
Martin,,Martin,male,98,139211
Quan,USA,Quan,male,93,216
Kazuo,,Kazuo,male,99,362
Alexander,,Alexander,male,99,56237
Kuo,Taiwan,Kuo,male,72,207
Pavel,USA,Pavel,male,100,322
Hiroshi,,Hiroshi,male,99,1730
Benjamin,USA,Benjamin,male,100,9079
Tapan,,Tapan,male,99,1188
Bert,,Bert,male,98,7084
Louis,,Louis,male,97,22473
Andres,,Andres,male,98,33708
Chuanbing,USA,Chuanbing,male,75,4
Mircea,,Mircea,male,98,2257
David,USA,David,male,100,65535
Stuart,,Stuart,male,99,12253
Stephen,USA,Stephen,male,100,16681
Richard,,Richard,male,99,97659
Wei,Jiangsu,Wei,male,73,4003
Xiao-Ming,Guangzhou,Xiao-Ming,male,68,4464
Luis,,Luis,male,99,120090
Haiping,,Haiping,male,65,26
Feng,"Hong Kong",Feng,male,100,14
Reiner,,Reiner,male,99,1526
Joseph,USA,Joseph,male,100,21534
Pier,,Pier,male,97,2999
Xinru,Beijing,Xinru,female,88,17
Yuhong,Hangzhou,Yuhong,female,52,42
Bert,,Bert,male,98,7084
Younan,USA,Younan,male,100,6
Valery,USA,Valery,female,99,3767
Nuno,,Nuno,male,99,22191
Nayanmoni,Assam,Nayanmoni,male,80,15
Gregorio,Valencia,Gregorio,male,99,5145
Sylvia,,Sylvia,female,98,16360
F,USA,,,,
Jean,Marseille,Jean,male,89,84089
Michael,North,Michael,male,99,211741
Joost,Amsterdam,Joost,male,99,2229
Geert-Jan,University,Geert-Jan,male,100,78
Vitaly,,Vitaly,male,99,1738
Igor,Novosibirsk,Igor,male,99,31134
Jérôme,,Jérôme,male,99,5714
Masahiro,Osaka,Masahiro,male,100,783
Shu,,Shu,male,60,982
Debabrata,,Debabrata,male,100,809
Konrad,,Konrad,male,100,7427
Yoshiharu,Sendai,Yoshiharu,male,99,77
Janusz,,Janusz,male,99,6824
Stephen,,Stephen,male,99,46085
Rahul,,Rahul,male,100,44776
Urmimala,Bangalore,Urmimala,female,100,22
Cláudio,USA,Cláudio,male,100,12
Günter,,Günter,male,99,2441
Jieping,,Jieping,female,67,3
Peter,,Peter,male,99,146529
Alexandre,,Alexandre,male,99,52132
Reinhard,,Reinhard,male,99,1973
Stephen,,Stephen,male,99,46085
Małgorzata,Belfast,Małgorzata,female,98,15429
Chao-Jun,Guangzhou,Chao-Jun,male,88,7964
William,USA,William,male,100,24483
Ji-Xin,USA,Xin,male,63,194
Kenjiro,Tokyo,Kenjiro,male,100,60
Paul,,Paul,male,99,140849
Magnus,,Magnus,male,99,5496
A,Fax:,,,,
Alois,,Alois,male,95,1863
Guy,,Guy,male,98,20859
Anja,,Anja,female,98,11999
Carsten,Noda,Carsten,male,99,5153
Carlos,USA,Carlos,male,100,10179
Christof,Julius-Maximilians-Universität,Christof,male,99,1226
Jens,,Jens,male,99,13599
Enrique,,Enrique,male,99,19657
K,USA,,,,
Linda,USA,Linda,female,99,16312
Jie,,Jie,male,61,1651
Pavel,USA,Pavel,male,100,322
Shawn,Québec,Shawn,male,93,15227
Takeshi,Tokyo,Takeshi,male,99,1290
Masayuki,Niigata,Masayuki,male,99,597
Karolien,,Karolien,female,98,236
Yasushi,Kyoto,Yasushi,male,99,226
Bernard,Jiangsu,Bernard,male,98,30260
Dawei,Shanghai,Dawei,male,95,164
Stefan,Russia,Stefan,male,97,90
Robert,,Robert,male,99,145540
Masaya,Sapporo,Masaya,male,95,317
Ronald,USA,Ronald,male,100,5168
Angel,USA,Angel,male,100,26977
Marco,,Marco,male,99,133237
Neil,USA,Neil,male,100,3353
Frank,,Frank,male,99,66241
Frédéric,,Frédéric,male,98,11476
Eurico,,Eurico,male,99,652
Antonio,Baleares,Antonio,male,99,180825
Jincai,Tianjin,Jincai,male,80,10
David,Manchester,David,male,99,381770
Juho,Helsinki,Juho,male,99,628
Marinella,,Marinella,female,98,1195
Kei,Hiroshima,Kei,male,74,1478
Zhong,USA,Zhong,male,66,29
Hisanori,Nagoya,Hisanori,male,100,37
André,ON,André,male,99,25357
Wen,Shanghai,Wen,female,56,1985
Teck-Peng,Anhui,Teck-Peng,male,85,1460
Michael,USA,Michael,male,100,65535
Michel,SK,Michel,male,67,12
Michael,Hsinchu,Michael,male,99,211741
Delphine,,Delphine,female,98,19427
Patrik,,Patrik,male,99,13539
Gerd,,Gerd,male,87,3758
Chun-Jiang,,Chun-Jiang,male,70,1636
Kaisheng,Henan,Kaisheng,male,100,10
Dunwei,,,,,
Derek,,Derek,male,99,15838
Mihail,,Mihail,male,99,2197
Erwin,Cambridge,Erwin,male,99,8787
Lan-Sun,Xiamen,Lan-Sun,female,53,8559
Insung,Daejeon,Insung,male,96,55
Jingsong,Chengdu,Jingsong,male,88,8
Yonggui,Singapore,Yonggui,unknown,50,2
Naoto,Osaka,Naoto,male,99,404
Göran,,Göran,male,99,1399
Jonathan,,Jonathan,male,99,84386
Weng,Singapore,Weng,male,54,24
Lei,Hefei,Lei,male,59,2374
Kazunobu,Yokohama,Kazunobu,male,100,24
Xuebin,,Xuebin,male,90,10
Emily,Seoul,Emily,female,98,36641
Herbert,,Herbert,male,99,9602
Avelino,,Avelino,male,97,1077
X,USA,,,,
Matthias,,Matthias,male,100,17148
Han,,Han,male,72,4580
Jesus,C/Mariano,Jesus,male,98,43843
David,,David,male,99,381770
Enno,,Enno,male,88,349
Masaki,,Masaki,male,97,788
Konstantin,Stuttgart,Konstantin,male,99,5001
Paul,St,Paul,male,75,4
Arnaud,,Arnaud,male,98,25142
Sijbren,,Sijbren,male,100,4
Ok-Sang,Pusan,Ok-Sang,male,84,3482
Yu,USA,Yu,male,64,274
Carlos,,Carlos,male,99,174998
Leonardo,USA,Leonardo,male,99,1117
Leonard,Shanghai,Leonard,male,98,7077
Dawei,,Dawei,male,95,164
Milos,,Milos,male,99,5905
Erick,"Hong Kong",Erick,male,93,15
Chi-Ming,USA,Ming,male,73,237
Robin,Tokyo,Robin,male,75,32295
Hiroharu,Singapore,Hiroharu,male,100,6
Cheuk-Wai,,Cheuk-Wai,male,78,1326
Isabella,Tokyo,Isabella,female,98,11891
Mitsuhiko,Cambridge,Mitsuhiko,male,100,19
Bernhardt,Rostock,Bernhardt,male,93,42
Ralf,,Ralf,male,99,9994
Soo,,Soo,male,51,1087
Michael,,Michael,male,99,211741
Horst,USA,Horst,male,97,31
Chuanbin,Singapore,Chuanbin,male,100,3
Xiong,Xiamen,Xiong,male,79,207
Lei,,Lei,male,59,2374
Helma,USA,Helma,female,100,4
Krzysztof,Beijing,Krzysztof,male,100,28969
Min,USA,Min,male,56,258
Lawrence,USA,Lawrence,male,99,2880
Nicolai,Toronto,Nicolai,male,99,1109
Douglas,Nagoya,Douglas,male,99,18529
Shigehiro,"United Kingdom",Shigehiro,male,75,4
Saif,SA,Saif,male,99,618
Jonathan,,Jonathan,male,99,84386
Erick,,Erick,male,99,15004
Sigurd,,Sigurd,male,98,253
Gerhard,,Gerhard,male,99,4931
Robert,Shanghai,Robert,male,99,145540
Xinliang,,Xinliang,male,71,7
Walther,USA,Walther,male,100,18
Samuel,,Samuel,male,99,59149
Ferdi,Zagreb,Ferdi,male,97,9874
Tomislav,"Hong Kong",Tomislav,male,100,1829
K,,,,,
Achim,,Achim,male,99,2035
Jeffrey,Hubei,Jeffrey,male,100,19324
Wen-Jing,,Wen-Jing,female,67,4519
Andrew,,Andrew,male,99,82448
Martin,,Martin,male,98,139211
Daniella,USA,Daniella,female,100,6141
Vincent,USA,Vincent,male,100,4308
Luis,,Luis,male,99,120090
Andreas,,Andreas,male,99,44818
Robert,,Robert,male,99,145540
Jieping,,Jieping,female,67,3
Hans-Joachim,Kyoto,Hans-Joachim,male,100,380
Masahiro,,Masahiro,male,100,783
Herbert,Victoria,Herbert,male,99,9602
Keith,,Keith,male,98,21035
Torsten,,Torsten,male,99,5046
Robert,USA,Robert,male,100,43118
Shannon,,Shannon,female,88,16433
Andreas,Singapore,Andreas,male,100,20
Wee,,Wee,male,74,826
Hermenegildo,,Hermenegildo,male,99,444
Claudio,USA,Claudio,male,99,582
Matthew,,Matthew,male,100,51412
Michael,,Michael,male,99,211741
José,USA,José,male,99,355
Ross,Ruhr-University,Ross,male,91,10276
Christof,Osaka,Christof,male,99,1226
Naoto,,Naoto,male,99,404
Jörg,,Jörg,male,99,6663
Vladimir,USA,Vladimir,male,100,690
Robert,,Robert,male,99,145540
Elena,,Elena,female,98,74807
Ron,,Ron,male,99,19779
Stéphane,USA,Stéphane,male,96,48
Anita,Birmingham,Anita,female,98,40133
Eva,,Eva,female,98,79421
Erick,Kyoto,Erick,male,99,15004
Yoshiji,,Yoshiji,male,100,6
Ivo,Victoria,Ivo,male,98,9791
Rachel,,Rachel,female,98,41104
G,USA,,,,
Lyle,Chengdu,Lyle,male,99,3865
Xiaoming,Dalian,Xiaoming,male,83,144
Zhongmin,,Zhongmin,male,89,9
Christian,USA,Christian,male,100,48214
Ayusman,Tokyo,Ayusman,male,100,6
Yoichiro,,Yoichiro,male,100,52
Christian,USA,Christian,male,100,48214
Richmond,,Richmond,male,97,1214
Christian,Shanghai,Christian,male,100,48300
Yuanhong,,Yuanhong,female,75,4
Gustaaf,Ontario,Gustaaf,male,100,104
Lewis,Tianjin,Lewis,male,99,7500
Xian-He,,Xian-He,male,67,1174
Marc,Tokyo,Marc,male,99,77461
Kazuaki,,Kazuaki,male,99,152
Stefan,Kanazawa,Stefan,male,98,50890
Chisato,,Chisato,female,82,92
Fabrice,,Fabrice,male,98,25048
Alexander,,Alexander,male,99,56237
Vladimir,,Vladimir,male,99,21639
Birger,Tsukuba,Birger,male,98,392
Masayuki,,Masayuki,male,99,597
Frieder,,Frieder,male,100,77
Géraldine,Shanghai,Géraldine,female,98,2793
Wanbin,USA,Wanbin,female,75,4
Thomas,,Thomas,male,99,129177
Marco,Department,Marco,male,99,133237
Jason,,Jason,male,99,76567
Peter,Kyoto,Peter,male,99,146529
Keiji,Norwich,Keiji,male,99,237
Andrew,USA,Andrew,male,100,34858
Xi,USA,Xi,female,61,98
Peter,,Peter,male,99,146529
Manfred,Shanghai,Manfred,male,99,7550
Shengming,Ishikawa,Shengming,male,100,5
Tatsuo,,Tatsuo,male,99,125
Walter,,Walter,male,97,26732
Avelino,USA,Avelino,male,100,17
Stephen,,Stephen,male,99,46085
Manuel,,Manuel,male,99,96874
George,Matieland,George,male,99,63411
Bert,,Bert,male,98,7084
Carsten,USA,Carsten,male,98,57
Gong,USA,Gong,male,68,19
Anita,,Anita,female,98,40133
Jörg-M,Osaka,Jörg-M,male,99,6663
Masahiro,BC,Masahiro,male,100,783
Neil,USA,Neil,male,100,3353
Stephen,,Stephen,male,99,46085
Paul,USA,Paul,male,100,28746
Karl,,Karl,male,98,18575
Uwe,Shanghai,Uwe,male,99,8221
Di,,Di,male,54,3384
Christian,,Christian,male,100,48300
Laurent,,Laurent,male,97,55808
Horst,,Horst,male,98,4102
Jonathan,,Jonathan,male,99,84386
Jan,,Jan,male,92,104026
Clemens,Sapporo,Clemens,male,99,1082
Masaya,Changsha,Masaya,male,95,317
Jin-Heng,Cantock's,Jin-Heng,male,73,5481
Duncan,,Duncan,male,99,6587
Hans-Jürgen,Beijing,Hans-Jürgen,male,100,606
Luhua,,Luhua,male,75,4
Alexander,USA,Alexander,male,100,6939
Galen,USA,Galen,male,99,2354
Lidia,USA,Lidia,female,99,374
Vladimir,Chongqing,Vladimir,male,99,21639
Li,Shanghai,Li,female,53,4165
Dongyuan,,Dongyuan,male,80,5
Fernando,Beijing,Fernando,male,99,77505
Xinrong,,Xinrong,male,63,8
Thierry,USA,Thierry,male,98,185
Dmitry,USA,Dmitry,male,100,349
Juan,USA,Juan,male,99,7532
Steven,,Steven,male,99,59951
Oliver,Beijing,Oliver,male,98,22853
Yadong,USA,Yadong,male,88,26
Chuanbin,USA,Chuanbin,male,100,3
Brandon,,Brandon,male,100,29118
Paolo,,Paolo,male,99,60571
Joseph,Tokyo,Joseph,male,99,63161
Nobuharu,USA,Nobuharu,male,100,11
Ivan,,Ivan,male,99,80498
Debasis,Singapore,Debasis,male,75,4
Yonggui,USA,Yonggui,unknown,50,2
Sean,Ibaraki,Sean,male,99,37072
Akira,Università,Akira,female,73,7383
Francesco,,Francesco,male,99,74458
Dunwei,,,,,
X,Shanghai,,,,
Kuiling,,,,,
Thomas,,Thomas,male,99,129177
Robert,USA,Robert,male,100,43118
David,,David,male,99,381770
David,,David,male,99,381770
Stellios,,Stellios,male,95,19
Engin,,Engin,male,97,20094
Bernhard,USA,Bernhard,male,98,44
Daniel,,Daniel,male,99,257742
Roberto,USA,Roberto,male,99,2676
Bing,,Bing,male,63,1057
Karuna,USA,Karuna,female,79,43
Eric,,Eric,male,99,121922
Gisbert,Saitama,Gisbert,male,98,96
Kazuhiko,Changchun,Kazuhiko,male,99,192
Bai,University,Bai,male,68,466
Steven,,Steven,male,99,59951
Jinbo,,Jinbo,male,93,27
Angelika,"United Kingdom",Angelika,female,97,272
Igor,USA,Igor,male,99,720
Guy,,Guy,male,98,20859
Peter,Seoul,Peter,male,99,146529
Soo,USA,Soo,female,76,66
Phillip,,Phillip,male,99,9441
Uwe,,Uwe,male,99,8221
Junfeng,Dalian,Junfeng,male,93,45
Xiao-Bing,Chengdu,Xiao-Bing,male,57,2829
Xiaoming,USA,Xiaoming,male,79,14
Jean-Luc,,Jean-Luc,male,99,6928
Holger,USA,Holger,male,100,54
Jennifer,"United Kingdom",Jennifer,female,98,3209
Stefan,,Stefan,male,98,50890
Gareth,Grenoble,Gareth,male,99,5798
Michel,Ltd,Michel,male,97,68146
Steven,,Steven,male,99,59951
Ivan,,Ivan,male,99,80498
Richard,"Hong Kong",Richard,male,99,177
Vivian,Beijing,Vivian,female,93,12465
Jianbo,,Jianbo,male,100,38
Matthias,,Matthias,male,100,17148
Carsten,,Carsten,male,99,5153
Muralee,USA,Muralee,male,75,4
Richmond,,Richmond,male,97,1214
Serge,Kyoto,Serge,male,98,24551
Kazuki,Beer,Kazuki,male,98,764
Ashraf,,Ashraf,male,98,10005
Hans-Joachim,,Hans-Joachim,male,100,380
Ye,USA,Ye,male,58,95
Marcus,,Marcus,male,99,25073
Hisao,USA,Hisao,male,75,4
David,,David,male,99,381770
Ole,,Ole,male,94,2972
Markus,Shanghai,Markus,male,99,30782
Qilong,Changchun,Qilong,male,93,15
Peiqiu,,,,,
Tsuyoshi,USA,Tsuyoshi,male,95,20
J,,,,,
Michael,Yokosuka,Michael,male,99,211741
Ken,Lanzhou,Ken,male,98,28348
Xiao-Ming,,Xiao-Ming,male,68,4464
Manfred,,Manfred,male,99,7550
Armido,Kanazawa,Armido,male,100,20
Chisato,,Chisato,female,82,92
Jovica,Beijing,Jovica,male,99,565
Jianbo,USA,Jianbo,male,100,3
Douglas,Germany,Douglas,male,97,105
Alexander,Singapore,Alexander,male,99,70
Naohiko,USA,Naohiko,male,100,20
Ralph,,Ralph,male,99,8958
Bruno,USA,Bruno,male,100,3887
Jean,,Jean,male,89,84089
Jieping,Beijing,Jieping,female,67,3
Meixian,USA,Meixian,female,100,10
Younan,,Younan,male,98,40
Krijn,,Krijn,male,99,80
Liang,USA,Liang,male,87,106
Kurt,,Kurt,male,99,11034
Keisuke,,Keisuke,male,100,782
Nicolai,Tokyo,Nicolai,male,99,1109
Tamejiro,USA,,,,
David,,David,male,99,381770
Paul,Anhui,Paul,male,99,140849
Yi,Incheon,Yi,male,61,1397
Dong,,Dong,male,87,2212
Aphrodite,Assam,Aphrodite,female,95,253
William,Liverpool,William,male,99,67797
Ian,Punjab,Ian,male,99,34076
Roel,Beijing,Roel,male,99,2127
Liangti,,,,,
Karl-Peter,,Karl-Peter,male,100,10
Pedro,Hubei,Pedro,male,99,109853
Aiwen,,Aiwen,male,67,24
Jörg,Tokyo,Jörg,male,99,6663
Kazunari,Anhui,Kazunari,male,100,93
Yi,,Yi,male,61,1397
C,Geneva,,,,
Stefan,,Stefan,male,98,50890
Thomas,Nanjing,Thomas,male,99,129177
Zhigang,,Zhigang,male,98,61
Remco,USA,Remco,male,100,6
Guang-Peng,Germany,Guang,male,100,3
Walter,Nanjing,Walter,male,97,26732
Wei,,Wei,male,73,4003
Michael,USA,Michael,male,100,65535
David,Kagawa,David,male,99,381770
Vasudevanpillai,Amiens,,,,
Tushar,Oxford,Tushar,male,100,6665
Benjamin,USA,Benjamin,male,100,9079
Trevor,USA,Trevor,male,100,4700
Craig,Nagoya,Craig,male,100,24286
Shigehiro,USA,Shigehiro,male,75,4
Jianghong,Shanghai,Jianghong,male,60,10
Dongyuan,Germany,Dongyuan,male,80,5
Kazuaki,,Kazuaki,male,99,152
Frank,Beijing,Frank,male,99,66241
Song,Beijing,Song,male,100,74
Zhang-Jie,Kyoto,Zhang-Jie,male,61,4169
Kiyosei,,Kiyosei,male,75,4
Jean-Marc,USA,Jean-Marc,male,100,55
Darren,Wuhan,Darren,male,99,16621
Aiwen,,Aiwen,male,67,24
Joon-Sung,,Joon-Sung,male,88,1716
Cameron,,Cameron,male,93,9233
Margaret,Seoul,Margaret,female,98,12383
Chulbom,,,,,
Marek,USA,Marek,male,99,212
George,,George,male,99,63411
Michal,,Michal,male,97,44099
Walter,Shanghai,Walter,male,97,26732
Floryan,Ulsan,Floryan,male,98,58
János,USA,János,male,100,21
Orrie,Hangzhou,Orrie,male,91,23
Congmin,USA,Congmin,female,75,4
Nathaniel,Kyoto,Nathaniel,male,99,4766
Kouichi,,Kouichi,male,99,170
Burkhard,Christchurch,Burkhard,male,99,552
Alison,,Alison,female,93,14178
Yapei,Ontario,Yapei,female,75,4
Mark,,Mark,male,100,48064
Francesco,,Francesco,male,99,74458
Sheng-Hsien,"Hong Kong",Sheng,male,100,4
Jianfang,USA,Jianfang,female,71,7
Scott,,Scott,male,100,48262
M,Shanghai,,,,
Shu-Li,,Shu-Li,female,50,5147
Paul,USA,Paul,male,100,28746
Stephen,,Stephen,male,99,46085
Dirk,India,Dirk,male,100,10
Debabrata,USA,Debabrata,male,100,8
Michael,Germany,Michael,male,100,30913
Michael,,Michael,male,99,211741
Ivo,,Ivo,male,98,9791
Yoshiji,,Yoshiji,male,100,6
Oliver,,Oliver,male,98,22853
Eleuterio,,Eleuterio,male,98,251
Harald,Wuhan,Harald,male,99,4998
Yuefa,Seoul,,,,
Misun,Germany,Misun,female,97,60
Roderich,"Hong Kong",Roderich,male,91,47
Xuechen,Hsinchu,Xuechen,male,67,9
Yi-Chou,,Yi-Chou,male,50,2754
Yue,,Yue,female,58,1014
Gonen,Münster,Gonen,male,94,18
Pol,Hunan,Pol,male,95,3884
Longwei,Pasadena,Longwei,male,100,7
Susana,,Susana,female,99,31476
Rui,Tianjin,Rui,male,98,25872
Yongjun,USA,Yongjun,male,86,7
Oleg,USA,Oleg,male,99,328
Christopher,,Christopher,male,99,55041
Dietmar,,Dietmar,male,99,1635
Rainer,Kyoto,Rainer,male,99,5435
Norihiro,Germany,Norihiro,male,100,49
Frank,,Frank,male,99,66241
Julianne,Ube,Julianne,female,100,7646
William,USA,William,male,100,24483
James,USA,James,male,100,47200
Huw,Pune,Huw,male,99,360
Akkattu,Germany,,,,
Hans-Peter,Beijing,Hans-Peter,male,99,665
Jianhua,Daejeon,Jianhua,male,84,67
Ryong,UK,Ryong,male,87,30
Paul,USA,Paul,male,100,28746
Matthew,,Matthew,male,100,51412
Jose,Av,Jose,male,97,148383
J,Japan,,,,
Atsuhiro,,Atsuhiro,male,100,20
Martin,USA,Martin,male,100,5868
David,Manchester,David,male,99,381770
Richard,Lausanne,Richard,male,99,97659
Slawomir,UK,Slawomir,male,99,988
David,Glasgow,David,male,99,381770
Filippo,USA,Filippo,male,99,92
R,China,,,,
Jin-Pei,UK,Jin-Pei,male,68,5253
Steven,USA,Steven,male,100,19562
Michael,,Michael,male,99,211741
Herbert,USA,Herbert,male,100,4471
Yun,,Yun,male,51,1517
Paul,,Paul,male,99,140849
Masood,China,Masood,male,100,6
Haiping,,Haiping,male,65,26
Qing,USA,Qing,unknown,50,62
Robert,Netherlands,Robert,male,99,4110
Joost,Germany,Joost,male,100,33
Jeff,Germany,Jeff,male,97,428
Andreas,Canada,Andreas,male,100,84
Shana,Germany,Shana,female,100,22
Andreas,,Andreas,male,99,44818
Richard,Australia,Richard,male,100,1308
Richard,Germany,Richard,male,99,2147
Christopher,Belgium,Christopher,male,99,678
Hans-Gerd,,Hans-Gerd,male,100,44
Teresa,Germany,Teresa,female,97,539
Harald,Switzerland,Harald,male,100,50
François,Germany,François,male,100,39
Christian,USA,Christian,male,100,48214
Lizanne,China,Lizanne,female,98,122
Buxing,Portugal,,,,
Christopher,China,Christopher,male,99,128
Xinliang,USA,Xinliang,male,71,7
Frances,Switzerland,Frances,female,78,9
Matthias,China,Matthias,male,100,21
Ning,Japan,Ning,female,75,8
Ian,Canada,Ian,male,100,1369
Mark,USA,Mark,male,100,47989
Jianghong,Germany,Jianghong,male,60,10
Emad,USA,Emad,male,100,195
Jean'ne,Japan,Jeanne,female,100,4
Masahiro,Germany,Masahiro,male,100,3
Giulio,Canada,Giulio,male,100,6
Mark,Japan,Mark,male,100,48064
Masayuki,,Masayuki,male,99,597
Guido,Germany,Guido,male,99,1620
Yuri,Singapore,Yuri,female,64,14
Jishan,,Jishan,male,97,108
Katharina,Japan,Katharina,female,100,3
Masahiro,Germany,Masahiro,male,100,3
Rudolf,Germany,Rudolf,male,99,1256
Frank,Austria,Frank,male,99,255
Grit,China,Grit,male,75,4
Xue,Poland,Xue,female,74,494
Lechosław,"South Korea",Lechosław,male,100,19
Sang,Japan,Sang,male,100,11
Kenso,Canada,Kenso,male,100,14
Laurel,Denmark,Laurel,female,75,4
Troels,Germany,Troels,male,75,4
Carsten,,Carsten,male,99,5153
Wolfgang,Germany,Wolfgang,male,99,7880
Lukas,Germany,Lukas,male,100,3730
Alexander,USA,Alexander,male,100,6939
Joachim,Germany,Joachim,male,99,2809
Dirk,Germany,Dirk,male,99,8318
Bernhard,Germany,Bernhard,male,98,3134
Hans-Günther,Germany,Hans-Günther,male,100,11
Bernd,Germany,Bernd,male,99,6529
Holger,USA,Holger,male,100,54
Tobias,Germany,Tobias,male,100,9929
Seigo,UK,Seigo,male,98,58
Véronique,Japan,Véronique,female,98,8797
Seiya,China,Seiya,male,100,3
Jincai,UK,Jincai,male,80,10
Andrew,,Andrew,male,99,82448
Sylviane,Abu,Sylviane,female,98,3390
Elena,Japan,Elena,female,99,93
Kazuaki,China,Kazuaki,male,99,152
Jiangyun,UK,Jiangyun,male,75,4
Vasily,UK,Vasily,male,99,616
Leroy,Germany,Leroy,male,100,104
Franziska,China,Franziska,female,75,4
Fu-Min,,Fu-Min,male,66,5411
Kenichiro,France,Kenichiro,male,100,113
Alexandre,Canada,Alexandre,male,100,835
Douglas,USA,Douglas,male,100,5371
Alexander,China,Alexander,male,98,199
Dawei,Switzerland,Dawei,male,95,164
Jérôme,Canada,Jérôme,male,100,74
Mark,China,Mark,male,100,48064
Qing-Zheng,Karlsruhe,Qing-Zheng,male,61,1610
Oliver,Japan,Oliver,male,100,34
Hironobu,,Hironobu,male,100,77
Liliana,USA,Liliana,female,100,9305
Amir,Singapore,Amir,male,97,67
Naohiko,USA,Naohiko,male,100,20
Guy,USA,Guy,male,99,1664
Phil,UK,Phil,male,98,25391
Harry,France,Harry,male,97,1029
Tsuyoshi,Germany,Tsuyoshi,male,75,4
Christian,France,Christian,male,100,48300
Fabien,China,Fabien,male,97,29
Jianbo,UK,Jianbo,male,100,38
Edward,USA,Edward,male,100,7932
John,China,John,male,98,1880
Chun-An,China,An,male,66,109
Dang,UK,Dang,male,71,1588
Matthew,Spain,Matthew,male,100,106
Antonio,China,Antonio,male,99,132
Ang,Italy,Ang,male,61,94
Angelo,UK,Angelo,male,98,42678
Jonathan,USA,Jonathan,male,100,21578
Christian,USA,Christian,male,100,48214
Lai-Sheng,Spain,Lai,female,75,36
Euan,Australia,Euan,male,100,19
Timothy,Germany,Timothy,male,99,164
Wolf,Singapore,Wolf,male,100,190
Ying-Yeung,China,Ying,female,86,923
Weiwei,Australia,Weiwei,female,75,4
David,Switzerland,David,male,99,3802
Alexandre,China,Alexandre,male,98,59
Jinlong,USA,Jinlong,male,75,4
Hao,,Hao,male,84,2105
Bartosz,Warsaw,Bartosz,male,100,7087
Daniel,Spain,Daniel,male,99,25559
Enrique,Spain,Enrique,male,99,9527
Martyn,Germany,Martyn,male,100,11
Martin,China,Martin,male,99,466
Feng-Shou,Japan,Shou,male,97,109
Masato,Taiwan,Masato,male,100,6
Chung-Yi,USA,Chung,male,87,61
Abigail,China,Abigail,female,94,16
Mato,Germany,Mato,male,98,43
Christoph,Germany,Christoph,male,100,5773
Michael,Germany,Michael,male,100,30913
Christian,USA,Christian,male,100,48214
Scott,Canada,Scott,male,100,2087
Thomas,"Republic of Korea",Thomas,male,99,129177
Haeshin,UK,Haeshin,male,75,4
Duncan,Germany,Duncan,male,100,30
Peter,Germany,Peter,male,99,21321
Alexander,Germany,Alexander,male,98,11884
Hans,Spain,Hans,male,98,294
Miquel,USA,Miquel,male,88,42
Richard,Denmark,Richard,male,100,105
Kurt,Deutschland,Kurt,male,99,11034
Peter,China,Peter,male,99,1605
Shu-Hong,Germany,Hong,male,65,31
A,USA,,,,
Carlos,Singapore,Carlos,male,100,26
Yonggui,USA,Yonggui,unknown,50,2
Shih-Yuan,Germany,Yuan,male,100,16
Lukas,Germany,Lukas,male,100,3730
Benjamin,USA,Benjamin,male,100,9079
Michael,China,Michael,male,99,1989
Xingwei,China,Xingwei,male,100,4
Hanfa,Switzerland,Hanfa,female,57,7
Thomas,China,Thomas,male,99,449
Jiannian,USA,Jiannian,male,75,4
Jianjun,USA,Jianjun,male,100,7
Robert,UAE),Robert,male,99,145540
Ali,Korea,Ali,male,94,240857
Kyung,Poland,Kyung,male,72,240
Piotr,USA,Piotr,male,99,179
John,Switzerland,John,male,99,1369
Julien,Singapore,Julien,male,100,26
Xiong,,Xiong,male,79,207
Michael,UK,Michael,male,99,211741
Alexandre,Canada,Alexandre,male,100,835
Mark,UK,Mark,male,100,48064
David,Germany,David,male,99,10714
Christina,China,Christina,female,99,387
Jun,China,Jun,male,83,1190
Qiang,Germany,Qiang,male,100,4
Carsten,Korea,Carsten,male,99,5153
Nam,USA,Nam,male,90,205
Dan,Japan,Dan,male,95,169
Keiji,USA,Keiji,male,100,18
John,India,John,male,99,4419
Santanu,Japan,Santanu,male,75,4
Takayoshi,Japan,Takayoshi,male,100,84
Michael,Canada,Michael,male,100,4889
Frederick,Germany,Frederick,male,99,349
Jörg-M,China,Jörg,male,100,3
Wenhao,Japan,Wenhao,male,97,76
Kei,Japan,Kei,male,82,844
Hiroyuki,Singapore,Hiroyuki,male,100,3
Jianrong,Japan,Jianrong,male,82,11
Kazuaki,China,Kazuaki,male,99,152
Bin,USA,Bin,male,83,140
George,Germany,George,male,97,1386
Jürgen,Germany,Jürgen,male,99,7863
Klaus,USA,Klaus,male,100,135
Maksim,USA,Maksim,male,100,72
John,Singapore,John,male,99,1185
Kian,Germany,Kian,male,98,44
Helmut,Germany,Helmut,male,98,3338
Patrik,China,Patrik,male,100,7
Qun,Germany,Qun,male,75,4
Christian,Japan,Christian,male,100,48300
Ken,China,Ken,male,98,846
Feng,China,Feng,male,82,850
Xuefeng,Germany,Xuefeng,male,93,71
Matthias,Germany,Matthias,male,100,9451
Ulrich,USA,Ulrich,male,98,62
Brandon,Israel,Brandon,male,100,4
Lev,Canada,Lev,male,100,10
Dennis,China,Dennis,male,99,259
Song,France,Song,male,100,74
Tsuyoshi,India,Tsuyoshi,male,99,458
Kana,USA,Kana,female,83,54
Erik,Japan,Erik,male,99,75
Seiji,Japan,Seiji,male,99,298
Taka-hisa,France,Hisa,female,75,4
Glenn,China,Glenn,male,96,27
Xumu,USA,Xumu,male,75,4
John,China,John,male,98,1880
Rui,Canada,Rui,male,90,52
Andrei,Germany,Andrei,male,98,192
Frank,USA,Frank,male,100,11178
William,USA,William,male,100,24483
Fang,Gemany,Fang,female,68,1434
Thomas,Switzerland,Thomas,male,99,3106
Ulrike,Germany,Ulrike,female,86,2849
Martin,USA,Martin,male,100,5868
Nicola,China,Nicola,unknown,50,34
Zhuo,,Zhuo,male,75,118
Kalle,USA,Kalle,male,66,29
Alexej,USA,Alexej,male,75,4
Martha,France,Martha,female,97,184
Bernard,China,Bernard,male,100,76
Xi,China,Xi,male,58,149
Ning,France,Ning,male,60,25
Philippe,China,Philippe,male,98,85
Huisheng,China,Huisheng,male,75,4
Yu-Guo,Japan,Yu,male,75,711
Yusuke,USA,Yusuke,male,100,39
Di-Jia,Germany,Jia,female,72,18
Remco,Japan,Remco,male,99,2178
Takayuki,China,Takayuki,male,100,3
Weimin,China,Weimin,male,100,31
Ke,China,Ke,male,84,144
Nanfeng,China,Nanfeng,male,75,4
Lei,Japan,Lei,male,63,38
Yoshito,Australia,Yoshito,male,98,63
Michael,Germany,Michael,male,100,30913
Matthias,Spain,Matthias,male,100,58
Jorge,Japan,Jorge,male,98,392
Takeshi,USA,Takeshi,male,98,42
Shu,Japan,Shu,male,98,227
Noritaka,Switzerland,Noritaka,male,100,38
Majed,France,Majed,male,100,51
Nicolas,Israel,Nicolas,male,100,18
Ashraf,USA,Ashraf,male,97,215
Feng,Germany,Feng,male,60,15
Jörg,Singapore,Jörg,male,99,6663
Anh,Germany,Anh,male,77,22
Andrea,USA,Andrea,female,95,13332
Michael,Germany,Michael,male,100,30913
Hendrik,Japan,Hendrik,male,80,5
Tada-aki,USA,Tada,female,67,6
Amir,Taiwan,Amir,male,75,4
J,Australia,,,,
Richard,Netherlands,Richard,male,99,4646
René,Japan,René,male,80,5
Takeo,Germany,Takeo,male,100,3
Frank,Germany,Frank,male,98,16573
Ryan,USA,Ryan,male,99,35179
Hisashi,France,Hisashi,male,75,4
Karsten,Germany,Karsten,male,99,2650
Jun,Japan,Jun,male,93,1455
Atsushi,Taiwan,Atsushi,male,100,935
Yao-Ting,Germany,Yao,male,65,17
Matthias,UK,Matthias,male,100,17148
Jonathan,Japan,Jonathan,male,100,149
Shigehiro,Germany,Shigehiro,male,100,22
Wolfgang,USA,Wolfgang,male,99,185
Quan,USA,Quan,male,93,216
George,USA,George,male,100,12253
J,Japan,,,,
Keisuke,Germany,Keisuke,male,100,6
Magnus,Singapore,Magnus,male,100,4
Teck-Peng,Germany,Teck,male,100,3
Andrey,USA,Andrey,male,99,414
Jinming,UK,Jinming,male,100,21
Christopher,USA,Christopher,male,100,26017
Liming,Japan,Liming,male,73,120
Hayato,Germany,Hayato,male,75,4
A,China,,,,
Li-Zhu,France,Li,female,66,302
Christophe,Italy,Christophe,male,98,51
Luigi,China,Luigi,male,96,28
Helge,China,Helge,female,54,2126
Yang,Korea,Yang,male,67,4256
Sukbok,USA,,,,
Kyungsoo,,Kyungsoo,male,77,61
Guillaume,Japan,Guillaume,male,100,17
Masanobu,Switzerland,Masanobu,male,100,83
Javier,USA,Javier,male,99,2984
Julie,China,Julie,female,98,318
Dongyuan,UK,Dongyuan,male,80,5
Iain,Germany,Iain,male,100,17
Mario,China,Mario,male,97,137
Zhimou,Australia,,,,
Patrick,Canada,Patrick,male,100,2137
Michael,Japan,Michael,male,99,446
Michito,USA,Michito,male,75,4
Richard,China,Richard,male,99,833
Clara,USA,Clara,female,97,1238
Rodrigo,Germany,Rodrigo,male,100,156
Ingo,Korea,Ingo,male,99,3608
Chan,Germany,Chan,female,100,23
Dieter,India,Dieter,male,100,3
Narayan,UK,Narayan,male,99,1868
Raymond,Switzerland,Raymond,male,99,143
Nicolai,USA,Nicolai,male,100,42
Timothy,UK,Timothy,male,99,15778
Eduardo,UK,Eduardo,male,99,50597
P,USA,,,,
Amir,USA,Amir,male,99,1015
Christian,China,Christian,male,100,48300
Huadong,Brazil,Huadong,male,100,14
Martin,Korea,Martin,male,98,139211
Dong-Pyo,UK,Dong-Pyo,male,87,2266
Stephen,China,Stephen,male,98,406
Jingsong,ROC,Jingsong,male,88,8
Kui-Thong,Ireland,Kui-Thong,male,87,925
Kevin,UK,Kevin,male,99,140160
Andrew,France,Andrew,male,96,640
Peter,Spain,Peter,male,98,2975
Mercedes,UK,Mercedes,female,96,9867
Guy,USA,Guy,male,99,1664
Jianglong,Netherlands,Jianglong,male,100,10
Adriaan,China,Adriaan,male,97,908
Qi-Lin,USA,Lin,female,73,465
William,Japan,William,male,100,202
Junji,Austria,Junji,male,95,157
Hermann,Singapore,Hermann,male,100,3
Xiaodong,China,Xiaodong,male,94,108
Yi,China,Yi,male,73,459
Minghua,Japan,Minghua,female,75,4
Mitsuru,China,Mitsuru,male,75,4
Xiaoyu,USA,Xiaoyu,female,65,34
Lawrence,China,Lawrence,male,99,138
Guosheng,USA,Guosheng,male,100,3
Samuel,France,Samuel,male,98,7756
Jean-Louis,China,Louis,male,96,327
Tao,Spain,Tao,male,97,37
Pau,USA,Pau,male,59,86
Shouheng,China,Shouheng,male,75,4
Huisheng,Canada,Huisheng,male,86,7
Douglas,Germany,Douglas,male,97,105
Matthias,USA,Matthias,male,100,3407
George,Singapore,George,male,99,166
Yonggui,USA,Yonggui,unknown,50,2
F,Germany,,,,
Ralf,USA,Ralf,male,100,101
Michael,Spain,Michael,male,97,1973
Carme,Switzerland,Carme,male,75,4
Andreas,China,Andreas,male,100,46
Chung-Hang,China,Chung,male,69,54
Zhen,France,Zhen,male,71,24
Christophe,Germany,Christophe,male,97,104
Jacek,USA,Jacek,male,100,73
Guy,Japan,Guy,male,96,27
Akira,Japan,Akira,male,97,1276
Mikiko,Singapore,Mikiko,female,96,83
Hongyu,Japan,Hongyu,male,75,4
Masahisa,Israel,Masahisa,male,100,18
Ira,Taiwan,Ira,male,64,11
Rai-Shung,"Republic of Korea",Rai-Shung,male,78,1557
Yong,USA,Yong,male,82,158
Samuel,Germany,Samuel,male,99,706
Patrik,China,Patrik,male,100,7
Hui,USA,Hui,female,51,102
Hairong,Germany,Hairong,female,83,18
Roderich,Japan,Roderich,male,91,47
Ryo,Japan,Ryo,male,98,2022
Klaus,Singapore,Klaus,male,100,3
Ting,China,Ting,female,81,465
Yi,USA,Yi,male,56,263
Yuriy,China,Yuriy,male,75,4
Weihong,Germany,Weihong,male,70,40
Frank,Spain,Frank,male,98,2844
Niels,Canada,Niels,male,100,9
David,France,David,male,98,65535
Didier,Spain,Didier,male,97,159
José,Japan,José,male,100,18
Hidehiro,USA,Hidehiro,male,75,4
Eric,Germany,Eric,male,99,2580
Manfred,China,Manfred,male,100,16
Wanbin,Germany,Wanbin,female,75,4
Dirk,China,Dirk,male,100,38
Yanlin,China,Yanlin,female,68,19
Liang-Yin,Netherlands,Yin,female,100,8
Romano,USA,Romano,male,100,18
Olga,Singapore,Olga,female,100,8
Shao,Canada,Shao,male,72,229
Sergey,USA,Sergey,male,100,435
Shih-Yuan,Korea,Shih-Yuan,male,100,4
Seung,China,Seung,male,93,447
Wenjuan,Singapore,Wenjuan,female,75,4
Martin,Japan,Martin,male,98,131
Hidetoshi,Germany,Hidetoshi,male,99,100
Annette,China,Annette,female,100,12
Shu-Hong,USA,Shu,female,57,74
William,Serbia,William,male,100,11
Alexandre,France,Alexandre,male,98,27629
Michel,Spain,Michel,male,95,1515
Carlos,India,Carlos,male,100,104
Venkataramanarao,Australia,Venkataramanarao,male,100,4
Philip,Japan,Philip,male,100,34
Masahiro,Germany,Masahiro,male,100,3
Alexander,Germany,Alexander,male,98,11884
Carsten,UK,Carsten,male,99,5153
Michael,China,Michael,male,99,1989
Jianguo,Germany,Jianguo,male,97,39
Jan,Germany,Jan,male,99,10566
Joachim,UK,Joachim,male,99,6027
Stuart,USA,Stuart,male,99,2086
Seulki,Germany,Seulki,female,75,4
Werner,Canada,Werner,male,100,26
Derek,China,Derek,male,99,215
Qing-Hua,Japan,Hua,male,67,12
Hiromi,Japan,Hiromi,female,79,363
Yukishige,Italy,,,,
Placido,Switzerland,Placido,male,100,5
Andreas,Germany,Andreas,male,99,21215
Bernd,China,Bernd,male,100,10
Xiqun,USA,Xiqun,female,67,3
Phil,India,Phil,male,98,45
Suhrit,Israel,Suhrit,male,100,14
Roie,Germany,Roie,male,96,25
Rhett,France,Rhett,male,75,4
Jean-Marie,China,Jean-Marie,male,100,8
Flemming,Belgium,Flemming,male,75,4
Davide,USA,Davide,male,99,241
Chengdu,Netherlands,Chengdu,male,75,8
Marc,France,Marc,male,98,27772
Matthieu,Austria,Matthieu,male,100,3
Klaus,China,Klaus,male,100,23
Aiwen,Germany,Aiwen,male,67,24
Krzysztof,Spain,Krzysztof,male,100,77
Eduardo,USA,Eduardo,male,100,2615
Alexander,Germany,Alexander,male,98,11884
Herbert,Japan,Herbert,male,100,14
Motomu,USA,Motomu,male,75,4
Craig,USA,Craig,male,100,9154
Hyunjoon,USA,Hyunjoon,male,75,4
Joseph,Japan,Joseph,male,100,120
Kimihisa,Germany,Kimihisa,male,75,4
Matthias,Germany,Matthias,male,100,9451
Markus,Switzerland,Markus,male,99,1931
Helma,USA,Helma,female,100,4
Siddhartha,USA,Siddhartha,male,100,78
Chaitan,Japan,Chaitan,male,100,40
Masakatsu,Canada,Masakatsu,male,97,32
Frédéric,USA,Frédéric,male,100,42
Guy,Japan,Guy,male,96,27
Hiroko,México,Hiroko,female,99,367
Laurence,Germany,Laurence,male,56,63
Carsten,USA,Carsten,male,98,57
Arumugam,France,Arumugam,male,75,4
Olivier,Germany,Olivier,male,100,171
Michael,USA,Michael,male,100,65535
Hisashi,Japan,Hisashi,male,100,164
Shū,India,,,,
Yamuna,Japan,Yamuna,female,94,304
Eiji,Singapore,Eiji,male,75,4
Young-Tae,Japan,Tae,female,80,35
Hiroshi,China,Hiroshi,male,100,10
Huisheng,Germany,Huisheng,male,86,7
Malte,USA,Malte,male,100,10
Chin,China,,,,
Shunai,China,Shunai,female,100,3
Bin,Japan,Bin,male,86,22
Hideo,UK,Hideo,male,100,254
Leroy,Germany,Leroy,male,100,104
Knut,China,Knut,male,75,4
Zhu,USA,Zhu,male,52,31
Younan,Canada,Younan,male,98,40
Eric,Switzerland,Eric,male,99,1023
Erick,China,Erick,male,92,53
Xiaoxing,Spain,Xiaoxing,female,53,19
Pablo,Japan,Pablo,male,99,70
Koji,Germany,Koji,male,100,8
Gregor,Japan,Gregor,male,100,3
Takahiro,USA,Takahiro,male,100,29
Ralph,Switzerland,Ralph,male,100,236
Henning,UK,Henning,male,97,1892
King,Japan,King,male,100,3710
Hiroyuki,Germany,Hiroyuki,male,100,5
Paul,China,Paul,male,99,805
Qiang,China,Qiang,male,98,373
Aiwen,France,Aiwen,male,67,24
Michaël,China,Michaël,male,75,4
Xing,France,Xing,unknown,50,12
Vincent,China,Vincent,male,99,896
Xiaogang,China,Xiaogang,male,100,35
Jie,Japan,Jie,male,74,19
Yoshio,USA,Yoshio,male,100,21
Pinjing,USA,Pinjing,female,75,4
Bing,Germany,Bing,male,61,18
Christian,USA,Christian,male,100,48214
Brian,Sweden,Brian,male,100,95
Jan-E,UK,Jan-E,male,92,104026
Roman,Israel,Roman,male,100,7094
Dan,UK,Dan,male,97,61524
Jianliang,China,Jianliang,male,100,8
Kuiling,USA,,,,
Christopher,USA,Christopher,male,100,26017
Damon,USA,Damon,male,100,1665
Alexandre,USA,Alexandre,male,98,465
Chad,Germany,Chad,male,100,50
Peter,USA,Peter,male,100,15502
Brian,China,Brian,male,99,391
Chi-Ming,China,Ming,male,83,826
Jianwei,USA,Jianwei,male,100,7
Byeongdu,Germany,,,,
Stephan,Germany,Stephan,male,98,6568
Helmut,USA,Helmut,male,100,51
Chris,Japan,Chris,male,91,341
Keisuke,China,Keisuke,male,100,5
Min,Switzerland,Min,male,71,7
Kay,USA,Kay,female,93,2451
Todd,Japan,Todd,male,100,28
Satoshi,Italy,Satoshi,male,75,4
Annalisa,Japan,Annalisa,female,99,6067
Nao,Taiwan,Nao,female,78,9
Chun-Wei,USA,Chun-Wei,male,80,5
Joseph,Germany,Joseph,male,99,432
Wolfgang,Netherlands,Wolfgang,male,97,38
Alfons,Germany,Alfons,male,97,317
Lukas,Germany,Lukas,male,100,3730
Thorsten,USA,Thorsten,male,98,61
William,Japan,William,male,100,202
Jinhua,USA,Jinhua,female,67,3
James,Spain,James,male,98,1317
Antonio,Japan,Antonio,male,99,210
Toshio,Switzerland,Toshio,male,99,246
Jérôme,Germany,Jérôme,male,100,62
Paul,USA,Paul,male,100,28746
Laura,Singapore,Laura,female,100,72
Jun,Germany,Jun,male,85,52
Hans-Ulrich,China,Ulrich,male,100,7
Rui,Italy,Rui,male,92,53
Roberto,USA,Roberto,male,99,2676
Jian,China,Jian,male,93,610
Xueyuan,Spain,Xueyuan,male,57,7
Miguel,Germany,Miguel,male,99,897
Detlef,Australia,Detlef,male,75,4
Frank,Australia,Frank,male,100,378
Lianzhou,Germany,Lianzhou,male,75,4
Lutz,Germany,Lutz,male,99,1566
Thierry,Germany,Thierry,male,98,129
Dörte,China,Dörte,female,96,174
Zhen,France,Zhen,male,71,24
Sylvain,Turkey,Sylvain,male,100,5
Yusuf,Spain,Yusuf,male,100,53
Fernando,USA,Fernando,male,99,3208
Yi,UK,Yi,male,61,1397
Thomas,Sweden,Thomas,male,99,3089
Sascha,Ukraine,Sascha,male,71,7
Igor,China,Igor,male,97,39
Zhiyong,Japan,Zhiyong,male,75,4
Takeo,USA,Takeo,male,100,9
Ki-Bum,Germany,Bum,male,100,4
Aleksander,USA,Aleksander,male,98,50
John,Japan,John,male,99,665
Masahiro,USA,Masahiro,male,100,29
Jianjun,China,Jianjun,male,98,54
Xihe,Japan,Xihe,male,75,4
Atsushi,UK,Atsushi,male,100,935
Ian,China,Ian,male,95,207
Qian,Japan,Qian,female,80,5
Yoshihito,Germany,Yoshihito,male,100,77
Axel,China,Axel,male,100,16
Myongsoo,Israel,Myongsoo,male,75,4
Igor,China,Igor,male,97,39
Dan,Italy,Dan,male,92,1025
Maurizio,Japan,Maurizio,male,100,8
Yasuchika,USA,Yasuchika,male,75,4
Adam,Japan,Adam,male,99,139
Kazunari,UK,Kazunari,male,100,93
Robin,Germany,Robin,male,98,2500
Stefan,USA,Stefan,male,100,1196
Takanari,Germany,Takanari,male,100,7
Nuno,Germany,Nuno,male,99,155
Marko,France,Marko,male,99,333
Fabien,Germany,Fabien,male,95,94
Christian,Germany,Christian,male,100,86
Gerhard,USA,Gerhard,male,100,59
Eric,China,Eric,male,99,1948
Wei,Japan,Wei,male,70,53
Masakatsu,France,Masakatsu,male,97,32
Marie,USA,Marie,female,99,4870
Liming,Singapore,Liming,male,75,4
Surajit,USA,Surajit,male,100,12
Chad,China,Chad,male,97,36
An-Wu,Germany,Wu,male,78,18
Wolfgang,China,Wolfgang,male,93,14
Huaping,Korea,Huaping,male,100,3
Seung,China,Seung,male,93,447
Aiwen,Japan,Aiwen,male,67,24
Kazunori,Japan,Kazunori,male,100,192
Roald,Germany,Roald,male,100,5
Dirk-Peter,USA,Peter,male,100,15502
Ivan,Germany,Ivan,male,98,904
Jens,Spain,Jens,male,98,57
Ramón,China,Ramón,male,99,2335
Hui-Ming,Japan,Ming,male,67,27
Yoshito,USA,Yoshito,male,67,3
E,Singapore,,,,
Cheuk-Wai,Japan,Wai,male,100,7
Satoshi,Germany,Satoshi,male,75,4
Matthias,Germany,Matthias,male,100,9451
Benjamin,China,Benjamin,male,100,239
Chengjian,China,Chengjian,male,100,4
Markus,Switzerland,Markus,male,99,1931
Oleg,USA,Oleg,male,99,328
Ross,UK,Ross,male,91,10276
D,Japan,,,,
Kunio,Israel,Kunio,male,99,82
David,Germany,David,male,99,10714
Helmut,Sweden,Helmut,male,100,8
Armando,USA,Armando,male,100,1608
Autumn,Spain,Autumn,female,83,6
Félix,Germany,Félix,male,100,10
Stefan,France,Stefan,male,98,720
Ludovic,Spain,Ludovic,male,95,42
Fernando,Germany,Fernando,male,99,704
Dietmar,Netherlands,Dietmar,male,100,5
Bert,Japan,Bert,male,100,4
Yuichi,Japan,Yuichi,male,100,409
Shen,Italy,Shen,male,91,11
Nelsi,Italy,Nelsi,unknown,50,2
Frederik,Germany,Frederik,male,100,454
Thorsten,"South Korea",Thorsten,male,99,5261
Dong-Pyo,USA,Dong,male,91,136
John,USA,John,male,100,65535
Yu,Sweden,Yu,male,63,8
Belén,Korea,Belén,female,98,1930
Hee,China,Hee,female,70,27
Xiyan,Japan,Xiyan,female,64,14
Takahiro,China,Takahiro,male,99,917
Yi-Tao,Germany,Yi,female,100,15
Stephan,Germany,Stephan,male,98,6568
Stephan,China,Stephan,male,100,23
Yan-Mei,China,Mei,female,93,319
Jun-An,Germany,Jun,male,85,52
Oliver,Germany,Oliver,male,99,7903
Christian,Germany,Christian,male,100,86
A,USA,,,,
Olafs,Singapore,Olafs,male,100,17
Hongyu,China,Hongyu,male,71,51
Fayang,Switzerland,,,,
Karl-Heinz,Korea,Karl-Heinz,male,99,1217
Jong,China,Jong,male,100,9
Xiangmin,USA,Xiangmin,female,75,4
Scott,Singapore,Scott,male,99,75
Jianrong,Germany,Jianrong,male,82,11
Alois,UK,Alois,male,95,1863
John,USA,John,male,100,65535
Martin,Spain,Martin,male,98,4634
Rubén,Germany,Rubén,male,100,14
Peter,Japan,Peter,male,99,186
Kiyotomi,Germany,,,,
Jan,Germany,Jan,male,99,10566
Ulrich,USA,Ulrich,male,98,62
Jianjun,UK,Jianjun,male,99,69
Matthew,Germany,Matthew,male,99,616
Peter,China,Peter,male,99,1605
Ye,USA,Ye,male,58,95
Raymond,China,Raymond,male,99,277
Qi-Lin,Switzerland,Lin,female,84,31
Renato,China,Renato,male,100,15
Song,USA,Song,male,100,74
Seth,Germany,Seth,male,98,51
Markus,Germany,Markus,male,99,15230
Sonja,Japan,Sonja,female,100,7
Hiroshi,USA,Hiroshi,male,100,56
Simon,China,Simon,male,98,915
Xuebin,China,Xuebin,male,100,6
Ning,Japan,Ning,female,75,8
Akira,USA,Akira,female,98,5084
Tomislav,UK,Tomislav,male,100,1829
Peter,China,Peter,male,99,1605
Weihong,Germany,Weihong,male,70,40
Christian,Australia,Christian,male,100,48300
Angus,Japan,Angus,male,86,7
Norio,USA,Norio,male,75,4
Ramanarayanan,China,Ramanarayanan,male,100,14
Junqiu,USA,Junqiu,female,75,4
Sotiris,France,Sotiris,male,100,10
Vincent,China,Vincent,male,99,896
Xingang,France,Xingang,male,100,10
Christine,Korea,Christine,female,98,55857
Kyung,Australia,Kyung,male,72,240
Udo,China,Udo,male,100,3
Franklin,USA,Franklin,male,100,10539
Milan,UK,Milan,male,98,31710
Jeremy,China,Jeremy,male,97,221
Xiaoming,USA,Xiaoming,male,79,14
David,China,David,male,99,2917
Yong,China,Yong,male,95,502
Guo-Qiang,Germany,Guo,male,100,4
Joost,Canada,Joost,male,100,3
Mark,UK,Mark,male,100,48064
David,Japan,David,male,100,604
Shuichi,Germany,Shuichi,male,75,4
Evgeny,USA,Evgeny,male,98,62
Suzie,Spain,Suzie,female,93,14
Juan,Netherlands,Juan,male,98,362
Ben,Germany,Ben,male,96,3171
Frank,Japan,Frank,male,97,152
Takaki,Germany,Takaki,male,98,46
Martin,Germany,Martin,male,99,14619
Manfred,China,Manfred,male,100,16
Yong,Spain,Yong,male,100,17
Paolo,Japan,Paolo,male,100,17
Noritaka,USA,Noritaka,male,100,38
Jared,Switzerland,Jared,male,100,8
Erick,India,Erick,male,97,36
Kumar,Switzerland,Kumar,male,100,22
Jay,Japan,Jay,male,95,151
Seiji,Germany,Seiji,male,99,362
Klaus,USA,Klaus,male,100,135
Bruce,Germany,Bruce,male,99,200
Peter,Germany,Peter,male,99,21321
Lars,Croatia,Lars,male,75,4
Vladislav,China,Vladislav,male,100,5
Xuezhong,Germany,Xuezhong,male,100,4
Kallol,China,Kallol,male,98,205
Zhiyong,Israel,Zhiyong,male,99,75
Ilan,Germany,Ilan,male,94,18
Ad,Germany,Ad,male,87,71
Erhard,Japan,Erhard,male,99,278
Keiji,USA,Keiji,male,100,18
Shaorong,Japan,,,,
Naoki,Singapore,Naoki,male,75,4
Xue-Wei,Japan,Xue,female,80,5
Masayuki,Germany,Masayuki,male,75,4
Peter,Germany,Peter,male,99,21321
Dominik,USA,Dominik,male,100,5078
Samson,USA,Samson,male,100,1651
Paul,Italy,Paul,male,97,1637
Antonio,USA,Antonio,male,99,4554
X,UK,,,,
Mary,China,Mary,female,98,600
Haiping,USA,Haiping,unknown,50,2
Lei,China,Lei,male,77,1080
Fanhong,China,Fanhong,male,75,4
Yi,Japan,Yi,male,82,11
Takayuki,Germany,Takayuki,male,100,625
Manuel,Spain,Manuel,male,99,38516
Nazario,Japan,Nazario,male,98,383
Satoshi,China,Satoshi,male,100,7
Jihong,Japan,Jihong,male,78,55
Masaya,Japan,Masaya,male,100,274
Masahiko,USA,Masahiko,male,100,3
James,UK,James,male,99,131879
Andrei,Australia,Andrei,male,94,16
Cameron,China,Cameron,male,82,17
Ming,China,Ming,male,83,826
Xiaofeng,Germany,Xiaofeng,unknown,50,2
Burkhard,China,Burkhard,male,99,552
Xing,China,Xing,male,72,292
Wensheng,USA,Wensheng,male,100,5
Darío,Spain,Darío,male,100,247
Avelino,Germany,Avelino,male,89,9
Manfred,"Republic of Korea",Manfred,male,99,7550
Jungkyu,Germany,Jungkyu,male,100,19
Malte,Germany,Malte,male,99,980
Frank,USA,Frank,male,100,11178
Helen,Singapore,Helen,female,98,119
Yugen,China,Yugen,male,100,31
Liangbing,Spain,Liangbing,male,75,4
Antoni,UK,Antoni,male,98,3438
Stephen,France,Stephen,male,98,1014
Olivier,USA,Olivier,male,98,304
Colin,Germany,Colin,male,97,248
Martin,Germany,Martin,male,99,14619
Frank,USA,Frank,male,100,11178
Zhong,USA,Zhong,male,66,29
Laura,USA,Laura,female,99,21696
Gojko,France,Gojko,male,75,4
Tsuyoshi,UK,Tsuyoshi,male,99,458
Alexander,Germany,Alexander,male,98,11884
Sascha,USA,Sascha,male,63,119
Jason,USA,Jason,male,100,39059
Todd,India,Todd,male,100,14
Arindam,France,Arindam,male,100,4
Gaël,China,Gaël,male,100,5
Xiao-Juan,Germany,Juan,male,97,900
Hans-Joachim,Germany,Hans-Joachim,male,100,359
Jun,China,Jun,male,83,1190
Xiong,Germany,Xiong,male,79,207
Matthias,Germany,Matthias,male,100,9451
Matthias,USA,Matthias,male,100,3407
Marina,USA,Marina,female,99,1670
Gregory,China,Gregory,male,97,36
Xin-bo,Japan,Bo,male,92,12
Eiji,Canada,Eiji,male,75,4
Suning,China,Suning,male,56,9
Mohamedally,USA,Mohamedally,male,75,4
Jim,India,Jim,male,99,191
Ramkrishna,UK,Ramkrishna,male,99,326
Hagan,Israel,Hagan,male,84,55
Lia,USA,Lia,female,100,2811
Berend,Germany,Berend,male,100,23
Marcus,China,Marcus,male,98,60
Ning,China,Ning,male,61,378
Shi-Kai,USA,Kai,male,99,18599
Matthew,Japan,Matthew,male,100,136
Yasushi,China,Yasushi,male,75,4
Guangbin,USA,Guangbin,male,75,4
Glenn,France,Glenn,male,97,176
Christian,China,Christian,male,100,48300
Jiangyun,USA,Jiangyun,male,75,4
Jimmy,China,Jimmy,male,97,655
Myung-Hwan,Netherlands,Myung-Hwan,male,100,3
Johannes,Germany,Johannes,male,99,3611
Peter,Germany,Peter,male,99,21321
Ingo,Belgium,Ingo,male,100,24
Bert,China,Bert,male,96,24
Lei,China,Lei,male,77,1080
Yi,USA,Yi,male,56,263
Kenneth,USA,Kenneth,male,100,7907
Peter,USA,Peter,male,100,15502
Amir,Japan,Amir,male,94,33
Yu,Finland,Yu,female,67,3
Petri,China,Petri,male,100,3
Hongzhe,Germany,Hongzhe,male,100,19
Peter,Singapore,Peter,male,99,480
Jianrong,Japan,Jianrong,male,82,11
Kiyotaka,"Republic of Korea",Kiyotaka,male,100,74
Hee-Sung,UK,Hee-Sung,male,100,7
Anthony,Germany,Anthony,male,99,471
Armido,China,Armido,male,100,20
Xiang,Germany,Xiang,male,100,15
Taichi,Canada,Taichi,male,75,4
Michael,China,Michael,male,99,1989
Colin,USA,Colin,male,100,3986
Richmond,Germany,Richmond,male,100,11
Gilbert,UK,Gilbert,male,98,10398
B,USA,,,,
Frances,France,Frances,female,73,66
Virginie,USA,Virginie,female,98,62
K,Japan,,,,
Ken,Canada,Ken,male,100,1135
Mingli,USA,Mingli,unknown,50,2
Olga,Germany,Olga,female,97,1426
Paul,India,Paul,male,99,1344
Akhila,Germany,Akhila,female,95,620
Sebastian,USA,Sebastian,male,99,1962
Clifford,Switzerland,Clifford,male,100,4
Peter,China,Peter,male,99,1605
Lixin,Germany,Lixin,male,75,4
Markus,France,Markus,male,99,217
Jens,Switzerland,Jens,male,100,140
Katharina,Germany,Katharina,female,98,3998
Markus,Germany,Markus,male,99,15230
Matthias,Germany,Matthias,male,100,9451
Jun,China,Jun,male,83,1190
Yanxing,Poland,Yanxing,male,75,4
Wiktor,Germany,Wiktor,male,94,33
Ruth,USA,Ruth,female,99,3708
Jon,Germany,Jon,male,98,333
Wolfgang,USA,Wolfgang,male,99,185
Hsian-Rong,Germany,Rong,female,80,5
Benjamin,Japan,Benjamin,male,96,77
Kazuhiko,China,Kazuhiko,male,75,4
Yadong,China,Yadong,male,94,18
Qing,China,Qing,female,54,451
Rai-Shung,USA,Rai,male,51,67
Amy,Germany,Amy,female,97,346
Petra,USA,Petra,female,95,374
Y-H,Germany,Y-H,male,60,5
Stefan,Germany,Stefan,male,97,20127
Daniel,China,Daniel,male,99,1130
Hanxi,UK,Hanxi,female,80,5
Anne-K,Germany,Anne,female,98,5064
Christian,Germany,Christian,male,100,86
Martin,Germany,Martin,male,99,14619
Ralf,China,Ralf,male,100,11
J,Germany,,,,
Thorsten,Sweden,Thorsten,male,100,11
Fahmi,Japan,Fahmi,male,100,3
Zhaomin,Japan,Zhaomin,female,67,6
Masahiro,Switzerland,Masahiro,male,100,783
Nirmalya,China,Nirmalya,male,99,148
Aiwen,Israel,Aiwen,male,67,24
N,China,,,,
Yi,China,Yi,male,73,459
Colin,China,Colin,male,99,237
Yu,Belgium,Yu,male,63,8
Minh,Japan,Minh,male,92,13
Kazuaki,USA,Kazuaki,male,75,4
Connie,France,Connie,female,92,26
Frédéric,USA,Frédéric,male,100,42
Michael,USA,Michael,male,100,65535
Elizabeth,Canada,Elizabeth,female,99,831
Yunjie,China,Yunjie,male,71,14
Wenjun,USA,Wenjun,female,58,19
Dustin,UK,Dustin,male,100,8378
Paul,China,Paul,male,99,805
Minghua,China,Minghua,female,73,48
Jinying,Singapore,Jinying,female,94,16
Xiong,China,Xiong,male,76,124
Jianlin,UK,Jianlin,male,88,16
David,USA,David,male,100,65535
Younan,Sweden,Younan,male,100,3
Björn,UK,Björn,male,99,6460
Perdita,Germany,Perdita,female,100,16
Dietmar,USA,Dietmar,male,100,14
Debra,Germany,Debra,female,85,20
Marc,USA,Marc,male,100,6334
Jian,China,Jian,male,93,610
Zhihui,Spain,Zhihui,male,64,50
Wolfgang,China,Wolfgang,male,93,14
Kuiling,UK,,,,
Peter,China,Peter,male,99,1605
Yaofeng,Japan,Yaofeng,male,75,4
Kazuki,USA,Kazuki,male,95,40
Dunwei,Sweden,,,,
Joakim,USA,Joakim,male,100,33
Vinayak,Germany,Vinayak,male,100,3
Werner,Israel,Werner,male,99,7865
David,Japan,David,male,100,604
Hiroyuki,Australia,Hiroyuki,male,75,4
Michael,Germany,Michael,male,100,30913
Dieter,USA,Dieter,male,98,84
Nathaniel,Germany,Nathaniel,male,100,29
Valentin,Germany,Valentin,male,85,549
Henning,China,Henning,male,100,4
Yefeng,Switzerland,Yefeng,male,100,13
Robert,China,Robert,male,98,503
Huan-Ming,ROC,Huan-Ming,male,79,3648
Rai-Shung,China,Rai,unknown,50,6
Jian,Germany,Jian,male,90,21
Leif,USA,Leif,male,100,300
Justin,China,Justin,male,97,510
Xuefeng,USA,Xuefeng,male,100,7
George,China,George,male,98,445
Dirk,USA,Dirk,male,99,483
Phil,USA,Phil,male,100,5283
Timothy,Japan,Timothy,male,100,44
Masaya,China,Masaya,male,95,317
Yong,China,Yong,male,95,502
Jun-An,Israel,An,unknown,50,6
Lucio,France,Lucio,male,98,174
Gilles,Switzerland,Gilles,male,99,310
Gilles,Australia,Gilles,male,100,13
Xiaowei,Germany,Xiaowei,male,63,164
Joost,Netherlands,Joost,male,99,1873
Gadi,Germany,Gadi,unknown,50,2
Matthias,India,Matthias,male,100,7
Erode,USA,Erode,male,75,4
Joseph,Italy,Joseph,male,99,1102
Silvio,Australia,Silvio,male,93,15
Rob,UK,Rob,male,99,37066
Andrew,Canada,Andrew,male,100,3367
Lewis,Germany,Lewis,male,97,66
Meike,USA,Meike,female,100,5
Karen,Germany,Karen,female,91,489
Otto,USA,Otto,male,98,273
Stephen,China,Stephen,male,98,406
Xun,China,Xun,male,79,91
Bai,USA,Bai,male,68,19
Richard,China,Richard,male,99,833
Jiangyun,USA,Jiangyun,male,75,4
Ad,Japan,Ad,male,80,15
Keiji,Canada,Keiji,male,75,4
Hongbo,France,Hongbo,male,75,4
Jean-Marie,Japan,Marie,female,97,161
Yoshito,Netherlands,Yoshito,male,98,63
Albert,Switzerland,Albert,male,96,379
Stefan,UK,Stefan,male,98,50890
David,Sweden,David,male,99,3586
Alexandr,China,Alexandr,male,100,11
Xin-Bo,USA,Bo,male,91,1184
Akos,Australia,Akos,male,100,3
Stephen,USA,Stephen,male,100,16681
Christopher,Netherlands,Christopher,male,100,136
Andrei,UK,Andrei,male,98,12349
Jonathan,Spain,Jonathan,male,99,5221
Ramon,Japan,Ramon,male,100,19
Masahiro,USA,Masahiro,male,100,29
Yannick,China,Yannick,male,94,32
Shang-Dong,USA,Dong,male,91,136
Zhenghu,Japan,Zhenghu,male,100,5
Tsunehiko,France,Tsunehiko,male,75,4
Stéphane,UK,Stéphane,male,98,16675
Benjamin,Korea,Benjamin,male,99,50718
Jaesook,Germany,Jaesook,female,75,4
Lutz,USA,Lutz,male,90,10
Daniel,Germany,Daniel,male,99,22784
Thomas,Japan,Thomas,male,99,151
Kenjiro,Japan,Kenjiro,male,100,29
Mikiko,USA,Mikiko,female,100,14
David,Japan,David,male,100,604
Donglin,USA,Donglin,male,100,3
Gideon,Spain,Gideon,male,100,10
Tomás,USA,Tomás,male,100,47
Hsian-Rong,Germany,Rong,female,80,5
Matthias,China,Matthias,male,100,21
Ib,Japan,Ib,unknown,50,2
Shigehiro,China,Shigehiro,male,100,22
Jiang,USA,Jiang,male,68,40
Ulrich,USA,Ulrich,male,98,62
Seth,France,Seth,male,99,198
Ally,France,Ally,female,100,4409
Armelle,Australia,Armelle,female,75,4
Christian,Japan,Christian,male,100,48300
Yutaka,USA,Yutaka,male,100,17
Rafael,Germany,Rafael,male,99,888
Axel,Japan,Axel,male,95,19
Itaru,USA,Itaru,male,75,4
Shouheng,Japan,Shouheng,male,75,4
Shuji,Germany,Shuji,male,100,154
Harald,China,Harald,male,75,4
Yong-Gui,USA,Gui,male,88,32
Ashutosh,Germany,Ashutosh,male,100,3
Michael,Germany,Michael,male,100,30913
Thomas,Australia,Thomas,male,100,779
Robert,Germany,Robert,male,99,8458
Christian,China,Christian,male,100,48300
Zhenfeng,Germany,Zhenfeng,male,100,11
Helge,Germany,Helge,female,71,1604
C,USA,,,,
Shannon,China,Shannon,female,79,58
Hui-Ming,China,Ming,male,83,826
Junfeng,USA,Junfeng,male,100,6
Shouheng,Netherlands,Shouheng,male,75,4
Joost,Gemany,Joost,male,99,2229
Manuel,Australia,Manuel,male,100,64
Frank,Germany,Frank,male,98,16573
David,Korea,David,male,99,381770
Woo,Germany,Woo,male,100,4
Ulrich,China,Ulrich,male,100,7
Pei-Qiang,USA,Qiang,male,95,40
Kyungsoo,Japan,Kyungsoo,male,77,61
Makoto,Taiwan,Makoto,male,100,16
Michael,Japan,Michael,male,99,446
Tatsuya,Germany,Tatsuya,male,75,4
Dietmar,China,Dietmar,male,99,1635
Dayang,Japan,Dayang,female,93,182
Hisanori,Canada,Hisanori,male,100,37
James,Germany,James,male,98,1248
Herbert,Germany,Herbert,male,98,1663
Peter,Switzerland,Peter,male,99,2588
Wilfred,USA,Wilfred,male,99,133
Lyle,France,Lyle,male,70,23
Peter,USA,Peter,male,100,15502
François,UK,François,male,99,16142
Christopher,China,Christopher,male,99,128
Zheng,Japan,Zheng,male,64,11
Kou,China,Kou,male,73,15
Jin-Heng,China,Heng,male,89,111
Zhiyong,USA,Zhiyong,male,100,14
Trevor,USA,Trevor,male,100,4700
Chad,Japan,Chad,male,100,26
Shigenobu,USA,Shigenobu,male,75,4
Zhendong,Germany,Zhendong,male,100,22
Hailiang,Germany,Hailiang,male,100,13
Heinrich,China,Heinrich,male,75,4
Kenneth,USA,Kenneth,male,100,7907
Sean,China,Sean,male,98,565
Xiaoming,Canada,Xiaoming,male,75,4
Charles,China,Charles,male,98,557
Licheng,USA,Licheng,male,75,4
Andrew,France,Andrew,male,96,640
Franck,"South Korea",Franck,male,67,3
Jeong-Yong,China,Yong,male,95,502
Weiping,USA,Weiping,male,75,8
Stephen,Germany,Stephen,male,99,331
Andreas,Germany,Andreas,male,99,21215
Alexander,Germany,Alexander,male,98,11884
Carsten,Germany,Carsten,male,100,4032
Roland,Germany,Roland,male,99,3490
Andres,Germany,Andres,male,96,193
Matthias,Germany,Matthias,male,100,9451
Matthias,Germany,Matthias,male,100,9451
Dietmar,Austria,Dietmar,male,100,249
Bernhard,Japan,Bernhard,male,75,4
Hiroko,China,Hiroko,unknown,50,2
Shu-Hong,Germany,Hong,male,65,31
Markus,Germany,Markus,male,99,15230
Ralf,Spain,Ralf,male,98,145
Juan,UK,Juan,male,98,106011
D,USA,,,,
Weiping,China,Weiping,male,74,27
Weishen,China,Weishen,male,75,4
Zhiyong,Canada,Zhiyong,male,75,4
Warren,China,Warren,male,100,64
Wen-Jing,Germany,Jing,female,81,36
Benjamin,China,Benjamin,male,100,239
Jun-Long,Germany,Jun,male,85,52
Markus,Switzerland,Markus,male,99,1931
Jieping,UK,Jieping,female,67,3
Joris,Austria,Joris,male,75,4
Kurt,Netherlands,Kurt,male,99,69
Maaike,Australia,Maaike,female,100,3
Matthew,Australia,Matthew,male,100,1765
Kevin,USA,Kevin,male,100,35080
Michael,China,Michael,male,99,1989
Xuefeng,USA,Xuefeng,male,100,7
Francisco,China,Francisco,male,98,47
Huisheng,China,Huisheng,male,75,4
Jian,Germany,Jian,male,90,21
Daniel,Italy,Daniel,male,99,6278
Davide,USA,Davide,male,99,241
William,Sweden,William,male,99,727
Jan-E,Germany,Jan,male,99,10566
Lukas,Netherlands,Lukas,male,99,174
Herre,Germany,Herre,male,75,4
Jürgen,China,Jürgen,male,99,9431
Minghua,Australia,Minghua,female,71,70
Christina,USA,Christina,female,98,14038
George,"Republic of Korea",George,male,99,63411
Kimoon,India,Kimoon,male,100,8
Padmanabhan,India,Padmanabhan,male,100,180
Sundargopal,Belgium,,,,
Olivier,Germany,Olivier,male,100,171
Thomas,Germany,Thomas,male,99,27141
Gernot,China,Gernot,male,75,4
Chi-Ming,France,Chi,male,70,57
Martin,China,Martin,male,99,466
Boris,Spain,Boris,male,98,316
Ernesto,Japan,Ernesto,male,100,33
Motomu,Germany,Motomu,male,100,16
Claudia,Ireland,Claudia,female,98,88
Dermot,Italy,Dermot,male,100,408
Cristiano,USA,Cristiano,male,98,162
Touradj,UK,Touradj,male,100,8
Gareth,Dalian,Gareth,male,99,5798
Xinzhang,USA,Xinzhang,male,75,4
Michael,Deutschland,Michael,male,99,211741
Katharina,Germany,Katharina,female,98,3998
Lars,China,Lars,male,100,27
Qi-Lin,Germany,Lin,female,83,120
Armido,Germany,Armido,male,100,20
Manfred,Singapore,Manfred,male,100,12
Dragoslav,USA,Dragoslav,male,75,4
Gleb,USA,Gleb,male,100,34
Guy,Canada,Guy,male,99,592
Douglas,Germany,Douglas,male,97,105
Lukas,"South Korea",Lukas,male,100,4
Jin-Byung,Australia,Jin,male,69,32
David,UK,David,male,99,381770
Radosław,India,Radosław,male,100,2771
Vijayamohanan,USA,Vijayamohanan,male,75,4
Yu,China,Yu,male,73,664
Chun-Jiang,Germany,Jiang,male,89,9
A,Japan,,,,
Soichiro,Switzerland,Soichiro,male,100,85
Cristina,USA,Cristina,female,96,2461
Zhihong,Israel,Zhihong,male,72,43
Roald,Germany,Roald,male,100,5
Rian,Japan,Rian,male,67,9
Yoshiya,France,Yoshiya,male,100,30
Stefano,Japan,Stefano,male,100,23
Kazushi,France,Kazushi,male,99,69
Christophe,Germany,Christophe,male,97,104
Stephan,Germany,Stephan,male,98,6568
Mathias,China,Mathias,male,95,21
Jianbo,Austria,Jianbo,male,100,38
Hans,USA,Hans,male,99,791
Zhiqun,China,Zhiqun,male,100,4
Sheng-Gui,China,Sheng,male,91,230
Shu-Hong,Germany,Hong,male,65,31
Thomas,Germany,Thomas,male,99,27141
Dieter,USA,Dieter,male,98,84
Pingyun,Germany,,,,
Frank,Korea,Frank,male,99,66241
Dal-Hee,Canada,Dal,male,64,14
Dmitry,China,Dmitry,male,100,23
Qian,China,Qian,female,65,385
Aiwen,Japan,Aiwen,male,67,24
Midori,France,Midori,female,94,17
Sergey,India,Sergey,male,100,13
Sujit,Canada,Sujit,male,100,3
Yunjie,China,Yunjie,male,71,14
Jun,UK,Jun,male,88,6829
Varinder,Germany,Varinder,male,80,5
Johann,Netherlands,Johann,male,100,55
Luc,China,Luc,male,100,51
Qilong,Switzerland,Qilong,male,93,15
Marie-Françoise,Germany,Marie,female,93,6817
Benjamin,USA,Benjamin,male,100,9079
Boris,France,Boris,male,98,2761
Jean-François,Japan,François,male,100,13
Michito,USA,Michito,male,75,4
Aravind,Germany,Aravind,male,100,8
Rik,Netherlands,Rik,male,98,1183
Marcel,"Republic of Korea",Marcel,male,99,41885
Kimoon,UK,Kimoon,male,100,8
J,Germany,,,,
Horst,Ukraine,Horst,male,100,4
Igor,Germany,Igor,male,99,768
Filipe,USA,Filipe,male,99,99
Haibo,Taiwan,Haibo,male,95,87
Chun-hsien,Spain,Chun,male,100,5
Nazario,India,Nazario,male,98,383
Hanudatta,Germany,,,,
Bettina,USA,Bettina,female,99,156
Alan,France,Alan,male,98,2885
Geneviève,Australia,Geneviève,female,99,1841
Shi,Finland,Shi,male,75,4
Ari,Belgium,Ari,male,74,43
Erik,Spain,Erik,male,98,1552
Pablo,China,Pablo,male,100,48
Feng-Ling,USA,Feng,male,84,104
Joe,UK,Joe,male,97,69132
Klaus,Germany,Klaus,male,98,10045
Oliver,Spain,Oliver,male,98,1774
Walther,Germany,Walther,male,95,62
Carsten,Japan,Carsten,male,100,3
Norio,USA,Norio,male,75,4
Gregory,Switzerland,Gregory,male,100,172
Alke,USA,Alke,male,75,4
David,Japan,David,male,100,604
Keiji,China,Keiji,male,75,4
Ying,Belgium,Ying,female,86,7
A,Germany,,,,
Harald,Germany,Harald,male,99,2992
Cristina,Italy,Cristina,female,99,16304
Michele,USA,Michele,female,95,5683
Aaron,China,Aaron,male,98,568
Wanbin,India,Wanbin,female,75,4
Balasubramanian,Germany,Balasubramanian,male,99,354
Monika,Germany,Monika,female,98,4882
Bernd,USA,Bernd,male,100,54
Jeremiah,Austria,Jeremiah,male,75,4
Kurt,UK,Kurt,male,99,11034
Achillefs,USA,Achillefs,male,100,4
Yuguang,Germany,Yuguang,male,75,4
Ralf,USA,Ralf,male,100,101
Richmond,USA,Richmond,male,92,88
Robert,Japan,Robert,male,100,230
Donglin,Japan,Donglin,male,88,16
Motomu,UK,Motomu,male,100,16
Stuart,Denmark,Stuart,male,100,9
Klaus,USA,Klaus,male,100,135
Julio,USA,Julio,male,99,2152
Hyunsoo,Canada,Hyunsoo,unknown,50,2
Freddy,Germany,Freddy,male,98,576
Gerhard,Japan,Gerhard,male,75,4
Yasumasa,USA,Yasumasa,male,75,4
Weihong,Netherlands,Weihong,male,70,40
Rienk,Germany,Rienk,male,75,4
Alexander,France,Alexander,male,99,429
Ali,UK,Ali,male,94,240857
Kostas,China,Kostas,male,100,5
Zhi-Feng,USA,Feng,male,84,104
John,Germany,John,male,98,3765
Bernhard,Singapore,Bernhard,male,98,4878
Xiong,Germany,Xiong,male,79,207
Jeroen,Germany,Jeroen,male,100,40
Keisuke,Italy,Keisuke,male,75,4
Maurizio,Canada,Maurizio,male,100,21
David,USA,David,male,100,65535
Quentin,UK,Quentin,male,99,23008
John,Germany,John,male,98,3765
Ruth,India,Ruth,female,95,152
Gautam,"South Korea",Gautam,male,75,4
Jaephil,USA,Jaephil,male,75,4
Musahid,Belgium,Musahid,male,75,4
Wim,UK,Wim,male,99,5782
Jonathan,Netherlands,Jonathan,male,99,445
Ben,Japan,Ben,male,97,151
Tamio,USA,Tamio,male,75,4
Richmond,Germany,Richmond,male,100,11
Michael,China,Michael,male,99,1989
Zhang-Jie,Germany,Jie,female,73,15
Dietmar,Japan,Dietmar,male,99,1635
Norimitsu,China,Norimitsu,male,100,10
Jiancang,Japan,,,,
Kazuki,China,Kazuki,female,75,4
Ding,USA,Ding,male,77,39
John,UK,John,male,99,219085
Andrei,UK,Andrei,male,98,12349
Louise,Singapore,Louise,female,91,34
Cheol-Min,USA,Cheol,male,100,3
John,USA,John,male,100,65535
Amir,China,Amir,male,100,60
Lei,Germany,Lei,male,57,37
Dang,Germany,Dang,male,88,8
Jeroen,Switzerland,Jeroen,male,100,10
Reinhard,France,Reinhard,male,75,12
Régis,Japan,Régis,male,75,4
Tsutomu,UK,Tsutomu,male,100,220
Kevin,China,Kevin,male,99,2342
Zhongwen,USA,Zhongwen,male,91,11
Songi,Germany,Songi,female,75,4
Christof,Germany,Christof,male,99,501
Dang,Germany,Dang,male,88,8
Andrey,China,Andrey,male,97,30
Daniel,UK,Daniel,male,99,257742
Mark,UK,Mark,male,100,48064
Joop,Italy,Joop,male,100,4
Renata,Japan,Renata,female,100,101
Masaya,Germany,Masaya,male,95,317
Patrik,Japan,Patrik,male,100,4
Kazushi,"Czech Republic",Kazushi,male,99,69
Jiri,"Czech Republic",Jiri,male,98,7051
Hana,China,Hana,female,97,62
Jianwei,China,Jianwei,male,98,40
Jin,USA,Jin,male,68,337
Vladimir,France,Vladimir,male,98,401
Patricia,Singapore,Patricia,female,97,68
Yu,China,Yu,male,73,664
Xinchen,Austria,Xinchen,male,56,9
Ronald,UK,Ronald,male,99,20480
Fraser,UK,Fraser,male,98,1061
Christopher,USA,Christopher,male,100,26017
David,Germany,David,male,99,10714
Yuemin,Canada,Yuemin,male,67,3
Michael,Switzerland,Michael,male,99,3003
Dario,France,Dario,male,99,274
Anne,Japan,Anne,female,96,100
Akiya,Switzerland,Akiya,female,55,33
Jérôme,Spain,Jérôme,male,100,15
Ruben,UK,Ruben,male,99,34120
Jianliang,China,Jianliang,male,100,8
Jin-Heng,Canada,Heng,male,83,6
David,Japan,David,male,100,604
Yoshiaki,China,Yoshiaki,male,75,4
Zijian,Germany,Zijian,male,67,3
Andreas,China,Andreas,male,100,46
Guanying,China,Guanying,male,75,4
Tai-Chu,Belgium,Tai,male,71,7
Olivier,Japan,Olivier,male,100,25
Mingwei,Japan,Mingwei,male,73,41
Gen-ichi,UK,Gen-Ichi,male,58,1348
Philip,USA,Philip,male,100,5264
Shengping,Germany,Shengping,male,100,7
Robert,China,Robert,male,98,503
Ruren,Germany,,,,
Daniel,Norway,Daniel,male,98,807
Mats,USA,Mats,male,97,35
Clark,Germany,Clark,male,52,100
Gerhard,USA,Gerhard,male,100,59
Craig,Germany,Craig,male,99,87
Jürgen,Japan,Jürgen,male,99,9431
Masahiro,Germany,Masahiro,male,100,3
Hans-Günther,Singapore,Hans,male,100,41
Jian,Switzerland,Jian,male,100,3
Jeffrey,India,Jeffrey,male,99,110
Venkataramanarao,China,Venkataramanarao,male,100,4
Aiwen,China,Aiwen,male,60,10
Yong,USA,Yong,male,82,158
Nancy,Germany,Nancy,female,99,1529
Markus,China,Markus,male,100,24
Jinxing,USA,Jinxing,male,75,4
Matthew,USA,Matthew,male,100,30646
J,Portugal,,,,
Fernanda,UK,Fernanda,female,99,32944
Igor,Germany,Igor,male,99,768
Otto,Germany,Otto,male,96,943
Wolfgang,Germany,Wolfgang,male,99,7880
Leonid,Germany,Leonid,male,100,94
Dietmar,USA,Dietmar,male,100,14
Ashutosh,Germany,Ashutosh,male,100,3
Benjamin,China,Benjamin,male,100,239
Wenhao,India,Wenhao,male,97,76
John,UK,John,male,99,219085
Darren,Switzerland,Darren,male,100,10
Ive,USA,Ive,female,72,18
Fred,Netherlands,Fred,male,99,1874
Andries,Japan,Andries,male,98,851
Hironao,France,Hironao,male,100,17
Patrick,China,Patrick,male,98,422
Huiqi,USA,Huiqi,male,75,4
Valery,Germany,Valery,male,71,28
Matthias,China,Matthias,male,100,21
Qi-Lin,Poland,Lin,unknown,50,6
Marcin,USA,Marcin,male,100,172
Jon,USA,Jon,male,100,12707
Moungi,China,Moungi,female,75,4
Xinrong,Japan,Xinrong,male,63,8
Takeo,Denmark,Takeo,male,98,187
Bo,Germany,Bo,male,91,178
Arno,Germany,Arno,male,99,547
Sven,Japan,Sven,male,100,5
Eiji,USA,Eiji,male,100,12
Werner,USA,Werner,male,100,105
Richard,Finland,Richard,male,93,56
Hannu,China,Hannu,male,99,716
Kuo-Wei,USA,Kuo,male,89,9
Paul,China,Paul,male,99,805
Weimin,UK,Weimin,male,94,66
Richard,Japan,Richard,male,99,237
Kiyotomi,"New Zealand",,,,
Richard,USA,Richard,male,100,24609
Jin-Quan,Japan,Jin,male,88,289
Kazuhiko,USA,Kazuhiko,male,100,5
Scott,Japan,Scott,male,100,116
Mitsuhiko,UK,Mitsuhiko,male,100,19
Shankar,UK,Shankar,male,100,3938
Jonathan,China,Jonathan,male,99,287
Sailing,USA,Sailing,female,75,4
Etienne,USA,Etienne,male,93,105
John,UK,John,male,99,219085
Graham,Israel,Graham,male,75,4
Gil,Netherlands,Gil,male,83,30
Anja,USA,Anja,female,98,123
Weihong,China,Weihong,male,56,16
Yao,France,Yao,male,77,98
Azzedine,China,Azzedine,male,98,1233
Bo,USA,Bo,male,91,1184
John,USA,John,male,100,65535
Ahmed,Germany,Ahmed,male,97,1370
Rolf,China,Rolf,male,100,10
Xinhe,Canada,Xinhe,male,67,6
Robert,Netherlands,Robert,male,99,4110
Frank,Singapore,Frank,male,100,108
Naohiko,Austria,Naohiko,male,100,20
Doris,UK,Doris,female,96,10158
David,UK,David,male,99,381770
Joshua,Germany,Joshua,male,99,489
Bernhard,Sweden,Bernhard,male,100,19
Peter,USA,Peter,male,100,15502
Pingyun,USA,,,,
Moungi,China,Moungi,female,75,4
Guangxin,China,Guangxin,male,75,4
Lixin,Italy,Lixin,female,75,4
Kristina,China,Kristina,female,100,37
Weiping,Germany,Weiping,unknown,50,2
Helmut,USA,Helmut,male,100,51
Karen,USA,Karen,female,99,17594
Zhiqun,Singapore,Zhiqun,male,100,5
Yixin,UK,Yixin,male,52,73
V,USA,,,,
Harold,India,Harold,male,100,23
Sujit,USA,Sujit,male,100,43
Edward,France,Edward,male,98,376
Janine,China,Janine,female,100,13
Xueyuan,UK,Xueyuan,male,57,7
Johannes,Taiwan,Johannes,male,100,8
Yao-Ting,Switzerland,Yao,male,100,8
Martin,Netherlands,Martin,male,99,3751
Michel,Germany,Michel,male,98,1371
Ulrike,USA,Ulrike,female,100,31
Younan,"South Korea",Younan,male,98,40
Eunkyoung,"South Korea",Eunkyoung,female,100,25
Thomas,Germany,Thomas,male,99,27141
Manfred,UK,Manfred,male,99,7550
Neil,Germany,Neil,male,98,123
Walter,USA,Walter,male,99,3526
James,Germany,James,male,98,1248
Frank,Germany,Frank,male,98,16573
Siegfried,Spain,Siegfried,male,100,13
Luis,Japan,Luis,male,98,389
Yasuteru,Japan,Yasuteru,male,100,7
Yusuke,Korea,Yusuke,male,99,1232
Sun,Germany,Sun,female,59,168
Guido,USA,Guido,male,100,184
Simon,USA,Simon,male,99,2413
Maha,Spain,Maha,female,75,56
Kilian,UK,Kilian,male,98,1438
Andrew,Italy,Andrew,male,99,1323
Roberta,Germany,Roberta,female,97,129
Robert,India,Robert,male,99,550
Swaminathan,Germany,Swaminathan,male,100,283
Hans-Joachim,Germany,Hans-Joachim,male,100,359
Annette,Japan,Annette,female,100,4
Osamu,China,Osamu,male,75,4
Ying-Chun,Japan,Ying,female,83,18
Tetsuro,UK,Tetsuro,male,100,93
Ian,France,Ian,male,98,424
Malek,Japan,Malek,male,75,4
Ichio,China,Ichio,male,75,4
Jiangyun,India,Jiangyun,male,75,4
Tapan,Japan,Tapan,male,75,4
Hiromi,Japan,Hiromi,female,79,363
Satoshi,Poland,Satoshi,female,75,4
Marcin,Germany,Marcin,male,100,713
Franc,USA,Franc,male,95,43
Dieter,Japan,Dieter,male,75,4
Jun-ichiro,France,Ichiro,male,100,3
Martin,Denmark,Martin,male,100,2088
Lars,Germany,Lars,male,100,4773
Klaus,USA,Klaus,male,100,135
A,USA,,,,
Eric,China,Eric,male,99,1948
An-Wu,UK,An-Wu,male,52,6754
Alessandro,Japan,Alessandro,male,100,79
Hiroyuki,Japan,Hiroyuki,male,100,955
Takanori,Germany,Takanori,male,75,4
Matthias,Sweden,Matthias,male,99,89
Henrik,Argentina,Henrik,male,75,4
Juan,Poland,Juan,male,100,80
Barbara,Switzerland,Barbara,female,98,827
Peter,USA,Peter,male,100,15502
R,China,,,,
Xianzhi,Canada,Xianzhi,male,88,8
Douglas,Taiwan,Douglas,male,97,38
Takanori,China,Takanori,male,100,3
Jingsong,Germany,Jingsong,male,88,8
Petra,China,Petra,female,85,13
Shan,Germany,Shan,male,72,39
Walter,Germany,Walter,male,81,2941
Andreas,USA,Andreas,male,100,2789
William,Sweden,William,male,99,727
Armando,UK,Armando,male,99,17404
Manfred,UK,Manfred,male,99,7550
Steven,Canada,Steven,male,99,1236
John,Spain,John,male,98,3655
Juan,Germany,Juan,male,97,900
Stefan,Germany,Stefan,male,97,20127
Thomas,Israel,Thomas,male,96,26
Ira,Japan,Ira,female,100,4
Masakatsu,Germany,Masakatsu,male,97,32
Siegfried,China,Siegfried,male,100,3
Xingfu,Germany,Xingfu,male,70,23
Alexander,USA,Alexander,male,100,6939
Kendall,France,Kendall,male,64,11
Matthieu,USA,Matthieu,male,99,94
Paul,USA,Paul,male,100,28746
Jonathan,USA,Jonathan,male,100,21578
Stephen,China,Stephen,male,98,406
Qi-Lin,Germany,Lin,female,83,120
Konrad,China,Konrad,male,100,5
Philip,China,Philip,male,100,164
Chuang-chuang,USA,Chuang,male,75,8
Guy,France,Guy,male,98,8515
Robert,Germany,Robert,male,99,8458
Dietmar,China,Dietmar,male,99,1635
Chun-yang,Australia,Chun,male,100,5
Udo,Germany,Udo,male,99,2375
Rainer,USA,Rainer,male,100,60
Virginia,Germany,Virginia,female,99,256
Gernot,Germany,Gernot,male,98,221
Gerrit,Germany,Gerrit,male,99,477
Gisbert,USA,Gisbert,male,98,96
Craig,USA,Craig,male,100,9154
Philip,Korea,Philip,male,99,21773
Eunjoo,UK,Eunjoo,female,97,70
Simon,Japan,Simon,male,99,89
Tamejiro,India,,,,
Tharmalingam,Netherlands,Tharmalingam,male,100,12
Jurriaan,Canada,Jurriaan,male,75,4
Datong,Israel,Datong,male,100,5
Milko,USA,Milko,male,100,5
Thomas,Germany,Thomas,male,99,27141
Christopher,Singapore,Christopher,male,100,222
James,Germany,James,male,98,1248
Horst,Japan,Horst,male,75,4
Masayuki,Japan,Masayuki,male,99,556
Mitsuhiko,Canada,Mitsuhiko,male,100,19
Linda,Singapore,Linda,female,97,189
Eva-Kathrin,Germany,Eva,female,98,3240
Wolfgang,Australia,Wolfgang,male,100,12
Frans,China,Frans,male,100,8
Song,Taiwan,Song,male,100,74
Chi-Huey,Switzerland,Chi,male,57,7
Hilal,Belgium,Hilal,female,51,49
Maarten,Germany,Maarten,male,96,24
Fritz,USA,Fritz,male,98,314
Stephen,China,Stephen,male,98,406
Azzedine,China,Azzedine,male,98,1233
Vivian,Germany,Vivian,female,94,358
Rolf,Japan,Rolf,male,100,4
Susumu,Israel,Susumu,male,98,170
Aaron,Netherlands,Aaron,male,100,143
Andreas,USA,Andreas,male,100,2789
Kurt,Deutschland,Kurt,male,99,11034
Christopher,USA,Christopher,male,100,26017
Dionicio,Germany,Dionicio,male,100,127
Herbert,USA,Herbert,male,100,4471
Roger,USA,Roger,male,100,5911
Robert,Germany,Robert,male,99,8458
Matthias,Germany,Matthias,male,100,9451
Otto,Singapore,Otto,male,100,3
Shao,Netherlands,Shao,female,75,4
E,USA,,,,
Peter,USA,Peter,male,100,15502
J,Germany,,,,
Alois,China,Alois,male,75,4
Shengming,Israel,Shengming,male,100,5
Lia,USA,Lia,female,100,2811
Younan,Switzerland,Younan,male,98,40
Michael,Germany,Michael,male,100,30913
Martin,UK,Martin,male,98,139211
