"First Name",Country,ga_first_name,ga_gender,ga_accuracy,ga_samples
Christian,Canada,Christian,male,100,48300
Danielle,Canada,Danielle,female,98,929
Jan,Germany,Jan,male,99,10566
Hong,Japan,Hong,male,68,22
Vijayakumar,Japan,Vijayakumar,male,75,4
Yuanchen,USA,Yuanchen,male,77,13
Hui,China,Hui,male,54,700
Ziqing,USA,Ziqing,male,100,4
Tairan,Canada,Tairan,male,75,4
Lin-Song,Japan,Lin,female,56,77
Shikha,India,Shikha,female,98,1917
Fei,USA,Fei,male,61,97
Indrek,Germany,Indrek,male,98,223
Satoshi,Japan,Satoshi,male,100,1038
Zhe,USA,Zhe,male,75,64
Alberto,Italy,Alberto,male,99,23379
Xue-Hui,USA,Xue,female,65,40
Federico,Israel,Federico,male,75,4
Arcadio,"Czech Republic",Arcadio,male,75,4
Ning,China,Ning,male,61,378
Hai,China,Hai,male,85,184
Elisabeth,Switzerland,Elisabeth,female,97,308
Zhao,USA,Zhao,male,77,52
Kaluvu,USA,,,,
Riccardo,China,Riccardo,male,100,15
Linda,Germany,Linda,female,98,2611
Daniel,Germany,Daniel,male,99,22784
Kai,Germany,Kai,male,99,5784
William,USA,William,male,100,24483
Huseyin,Canada,Huseyin,male,100,4
Xin,Germany,Xin,male,71,21
Natalia,Germany,Natalia,female,99,902
Shinobu,Japan,Shinobu,male,66,109
Denis,Estonia,Denis,male,98,109
Daniel,Germany,Daniel,male,99,22784
Zhi,China,Zhi,male,80,154
Magnus,Germany,Magnus,male,99,183
David,Germany,David,male,99,10714
Dario,Netherlands,Dario,male,97,99
Charles,USA,Charles,male,100,15822
Russell,UK,Russell,male,99,7800
Helmut,Germany,Helmut,male,98,3338
Ross,UK,Ross,male,91,10276
Xiaoming,Germany,Xiaoming,male,75,4
Susana,Spain,Susana,female,98,11386
Manuel,Switzerland,Manuel,male,99,1661
Helmut,Germany,Helmut,male,98,3338
Libin,China,Libin,male,93,30
K,USA,,,,
Kaitlyn,USA,Kaitlyn,female,99,2554
Kyohei,Japan,Kyohei,male,100,133
Hongwei,Netherlands,Hongwei,male,88,89
Felix,Japan,Felix,male,100,36
Ki,Korea,Ki,male,69,1131
Eva-Maria,Austria,Eva-Maria,female,100,53
Xiaolong,China,Xiaolong,male,100,93
Michael,Germany,Michael,male,100,30913
Naoki,Japan,Naoki,male,100,826
Oliver,Germany,Oliver,male,99,7903
Aslam,India,Aslam,male,100,902
Yuki,Japan,Yuki,male,61,1797
Yao,USA,Yao,male,65,88
Ryota,Japan,Ryota,male,100,574
Do-Hyoung,Korea,Do-Hyoung,male,64,2339
Mao-Sheng,USA,Sheng,male,67,55
Jaehee,USA,Jaehee,female,56,9
Jun,China,Jun,male,83,1190
Togati,India,,,,
Youngwook,"Republic of Korea",Youngwook,male,100,30
Miguel,Germany,Miguel,male,99,897
Xubin,China,Xubin,male,100,9
Vianney,France,Vianney,male,98,434
Holger,UK,Holger,male,99,4992
Akira,Japan,Akira,male,97,1276
Tatsuya,Japan,Tatsuya,male,100,660
Qing-Wei,China,Wei,male,76,1859
Giulio,Germany,Giulio,male,97,79
John,USA,John,male,100,65535
Manabu,Japan,Manabu,male,99,238
Zhou,USA,Zhou,male,68,47
Hangcheng,China,Hangcheng,male,75,4
Yan,China,Yan,female,69,1535
Hong,China,Hong,female,58,636
Weijie,Germany,Weijie,male,87,79
Anne,Germany,Anne,female,98,5064
James,UK,James,male,99,131879
Jürgen,Germany,Jürgen,male,99,7863
Lisi,"Saudi Arabia",Lisi,female,75,4
Sebastian,Switzerland,Sebastian,male,100,387
Rajkumar,ROC,Rajkumar,male,99,3132
Ana,Spain,Ana,female,98,54404
Zhaohui,USA,Zhaohui,male,60,5
Jeffrey,Germany,Jeffrey,male,99,238
Giacomo,Spain,Giacomo,male,99,88
Jason,USA,Jason,male,100,39059
Valentino,Germany,Valentino,male,99,226
Eva,USA,Eva,female,99,2294
Tian,USA,Tian,male,57,81
Chao-Yuan,USA,Chao,male,91,112
Ariane,France,Ariane,female,98,841
Philipp,Germany,Philipp,male,99,5871
Stanley,Canada,Stanley,male,98,119
Chun,"Saudi Arabia",Chun,male,73,905
Hongya,China,Hongya,female,75,4
Bin,Spain,Bin,male,89,19
Jamin,USA,Jamin,male,96,133
Bo,China,Bo,male,88,316
Matthew,USA,Matthew,male,100,30646
Yunbin,Germany,Yunbin,male,83,6
Qunfeng,China,Qunfeng,male,100,5
Wei,China,Wei,male,76,1859
Jinling,Netherlands,Jinling,female,90,31
Peng,China,Peng,male,85,704
Jong-Su,"South Korea",Jong,male,99,355
Moses,UK,Moses,male,99,12280
Jiankang,China,Jiankang,male,75,4
Younan,USA,Younan,male,100,6
Chao-Ze,China,Ze,male,93,30
Hong,China,Hong,female,58,636
Ting,China,Ting,female,81,465
Oleksandr,Germany,Oleksandr,male,100,22
Brandon,France,Brandon,male,99,1468
Roly,UK,Roly,male,86,366
Rafał,Poland,Rafał,male,100,16125
Natalia,Poland,Natalia,female,98,13282
Seong,China,Seong,male,100,5
Mengyun,Pakistan,Mengyun,female,81,16
Verónica,Spain,Verónica,female,98,1699
Sebastian,Germany,Sebastian,male,100,13809
Juan,France,Juan,male,97,1865
Simon,UK,Simon,male,98,57458
Wenpei,USA,Wenpei,male,100,3
Toni,Germany,Toni,male,97,3962
Huai-Bo,China,Bo,male,88,316
Daniel,USA,Daniel,male,100,35866
Yutao,USA,Yutao,male,75,4
Guohua,China,Guohua,female,53,36
Éric,Canada,Éric,male,100,168
Wen-Bo,China,Bo,male,88,316
Thomas,Germany,Thomas,male,99,27141
Lei,Japan,Lei,male,63,38
Jie,China,Jie,male,63,867
Yuchao,USA,Yuchao,male,75,4
Meera,"Saudi Arabia",Meera,female,100,16
Zi-Shuo,Japan,Zi,unknown,50,4
Yusuke,Japan,Yusuke,male,100,1088
Jinpeng,USA,Jinpeng,male,75,4
Min,China,Min,female,56,572
Eduardo,UK,Eduardo,male,99,50597
Jean-Philippe,Canada,Jean-Philippe,male,100,255
Guorui,China,Guorui,male,83,6
Kasturi,Japan,Kasturi,female,80,339
Tao,China,Tao,male,89,751
Vincent,France,Vincent,male,98,32067
Ester,Spain,Ester,female,98,2204
Guangfeng,Singapore,Guangfeng,male,100,4
Chengwu,Spain,Chengwu,male,100,16
Guodong,Germany,Guodong,male,75,4
Huamin,China,Huamin,male,67,3
Kurt,Finland,Kurt,male,100,19
Jiangtao,Australia,Jiangtao,male,100,28
Fengwang,Australia,,,,
Masayuki,Taiwan,Masayuki,male,99,597
Giorgia,UK,Giorgia,female,99,11501
Weiwei,China,Weiwei,female,63,221
Jos,USA,Jos,male,88,127
Judith,Germany,Judith,female,97,1040
Bo,Sweden,Bo,male,99,529
Ryo,Japan,Ryo,male,98,2022
Yifu,Singapore,Yifu,male,75,4
Matias,Germany,Matias,male,100,61
Dennis,Austria,Dennis,male,97,146
Mareike,Singapore,Mareike,female,98,1038
Yufeng,USA,Yufeng,male,70,10
Zsófia,"Czech Republic",Zsófia,female,75,4
Kwan-Ting,China,Kwan,male,83,18
Zhuo,China,Zhuo,male,77,64
Evgen,Greece,Evgen,male,75,4
Johan,China,Johan,male,98,44
Raphael,Russia,Raphael,male,100,27
J,Germany,,,,
Cai,China,Cai,male,55,204
Hirofumi,Japan,Hirofumi,male,100,157
Matthew,USA,Matthew,male,100,30646
Dapeng,China,Dapeng,male,100,16
Changchun,China,Changchun,male,100,7
Zhipeng,China,Zhipeng,male,100,38
Hongde,USA,Hongde,male,75,4
Kim,France,Kim,female,60,1889
María,Germany,María,female,100,35
Pengzuo,China,,,,
Xin,China,Xin,male,62,851
Julia,Germany,Julia,female,98,8793
Shaodong,China,Shaodong,male,100,4
Kayo,Japan,Kayo,female,93,100
Andreas,Germany,Andreas,male,99,21215
Xenia,Hungary,Xenia,female,100,15
Arimasa,Japan,,,,
Nico,Germany,Nico,male,98,5061
Nico,Germany,Nico,male,98,5061
Paola,Israel,Paola,female,100,7
Yunfeng,Canada,Yunfeng,male,75,4
Jun,China,Jun,male,83,1190
Chinatsu,USA,Chinatsu,female,100,6
Anaïs,"South Korea",Anaïs,female,75,4
Aradhana,USA,Aradhana,female,89,9
Kaoru,Japan,Kaoru,male,55,301
Satoshi,Japan,Satoshi,male,100,1038
Yun-Long,China,Yun,female,53,415
Sangen,China,Sangen,male,75,4
Svitlana,USA,Svitlana,female,100,29
Yun,USA,Yun,male,54,104
Fan,Germany,Fan,male,76,34
Laith,China,Laith,male,100,3
Jaap,Netherlands,Jaap,male,98,1997
Vladislav,USA,Vladislav,male,100,56
Xiaodong,China,Xiaodong,male,94,108
Xinyi,China,Xinyi,female,80,56
Yvonne,Switzerland,Yvonne,female,99,375
Seok,"South Korea",Seok,male,99,202
Alexey,Russia,Alexey,male,100,4692
Augusto,Russia,Augusto,male,94,16
Lars,Denmark,Lars,male,100,1927
Jordi,Spain,Jordi,male,99,14989
Lin,"Saudi Arabia",Lin,female,77,13
Eric,USA,Eric,male,100,31662
Peng,China,Peng,male,85,704
Patrick,Germany,Patrick,male,99,14512
Marat,USA,Marat,male,100,46
Huanhuan,"Saudi Arabia",Huanhuan,female,74,31
Christian,Germany,Christian,male,100,86
Andrew,UK,Andrew,male,99,82448
Simon,UK,Simon,male,98,57458
Xu,USA,Xu,male,69,87
Xunshan,China,,,,
Yuichi,Japan,Yuichi,male,100,409
Mahla,Canada,Mahla,female,75,4
Ben,China,Ben,male,98,774
Jens,Germany,Jens,male,99,9230
Tao,USA,Tao,male,90,147
J,USA,,,,
Cristian,UK,Cristian,male,99,46450
Yoichi,Japan,Yoichi,male,100,164
Sabina,Spain,Sabina,female,94,355
Chengjie,Austria,Chengjie,male,90,20
Marcus,Germany,Marcus,male,99,4940
Longin,France,Longin,unknown,50,4
Alison,Australia,Alison,female,99,320
Ze,China,Ze,male,93,30
Si-Yang,China,Yang,male,65,1965
Chunhui,Netherlands,Chunhui,male,64,39
Isabel,Spain,Isabel,female,98,14221
Dennis,USA,Dennis,male,99,8742
Priyanka,USA,Priyanka,female,98,264
Moritz,Germany,Moritz,male,99,1375
Shengli,China,Shengli,male,86,14
Antje,Austria,Antje,female,100,19
Dong,"Republic of Korea",Dong,male,87,2212
Jin,Germany,Jin,male,69,72
Georgi,Germany,Georgi,male,98,90
Yosuke,Japan,Yosuke,male,100,373
Lukas,Switzerland,Lukas,male,100,898
Mann,USA,Mann,male,81,31
Alvaro,UK,Alvaro,male,99,26612
Shaoheng,USA,,,,
Daohao,China,,,,
Ján,"Czech Republic",Ján,male,98,380
Md,Australia,Md,male,100,20
Mio,Japan,Mio,female,95,129
Eliška,Germany,Eliška,female,88,8
Qinghe,China,Qinghe,male,100,8
Daniel,Iceland,Daniel,male,100,57
Nonappa,Finland,,,,
Simon,Finland,Simon,male,98,60
Mikiko,USA,Mikiko,female,100,14
Olga,UK,Olga,female,98,42388
Xingyue,China,Xingyue,female,67,3
Robert,USA,Robert,male,100,43118
Joel,USA,Joel,male,99,8032
Mustafa,"Saudi Arabia",Mustafa,male,100,1033
David,Germany,David,male,99,10714
You-Song,UK,You-Song,male,80,4997
Pier,Switzerland,Pier,male,100,19
Vijay,Germany,Vijay,male,98,44
Lisa,Germany,Lisa,female,98,8205
Elvira,Italy,Elvira,female,98,1251
Joel,USA,Joel,male,99,8032
Boran,Canada,Boran,male,75,4
Alexis,France,Alexis,male,98,11969
Wen,China,Wen,female,52,563
Zhe,China,Zhe,male,86,258
Jan,France,Jan,male,93,584
Yuming,Australia,Yuming,male,83,77
M,Israel,,,,
Taisuke,Japan,Taisuke,male,100,69
Kang,China,Kang,male,80,197
Adam,UK,Adam,male,99,101742
Vladimir,Switzerland,Vladimir,male,99,89
Miguel,Germany,Miguel,male,99,897
Benjamin,Sweden,Benjamin,male,99,321
Huai-Long,Japan,Huai-Long,male,94,4464
Lee,UK,Lee,male,82,37625
Pierre,Germany,Pierre,male,99,1552
Jinbei,USA,Jinbei,male,100,3
Yijing,Kingdom,Yijing,female,81,32
Fang,China,Fang,female,68,564
Ievgen,Ukraine,Ievgen,male,100,75
Bogdan,Poland,Bogdan,male,99,2803
Ana,Spain,Ana,female,98,54404
Soumya,UK,Soumya,female,58,2672
Kazuma,Japan,Kazuma,male,99,207
Ji,Korea,Ji,male,78,4632
Rui,Japan,Rui,male,62,106
Xiangyu,Germany,Xiangyu,male,63,95
Md,Canada,Md,male,89,19
Douglas,USA,Douglas,male,100,5371
Wilfred,UK,Wilfred,male,99,1812
Julia,UK,Julia,female,97,57688
Jing-Jing,China,Jing,female,78,1267
Alexander,USA,Alexander,male,100,6939
Sheng,China,Sheng,male,91,230
Hao,USA,Hao,male,91,219
Natan,Netherlands,Natan,male,100,5
Alexander,UK,Alexander,male,99,56237
Patrick,USA,Patrick,male,100,18462
Kazuki,USA,Kazuki,male,95,40
Ivan,China,Ivan,male,98,418
Ricardo,Spain,Ricardo,male,99,9427
Nico,Germany,Nico,male,98,5061
Ernst-Christian,Polska,Ernst-Christian,male,99,97307
Jiandong,China,Jiandong,male,100,7
Tomoyuki,Japan,Tomoyuki,male,97,276
Yuanbin,China,Yuanbin,male,100,3
Yasuhiro,Japan,Yasuhiro,male,100,425
Mohammadali,Belgium,Mohammadali,male,99,184
Parameswara,USA,Parameswara,male,75,4
Youngmin,USA,Youngmin,male,92,13
Silke,Germany,Silke,female,98,3148
Takayoshi,Japan,Takayoshi,male,100,84
M,India,,,,
Lampros,Germany,Lampros,male,100,11
Soham,Germany,Soham,male,75,4
Daniel,Germany,Daniel,male,99,22784
Yuxuan,USA,Yuxuan,male,61,18
Guanyinsheng,Switzerland,,,,
Davin,USA,Davin,male,100,1466
Sebastian,Germany,Sebastian,male,100,13809
Hyo-Joong,Romania,Hyo-Joong,male,63,220
Hua,Switzerland,Hua,male,52,891
Yi-Lin,USA,Lin,female,73,465
Stephanie,USA,Stephanie,female,99,24141
Alessandro,UK,Alessandro,male,99,79631
Elizabeth,USA,Elizabeth,female,99,20330
Pedro,USA,Pedro,male,99,2699
Hitoshi,Japan,Hitoshi,male,98,322
Jonathan,Germany,Jonathan,male,99,714
Yoshimasa,Japan,Yoshimasa,male,100,55
Samaresh,India,Samaresh,male,100,93
Hiroyuki,Japan,Hiroyuki,male,100,955
Hyeong-Ju,Spain,Ju,male,64,145
Caixia,USA,Caixia,female,75,4
Stefan,USA,Stefan,male,100,1196
Licheng,Sweden,Licheng,male,85,20
Jessica,Malaysia,Jessica,female,99,326
Takeshi,Japan,Takeshi,male,100,1025
Ouidad,USA,Ouidad,female,75,4
Haiwei,USA,Haiwei,male,75,4
Trevor,USA,Trevor,male,100,4700
Hendrik,Germany,Hendrik,male,99,1486
Wei,UK,Wei,male,73,4003
Pei,China,Pei,male,57,112
Koji,Japan,Koji,male,99,780
Jianfeng,Germany,Jianfeng,male,75,4
Thomas,Germany,Thomas,male,99,27141
Nir,USA,Nir,male,98,44
Shuang-Yan,China,Yan,female,69,1535
Jéssica,Spain,Jéssica,female,99,174
Merle,Germany,Merle,female,93,170
Yunyun,China,Yunyun,female,85,33
Zhaowen,Germany,Zhaowen,female,67,3
Xiao-Huan,China,Huan,male,60,190
Guodong,China,Guodong,male,97,33
Katsuhiko,Japan,Katsuhiko,male,100,102
Tohru,Japan,Tohru,male,96,77
Sebastian,Germany,Sebastian,male,100,13809
Emilie,Sweden,Emilie,female,100,119
Thomas,USA,Thomas,male,100,20215
Dianhu,China,Dianhu,male,75,4
Kan,USA,Kan,male,84,50
Liana,USA,Liana,female,100,3371
Xuan,USA,Xuan,female,62,131
T,USA,,,,
Franziska,Germany,Franziska,female,98,2591
Xiaohui,China,Xiaohui,male,62,105
Claire,UK,Claire,female,98,32304
Ping,USA,Ping,male,56,90
Eero,Finland,Eero,male,100,325
Tobias,Germany,Tobias,male,100,9929
Ricardo,France,Ricardo,male,99,1666
Kai-Yang,USA,Kai,male,99,18599
Kodai,Japan,Kodai,male,100,39
Lucile,Switzerland,Lucile,female,100,11
Guoqi,USA,Guoqi,male,75,4
Gunther,USA,Gunther,male,98,49
Qunwei,China,Qunwei,male,75,4
Marta,Spain,Marta,female,98,27058
Sheng,USA,Sheng,male,67,55
Lisa,China,Lisa,female,99,1227
Chao,Switzerland,Chao,male,100,4
Cornelius,Switzerland,Cornelius,male,100,12
Kaihong,China,Kaihong,male,60,5
Huihua,Singapore,Huihua,female,90,10
Chuncheng,China,Chuncheng,male,100,3
Huabin,China,Huabin,male,100,7
Xiaoting,China,Xiaoting,female,87,23
Zhongbao,Germany,Zhongbao,male,75,4
Tobias,Germany,Tobias,male,100,9929
Can,Sweden,Can,male,97,60
Lin,USA,Lin,female,73,465
Rauful,Sweden,Rauful,male,75,4
Katharine,Italy,Katharine,female,100,3
Alison,USA,Alison,female,99,3804
Benjamin,Germany,Benjamin,male,100,5256
Piyush,USA,Piyush,male,100,103
Darius,USA,Darius,male,100,23724
Hao,China,Hao,male,89,723
Yuanming,Germany,Yuanming,male,79,14
Ronald,Spain,Ronald,male,99,577
Shuyu,UK,Shuyu,female,53,30
Yang,China,Yang,male,65,1965
Merle,Germany,Merle,female,93,170
Prosenjit,Israel,Prosenjit,male,100,488
Lingling,China,Lingling,female,92,116
Divesh,UK,Divesh,male,100,306
Julien,USA,Julien,male,99,1741
Konrad,Germany,Konrad,male,99,692
Austin,USA,Austin,male,98,8554
Ting,China,Ting,female,81,465
Rosaria,Italy,Rosaria,female,98,3233
Carlos,Spain,Carlos,male,99,64701
Shogo,Japan,Shogo,male,99,330
Ambadas,Japan,Ambadas,male,100,74
Takuji,Japan,Takuji,male,100,47
Yu,Finland,Yu,female,67,3
Poulami,Germany,Poulami,female,99,201
Ming,China,Ming,male,83,826
Mingfu,USA,Mingfu,male,93,14
Faye,USA,Faye,female,97,614
Hong-Hao,China,Hao,male,89,723
David,UK,David,male,99,381770
Abhishek,"Saudi Arabia",Abhishek,male,100,6
Jun,China,Jun,male,83,1190
Masataka,Japan,Masataka,male,100,134
Dmitry,Germany,Dmitry,male,96,76
Ning,France,Ning,male,60,25
Neda,Sweden,Neda,female,97,32
Yi,USA,Yi,male,56,263
Yu-Peng,Israel,Yu,male,100,3
Ivana,Germany,Ivana,female,81,300
Reddy,India,Reddy,male,90,482
Kévin,France,Kévin,male,99,8485
Maxim,Germany,Maxim,male,97,454
Rahul,USA,Rahul,male,99,856
Tobias,Germany,Tobias,male,100,9929
Omar,"Saudi Arabia",Omar,male,98,3833
Zhengxing,France,Zhengxing,male,100,4
Christopher,Canada,Christopher,male,100,1301
Paul,USA,Paul,male,100,28746
Alex,Spain,Alex,male,96,29865
Nikolay,Netherlands,Nikolay,male,90,10
Ren-Qi,China,Qi,male,73,234
Sonia,Spain,Sonia,female,98,16060
Qiang,China,Qiang,male,98,373
Kohei,Japan,Kohei,male,99,359
Zhong-Liang,China,Liang,male,82,742
Meiying,China,Meiying,female,95,40
Seán,USA,Seán,male,100,25
Rainer,Germany,Rainer,male,99,4309
Alexander,Spain,Alexander,male,98,1857
Xinyuan,China,Xinyuan,female,56,16
Sangho,Canada,Sangho,male,97,141
Silvia,UK,Silvia,female,98,61342
Andrés,Spain,Andrés,male,99,2573
Klaus,Germany,Klaus,male,98,10045
Fengxiang,China,Fengxiang,male,75,4
Ana,Netherlands,Ana,female,97,345
Khaled,France,Khaled,male,98,1673
Yitao,China,Yitao,male,100,13
Ke,USA,Ke,male,65,101
Yue,UK,Yue,female,58,1014
Xiao,China,Xiao,male,56,757
Koji,Japan,Koji,male,99,780
Jin-Fei,China,Fei,male,69,629
Richard,USA,Richard,male,100,24609
Teresa,Spain,Teresa,female,98,6422
Xiaowen,Canada,Xiaowen,female,67,67
Weigang,China,Weigang,male,100,8
Hisashi,Japan,Hisashi,male,100,164
Clément,France,Clément,male,98,6689
Yunfei,"Saudi Arabia",Yunfei,male,88,52
Hua-Li,USA,Hua,male,65,57
Miriam,Germany,Miriam,female,98,1900
Alexandar,USA,Alexandar,male,92,13
Maria,France,Maria,female,97,6924
Dong-Chao,China,Chao,male,88,554
Elisabeth,USA,Elisabeth,female,100,10003
Lotta,Finland,Lotta,female,99,141
Kazunari,Japan,Kazunari,male,100,87
Jing,China,Jing,female,78,1267
Esther,Germany,Esther,female,98,613
Yoshihiro,Japan,Yoshihiro,male,100,350
J,USA,,,,
Michael,Germany,Michael,male,100,30913
Ya-Ting,Germany,Ya,male,59,61
Liangdong,China,Liangdong,male,75,4
Vladimir,Finland,Vladimir,male,100,41
Thomas,Switzerland,Thomas,male,99,3106
Fabio,UK,Fabio,male,99,72039
Marcin,Poland,Marcin,male,99,41661
Sreekumar,USA,Sreekumar,male,100,6
Thomas,Belgium,Thomas,male,99,3328
Michele,France,Michele,female,95,4559
Christian,Germany,Christian,male,100,86
Lu,Singapore,Lu,female,52,25
Jongcheol,Germany,Jongcheol,male,100,12
Xiao-Peng,China,Peng,male,85,704
Deven,Switzerland,Deven,male,100,5
Yongsheng,USA,Yongsheng,male,75,4
Miguel,Germany,Miguel,male,99,897
Huilin,China,Huilin,female,72,18
Stijn,USA,Stijn,male,100,5
Yitao,USA,Yitao,male,75,4
Andreas,Germany,Andreas,male,99,21215
Yingcheng,China,Yingcheng,male,75,4
Chen,Japan,Chen,male,63,62
Benoît,Japan,Benoît,male,100,3
Feng,China,Feng,male,82,850
Zhihui,China,Zhihui,male,71,34
Zhunzhun,China,Zhunzhun,male,75,4
Franziska,Germany,Franziska,female,98,2591
Maximilian,Canada,Maximilian,male,100,12
Benoit,USA,Benoit,male,100,98
Qingquan,Germany,Qingquan,male,100,5
Ladislav,Italy,Ladislav,male,100,8
Kiran,Taiwan,Kiran,unknown,50,2
Alexander,Pakistan,Alexander,male,100,17
José,Spain,José,male,99,8211
Ryan,"New Zealand",Ryan,male,100,209
Stéphanie,Switzerland,Stéphanie,female,97,388
Tao,USA,Tao,male,90,147
Ke,China,Ke,male,84,144
Fabian,Germany,Fabian,male,99,4595
Abhishek,India,Abhishek,male,100,25766
Cheau,Japan,,,,
Ricarda,Germany,Ricarda,female,97,376
Arimasa,Japan,,,,
Yingying,China,Yingying,female,97,116
Pauline,USA,Pauline,female,100,4103
Christian,Russia,Christian,male,100,48300
Yajun,USA,Yajun,female,83,6
David,Japan,David,male,100,604
Shaodong,China,Shaodong,male,100,4
Jiangping,China,Jiangping,unknown,50,6
Xiaofeng,China,Xiaofeng,male,81,107
Volodymyr,USA,Volodymyr,male,97,35
Lingbing,Singapore,Lingbing,male,75,4
Andreas,Germany,Andreas,male,99,21215
Yawen,Singapore,Yawen,female,100,5
Shaodong,China,Shaodong,male,100,4
Patrick,USA,Patrick,male,100,18462
Giulia,Italy,Giulia,female,99,27083
Keumnam,"Republic of Korea",,,,
Zijie,Canada,Zijie,male,89,19
Khaled,France,Khaled,male,98,1673
Yu,USA,Yu,male,64,274
Xiaochao,Japan,Xiaochao,male,75,4
Sebastian,Germany,Sebastian,male,100,13809
Jinnan,Japan,Jinnan,male,60,10
Daniel,UK,Daniel,male,99,257742
Agostino,Germany,Agostino,male,100,43
Yingxia,USA,Yingxia,female,100,5
Liang,China,Liang,male,82,742
John,Australia,John,male,100,3215
Benjamin,Canada,Benjamin,male,100,548
Xin-Min,China,Xin,male,62,851
Jin,Singapore,Jin,male,72,68
Emily,UK,Emily,female,98,36641
Xuan,USA,Xuan,female,62,131
Zekai,China,Zekai,male,75,4
Ming,China,Ming,male,83,826
Chong-Jing,Singapore,Jing,female,78,60
Jiafeng,China,Jiafeng,male,89,9
Jia-Liang,China,Liang,male,82,742
Samuel,Canada,Samuel,male,100,618
Sébastien,Switzerland,Sébastien,male,99,486
Gongping,USA,Gongping,unknown,50,2
María,Spain,María,female,98,9881
Céline,France,Céline,female,97,17484
Wai-Lung,China,Wai,male,82,34
Rubina,India,Rubina,female,99,169
Lei,Germany,Lei,male,57,37
Keisuke,Japan,Keisuke,male,100,723
Mary,USA,Mary,female,98,20629
Yu,Germany,Yu,male,52,60
Jessica,USA,Jessica,female,99,36554
Wei,Germany,Wei,male,61,62
James,USA,James,male,100,47200
Thomas,Germany,Thomas,male,99,27141
Md,Australia,Md,male,100,20
Jon,USA,Jon,male,100,12707
Aimee,UK,Aimee,female,98,4602
Zhusheng,China,Zhusheng,male,75,4
Benjamin,Germany,Benjamin,male,100,5256
James,Canada,James,male,100,3085
Liyin,China,Liyin,unknown,50,2
Qianqian,China,Qianqian,female,90,42
Lu,China,Lu,male,56,370
Yue-Jin,China,Jin,male,61,856
Christophe,Austria,Christophe,male,86,7
Daniel,UK,Daniel,male,99,257742
Wang,China,Wang,male,62,2224
Alexander,Germany,Alexander,male,98,11884
Luojuan,Australia,,,,
Jianhua,USA,Jianhua,male,75,8
Ang,China,Ang,male,85,39
Michael,Germany,Michael,male,100,30913
Chenting,China,Chenting,female,100,3
Curt,Germany,Curt,male,100,32
Alina,Switzerland,Alina,female,97,174
David,Japan,David,male,100,604
Zhuolei,USA,,,,
Bruno,Spain,Bruno,male,99,2136
Deliang,Australia,Deliang,male,100,7
Christoph,Austria,Christoph,male,99,1835
Gonzalo,Spain,Gonzalo,male,99,5271
Michael,(USA),Michael,male,99,211741
Benjamin,"New Zealand",Benjamin,male,99,85
Yumiko,Japan,Yumiko,female,99,211
Yue,China,Yue,female,54,508
Xiaopeng,China,Xiaopeng,male,94,34
Man,"Republic of Korea",Man,male,91,8383
Susanne,Germany,Susanne,female,98,5764
Bingqing,China,Bingqing,female,90,10
Oleg,Ukraine,Oleg,male,100,3180
Makoto,Japan,Makoto,male,97,995
John,Australia,John,male,100,3215
Ge,China,Ge,male,83,75
Álvaro,Germany,Álvaro,male,100,11
Laura,Switzerland,Laura,female,97,1577
Marika,Poland,Marika,female,99,670
Joseph,UK,Joseph,male,99,63161
Xiaoyan,France,Xiaoyan,female,100,4
Xiao,Japan,Xiao,male,57,21
Zhigang,China,Zhigang,male,100,44
You-Gui,Japan,Gui,male,86,14
Michael,USA,Michael,male,100,65535
Santiago,"New Zealand",Santiago,male,67,3
Merle,Germany,Merle,female,93,170
Nathaniel,USA,Nathaniel,male,100,2500
Wai-Lun,China,Lun,male,84,38
Liyuan,USA,Liyuan,female,57,7
Claudine,UK,Claudine,female,98,9122
Weixin,USA,Weixin,unknown,50,2
Yufei,China,Yufei,male,70,57
Wenzhi,China,Wenzhi,male,80,10
Yusuke,Japan,Yusuke,male,100,1088
Yanfei,Japan,Yanfei,male,75,4
Elijah,Japan,Elijah,male,100,9
Landon,Canada,Landon,male,99,68
Christian,Germany,Christian,male,100,86
Nels,USA,Nels,male,99,70
Tetsuya,Japan,Tetsuya,male,100,490
Samuel,Switzerland,Samuel,male,99,846
Serhii,Ukraine,Serhii,male,99,80
Hang,USA,,,,
Joseph,France,Joseph,male,97,4219
Saravanakumar,Germany,Saravanakumar,male,100,219
Katsuhiko,Japan,Katsuhiko,male,100,102
Osama,"Saudi Arabia",Osama,male,99,1848
Manoj,USA,Manoj,male,100,337
Allan,USA,Allan,male,100,1835
Yue,China,Yue,female,54,508
Arthur,Germany,Arthur,male,99,738
Lei,China,Lei,male,77,1080
Mijoon,China,,,,
Olivier,USA,Olivier,male,98,304
Yuto,Japan,Yuto,male,100,198
João,Netherlands,João,male,96,28
Tobias,Germany,Tobias,male,100,9929
Tian,China,Tian,male,62,367
Gesche,Germany,Gesche,female,88,24
Ludmila,UK,Ludmila,female,99,7568
Jintao,USA,Jintao,male,100,3
Chuanyong,Germany,Chuanyong,male,75,4
Heng-Ying,France,Ying,female,79,70
Matthieu,France,Matthieu,male,99,10629
Ge,China,Ge,male,83,75
Mahsa,Germany,Mahsa,female,95,19
Ryo,Japan,Ryo,male,98,2022
Samantha,USA,Samantha,female,99,14072
Beau,USA,Beau,male,98,1015
Jie,Germany,Jie,female,73,15
Jan,Netherlands,Jan,male,96,13276
José,Netherlands,José,female,79,355
Taiki,Japan,Taiki,male,100,174
Magnus,Denmark,Magnus,male,100,191
Mickel,Netherlands,Mickel,male,96,27
David,France,David,male,98,65535
Jordi,France,Jordi,male,99,299
Peng,UK,Peng,male,84,1353
Terry,Canada,Terry,male,87,804
Cong,China,Cong,male,78,135
Richard,UK,Richard,male,99,97659
Adam,USA,Adam,male,100,23089
Chuxin,China,Chuxin,male,75,4
Nikos,Germany,Nikos,male,100,267
Wenjie,USA,Wenjie,male,56,25
Alexander,USA,Alexander,male,100,6939
Craig,UK,Craig,male,100,24286
Junjie,USA,Junjie,male,90,21
Jan,Belgium,Jan,male,98,4011
Sukalyan,Japan,Sukalyan,male,100,38
Michael,Canada,Michael,male,100,4889
Jesus,USA,Jesus,male,99,3233
Philip,Germany,Philip,male,100,1265
Allison,USA,Allison,female,99,7479
Ozan,Germany,Ozan,male,98,657
Bobin,USA,Bobin,male,71,7
Nicola,Spain,Nicola,male,68,210
Xin,China,Xin,male,62,851
Yu-Min,China,Yu,male,73,664
Debabrata,Germany,Debabrata,male,75,4
Jesse,USA,Jesse,male,95,10195
Xiaoyan,Germany,Xiaoyan,female,75,4
Shota,Japan,Shota,male,100,594
Kevin,Germany,Kevin,male,99,11155
Eva-Maria,Germany,Eva-Maria,female,99,344
D,Canada,,,,
Li,China,Li,male,68,1023
Marina,UK,Marina,female,98,57740
Vikas,USA,Vikas,male,100,240
Bin,Poland,Bin,male,100,3
Emilie,USA,Emilie,female,100,4937
Lukas,Germany,Lukas,male,100,3730
Jilai,Germany,Jilai,male,75,4
Neil,Australia,Neil,male,100,477
Jeroen,Australia,Jeroen,male,100,17
Lin-Song,Australia,Lin,female,57,35
Brice,Germany,Brice,male,97,36
Yanqiu,China,Yanqiu,female,89,9
Jonathan,USA,Jonathan,male,100,21578
Ke,Japan,Ke,male,88,51
Estefanía,Spain,Estefanía,female,98,566
Jiawang,China,Jiawang,male,100,4
Lorna,UK,Lorna,female,97,3108
Inga,Germany,Inga,female,97,560
Jia,China,Jia,female,54,498
Patrick,"United Kingdom",Patrick,male,98,3771
Prem,"South Korea",Prem,male,86,7
Wenpeng,China,Wenpeng,male,75,8
Mao,Germany,Mao,male,79,24
Yoshifumi,Japan,Yoshifumi,male,99,72
Elsie,USA,Elsie,female,100,4975
Ruibo,USA,Ruibo,unknown,50,2
Haruki,USA,Haruki,male,57,7
Peng,China,Peng,male,85,704
Karla,USA,Karla,female,98,2583
Ryo,Japan,Ryo,male,98,2022
Yang,USA,Yang,male,69,340
Anton,Netherlands,Anton,male,98,981
Dehui,USA,Dehui,female,75,4
Shengjian,"Saudi Arabia",Shengjian,male,100,3
Yupu,USA,Yupu,unknown,50,2
Timothy,USA,Timothy,male,100,9427
Ugo,Switzerland,Ugo,male,93,45
Linping,China,Linping,male,100,4
Shibdas,USA,Shibdas,male,100,5
Silvia,Canada,Silvia,female,100,61
Han,China,Han,male,67,533
Wenming,China,Wenming,male,100,12
Shengyu,China,Shengyu,male,57,7
Peter,Netherlands,Peter,male,99,10961
Elena,Switzerland,Elena,female,99,419
Shinichi,Japan,Shinichi,male,99,357
Justin,USA,Justin,male,100,25338
Pengtang,China,,,,
Kehua,China,Kehua,unknown,50,2
Payal,Germany,Payal,female,67,3
Hongming,"Saudi Arabia",Hongming,male,93,28
Shun-Suke,Japan,Shun,male,99,555
Wengang,Singapore,Wengang,male,75,4
Benjamin,UK,Benjamin,male,99,50718
Zhe,USA,Zhe,male,75,64
Dominik,USA,Dominik,male,100,5078
Min-Rui,Germany,Rui,male,97,211
Fan,USA,Fan,male,66,131
Polly,UK,Polly,female,92,2093
Yu-Peng,Germany,Peng,male,88,26
Ping,USA,Ping,male,56,90
Christian,Germany,Christian,male,100,86
Nikolai,"Czech Republic",Nikolai,male,100,8
Étienne,Canada,Étienne,male,100,60
Chen,China,Chen,male,61,2046
Kai,"Republic of Korea",Kai,male,96,28964
Giang,Singapore,Giang,male,75,4
Lan-Gui,Austria,Lan,male,80,5
Sameh,USA,Sameh,male,100,92
Holger,Germany,Holger,male,100,4362
Stefan,Germany,Stefan,male,97,20127
Kristof,Belgium,Kristof,male,99,1499
Yu-Heng,Taiwan,Heng,unknown,50,12
Oleksii,Germany,Oleksii,male,100,3
Hongcai,USA,Hongcai,male,100,3
Natalia,Germany,Natalia,female,99,902
Roland,Germany,Roland,male,99,3490
Priya,USA,Priya,female,99,515
Nikolaos,Netherlands,Nikolaos,male,100,6
Ivan,Switzerland,Ivan,male,100,789
Anders,Denmark,Anders,male,100,1449
Yisong,Spain,Yisong,male,93,15
Yi,China,Yi,male,73,459
Christopher,Germany,Christopher,male,99,3075
Rivka,Israel,Rivka,female,100,57
Shengtong,Germany,Shengtong,male,75,4
Jin,USA,Jin,male,68,337
Murali,Japan,Murali,male,100,3
Tomohiro,Japan,Tomohiro,male,100,395
Isaac,USA,Isaac,male,99,3762
Qing,China,Qing,female,54,451
Carsten,Netherlands,Carsten,male,100,43
Miwako,Japan,Miwako,female,100,33
Jonathan,USA,Jonathan,male,100,21578
Zhi-Long,Germany,Zhi,male,100,5
Thomas,Germany,Thomas,male,99,27141
Ji-Wei,China,Ji,male,82,92
Dustin,USA,Dustin,male,100,6507
Gisbert,Switzerland,Gisbert,male,98,96
Yuping,USA,Yuping,female,75,8
Selma,Netherlands,Selma,female,97,276
Zeliang,China,Zeliang,male,100,4
Lei,Sweden,Lei,male,57,7
Areum,"Republic of Korea",Areum,female,97,72
Danqing,China,Danqing,female,75,4
Shaohua,Germany,Shaohua,male,79,43
Nasiru,UK,Nasiru,male,95,351
Liqin,China,Liqin,female,89,9
Junpeng,Singapore,Junpeng,male,100,13
Lin,Germany,Lin,female,83,120
Jean-Nicolas,USA,Nicolas,male,100,1619
Kun,Germany,Kun,male,85,20
Xavier,UK,Xavier,male,99,27038
Edward,UK,Edward,male,99,24073
Nico,Germany,Nico,male,98,5061
Stefan,Germany,Stefan,male,97,20127
Hairong,China,Hairong,female,86,14
Jin-Hui,China,Jin,male,61,856
Bowen,Germany,Bowen,male,83,6
Marta,Switzerland,Marta,female,98,252
Xingxing,China,Xingxing,male,55,40
Yangyang,China,Yangyang,female,64,127
David,UK,David,male,99,381770
Ying,USA,Ying,female,85,200
Augusto,USA,Augusto,male,99,187
Mohammad,Turkey,Mohammad,male,100,209
Andrea,USA,Andrea,female,95,13332
Ting-Tian,China,Ting,female,81,465
Alexander,Germany,Alexander,male,98,11884
Ying,Australia,Ying,female,89,19
Tian-Ren,China,Ren,male,62,182
Peter,"New Zealand",Peter,male,99,523
Seungwoo,Korea,Seungwoo,male,98,84
Ewa,Poland,Ewa,female,98,21393
Amit,Switzerland,Amit,male,94,17
Anna,UK,Anna,female,98,184558
Giorgio,Canada,Giorgio,male,100,21
Alexander,Germany,Alexander,male,98,11884
Kai,China,Kai,male,95,430
Zhenhua,USA,Zhenhua,male,92,12
Diego,Canada,Diego,male,100,112
Neetipalli,India,,,,
Sebastian,Switzerland,Sebastian,male,100,387
Fuat,Deutschland,Fuat,male,96,6559
Katharina,Germany,Katharina,female,98,3998
Jing,Australia,Jing,female,63,19
Pei-Xi,Canada,Xi,male,56,9
Albert,Taiwan),Albert,male,98,31368
Jessica,USA,Jessica,female,99,36554
Samuel,USA,Samuel,male,100,6468
Anita,Slovenia,Anita,female,99,273
Hidenori,Japan,Hidenori,male,100,81
Lin,China,Lin,female,50,1431
Kyohei,Japan,Kyohei,male,100,133
Qing-Li,USA,Li,female,50,359
Hirosuke,Japan,Hirosuke,male,100,4
Aitao,Germany,,,,
Xinjian,China,Xinjian,male,100,5
Trung,Germany,Trung,male,96,25
Andrés,Spain,Andrés,male,99,2573
Denis,Russia,Denis,male,100,4644
K,India,,,,
Hui,China,Hui,male,54,700
Peng,Singapore,Peng,male,83,41
Yang,Switzerland,Yang,unknown,50,10
Xiaojiao,China,Xiaojiao,female,83,12
Chen,USA,Chen,male,61,302
Fabian,Germany,Fabian,male,99,4595
Hwansu,Korea,Hwansu,male,75,4
Sebastian,Switzerland,Sebastian,male,100,387
Tommy,China,Tommy,male,98,379
Raul,USA,Raul,male,99,2195
Lars,Denmark,Lars,male,100,1927
Xinsheng,China,Xinsheng,male,100,6
Haiyan,Sweden,Haiyan,female,92,186
Yusuke,Japan,Yusuke,male,100,1088
Meng,Germany,Meng,male,63,16
Benoit,Belgium,Benoit,male,98,1572
Matthew,USA,Matthew,male,100,30646
John,Canada,John,male,100,4453
Christoph,Austria,Christoph,male,99,1835
Christian,USA,Christian,male,100,48214
Lin,"Saudi Arabia",Lin,female,77,13
Hui,France,Hui,male,53,75
Lea,UK,Lea,female,97,17721
Paul,Germany,Paul,male,99,5117
Santosh,China,Santosh,male,100,8
Muqing,Germany,Muqing,female,67,6
Pranatchareeya,Canada,,,,
Yong-Guang,Germany,Guang,male,100,3
Robert,Germany,Robert,male,99,8458
Daniel,USA,Daniel,male,100,35866
Nathaniel,USA,Nathaniel,male,100,2500
Robert,China,Robert,male,98,503
Yunyun,China,Yunyun,female,85,33
Peihua,China,Peihua,female,63,8
Xiuxiu,Japan,Xiuxiu,female,94,31
Shin-Ichi,USA,Shin,male,66,82
Nipuni-Dhanesha,"Republic of Korea",Nipuni-Dhanesha,female,93,94
Guohong,Singapore,Guohong,unknown,50,2
Yan,USA,Yan,male,63,365
Zheliang,Japan,,,,
Yuichi,USA,Yuichi,male,100,16
Piyush,UK,Piyush,male,100,6513
Euan,UK,Euan,male,99,469
Gaolian,Australia,,,,
Cuiling,Switzerland,Cuiling,female,100,10
Patric,Korea,Patric,male,98,1939
Mahnseok,Switzerland,Mahnseok,male,75,4
Florian,USA,Florian,male,99,159
Joshua,Switzerland,Joshua,male,100,99
Adrian,China,Adrian,male,97,111
Dingben,China,,,,
Qing-Yuan,China,Qing,female,54,451
Robert,China,Robert,male,98,503
Hanafy,China,Hanafy,male,95,41
Chatchai,Singapore,Chatchai,male,75,4
Yan,China,Yan,female,69,1535
Bo,China,Bo,male,88,316
Yanbang,Germany,,,,
Shreyas,UK,Shreyas,male,100,1484
Kay,Canada,Kay,female,81,102
Feng,USA,Feng,male,84,104
John,Japan,John,male,99,665
Masahiro,Sweden,Masahiro,male,75,4
Chenghao,Spain,Chenghao,male,97,39
Stalin,China,Stalin,male,99,1029
Sofia,Canada,Sofia,female,98,95
Zhihua,USA,Zhihua,male,71,7
Mohamed,USA,Mohamed,male,99,2583
Yilong,UK,Yilong,male,98,43
Rana,USA,Rana,female,67,307
Cathleen,Santa,Cathleen,female,97,659
Kamalkishore,USA,Kamalkishore,male,75,4
Joseph,China,Joseph,male,99,328
Yunxi,USA,Yunxi,female,75,4
Dandan,Austria,Dandan,male,51,398
Mohammad,"Republic of Korea",Mohammad,male,99,47588
Michael,Japan,Michael,male,99,446
Ming,USA,Ming,male,73,237
Takuto,USA,Takuto,male,100,8
Stephen,USA,Stephen,male,100,16681
Junpeng,China,Junpeng,male,100,8
M,Russia,,,,
Kun,USA,Kun,male,82,71
Ksenia,USA,Ksenia,female,99,76
Bradley,Poland,Bradley,male,100,3
Ming,Japan,Ming,male,67,27
Anna,Germany,Anna,female,97,8276
Masatoshi,Germany,Masatoshi,male,99,178
Jason,UK,Jason,male,99,76567
Robert,USA,Robert,male,100,43118
Paul,China,Paul,male,99,805
Xin,France,Xin,female,61,46
Zibao,Netherlands,,,,
Anoop,Canada,Anoop,male,100,11
Chunliang,China,Chunliang,male,100,4
Dainis,China,Dainis,male,99,192
Hui,ROC,Hui,female,52,1684
Chengcheng,China,Chengcheng,female,53,36
Bhanudas,Spain,Bhanudas,male,100,61
Erqing,China,,,,
Marta,Switzerland,Marta,female,98,252
Qionghua,China,,,,
Zhe,Germany,Zhe,male,100,7
Yang,China,Yang,male,65,1965
Florian,France,Florian,male,99,18108
Hai-Jun,USA,Hai,male,91,181
Le,Japan,Le,male,55,42
Ming-Hua,Australia,Ming,male,70,23
Hao,Taiwan,Hao,male,95,99
Koichi,China,Koichi,male,100,3
Nitin,Germany,Nitin,male,100,18
Duan-Yen,Sweden,Yen,female,100,3
Guigang,Canada,,,,
Siegfried,China,Siegfried,male,100,3
Gergely,USA,Gergely,male,94,17
Tairan,Spain,Tairan,male,100,18
Wen,Germany,Wen,female,54,26
John,India,John,male,99,4419
Hye-Sung,USA,Sung,male,85,114
Wusheng,"Saudi Arabia",Wusheng,male,100,7
Dang,China,Dang,male,75,28
K,USA,,,,
Gary,Korea,Gary,male,99,34244
Anissa,USA,Anissa,female,97,340
Hong-Jie,India,Hong,male,67,6
Piotr,Germany,Piotr,male,99,720
Jae-Sung,USA,Sung,male,85,114
Jing,Italy,Jing,female,71,21
A,Canada,,,,
Anika,Japan,Anika,female,100,4
Hua,Singapore,Hua,male,86,14
Sara,USA,Sara,female,99,13063
Zheng,Switzerland,Zheng,male,76,882
Chao,Germany,Chao,male,90,21
Yi,USA,Yi,male,56,263
Richard,Japan,Richard,male,99,237
Jason,UK,Jason,male,99,76567
Stefan,Germany,Stefan,male,97,20127
Huiling,USA,Huiling,female,100,49
Sungmin,Germany,Sungmin,male,92,238
Xiaoyu,Korea,Xiaoyu,female,56,275
Josephin,Germany,Josephin,female,98,45
Yuji,Germany,Yuji,male,75,4
Benesh,USA,Benesh,male,75,4
Young,Germany,Young,male,100,51
Shaodong,Poland,Shaodong,male,100,4
Christoph,China,Christoph,male,100,7
Javier,USA,Javier,male,99,2984
Dirk,Germany,Dirk,male,99,8318
Taye,Germany,Taye,male,75,4
Yinlin,USA,Yinlin,male,100,4
Matthew,Canada,Matthew,male,100,2097
Philipp,China,Philipp,male,100,14
Demelza,Japan,Demelza,female,75,4
Alexander,Germany,Alexander,male,98,11884
Mingxin,Germany,Mingxin,male,79,19
Zhengjin,China,Zhengjin,male,75,4
Hiroyasu,UK,Hiroyasu,male,100,57
Tatsumi,France,Tatsumi,male,90,51
Dzmitry,Germany,Dzmitry,male,100,3
Enguo,Germany,Enguo,male,75,4
Samantha,Germany,Samantha,female,95,552
Jérémy,Singapore,Jérémy,male,99,9877
Deniz,Germany,Deniz,male,88,4315
Wolfgang,China,Wolfgang,male,93,14
Suzanne,France,Suzanne,female,96,1631
Chun,Germany,Chun,unknown,50,6
Julian,USA,Julian,male,98,2877
Dazhen,Japan,Dazhen,male,67,3
Florencia,Japan,Florencia,female,100,4
Qingnan,Germany,Qingnan,male,89,9
Joshua,France,Joshua,male,98,480
Keiji,China,Keiji,male,75,4
Shuhei,USA,Shuhei,male,100,8
Hang,Japan,,,,
Qian,Germany,Qian,female,70,10
Peiqun,UK,,,,
Bo,Germany,Bo,male,91,178
Shuich,China,,,,
Jens,China,Jens,male,100,16
Ivo,USA,Ivo,male,99,96
Sebastian,"Czech Republic",Sebastian,male,99,178
Zhen,"Republic of Korea",Zhen,male,64,631
Qiang,Spain,Qiang,male,80,5
Wei,Italy,Wei,male,57,28
Philip,USA,Philip,male,100,5264
Jae,USA,Jae,male,63,550
Cristina,China,Cristina,female,97,67
Silvia,Korea,Silvia,female,98,61342
Dan,Germany,Dan,male,96,937
Stephen,Japan,Stephen,male,100,96
Yelong,UK,Yelong,male,75,4
Han,USA,Han,male,67,259
Matthias,"Republic of Korea",Matthias,male,100,17148
Mikhail,China,Mikhail,male,100,12
Paul,Netherlands,Paul,male,99,4724
Shaobo,China,Shaobo,male,94,18
Yonghyun,Germany,Yonghyun,male,97,39
Tao,China,Tao,male,89,751
Joel,Germany,Joel,male,96,524
Lei,UK,Lei,male,59,2374
Jie,Slovenia,Jie,male,61,1651
Tao-Yan,China,Tao,male,89,751
Christophe,USA,Christophe,male,100,249
Feilin,France,Feilin,female,100,5
Matjaž,UK,Matjaž,male,100,478
Zhaowei,USA,Zhaowei,unknown,50,2
Danielle,Austria,Danielle,female,100,12
Chloé,Japan,Chloé,female,75,4
Lewis,Germany,Lewis,male,97,66
Rachel,Japan,Rachel,female,100,75
Tilman,Japan,Tilman,male,97,142
Tatsuya,Germany,Tatsuya,male,75,4
Rosa,Japan,Rosa,female,96,119
Graeme,Germany,Graeme,male,100,10
Prashant,China,Prashant,male,100,9
Robin,USA,Robin,female,83,8088
Zhenxin,USA,Zhenxin,male,75,8
Jenny,Italy,Jenny,female,96,2284
Ziqing,Germany,Ziqing,male,75,16
Ru-Yi,"Saudi Arabia",Ru,male,60,5
Subrata,Germany,Subrata,male,75,4
Flavio,France,Flavio,male,98,297
Annette,Japan,Annette,female,100,4
Wei,France,Wei,male,59,70
Guang-Hui,Japan,Guang,male,100,4
Claire,Japan,Claire,female,92,36
Tristan,China,Tristan,male,95,44
Anis,China,Anis,male,88,16
Yasuaki,Japan,Yasuaki,male,100,72
Daisuke,Germany,Daisuke,male,89,9
Qing,Japan,Qing,female,60,5
Benjamin,Germany,Benjamin,male,100,5256
Yuto,Israel,Yuto,male,100,234
Peter,Germany,Peter,male,99,21321
Yoshiyuki,USA,Yoshiyuki,male,75,4
Marcel,China,Marcel,male,96,47
Daniel,Germany,Daniel,male,99,22784
Katja,India,Katja,female,98,6843
Ryan,Belgium,Ryan,male,99,177
Xiao-Yong,Netherlands,Yong,male,100,7
Thomas,Australia,Thomas,male,100,779
Avishek,"South Korea",Avishek,male,100,914
Piero,Australia,Piero,male,100,7
Hans,Germany,Hans,male,97,10718
Shunfan,China,Shunfan,male,75,4
Kyung,France,Kyung,female,75,4
Hiu,Switzerland,Hiu,male,75,4
Engin,Italy,Engin,male,100,7
Zhixin,Japan,Zhixin,male,75,4
Lara,Germany,Lara,female,97,1547
Laura,China,Laura,female,98,271
Francesco,China,Francesco,male,98,59
Shungo,India,Shungo,male,100,20
Mariusz,"United Kingdom",Mariusz,male,99,1220
Hailian,USA,Hailian,female,95,19
Yonggang,USA,Yonggang,male,75,4
Balaraman,USA,Balaraman,male,75,4
Ian,Germany,Ian,male,99,227
Chengxiang,Germany,Chengxiang,male,75,8
Shuguang,China,Shuguang,male,100,11
Chuangang,Australia,,,,
Gregor,UK.,Gregor,male,99,3274
Huaixia,Japan,,,,
Shogo,France,Shogo,male,99,365
Guangying,China,Guangying,male,75,4
Yalong,USA,Yalong,male,89,9
Thomas,China,Thomas,male,99,449
Ryosuke,Singapore,Ryosuke,male,100,3
Monica,China,Monica,female,98,370
Ke,China,Ke,male,84,144
Wenlong,USA,Wenlong,male,100,5
Chao,Spain,Chao,male,71,35
Zdeněk,Germany,Zdeněk,male,100,7
Chao,UK,Chao,male,86,1135
Ling,China,Ling,female,82,646
Stefan,Germany,Stefan,male,97,20127
David,Germany,David,male,99,10714
Thomas,Spain,Thomas,male,99,642
Steven,Australia,Steven,male,100,853
Peng,Greece,Peng,female,75,4
Shengtong,Singapore,Shengtong,male,75,4
Han,USA,Han,male,67,259
José,China,José,male,100,16
J,China,,,,
Anastasios,China,Anastasios,male,75,4
Hua,Korea,Hua,male,52,891
Wenshuai,USA,,,,
Hai-Yang,Germany,Hai,male,87,54
Wen-Xin,UK,Wen-Xin,male,50,3644
Benxiang,UK,,,,
Gyu,China,Gyu,male,75,4
Alison,Germany,Alison,female,88,34
Manuel,Austria,Manuel,male,99,1705
Jessica,Germany,Jessica,female,99,5913
Peng,USA,Peng,male,91,133
Clemens,USA,Clemens,male,100,25
Jun,USA,Jun,male,86,387
Hui,USA,Hui,female,51,102
Maria,Germany,Maria,female,97,6846
Sébastien,Italy,Sébastien,male,94,17
Linus,Australia,Linus,male,100,11
Qilin,"Republic of Korea",Qilin,male,76,17
Elizabeth,Russia,Elizabeth,female,99,211
Yan,USA,Yan,male,63,365
Sviatlana,Germany,Sviatlana,female,100,4
Alessandro,Germany,Alessandro,male,97,865
Bo,USA,Bo,male,91,1184
Kai-Jie,UK,Kai-Jie,male,87,12908
Roald,China,Roald,male,100,214
Xiben,China,Xiben,female,75,4
Lei,Australia,Lei,male,63,24
Sudhakar,UK,Sudhakar,male,99,2064
Martins,Germany,Martins,male,91,54
Timothy,Russia,Timothy,male,100,30
Haixia,UK,Haixia,female,100,35
Xiaojun,USA,Xiaojun,male,71,7
Tiia,Germany,Tiia,female,75,4
William,Germany,William,male,98,951
Paul,China,Paul,male,99,805
Michael,USA,Michael,male,100,65535
Michael,USA,Michael,male,100,65535
Yun,China,Yun,female,53,415
Tobias,Germany,Tobias,male,100,9929
Lei,Netherlands,Lei,male,89,45
Biao,Germany,Biao,male,75,4
Jason,China,Jason,male,99,2270
Christian,Belgium,Christian,male,100,48300
Lina,Netherlands,Lina,female,98,273
Michael,USA,Michael,male,100,65535
Vincent,USA,Vincent,male,100,4308
Mario,Ireland,Mario,male,98,121
Zhaoming,UK,Zhaoming,male,100,6
Antony,Singapore,Antony,male,100,30
Supitchaya,Germany,Supitchaya,female,100,28
Yulia,USA,Yulia,female,99,137
Weimin,USA,Weimin,male,90,10
Chris,USA,Chris,male,96,56027
Ekaterina,France,Ekaterina,female,99,85
Yajuan,Japan,Yajuan,female,100,12
Peter,Singapore,Peter,male,99,480
Bo,USA,Bo,male,91,1184
Tao,Canada,Tao,male,83,18
Mikhail,Korea,Mikhail,male,100,4873
Samuel,USA,Samuel,male,100,6468
Kensuke,Canada,Kensuke,male,75,4
Jing,China,Jing,female,78,1267
Clifton,France,Clifton,male,100,7
Charles,Germany,Charles,male,76,613
Sung-Yoon,USA,Sung,male,85,114
Casey,UK,Casey,male,58,8670
Kenneth,USA,Kenneth,male,100,7907
Jian-Heng,USA,Jian,male,84,124
Bernhard,USA,Bernhard,male,98,44
Przemysław,Germany,Przemysław,male,100,31
Min,Germany,Min,female,61,56
Antonios,Fujian,Antonios,male,99,413
Wei,Switzerland,Wei,male,94,16
Melissa,UK,Melissa,female,98,53987
Marlena,China,Marlena,female,75,4
Philipp,UK,Philipp,male,99,8496
Alexander,USA,Alexander,male,100,6939
Jian,Netherlands,Jian,male,67,6
Maksym,China,Maksym,male,75,4
Alexander,Spain,Alexander,male,98,1857
Huaguang,USA,Huaguang,male,75,4
Toni,Germany,Toni,male,97,3962
Shiyu,Germany,Shiyu,female,75,4
Hidde,Germany,Hidde,male,75,4
Cheng-Xia,Japan,Cheng,male,67,12
Adrian,USA,Adrian,male,93,4745
Marco,Germany,Marco,male,99,12863
Przemysław,Japan,Przemysław,male,75,4
Heinrich,Netherlands,Heinrich,male,100,20
Tim,Switzerland,Tim,male,100,513
Yuji,Germany,Yuji,male,75,4
Qilei,Israel,Qilei,male,80,5
Anton,Korea,Anton,male,99,24300
Tomohiro,Germany,Tomohiro,male,100,4
Milon,Germany,Milon,male,97,345
Guillaume,Germany,Guillaume,male,99,70
Tile,UK,,,,
Denis,India,Denis,male,98,105
Swarbhanu,Japan,Swarbhanu,male,75,4
Philipp,USA,Philipp,male,100,91
Moritz,Japan,Moritz,male,75,4
Pierre-Georges,USA,Georges,male,100,106
Prasenjit,Japan,Prasenjit,male,75,4
Trinadh,China,Trinadh,male,100,116
Hideyuki,Germany,Hideyuki,male,100,204
Puzhou,Japan,,,,
Takashi,China,Takashi,male,100,9
Tiago,Israel,Tiago,male,75,4
Yongming,China,Yongming,male,94,18
Takuo,USA,Takuo,male,75,4
Xiaojun,USA,Xiaojun,male,71,7
Shaodong,USA,Shaodong,male,100,4
Yasunori,China,Yasunori,male,75,4
Xiaofeng,Germany,Xiaofeng,unknown,50,2
Boris,Germany,Boris,male,100,1099
Haipeng,Germany,Haipeng,male,75,4
Qing-Wei,Japan,Wei,male,70,53
Ethan,Switzerland,Ethan,male,97,29
Rong,Japan,Rong,female,67,3
Jian,Japan,Jian,male,100,9
Kapil,China,Kapil,male,100,9
Stephanie,Spain,Stephanie,female,99,369
Sven,USA,Sven,male,99,212
Martin,China,Martin,male,99,466
Oliver,Korea,Oliver,male,98,22853
Takuro,China,Takuro,male,97,116
Chen,China,Chen,male,61,2046
Wei,France,Wei,male,59,70
Ruth,USA,Ruth,female,99,3708
Jeremy,USA,Jeremy,male,100,16054
Lu,Netherlands,Lu,female,55,20
Mijin,Denmark,Mijin,female,94,86
Wen,"South Korea",Wen,male,59,17
Yong,Germany,Yong,male,75,12
Nikita,China,Nikita,female,74,61
Xiahui,China,,,,
Jie,Netherlands,Jie,male,55,11
Sam,Taiwan,Sam,male,98,973
Bjarke,USA,Bjarke,male,75,4
Abhik,Germany,Abhik,male,100,320
Lei,China,Lei,male,77,1080
Bo,Germany,Bo,male,91,178
Longbiao,USA,Longbiao,male,100,3
Ming,Netherlands,Ming,male,71,17
Yi-Ting,Australia,Yi,male,57,23
Gregory,Switzerland,Gregory,male,100,172
Peter,UK,Peter,male,99,146529
Yong,Singapore,Yong,male,85,124
Anita,Japan,Anita,female,98,46
Stephen,Korea,Stephen,male,99,46085
Shoma,Germany,Shoma,male,67,155
Michael,Germany,Michael,male,100,30913
Nicholas,Germany,Nicholas,male,99,141
Caroline,USA,Caroline,female,99,4455
William,Germany,William,male,98,951
Hui-Jie,Germany,Hui,male,77,47
Yuki,China,Yuki,female,95,332
Ievgen,USA,Ievgen,male,75,4
Fabian,China,Fabian,male,95,22
Merle,"Republic of Korea",Merle,female,76,829
Thomas,UK,Thomas,male,99,129177
Rosemary,USA,Rosemary,female,98,1206
Paul,Germany,Paul,male,99,5117
Dominik,USA,Dominik,male,100,5078
Gongping,China,Gongping,male,75,4
Xinxing,Spain,Xinxing,male,71,14
Liang,USA,Liang,male,87,106
Hyo-Jin,Germany,Jin,male,69,72
Weimin,Germany,Weimin,male,75,4
Francisco,USA,Francisco,male,100,2954
Tobias,Singapore,Tobias,male,100,11
Nathan,Germany,Nathan,male,99,139
Hao-Cheng,China,Hao,male,89,723
Eloisa,China,Eloisa,female,75,4
Yutao,Switzerland,Yutao,male,89,19
Robin,Netherlands,Robin,male,88,2699
Kai,China,Kai,male,95,430
Andrew,Japan,Andrew,male,100,219
Shaoqiang,Japan,Shaoqiang,male,100,5
Martin,USA,Martin,male,100,5868
Xiaojie,China,Xiaojie,male,51,43
Chao,UK,Chao,male,86,1135
Wangqing,Austria,Wangqing,male,67,6
Ralph,Japan,Ralph,male,94,16
Li,Canada,Li,female,56,57
Shin,Germany,Shin,male,90,20
Taito,UK,Taito,male,89,47
Steven,USA,Steven,male,100,19562
Wei,USA,Wei,male,75,391
Lior,UK,Lior,male,86,739
Florian,"Republic of Korea",Florian,male,99,31950
Cedric,Germany,Cedric,male,99,292
Younghoon,USA,Younghoon,male,100,9
Teresa,China,Teresa,female,99,163
Chun,"Saudi Arabia",Chun,male,73,905
Aleksandar,Japan,Aleksandar,male,100,3
Rachael,Switzerland,Rachael,female,75,4
Benjamin,Rep,Benjamin,male,99,50718
Da,Spain,Da,male,84,203
Sho,Germany,Sho,male,60,15
Sang,Germany,Sang,male,86,7
Qiong-Jie,USA,Qiong,female,85,13
Jin,USA,Jin,male,68,337
Takashi,China,Takashi,male,100,9
Christoph,Germany,Christoph,male,100,5773
Woohyun,Canada,Woohyun,male,96,48
Susana,USA,Susana,female,100,5659
Thibault,USA,Thibault,male,100,25
Felix,Netherlands,Felix,male,99,188
Shenshen,China,Shenshen,female,100,3
Jinbin,USA,Jinbin,female,75,4
Yuntao,Sweden,Yuntao,male,92,24
Nils-Alexander,Japan,Alexander,male,100,115
Satoshi,Denmark,Satoshi,male,99,1177
Brandon,Germany,Brandon,male,97,146
Wiktoria,China,Wiktoria,female,98,1829
Daphne,Germany,Daphne,female,100,27
Tian-Lu,China,Tian,male,62,367
Shuai,USA,Shuai,male,74,23
Lindsay,Germany,Lindsay,female,96,46
Kouhei,Switzerland,Kouhei,male,99,182
Thomas,Germany,Thomas,male,99,27141
Jashobanta,Switzerland,Jashobanta,male,100,19
Wangyin,UK,,,,
Muthukumar,Germany,Muthukumar,male,99,311
Wei-Peng,Japan,Peng,male,75,16
Supriya,Switzerland,Supriya,female,75,4
K,China,,,,
Tu,USA,Tu,male,68,126
Emmanuel,Spain,Emmanuel,male,91,415
Margherita,Singapore,Margherita,female,98,4332
Gema,UK,Gema,female,96,5626
Steffi,France,Steffi,female,97,87
Junki,Germany,Junki,male,100,3
Manuel,Spain,Manuel,male,99,38516
Wenlong,China,Wenlong,male,100,38
C,China,,,,
Moisés,Japan,Moisés,male,75,4
Xiao,China,Xiao,male,56,757
Joshua,Singapore,Joshua,male,100,215
Santanu,France,Santanu,male,75,4
Ke-Yin,China,Ke,male,84,144
Empar,Netherlands,Empar,female,99,93
Wanwan,USA,Wanwan,female,72,109
Tian,USA,Tian,male,57,81
Yasuhiro,USA,Yasuhiro,male,100,14
Qiaoli,France,Qiaoli,female,78,9
Changmin,USA,Changmin,male,100,4
Angela,Switzerland,Angela,female,96,708
Juan-Ding,Japan,Juan,male,96,224
Bidraha,Spain,,,,
Tao,Japan,Tao,male,81,31
Suming,USA,Suming,female,75,4
Stephanie,China,Stephanie,female,100,245
Ernesto,China,Ernesto,male,100,17
Julian,UK,Julian,male,95,24021
Takuya,China,Takuya,male,100,5
Hiroyuki,China,Hiroyuki,male,100,6
Kranti,UK,Kranti,male,64,222
Suguru,UK,Suguru,male,99,106
Ming-Hsiu,USA,Ming,male,73,237
Jun,Singapore,Jun,male,83,147
Jianzhong,China,Jianzhong,male,93,15
Elena,Netherlands,Elena,female,98,235
Zhihua,Germany,Zhihua,male,75,4
Jiansheng,China,Jiansheng,male,100,7
Tom,France,Tom,male,99,8685
Ai,France,Ai,female,70,20
Weijia,Spain,Weijia,male,57,44
Yaqing,China,Yaqing,female,75,8
Qinggong,USA,,,,
Roberto,USA,Roberto,male,99,2676
Xenia,China,Xenia,female,100,18
Minqiang,USA,Minqiang,male,100,3
Solène,China,Solène,female,100,4
Martin,USA,Martin,male,100,5868
Oriana,China,Oriana,female,100,3
Lipiao,UK,,,,
Yanfei,Germany,Yanfei,female,55,31
Jie,Sweden,Jie,female,100,5
Shuguang,Australia,Shuguang,male,100,13
Jeffrey,Germany,Jeffrey,male,99,238
Can,Japan,Can,male,90,20
Nick,UK,Nick,male,98,55264
Ling,USA,Ling,female,79,125
Jacek,Ireland,Jacek,male,100,125
Markus,"Czech Republic",Markus,male,100,97
Erik,UK,Erik,male,96,31753
Aaron,Switzerland,Aaron,male,99,149
Susanne,Japan,Susanne,female,100,4
Jing,China,Jing,female,78,1267
Romina,USA,Romina,female,93,194
Fengfeng,Australia,Fengfeng,male,64,25
Joseph,UK,Joseph,male,99,63161
Mariana,India,Mariana,female,88,16
Arnaud,Switzerland,Arnaud,male,100,265
Corinne,Germany,Corinne,female,100,61
Riku,Germany,Riku,male,100,8
Guang,Germany,Guang,male,100,3
Binbin,Germany,Binbin,female,75,4
Yinlong,Israel,Yinlong,male,83,6
Robert,Japan,Robert,male,100,230
Promita,India,Promita,female,95,22
Daniel,Germany,Daniel,male,99,22784
Immo,Germany,Immo,male,100,35
Guang-Hui,USA,Guang,male,95,20
Martin,China,Martin,male,99,466
Manuela,USA,Manuela,female,94,227
Alon,USA,Alon,male,98,86
Takashi,USA,Takashi,male,98,49
Ram,USA,Ram,male,97,407
Roland,France,Roland,male,98,4241
Carmen,UK,Carmen,female,98,54029
Songping,Germany,Songping,female,67,3
Deliang,USA,Deliang,male,100,5
Yftah,,Yftah,male,75,4
Olga,USA,Olga,female,98,1278
Yan,Germany,Yan,female,100,29
Fei,USA,Fei,male,61,97
Yong,Korea,Yong,male,87,2262
Raghidah,USA,Raghidah,female,75,4
Aurélien,USA,Aurélien,male,100,18
Haoyu,China,Haoyu,male,94,16
Marianna,Sweden,Marianna,female,100,16
Dongbing,UK,,,,
Stephanie,Spain,Stephanie,female,99,369
David,China,David,male,99,2917
Seong,UK,Seong,male,93,255
Pavel,Russia,Pavel,male,100,4094
Daniel,USA,Daniel,male,100,35866
Yang,India,Yang,male,84,19
Marcus,China,Marcus,male,98,60
Ritu,China,Ritu,female,75,4
Javier,France,Javier,male,99,367
Gen,China,Gen,male,72,25
Karol,Japan,Karol,female,85,13
Konstantin,Spain,Konstantin,male,98,61
Frederick,USA,Frederick,male,99,1236
Mothukuri,USA,Mothukuri,male,100,7
Ning,China,Ning,male,61,378
Xiangbing,UK,Xiangbing,male,75,4
Sigrid,China,Sigrid,female,100,8
Dong,Switzerland,Dong,male,75,4
Fengtao,Japan,Fengtao,male,75,4
Javier,USA,Javier,male,99,2984
Roger,Spain,Roger,male,99,2029
Derek,Japan,Derek,male,100,51
Zejun,Germany,Zejun,male,67,9
Angelina,USA,Angelina,female,95,1517
Wenping,China,Wenping,female,58,12
Thomas,Germany,Thomas,male,99,27141
Toshiyuki,China,Toshiyuki,male,100,285
Xin,Japan,Xin,male,61,23
Nicolás,Germany,Nicolás,male,100,8
Tomoya,USA,Tomoya,male,100,15
Carlos,UK,Carlos,male,99,174998
R,USA,,,,
Jiefeng,Singapore,Jiefeng,male,100,5
Xiu-Jun,Switzerland,Jun,male,91,11
Xingxing,Japan,Xingxing,female,67,3
Kenichi,USA,Kenichi,male,100,22
Jinsong,Germany,Jinsong,male,93,40
Sanghan,USA,Sanghan,male,100,7
Alasdair,Germany,Alasdair,male,75,4
Daniele,China,Daniele,male,96,25
Yongqi,Netherlands,Yongqi,male,82,17
Claudio,"South Korea",Claudio,male,100,36
Shintaro,USA,Shintaro,male,92,12
Yamin,UK,Yamin,male,74,470
Masoud,USA,Masoud,male,98,86
Taegyo,Japan,Taegyo,male,75,4
Tim,Italy,Tim,male,96,147
Kezhu,USA,,,,
Ana,USA,Ana,female,98,4922
Pramod,China,Pramod,male,100,3
Eric,Poland,Eric,male,99,85
Patrick,Korea,Patrick,male,99,118290
Máté,Germany,Máté,male,100,5
Yuta,Germany,Yuta,female,75,4
Fabio,USA,Fabio,male,100,612
Hui,USA,Hui,female,51,102
Bin,Japan,Bin,male,86,22
Lifeng,Italy,Lifeng,male,80,56
Shuguang,Korea,Shuguang,male,100,13
Kiho,USA,Kiho,male,75,4
Zi,Singapore,Zi,male,53,15
Wei,UK,Wei,male,73,4003
Bobo,Singapore,Bobo,male,60,25
Feng,Singapore,Feng,male,72,46
Shih-Hsun,USA,Shih,unknown,50,6
Yue,Japan,Yue,female,69,13
Jang,China,Jang,male,69,16
Changxia,China,Changxia,female,75,4
Han,UK,Han,male,72,4580
Holger,UK,Holger,male,99,4992
Bin,Taiwan,Bin,male,95,43
Wangdong,Singapore,Wangdong,male,75,4
Stephanie,USA,Stephanie,female,99,24141
Sanpon,Canada,Sanpon,unknown,50,2
Zhong-Wei,Denmark,Wei,female,75,4
Jiwen,USA,Jiwen,male,63,8
Ying,China,Ying,female,86,923
Iain,Germany,Iain,male,100,17
Hung-Chia,USA,Hung,male,98,264
Gia,USA,Gia,female,99,5086
Sunil,Germany,Sunil,male,95,21
Xianchan,India,,,,
Jiangtao,France,Jiangtao,male,100,28
Wanwan,Poland,Wanwan,female,72,109
Sheri,USA,Sheri,female,99,1808
Huan,Germany,Huan,male,94,16
Lisa,USA,Lisa,female,99,25941
Christian,China,Christian,male,100,48300
Mona,China,Mona,female,97,74
Jörn,Germany,Jörn,male,99,640
Soumen,Germany,Soumen,male,75,4
Maria,Australia,Maria,female,97,408
Nina,India,Nina,female,96,124
Xuguang,USA,Xuguang,male,75,4
Jürgen,USA,Jürgen,male,100,28
Craig,Japan,Craig,male,100,45
Haowei,Japan,Haowei,male,93,30
Chunhui,Sweden,Chunhui,male,64,39
Vasileios,USA,Vasileios,male,100,8
Gerardo,Germany,Gerardo,male,99,87
Huy,Japan,Huy,male,94,17
Santanu,USA,Santanu,male,100,28
Sourav,USA,Sourav,male,100,32
Crystal,China,Crystal,female,100,46422
Kazuhiko,USA,Kazuhiko,male,100,5
Naoki,Germany,Naoki,male,75,4
Weiming,UK,Weiming,male,94,69
Tao,China,Tao,male,89,751
Stamatios,Germany,Stamatios,male,75,4
Matthieu,USA,Matthieu,male,99,94
Laurel,USA,Laurel,female,99,1066
Weijia,USA,Weijia,male,60,10
Zongyang,China,Zongyang,male,75,4
Johannes,China,Johannes,male,100,18
Jens,Germany,Jens,male,99,9230
Pengpeng,USA,Pengpeng,female,75,4
Kun-Hua,USA,Kun,male,82,71
Lei,Australia,Lei,male,63,24
T,Japan,,,,
Yilin,Japan,Yilin,female,73,120
Man-Rong,China,Man,male,72,185
Xiaoxia,Germany,Xiaoxia,female,75,4
Guipeng,Japan,Guipeng,male,75,4
Indrajit,France,Indrajit,male,100,652
Robert,Germany,Robert,male,99,8458
Hongkai,China,Hongkai,male,100,3
Aviva,France,Aviva,female,93,29
Tomonori,Japan,Tomonori,male,100,114
Yuki,Japan,Yuki,male,61,1797
Yinan,"Republic of Korea",Yinan,male,52,67
Martin,Japan,Martin,male,98,131
Masataka,China,Masataka,male,100,144
Elzbieta,China,Elzbieta,female,99,1859
Hao,Germany,Hao,male,91,23
Yifan,USA,Yifan,male,51,37
Chengshuo,Spain,,,,
Akira,USA,Akira,female,98,5084
Tomohiro,UK,Tomohiro,male,100,436
Hyun,Singapore,Hyun,male,100,5
Jieun,Korea,Jieun,female,96,360
Yannan,Korea,Yannan,female,53,15
Wenhui,China,Wenhui,male,62,26
Miguel,Japan,Miguel,male,99,153
Shuang,USA,Shuang,female,51,39
Ernest,China,Ernest,male,100,41
Jinbo,Japan,Jinbo,male,93,27
Noureldin,Germany,Noureldin,male,75,4
Zhujun,USA,Zhujun,female,75,4
Xing,China,Xing,male,72,292
Juna,Japan,Juna,female,75,4
Ze-Xin,Spain,Ze,male,92,36
Takuya,Spain,Takuya,male,75,4
Xiaoyong,China,Xiaoyong,male,100,21
Xue,China,Xue,female,74,300
Xiao,China,Xiao,male,56,757
Kai,Switzerland,Kai,male,97,118
Liang,Japan,Liang,male,100,9
Yahui,France,Yahui,female,75,4
Mohamed,USA,Mohamed,male,99,2583
Ekaterina,USA,Ekaterina,female,100,142
Tamara,China,Tamara,female,100,16
Xihong,USA,Xihong,female,75,4
Kuan,Germany,Kuan,male,76,277
Chao,Japan,Chao,male,86,22
Vincent,USA,Vincent,male,100,4308
Ying,China,Ying,female,86,923
Oksana,India,Oksana,female,75,4
Yan,USA,Yan,male,63,365
Philipp,China,Philipp,male,100,14
Ke-Yin,Germany,Ke,male,79,63
Nicola,Spain,Nicola,male,68,210
Robert,USA,Robert,male,100,43118
Yusuke,Spain,Yusuke,male,100,3
Guoliang,Germany,Guoliang,male,75,4
Wen,China,Wen,female,52,563
Tuhin,Germany,Tuhin,male,99,663
Seo-Jung,Germany,Jung,male,85,26
Xiaoli,France,Xiaoli,female,100,3
Sanghyuk,China,Sanghyuk,male,75,4
Manuel,Brazil,Manuel,male,99,487
Jungwun,Singapore,,,,
Giovanni,USA,Giovanni,male,100,9445
Shaodong,USA,Shaodong,male,100,4
Kang,France,Kang,male,100,13
Quan,"Saudi Arabia",Quan,male,75,4
Yong,Canada,Yong,male,95,19
Juan,France,Juan,male,97,1865
Jinxiong,USA,Jinxiong,male,100,6
Anderson,Japan,Anderson,male,100,239
Wei,Portugal,Wei,male,67,3
Shyam,Germany,Shyam,male,100,8
Emilie,USA,Emilie,female,100,4937
Elena,Singapore,Elena,female,97,31
Kasparas,USA,Kasparas,male,75,4
Hamed,China,Hamed,male,100,29
Julien,Germany,Julien,male,99,475
Jon,Japan,Jon,male,99,104
Xiongjie,USA,Xiongjie,male,100,11
Kristina,China,Kristina,female,100,37
Thomas,Japan,Thomas,male,99,151
Akila,"New Zealand",Akila,female,64,848
Xinyi,USA,Xinyi,female,95,22
Lingyan,Japan,Lingyan,female,90,30
Zhuofeng,Netherlands,Zhuofeng,male,75,4
Johannes,Germany,Johannes,male,99,3611
Ryuhei,Italy,Ryuhei,male,100,29
Maxwell,China,Maxwell,male,100,27
Jiandong,China,Jiandong,male,100,7
Kazuki,China,Kazuki,female,75,4
Ho,UK,Ho,male,76,1838
Yu,USA,Yu,male,64,274
Hirotatsu,Canada,Hirotatsu,male,75,4
Zoran,USA,Zoran,male,99,70
Daniel,"Republic of Korea",Daniel,male,99,257742
José,USA,José,male,99,355
Meng,China,Meng,male,53,425
Lu,Spain,Lu,female,73,343
Huihui,Belgium,Huihui,female,69,121
Xiaoman,China,Xiaoman,female,75,8
Justin,"Republic of Korea",Justin,male,98,43826
Muhammad,Germany,Muhammad,male,99,143
Kwahun,"Saudi Arabia",,,,
Yonghyun,Germany,Yonghyun,male,97,39
Zongyuan,Germany,Zongyuan,male,100,8
Gang,Taiwan,,,,
Yichen,"Saudi Arabia",Yichen,male,52,108
Zhiyue,USA,Zhiyue,male,75,4
Peng-Fei,France,Peng,male,85,27
Jin-Oh,China,Oh,female,63,8
Matthias,China,Matthias,male,100,21
Xiaoding,Japan,Xiaoding,male,80,5
Somenath,USA,Somenath,male,75,4
Shavkat,China,Shavkat,male,99,147
Sourav,Israel,Sourav,male,100,3933
Eleonora,USA,Eleonora,female,98,86
Feng-Feng,Taiwan,Feng,male,76,92
Sarah,UK,Sarah,female,98,127402
Munir,Japan,Munir,male,100,4
Kai,China,Kai,male,95,430
Yasuhiro,China,Yasuhiro,male,100,455
Brian,Deutschland,Brian,male,99,69588
Zhongyan,Germany,Zhongyan,male,67,6
Suman,China,Suman,male,58,12
Jihye,China,Jihye,female,100,6
Tien-Wen,Germany,Tien,male,75,8
Marina,Japan,Marina,female,97,158
Kazuhiro,UK,Kazuhiro,male,100,419
Jiangxi,China,,,,
Bingrui,USA,,,,
Dina,Japan,Dina,female,92,12
Atena,China,Atena,female,75,4
Wen,China,Wen,female,52,563
Huibin,Deutschland,Huibin,male,75,16
Vytautas,USA,Vytautas,male,100,13
Shoya,Japan,Shoya,male,100,54
Joshua,Japan,Joshua,male,100,111
Chong,Spain,Chong,male,75,4
Michael,Korea,Michael,male,99,211741
Hiroshi,India,Hiroshi,male,88,8
Songjie,UK,Songjie,male,63,8
Peng,Germany,Peng,male,88,26
Yuzhou,Australia,Yuzhou,male,75,4
Liumin,Australia,Liumin,female,67,3
Sho,Spain,Sho,male,58,12
Yuuya,USA,Yuuya,male,80,5
Javier,Switzerland,Javier,male,98,176
Sun-Min,Japan,Sun,male,75,48
Ananya,China,Ananya,female,75,4
Tom,USA,Tom,male,100,19527
Liangbin,Japan,Liangbin,male,100,4
Qiran,Switzerland,Qiran,unknown,50,4
Chongling,China,Chongling,female,75,4
Miguel,UK,Miguel,male,99,89766
Wolfgang,China,Wolfgang,male,93,14
Lukas,USA,Lukas,male,100,4368
Satoshi,Japan,Satoshi,male,100,1038
Xiao-Yan,UK,Xiao-Yan,male,70,10359
Mijoon,USA,,,,
Keisuke,Singapore,Keisuke,male,75,4
Zhaodong,France,Zhaodong,male,100,4
Xiaoyong,France,Xiaoyong,male,75,4
Timothy,Germany,Timothy,male,99,164
Fengmei,USA,Fengmei,female,100,9
Keith,Japan,Keith,male,93,55
Kazuki,USA,Kazuki,male,95,40
Blake,USA,Blake,male,96,4483
Yunyi,China,Yunyi,male,83,6
Tianshu,USA,Tianshu,male,75,4
Hugh,Germany,Hugh,male,82,22
Christos,USA,Christos,male,100,84
Abhishek,Austria,Abhishek,male,75,4
Shicheng,China,Shicheng,male,83,6
Lin-Song,USA,Lin,female,73,465
Shaojie,UK,Shaojie,male,81,21
Han,Japan,Han,male,88,32
Junjie,China,Junjie,male,95,108
Amy,Austria,Amy,female,93,28
Xiaodong,Spain,Xiaodong,male,100,3
Dokyoung,USA,Dokyoung,male,100,4
Eva,Israel,Eva,female,99,83
Wenlong,Germany,Wenlong,male,100,64
Niancao,Germany,,,,
Xiaowei,Germany,Xiaowei,male,63,164
Amit,Korea,Amit,male,99,37747
Yuki,China,Yuki,female,95,332
Kui,Germany,Kui,female,75,4
Amir,Germany,Amir,male,97,883
Juan,USA,Juan,male,99,7532
Yujia,USA,Yujia,female,55,11
Orestes,UK,Orestes,male,99,181
Kai,Austria,Kai,male,98,61
Jian,Netherlands,Jian,male,67,6
Sebastian,"Republic of Korea",Sebastian,male,99,47850
Hongjun,China,Hongjun,male,94,16
Qingnan,Israel,Qingnan,male,89,9
Tatsumi,Switzerland,Tatsumi,male,90,51
Vladimir,China,Vladimir,male,100,31
Tatsuya,USA,Tatsuya,male,94,18
Mikhail,China,Mikhail,male,100,12
Katherine,Japan,Katherine,female,100,33
Juliette,USA,Juliette,female,100,6801
Ming,Germany,Ming,unknown,50,16
Heejin,UK,Heejin,female,85,156
Yanyan,China,Yanyan,female,89,122
Dominika,Belgium,Dominika,female,100,12
Stefano,Spain,Stefano,male,100,334
Xiaofu,Singapore,Xiaofu,male,63,8
Luis,Italy,Luis,male,94,2239
Minghao,Germany,Minghao,male,100,54
Guangzhe,USA,Guangzhe,male,75,4
Dmitry,USA,Dmitry,male,100,349
Eric,UK,Eric,male,99,121922
Felix,USA,Felix,male,99,1537
Zhen,China,Zhen,male,68,311
Arno,China,Arno,male,100,19
Zhong-Hua,China,Zhong,male,68,185
Yawen,Switzerland,Yawen,female,91,78
Mauro,UK,Mauro,male,99,31683
Weiping,UK,Weiping,male,73,45
Dimitri,UK,Dimitri,male,99,11238
Wan-Lu,China,Lu,male,56,370
Guang,Germany,Guang,male,100,3
Sara,China,Sara,female,99,480
Jun,China,Jun,male,83,1190
Xiang-Jian,USA,Jian,male,84,124
Wanfei,Spain,Wanfei,female,75,4
Cyril,Japan,Cyril,male,80,15
Alexander,Sweden,Alexander,male,99,2458
James,Germany,James,male,98,1248
Hanafy,USA,Hanafy,female,75,4
Xiaofei,Singapore,Xiaofei,male,75,4
Shaodong,USA,Shaodong,male,100,4
Xiaoju,China,Xiaoju,unknown,50,2
Zhihua,Japan,Zhihua,male,84,44
Ana,China,Ana,female,97,118
Ana,China,Ana,female,97,118
Yusuke,Germany,Yusuke,male,99,1232
Youai,Singapore,,,,
Kim-Julia,Japan,Julia,female,98,121
Mansi,USA,Mansi,female,78,59
Tat,USA,Tat,male,63,24
Mark,Germany,Mark,male,100,75
Cai,USA,Cai,male,51,43
Ken-Ichi,USA,Ken,male,100,9888
Ting,China,Ting,female,81,465
Chen,Japan,Chen,male,63,62
Sarah,Korea,Sarah,female,98,127402
Xiaoyu,Spain,Xiaoyu,female,56,275
Kazuhiko,Singapore,Kazuhiko,male,75,4
Wen-Yang,Japan,Yang,male,77,44
Kai,Netherlands,Kai,male,94,131
Camille,Japan,Camille,female,68,22
Felix,China,Felix,male,98,268
Hainan,UK,Hainan,male,81,16
Zhi-Lei,China,Zhi,male,80,154
Svetlana,China,Svetlana,female,100,13
Juwon,China,Juwon,male,87,259
Daniel,Japan,Daniel,male,99,580
Youyong,Denmark,Youyong,male,75,4
Shota,Germany,Shota,male,57,7
Agata,Deutschland,Agata,female,98,14588
Masataka,China,Masataka,male,100,144
Zhan-Ming,China,Ming,male,83,826
Gabriella,France,Gabriella,female,97,191
Qing-Wei,USA,Wei,male,75,391
Mengyang,"Republic of Korea",Mengyang,female,54,26
Yan-Long,UK,Yan-Long,male,81,13023
Tsuyoshi,Singapore,Tsuyoshi,male,75,4
Bruce,China,Bruce,male,99,651
Miguel,Canada,Miguel,male,99,199
René,USA,René,male,72,97
Lin,China,Lin,female,50,1431
Bing,Germany,Bing,male,61,18
Xiaolan,Japan,Xiaolan,female,86,44
Gregory,USA,Gregory,male,100,6184
Tae-Hee,Spain,Tae,male,100,4
Michael,"Saudi Arabia",Michael,male,98,205
Chong-Jing,Japan,Chong,male,100,4
Bing,Switzerland,Bing,male,75,4
Joseph,China,Joseph,male,99,328
Stavros,China,Stavros,male,100,5
Zhen,UK,Zhen,male,64,631
Gabriele,USA,Gabriele,female,51,198
Ryo,Germany,Ryo,male,100,10
Yang,SA,Yang,male,89,9
Joan,USA,Joan,female,94,3086
Xiangqian,Israel,Xiangqian,male,100,7
Ryosuke,China,Ryosuke,male,75,4
Thomas,Switzerland,Thomas,male,99,3106
Keyi,"Republic of Korea",Keyi,male,53,19
Tao-Tao,Germany,Tao,male,91,33
Daphné,USA,Daphné,female,75,4
Jie,China,Jie,male,63,867
Benjamin,Japan,Benjamin,male,96,77
Xue,Russia,Xue,female,74,494
Sara,Germany,Sara,female,97,2278
Douglas,France,Douglas,male,98,247
Hamish,Sweden,Hamish,male,75,4
Jun,China,Jun,male,83,1190
M,Spain,,,,
Kyoung-Ik,Spain,Ik,male,100,10
Julia,Israel,Julia,female,95,99
Weiwei,USA,Weiwei,female,54,26
Xuehui,UK,Xuehui,female,55,11
Kuirun,Japan,,,,
Roman,Switzerland,Roman,male,100,7094
Tobias,Germany,Tobias,male,100,9929
Julie,Germany,Julie,female,98,436
Bin,China,Bin,male,92,677
Guoqiang,India,Guoqiang,male,100,25
Ana,USA,Ana,female,98,4922
Agustín,France,Agustín,male,100,5
Markus,France,Markus,male,99,217
Tesia,Switzerland,Tesia,female,96,56
Chong-Yong,Canada,Yong,male,95,19
Béatrice,China,Béatrice,female,100,5
Shunsuke,Japan,Shunsuke,male,100,280
Baochun,Canada,Baochun,male,67,3
Chun-Xiang,China,Xiang,male,76,414
Xu,China,Xu,male,76,420
Mohammad,"Saudi Arabia",Mohammad,male,98,4352
Xin-Xiong,Japan,Xin,male,61,23
Stephen,Germany,Stephen,male,99,331
David,Sweden,David,male,99,3586
Sofia,Germany,Sofia,female,97,514
Zhongshu,Japan,Zhongshu,male,75,4
Wesley,UK,Wesley,male,99,13241
Yu-Lan,Japan,Yu,male,75,711
Takanori,China,Takanori,male,100,3
Stephen,Germany,Stephen,male,99,331
Chao,India,Chao,male,100,6
Lu,China,Lu,male,56,370
Giada,UK,Giada,female,99,12842
Takao,UK,Takao,male,98,238
Matthias,USA,Matthias,male,100,3407
Tuo,Germany,Tuo,male,67,3
Sabrina,USA,Sabrina,female,99,3888
Przemyslaw,Germany,Przemyslaw,male,100,41
Jane,China,Jane,female,98,1248
Takamichi,Spain,Takamichi,male,100,23
Xin,China,Xin,male,62,851
Stefanie,Germany,Stefanie,female,98,5659
Tridib,Switzerland,Tridib,male,99,112
Qing-Yu,Singapore,Qing,female,65,20
Jonathan,China,Jonathan,male,99,287
Helena,USA,Helena,female,100,2994
Rishabh,Germany,Rishabh,male,75,4
Johannes,Germany,Johannes,male,99,3611
Veit,Germany,Veit,male,99,157
Bryan,Germany,Bryan,male,100,209
Andreas,"Republic of Korea",Andreas,male,99,44818
Tengfei,Japan,Tengfei,male,95,38
David,USA,David,male,100,65535
Shuanhong,China,,,,
Peter,USA,Peter,male,100,15502
Anna,Trinity,Anna,female,98,184558
Yu,USA,Yu,male,64,274
Emilia,France,Emilia,female,96,447
Firat,USA,Firat,male,100,11
Sabine,USA,Sabine,female,99,174
Yu,USA,Yu,male,64,274
Alexander,Slovenia,Alexander,male,96,24
Peter,Germany,Peter,male,99,21321
Dong-Kyu,Japan,Dong,male,92,12
Yudai,Germany,Yudai,male,75,4
William,Japan,William,male,100,202
Yutao,China,Yutao,male,93,14
Roberto,Germany,Roberto,male,99,1379
Victor,Canada,Victor,male,100,562
Xin,Ukraine,Xin,male,75,4
Xingyu,Spain,Xingyu,male,84,37
Ermal,China,Ermal,male,75,4
Zhiqiang,Germany,Zhiqiang,male,75,4
Matthew,Israel,Matthew,male,100,15
Matthias,China,Matthias,male,100,21
Izidor,UK,Izidor,male,97,86
Kathrin,Japan,Kathrin,female,98,3502
Kazunobu,USA,Kazunobu,male,75,4
Yue,China,Yue,female,54,508
Shota,China,Shota,male,75,4
Yuhai,Germany,Yuhai,male,89,9
Katharina,Switzerland,Katharina,female,98,151
Conor,India,Conor,male,100,6
Oleg,Germany,Oleg,male,99,393
Pablo,Spain,Pablo,male,99,25211
Yongzhen,USA,Yongzhen,male,75,4
Muhammad,France,Muhammad,male,99,139
Elvira,"South Korea",Elvira,female,86,7
Xiang,Austria,Xiang,male,77,750
Holger,USA,Holger,male,100,54
Takashi,France,Takashi,male,90,10
Matthew,Germany,Matthew,male,99,616
Peng,China,Peng,male,85,704
Geng-Wu,Germany,Wu,male,78,18
Dominik,Japan,Dominik,male,100,5
Patrick,Germany,Patrick,male,99,14512
Venkateswarlu,USA,Venkateswarlu,male,100,205
Guo-Qiang,India,Guo-Qiang,male,81,1103
Michael,Germany,Michael,male,100,30913
Huanhuan,China,Huanhuan,female,70,20
Rajendra,USA,Rajendra,male,99,71
Jie,USA,Jie,male,55,176
Karl,Spain,Karl,male,97,228
Hua,China,Hua,female,54,497
Christelle,USA,Christelle,female,99,94
Johannes,China,Johannes,male,100,18
Yancai,Taiwan,Yancai,unknown,50,2
Ju,China,Ju,male,64,36
Koji,China,Koji,male,94,16
GiovanniMaria,USA,Giovannimaria,male,100,3
Yongxing,Slovenia,Yongxing,male,100,5
Koushik,France,Koushik,male,100,1314
Tristan,Switzerland,Tristan,male,98,106
Yan-Long,Germany,Yan,female,100,29
Qing-Qing,Japan,Qing,female,60,5
Mie,France,Mie,female,82,22
Noelia,Germany,Noelia,female,97,31
Jin,Switzerland,Jin,male,63,16
Nandini,UK,Nandini,female,97,1225
Wei,Germany,Wei,male,61,62
Chuan-Hung,Japan,Hung,male,100,16
Teng,Austria,Teng,male,75,4
Na,Germany,Na,male,100,78
Zhongxing,USA,Zhongxing,male,67,3
Andrej,China,Andrej,male,75,4
Clément,USA,Clément,male,100,23
Mathieu,China,Mathieu,male,96,24
Matthew,USA,Matthew,male,100,30646
Daiki,USA,Daiki,male,100,4
Corentin,Germany,Corentin,male,75,4
Srimanta,Germany,Srimanta,male,100,84
Yun,China,Yun,female,53,415
Jani,USA,Jani,female,70,73
N,Switzerland,,,,
Kenji,Taiwan,Kenji,male,100,51
Sandra,Germany,Sandra,female,98,12614
Shirin,Germany,Shirin,female,96,154
Wenyuan,USA,Wenyuan,male,80,5
Qunwei,USA,Qunwei,male,75,4
Haizhou,Japan,Haizhou,male,85,13
Fuxiang,Spain,Fuxiang,male,100,3
Malte,USA,Malte,male,100,10
Garrett,China,Garrett,male,100,9
Zhi-Liang,Japan,Liang,male,100,9
Bernhard,Spain,Bernhard,male,100,16
Chaoren,Japan,Chaoren,male,80,5
Ashley,Germany,Ashley,female,87,204
Oliver,USA,Oliver,male,99,1490
Chiranjeevulu,Germany,Chiranjeevulu,male,100,4
Thea,Korea,Thea,female,97,2180
Samantha,UK,Samantha,female,98,35715
Takahito,Australia,Takahito,male,100,77
Robert,UK,Robert,male,99,145540
Ryo,Japan,Ryo,male,98,2022
Óscar,China,Óscar,male,75,4
Spencer,Germany,Spencer,male,92,38
Quangang,UK,,,,
Zhao-Yang,USA,Zhao,male,77,52
Toni,China,Toni,male,64,75
Kouji,China,Kouji,unknown,50,2
Jan,USA,Jan,female,77,3645
Lei,USA,Lei,male,57,231
Rian,Germany,Rian,male,83,24
Jiho,Germany,Jiho,male,100,3
Yuan,China,Yuan,male,51,765
Jingjing,Japan,Jingjing,female,75,4
Benedict,Germany,Benedict,male,99,96
Aiichiro,France,Aiichiro,male,100,10
Ruibo,China,Ruibo,male,75,4
Daniel,"New Zealand",Daniel,male,100,422
Inés,Germany,Inés,female,94,17
Weinan,Singapore,Weinan,male,93,15
Ruyan,Switzerland,Ruyan,male,75,8
Naifu,Spain,,,,
Jaehan,Germany,Jaehan,male,100,18
Madelyn,China,Madelyn,female,75,4
Julia,USA,Julia,female,99,7475
Holger,Germany,Holger,male,100,4362
Zongpeng,China,,,,
Wenqian,USA,Wenqian,male,60,5
Hendrik,Japan,Hendrik,male,80,5
Moulay,Canada,Moulay,male,100,3
Bo-Mei,Germany,Bo,male,91,178
Pragya,Singapore,Pragya,female,67,3
Yu,Canada,Yu,male,61,36
Jingyan,"Saudi Arabia",Jingyan,female,82,17
Todd,China,Todd,male,98,46
Amarajothi,China,Amarajothi,female,75,4
Melanie,Japan,Melanie,female,100,20
Hongli,USA,Hongli,unknown,50,22
Christopher,USA,Christopher,male,100,26017
Conrad,Germany,Conrad,male,99,130
Jiawei,Israel,Jiawei,male,79,127
Liang,Japan,Liang,male,100,9
Vincent,USA,Vincent,male,100,4308
Ge,China,Ge,male,83,75
Jonas,China,Jonas,male,100,50
Xianjun,UK),Xianjun,male,93,14
Mukund,USA,Mukund,male,100,29
Long,USA,Long,male,100,89
Yuetao,USA,Yuetao,male,75,4
Kang,France,Kang,male,100,13
Hirohisa,USA,Hirohisa,male,100,30
Farid,USA,Farid,male,99,187
Tessy,Germany,Tessy,female,96,23
Fanzhi,China,Fanzhi,male,75,4
Muhammad,Japan,Muhammad,male,100,55
Ryota,China,Ryota,male,75,4
Jared,Italy,Jared,male,100,30
Long,Germany,Long,male,100,89
Jin-Xiu,Switzerland,Jin,male,63,16
Jie,USA,Jie,male,55,176
Yue,Germany,Yue,female,71,14
Oksana,India,Oksana,female,75,4
Yu,"Saudi Arabia",Yu,male,62,13
Lingyun,India,Lingyun,female,57,35
Natalia,Germany,Natalia,female,99,902
Alexander,China,Alexander,male,98,199
Ashley,USA,Ashley,female,97,26837
Karthikeyan,Australia,Karthikeyan,male,100,9
Jia-Bi,UK,Jia-Bi,female,55,2457
Tadahiro,Canada,Tadahiro,male,100,37
Lilan,China,Lilan,female,100,8
Alessandra,Germany,Alessandra,female,98,195
Andrei,Canada,Andrei,male,100,71
Ta-Chung,Austria,Ta,female,57,7
Feng,Spain,Feng,male,73,15
Seema,Singapore,Seema,female,100,11
Valeri,Germany,Valeri,male,86,78
Arjun,Sweden,Arjun,male,100,5
Adisak,Germany,Adisak,male,98,334
Jagadeesh,UK,Jagadeesh,male,100,1234
Isabel,Germany,Isabel,female,97,866
Xiao,"South Korea",Xiao,female,73,11
Hai,Korea,Hai,male,84,3492
Bodil,Japan,Bodil,female,99,342
Ignacio,Germany,Ignacio,male,100,32
Andrew,China,Andrew,male,99,519
Jiao-Min,Japan,Jiao,female,80,5
Markus,USA,Markus,male,100,4802
Charles,USA,Charles,male,100,15822
Rik,Spain,Rik,male,98,58
Nuria,UK,Nuria,female,98,10613
Katrine,Belgium,Katrine,female,100,15
Beluvalli,UK,,,,
Robert,Japan,Robert,male,100,230
Sergej,USA,Sergej,male,91,11
Joshua,"Republic of Korea",Joshua,male,100,35201
Mareen,Greece,Mareen,female,75,4
Beomgyun,Sweden,,,,
Xin,China,Xin,male,62,851
Takanori,China,Takanori,male,100,3
Shenglai,Japan,Shenglai,male,100,4
Si-Hua,China,Hua,female,54,497
Tomohisa,Germany,Tomohisa,male,97,61
Benjamin,China,Benjamin,male,100,239
Rahul,China,Rahul,male,100,34
Núria,UK,Núria,female,98,1203
Wing,USA,,,,
Morgan,UK,Morgan,male,63,16254
Yahui,India,Yahui,female,71,42
Ke,China,Ke,male,84,144
Miao,USA,Miao,female,73,30
Jeong,USA,Jeong,male,76,17
Dimitris,USA,Dimitris,male,100,82
Fredrik,Switzerland,Fredrik,male,100,12
Jun,USA,Jun,male,86,387
Linwei,Japan,Linwei,male,75,4
Yu-Ki,Germany,Ki,female,57,61
Yan-Ling,USA,Ling,female,79,125
Franz,Australia,Franz,male,100,14
Dong,Germany,Dong,male,90,10
Jie,Germany,Jie,female,73,15
Laurence,USA,Laurence,male,87,459
Sophie,Germany,Sophie,female,98,1257
Carla,Germany,Carla,female,96,400
Santosh,China,Santosh,male,100,8
Ye,UK,Ye,male,75,1057
Sylwia,China,Sylwia,female,75,4
Lin,India,Lin,male,55,20
Alina,China,Alina,female,99,142
Margherita,USA,Margherita,female,100,45
Thomas,China,Thomas,male,99,449
Paninee,China,Paninee,female,100,4
Sebastian,USA,Sebastian,male,99,1962
Meng,India,Meng,male,75,4
Thierry,Spain,Thierry,male,99,139
Fabian,USA,Fabian,male,100,9416
Peter,Switzerland,Peter,male,99,2588
Sachin,Germany,Sachin,male,100,17
Chelladurai,China,Chelladurai,male,100,27
Ping,China,Ping,female,57,434
Da-Peng,China,Da,male,91,75
J,Israel,,,,
Meixia,Spain,,,,
Shrabani,Germany,Shrabani,female,98,54
Zhong-Lin,Germany,Lin,female,83,120
Suhua,Germany,Suhua,female,80,10
Lipiao,USA,,,,
Wenjuan,USA,Wenjuan,female,100,5
Shuru,Switzerland,Shuru,male,86,7
Manoj,USA,Manoj,male,100,337
Victor,Taiwan,Victor,male,99,279
Subrata,Japan,Subrata,male,100,3
Yoann,USA,Yoann,male,96,24
Stefan,Thailand,Stefan,male,98,63
Ying,Australia,Ying,female,89,19
Tao,Canada,Tao,male,83,18
Yufei,Germany,Yufei,female,75,4
Yuwei,Germany,Yuwei,female,75,4
Sandra,Germany,Sandra,female,98,12614
Cosima,Sweden,Cosima,female,92,227
Zhengqiu,Los,Zhengqiu,male,75,4
Deepak,USA,Deepak,male,100,451
Xiaoyang,Germany,Xiaoyang,male,63,51
Mark,Japan,Mark,male,100,48064
Marta,Singapore,Marta,female,75,4
Farzad,Spain,Farzad,male,100,6
Parthasarathy,India,Parthasarathy,male,99,153
Kouta,UK,Kouta,male,89,168
Hai,China,Hai,male,85,184
Chatchai,France,Chatchai,male,99,562
Jingwei,Switzerland,Jingwei,male,78,67
Burcin,Switzerland,Burcin,female,100,3
Xuan,Japan,Xuan,female,60,5
Arshad,China,Arshad,male,100,7
Jacqueline,Germany,Jacqueline,female,99,2409
Falguni,Germany,Falguni,female,84,279
David,Japan,David,male,100,604
Ming,Japan,Ming,male,67,27
Xiao,"Republic of Korea",Xiao,male,53,1772
Saori,Canada,Saori,female,100,3
Jintao,USA,Jintao,male,100,3
Jeroen,China,Jeroen,male,100,9
Sanjay,China,Sanjay,male,100,20
David,USA,David,male,100,65535
Chuanyong,UK,Chuanyong,male,75,4
Mihail,Korea,Mihail,male,99,2197
Song,France,Song,male,100,74
Simon,China,Simon,male,98,915
Yusuke,Taiwan,Yusuke,unknown,50,2
Shi-Zhi,China,Zhi,male,80,154
Gang,Sweden,,,,
Tanja,USA,Tanja,female,99,187
Masayuki,Germany,Masayuki,male,75,4
Yasutomo,China,Yasutomo,male,100,12
Hyeon,China,Hyeon,male,75,4
Carolyn,USA,Carolyn,female,99,5417
Candice,China,Candice,female,100,103
Shuliang,China,Shuliang,male,83,6
Wen,Australia,Wen,female,57,14
Erin,China,Erin,female,97,100
Bertrand,USA,Bertrand,female,57,203
Anil,France,Anil,male,96,72
Karl,Switzerland,Karl,male,100,230
Xi,Israel,Xi,male,75,4
Tomoya,Japan,Tomoya,male,100,286
Lian-Dong,USA,Dong,male,91,136
Simon,UK,Simon,male,98,57458
Kyoji,China,Kyoji,male,100,29
Xinhong,Germany,Xinhong,male,63,8
Yujie,Sweden,Yujie,female,75,4
Yangyang,UK,Yangyang,female,61,196
Daiane,Spain,Daiane,female,98,49
Yangbin,UK,Yangbin,male,100,15
Nan,France,Nan,female,64,135
Hongqiang,India,Hongqiang,male,80,5
Pengchao,Switzerland,Pengchao,male,100,4
Nidhi,China,Nidhi,female,75,4
Jeff,India,Jeff,male,96,142
Clément,Japan,Clément,male,98,7544
Yifan,India,Yifan,male,70,227
Sivil,Germany,Sivil,male,89,9
Sylvia,China,Sylvia,female,99,163
Hongmin,China,Hongmin,male,86,7
F,USA,,,,
Xin-Ming,USA,Ming,male,73,237
Qianling,UK,Qianling,female,100,3
Matthew,"Republic of Korea",Matthew,male,100,51412
Guo,Germany,Guo,male,100,4
Alfonso,Austria,Alfonso,male,100,12
Stephen,UK,Stephen,male,99,46085
Jennifer,Germany,Jennifer,female,98,5060
Santosh,China,Santosh,male,100,8
Gong,USA,Gong,male,68,19
Hong,Germany,Hong,male,65,31
Bijoyananda,Australia,Bijoyananda,male,75,4
Koji,"Czech Republic",Koji,male,98,1020
Shailesh,Singapore,Shailesh,male,75,4
Gary,Netherlands,Gary,male,99,98
Yan,USA,Yan,male,63,365
Chun-Ting,USA,Chun,male,71,52
Paul,USA,Paul,male,100,28746
Anthony,Japan,Anthony,male,99,145
Dror,India,Dror,male,98,238
Dae-Hwan,China,Hwan,male,100,3
Xuemei,USA,Xuemei,female,100,5
Fabian,USA,Fabian,male,100,9416
Thibault,USA,Thibault,male,100,25
Diana,Korea,Diana,female,98,59982
Jin-Xian,Switzerland,Jin,male,63,16
Hak,Russia,Hak,male,100,3
Tim,China,Tim,male,96,510
Sheng,China,Sheng,male,91,230
Erik,Canada,Erik,male,100,361
Pei,UK,Pei,female,66,514
Jeffrey,USA,Jeffrey,male,100,10439
Marisa,China,Marisa,female,94,17
Pei,Germany,Pei,unknown,50,4
Jay,USA,Jay,male,95,11771
Hideki,USA,Hideki,male,100,25
Aamod,Germany,Aamod,male,100,40
Xu-Qiong,Germany,Xu,male,67,9
Elijah,Australia,Elijah,male,100,24
Michael,Finland,Michael,male,99,128
Anthony,USA,Anthony,male,100,21929
Kyungnam,USA,Kyungnam,female,75,4
Tzu-En,Germany,Tzu,male,100,5
Song,"Saudi Arabia",Song,male,100,74
Yi,Turkey,Yi,male,100,7
Qiang,USA,Qiang,male,95,40
Marcus,"Czech Republic",Marcus,male,100,67
Simon,Switzerland,Simon,male,99,1626
Yafeng,Switzerland,Yafeng,male,69,16
Yifa,Germany,Yifa,male,75,4
Ana,China,Ana,female,97,118
Yi,USA,Yi,male,56,263
Xiang,China,Xiang,male,76,414
Hung,USA,Hung,male,98,264
Jae-Hun,Switzerland,Jae,male,100,3
Benjamin,USA,Benjamin,male,100,9079
Anirudra,China,Anirudra,male,100,14
Minyan,USA,Minyan,male,67,3
Hui,USA,Hui,female,51,102
Wei,India,Wei,male,100,4
Xi,China,Xi,male,58,149
Safacan,China,Safacan,male,100,3
Ying,Germany,Ying,female,71,34
Jaroslav,China,Jaroslav,male,100,4
Weiwu,Canada,Weiwu,male,100,4
Jan,Germany,Jan,male,99,10566
Alexey,Germany,Alexey,male,100,109
Yang,USA,Yang,male,69,340
Blake,USA,Blake,male,96,4483
Yonghe,Germany,Yonghe,male,100,15
Yan,Germany,Yan,female,100,29
Stefan,Germany,Stefan,male,97,20127
Paul,China,Paul,male,99,805
Qiang,UK,Qiang,male,97,531
Tao,USA,Tao,male,90,147
Miguel,China,Miguel,male,98,62
Baiju,Germany,Baiju,male,99,448
Xinjian,USA,Xinjian,female,75,4
Gang,Japan,,,,
Christopher,Germany,Christopher,male,99,3075
Hucheng,Germany,Hucheng,male,100,6
Yunfeng,Japan,Yunfeng,male,75,4
Lukas,China,Lukas,male,100,18
Jakob,India,Jakob,male,100,3
Michael,UK,Michael,male,99,211741
Martin,Slovenia,Martin,male,99,368
Andreas,Slovenia,Andreas,male,100,18
Soumen,Slovenia,Soumen,male,99,959
Luca,Slovenia,Luca,male,92,37
Yi,USA,Yi,male,56,263
Zhiyong,USA,Zhiyong,male,100,14
Christopher,Spain,Christopher,male,99,346
Chen,USA,Chen,male,61,302
Aleeza,Deutschland,Aleeza,female,98,59
Debin,Spain,Debin,male,91,22
Yuki,Japan,Yuki,male,61,1797
Jiaye,Japan,Jiaye,unknown,50,14
Shu-Hua,Spain,Hua,male,100,6
Shitao,USA,Shitao,male,75,4
Yuanyuan,Korea,Yuanyuan,female,90,239
Dheeraj,Japan,Dheeraj,male,75,4
Hamish,UK,Hamish,male,99,709
Petra,USA,Petra,female,95,374
Radu,Switzerland,Radu,male,100,10
Andrew,China,Andrew,male,99,519
Yoichiro,USA,Yoichiro,male,75,4
Yujie,Spain,Yujie,female,63,96
Samuel,Canada,Samuel,male,100,618
Aníbal,France,Aníbal,male,100,239
Scott,Korea,Scott,male,100,48262
Janina,Germany,Janina,female,98,1987
Haizea,France,Haizea,female,67,3
Manabu,UK,Manabu,male,99,280
Masaya,Australia,Masaya,male,95,317
Giulia,Austria,Giulia,female,100,26
Young,China,Young,male,100,51
Chanoong,Australia,,,,
Joanna,USA,Joanna,female,98,2930
James,China,James,male,98,1570
Won-jin,Switzerland,Jin,male,63,16
Erika,India,Erika,female,97,29
Xiao-Wei,China,Wei,male,76,1859
Ju,Korea,Ju,male,55,4734
Alicia,China,Alicia,female,100,82
Zisu,China,Zisu,female,75,4
Feriel,USA,Feriel,female,100,6
Jeong,France,Jeong,male,79,463
Mimi,Germany,Mimi,female,89,625
Pengfei,Switzerland,Pengfei,male,98,120
Philippe,UK,Philippe,male,99,57297
Siu,Germany,Siu,unknown,50,2
Sathiyamoorthy,UK,Sathiyamoorthy,male,100,36
Weilong,Japan,Weilong,male,97,36
Yuji,China,Yuji,male,70,20
Julius,Germany,Julius,male,99,489
Xuan-Hui,Germany,Xuan,male,79,19
Matthias,Singapore,Matthias,male,100,11
Sayanti,China,Sayanti,female,98,50
Miao,Taiwan,Miao,female,94,33
Siddulu,France,,,,
Jingjing,USA,Jingjing,female,86,29
Zhizhang,USA,,,,
Eric,Japan,Eric,male,99,243
Jérémy,China,Jérémy,male,100,4
Oleksandr,UK,Oleksandr,male,100,986
Beat,USA,Beat,male,100,68
Yi,USA,Yi,male,56,263
Zhixiong,France,Zhixiong,male,100,7
Daniel,Japan,Daniel,male,99,580
Masaki,Japan,Masaki,male,99,681
Jing,Germany,Jing,female,81,36
Tom,Lithuania,Tom,male,100,38
Zhen,China,Zhen,male,68,311
Zdeněk,China,Zdeněk,male,99,4350
Chao,Germany,Chao,male,90,21
Yi-Jiun,India,Yi-Jiun,male,62,1462
Changlong,USA,Changlong,male,75,4
Cheng,China,Cheng,male,79,655
David,Italy,David,male,99,6501
You-Yun,Switzerland,You,male,89,9
Kodai,Japan,Kodai,male,100,39
Da,USA,Da,male,82,300
Pablo,UK,Pablo,male,99,51159
Yongxing,Spain,Yongxing,male,100,5
Yueqin,UK,Yueqin,female,75,4
Jia,UK,Jia,female,65,1433
Keisuke,Germany,Keisuke,male,100,6
Takeshi,Germany,Takeshi,male,100,11
Qin,UK,Qin,female,64,454
Robertas,Japan,Robertas,male,99,355
Yuwei,Japan,Yuwei,male,58,83
Weiming,USA,Weiming,male,80,5
Kartik,Germany,Kartik,male,100,3
Amol,Japan,Amol,male,75,4
Yina,USA,Yina,female,100,23
Yongjun,China,Yongjun,male,97,30
Tania,Singapore,Tania,female,93,27
Carolin,Italy,Carolin,female,100,30
Zhen,Germany,Zhen,male,58,12
Andrea,Japan,Andrea,female,82,165
Paul,USA,Paul,male,100,28746
Ignacio,Singapore,Ignacio,male,75,4
Janine,Singapore,Janine,female,100,12
Wei,USA,Wei,male,75,391
Monique,USA,Monique,female,98,2506
Julie,Germany,Julie,female,98,436
Huan,Germany,Huan,male,94,16
Shun,China,Shun,male,78,36
Wen-jie,India,Wen,male,67,6
Yifan,Korea,Yifan,male,70,227
Raffael,Japan,Raffael,male,75,4
Zhaoke,China,,,,
Liana,USA,Liana,female,100,3371
Kai,"Saudi Arabia",Kai,male,67,3
Yong,China,Yong,male,95,502
Sagar,USA,Sagar,male,100,237
Kishore,China,Kishore,male,100,4
Shotaro,Italy,Shotaro,male,100,118
Julia,China,Julia,female,100,430
Gaole,Korea,Gaole,male,80,5
Junfeng,China,Junfeng,male,89,27
Mengxiao,Switzerland,Mengxiao,female,71,7
Bin,USA,Bin,male,83,140
Philipp,USA,Philipp,male,100,91
Björn,Switzerland,Björn,male,99,124
Rongguo,Switzerland,Rongguo,male,75,4
Gyanaranjan,Turkey,Gyanaranjan,male,100,62
Guangri,China,Guangri,male,100,23
Takashi,Switzerland,Takashi,male,100,3
Tengfei,China,Tengfei,male,97,29
Kai-Jiong,China,Kai,male,95,430
Jin,China,Jin,male,61,856
Qihao,Germany,Qihao,male,100,7
Timothy,China,Timothy,male,98,80
Ming,Spain,Ming,male,75,12
Claudio,UK,Claudio,male,99,46478
Peng-Zhong,Australia,Peng,male,89,9
Jong,UK,Jong,male,92,676
Qiang,Taiwan,Qiang,male,100,3
Philipp,China,Philipp,male,100,14
Jesper,USA,Jesper,male,100,52
Adrian,France,Adrian,male,98,765
Sebastian,Germany,Sebastian,male,100,13809
Dominik,Finland,Dominik,male,75,4
Ilke,Anhui,Ilke,female,66,450
Li,,Li,female,53,4165
Chao,,Chao,male,86,1135
Renxiao,,Renxiao,male,75,4
Zhiping,USA,Zhiping,unknown,50,2
Hongling,Beijing,Hongling,female,64,11
Alhama,,Alhama,male,80,5
Jian,,Jian,male,89,1215
Luca,Japan,Luca,male,89,36
Claire,USA,Claire,female,99,3578
Peter,Germany,Peter,male,99,21321
Brian,India,Brian,male,99,228
Sekar,Sussex,Sekar,male,60,762
Tao,Shanghai,Tao,male,87,1999
Matthew,USA,Matthew,male,100,30646
Mouhamadou,Sendai,Mouhamadou,male,99,649
Navneet,,Navneet,male,89,2133
Sakari,Beijing,Sakari,male,87,198
Shan,China,Shan,female,65,271
Vladimir,UK,Vladimir,male,99,21639
Rachel,Japan,Rachel,female,100,75
Nerea,China,Nerea,female,98,5034
Anxiang,Canada,Anxiang,female,75,4
Zhiyong,Germany,Zhiyong,male,99,75
Irene,Spain,Irene,female,98,8105
Shashikant,USA,Shashikant,male,100,15
Eiji,USA,Eiji,male,100,12
Xue-Hui,USA,Xue,female,65,40
Even,China,Even,male,100,136
Wolfgang,UK,Wolfgang,male,99,10782
Holger,Hungary,Holger,male,100,3
Zhikun,UK,Zhikun,male,100,6
Wenyang,Netherlands,Wenyang,male,77,22
Tetsuya,Germany,Tetsuya,male,75,4
Dmytro,China,Dmytro,male,100,701
Yang,Denmark,Yang,male,75,4
Jingfang,China,Jingfang,female,100,4
Alba,China,Alba,female,100,8
Masaki,Serbia,Masaki,male,97,788
Yanbang,India,,,,
Amit,Denmark,Amit,male,100,4
Alex,USA,Alex,male,89,28322
Marc,USA,Marc,male,100,6334
Vikas,UK,Vikas,male,100,13862
John,USA,John,male,100,65535
Hari,USA,Hari,male,94,308
Xiaomin,Germany,Xiaomin,female,75,4
Bryden,Italy,Bryden,male,75,4
Balázs,Switzerland,Balázs,male,100,10
Catherine,UK,Catherine,female,98,41180
Daniël,USA,Daniël,male,100,3
Santosh,China,Santosh,male,100,8
Bowen,USA,Bowen,male,87,102
Henrik,China,Henrik,male,100,12
Paulami,USA,Paulami,female,75,4
Pengzuo,Japan,,,,
Haeri,USA,Haeri,female,58,12
Filip,China,Filip,male,100,7
Jithesh,USA,Jithesh,male,100,7
Alicia,Russia,Alicia,female,97,37
Hannah,"Czech Republic",Hannah,female,98,62
Zuofeng,Japan,Zuofeng,male,75,4
Thomas,USA,Thomas,male,100,20215
Momar,Denmark,Momar,male,98,631
Camille,Australia,Camille,female,94,47
Franziska,USA,Franziska,female,100,31
Enrico,USA,Enrico,male,99,174
Maxence,Spain,Maxence,male,100,5
Jose,Germany,Jose,male,94,1675
Sheng-Chun,Germany,Sheng,male,67,6
Chun-Yang,France,Chun,male,83,18
Yanchuan,USA,Yanchuan,male,75,4
Hua-Dong,USA,Dong,male,91,136
Jeffrey,Japan,Jeffrey,male,100,49
Tomoya,Canada,Tomoya,male,75,4
Jianyou,China,Jianyou,male,75,4
Gu,USA,Gu,male,78,23
Huicai,Germany,,,,
Alexey,Spain,Alexey,male,99,74
Pavel,USA,Pavel,male,100,322
Takaharu,China,Takaharu,male,100,33
Biswanath,USA,Biswanath,male,100,5
Johan,P R,Johan,male,99,38619
Cher,USA,Cher,female,97,225
Malay,Canada,Malay,male,75,4
Lei,China,Lei,male,77,1080
Tomàs,China,Tomàs,male,100,64
Matthias,Switzerland,Matthias,male,100,748
Benjamin,"Republic of Korea",Benjamin,male,99,50718
Solène,China,Solène,female,100,4
Edon,Australia,Edon,unknown,50,2
Shasha,China,Shasha,female,95,66
Hitomi,China,Hitomi,female,100,14
Meng,China,Meng,male,53,425
Jia,"Republic of Korea",Jia,female,65,1433
Xin,Canada,Xin,male,68,41
Matthias,China,Matthias,male,100,21
Francesca,China,Francesca,female,97,33
Mareike,China,Mareike,female,98,1038
Chao,Australia,Chao,male,83,6
Spencer,UK,Spencer,male,97,5490
Junheng,USA,Junheng,male,75,4
Elizabeth,Germany,Elizabeth,female,99,267
Patrick,USA,Patrick,male,100,18462
Lin,Korea,Lin,female,58,6456
Lingyu,France,Lingyu,female,63,27
Adrien,USA,Adrien,male,99,3673
Sungeun,Austria,Sungeun,female,54,54
Yuzhuo,USA,Yuzhuo,female,67,3
Yaoxin,China,Yaoxin,female,75,4
Guosheng,Switzerland,Guosheng,male,100,10
Yun,Deutschland,Yun,male,51,1517
Jintao,Germany,Jintao,male,96,24
Young,Switzerland,Young,male,100,51
Kalinka,Korea,Kalinka,female,94,163
Ran,"South Korea",Ran,female,91,58
Xi-Yan,USA,Yan,male,63,365
Pu,Germany,Pu,male,93,15
Lindsay,UK,Lindsay,female,94,10143
Reiner,USA,Reiner,male,100,21
Wentao,China,Wentao,male,98,48
Julia,USA,Julia,female,99,7475
Ya,China,Ya,female,68,47
Nicholas,China,Nicholas,male,98,161
Tristan,Switzerland,Tristan,male,98,106
Young,France,Young,male,100,51
Bishnupada,Canada,Bishnupada,male,100,19
Rong,USA,Rong,male,52,60
Takaoki,Denmark,Takaoki,male,100,3
Kun,China,Kun,male,85,289
Marcus,Israel,Marcus,male,100,6
Hannes,China,Hannes,male,100,3
Markus,UK,Markus,male,99,30782
Yusuke,China,Yusuke,male,100,7
Weilong,Canada,Weilong,male,100,3
Ferdinand,Japan,Ferdinand,male,75,4
Matthew,Japan,Matthew,male,100,136
Fabian,Germany,Fabian,male,99,4595
Mark,Netherlands,Mark,male,100,48064
Santanu,China,Santanu,male,100,1272
Xuewen,China,Xuewen,male,78,9
W,China,,,,
Qian,Germany,Qian,female,70,10
Yamin,Germany,Yamin,male,100,5
Thomas,France,Thomas,male,98,35110
Vincent,USA,Vincent,male,100,4308
Maxime,Italy,Maxime,male,87,53
Yanfei,Estonia,Yanfei,female,55,31
Erlend,Germany,Erlend,male,100,5
Shien,France,Shien,male,57,44
Neta,Canada,Neta,female,75,4
Annapureddy,Singapore,Annapureddy,male,63,8
Peter,Germany,Peter,male,99,21321
Wen,Germany,Wen,female,54,26
Tengfei,USA,Tengfei,male,75,4
Yohei,Sweden,Yohei,male,99,308
Ryunosuke,China,Ryunosuke,male,98,57
Philipp,China,Philipp,male,100,14
Shanmugam,P R,Shanmugam,male,99,480
Sibo,USA,Sibo,male,75,4
Zhuang,Germany,Zhuang,male,74,111
Jing,Canada,Jing,female,70,37
Javier,Germany,Javier,male,99,229
Biswajit,"Republic of Korea",Biswajit,male,100,2236
Etienne,USA,Etienne,male,93,105
Priya,Belgium,Priya,female,75,4
Paola,Netherlands,Paola,female,99,82
Kirill,USA,Kirill,male,100,115
Daniel,China,Daniel,male,99,1130
Alexis,China,Alexis,male,72,60
Zhifa,"Hong Kong",Zhifa,male,67,3
Lu,China,Lu,male,56,370
Nicholas,Portugal,Nicholas,male,92,13
Lucas,Canada,Lucas,male,100,369
Vasudev,Germany,Vasudev,male,100,314
Ben,Germany,Ben,male,96,3171
Shengli,Germany,Shengli,male,82,22
Qing-Yu,Germany,Qing,female,67,12
Xu,USA,Xu,male,69,87
Xiaohu,India,Xiaohu,male,100,37
Gui-Rong,France,Gui,male,96,926
Zijie,Japan,Zijie,male,89,19
Shinsaku,Germany,Shinsaku,male,94,18
Junghoon,Germany,Junghoon,male,75,4
Fang,China,Fang,female,68,564
Stefaan,China,Stefaan,male,98,834
Jess,Japan,Jess,female,72,18
Aakarsh,Sweden,Aakarsh,male,100,76
Wei,UK,Wei,male,73,4003
Guangping,Germany,Guangping,male,80,5
Di,,Di,male,54,3384
An-Jie,Korea,An-Jie,male,51,7240
Magdalena,Switzerland,Magdalena,female,97,73
Jiangtao,Germany,Jiangtao,male,100,3
Tobias,Japan,Tobias,male,100,15
Gianpiero,Germany,Gianpiero,male,83,12
Jana,Germany,Jana,female,98,4230
Oleg,France,Oleg,male,99,95
Steven,Japan,Steven,male,99,113
Amit,Germany,Amit,male,100,63
Sergey,Japan,Sergey,male,100,16
Julius,India,Julius,male,96,76
Kai,Germany,Kai,male,99,5784
Susanne,USA,Susanne,female,99,452
Guo-Feng,USA,Feng,male,84,104
Chuandong,,Chuandong,male,75,4
Hisanari,Germany,Hisanari,male,75,4
Jian,China,Jian,male,93,610
Franziska,"South Korea",Franziska,female,98,3237
Max,Australia,Max,male,98,351
Fa-Guang,Germany,Guang,male,100,3
Eunkyung,Netherlands,Eunkyung,female,98,66
Imants,USA,Imants,male,100,3
Isabel,Germany,Isabel,female,97,866
Yohei,Deutschland,Yohei,male,99,308
Andreas,USA,Andreas,male,100,2789
Marcus,USA,Marcus,male,100,5165
Ophélie,USA,Ophélie,female,100,9
Hayato,UK,Hayato,male,96,375
Alexander,Japan,Alexander,male,100,115
Bernd,UK,Bernd,male,99,7628
Dimpy,China,Dimpy,female,67,125
Sebastian,USA,Sebastian,male,99,1962
Veronika,Canada,Veronika,female,96,24
Madalynn,USA,Madalynn,female,100,6091
Martin,UK,Martin,male,98,139211
Fatma,Germany,Fatma,female,95,817
Bo,Poland,Bo,male,65,34
Heejin,Canada,Heejin,male,75,4
Jing,Singapore,Jing,female,78,60
Silke,Germany,Silke,female,98,3148
Li,China,Li,male,68,1023
Michael,Deutschland,Michael,male,99,211741
Markus,Japan,Markus,male,100,18
Elke,Denmark,Elke,female,100,6
Robert,China,Robert,male,98,503
Jonathan,France,Jonathan,male,99,21414
John,Israel,John,male,99,190
Matthew,UK,Matthew,male,100,51412
Ippei,USA,Ippei,male,100,4
Pablo,China,Pablo,male,100,48
Nan,Denmark,Nan,female,79,14
Peiguang,,Peiguang,male,75,4
Vladimir,Germany,Vladimir,male,99,398
Richard,USA,Richard,male,100,24609
Kuntal,P R,Kuntal,male,95,384
Eko,Japan,Eko,male,88,17
Karolina,Germany,Karolina,female,98,450
Brenda,Netherlands,Brenda,female,98,686
Zhengqiu,USA,Zhengqiu,male,75,4
Kolleboyina,USA,,,,
Fei,Germany,Fei,male,75,12
Axel,Germany,Axel,male,99,2526
Yusuke,Israel,Yusuke,male,75,4
Michail,China,Michail,male,75,4
Huamin,China,Huamin,male,67,3
Aurélie,Germany,Aurélie,female,100,16
Post,USA,,,,
Davy,Australia,Davy,male,100,9
Xiaowei,,Xiaowei,male,63,164
Krishna,China,Krishna,male,93,15
Huibin,Germany,Huibin,male,75,16
Yang,Italy,Yang,male,75,40
Jozef,UK,Jozef,male,99,9532
Wei,,Wei,male,73,4003
Evangelos,Germany,Evangelos,male,94,49
Wanbin,UK,Wanbin,female,75,4
Ya-Yi,China,Yi,male,73,459
Yong-Qiang,USA,Qiang,male,95,40
Matea,India,Matea,female,90,407
Colin,UK,Colin,male,99,15399
Venkata,Australia,Venkata,male,100,7
Przemyslaw,China,Przemyslaw,male,75,4
Anton,India,Anton,male,96,90
Liat,,Liat,female,96,243
Hua,France,Hua,male,59,22
Richard,Australia,Richard,male,100,1308
Thorben,Tokyo,Thorben,male,100,370
Udeep,Germany,Udeep,male,100,14
Sivaprakash,Xiamen,Sivaprakash,male,100,64
Claire,USA,Claire,female,99,3578
Jiajia,China,Jiajia,female,74,112
Manuel,China,Manuel,male,99,68
André,,André,male,99,25357
Lixu,,Lixu,male,79,14
Yuanming,,Yuanming,male,79,14
Christopher,USA,Christopher,male,100,26017
James,USA,James,male,100,47200
Meifang,UK,Meifang,female,94,18
Mohammad,,Mohammad,male,99,47588
Soumyajit,USA,Soumyajit,male,100,10
Hui,USA,Hui,female,51,102
Amandeep,,Amandeep,male,80,1306
Zaifang,"Saudi Arabia",Zaifang,male,75,4
B,Shanghai,,,,
Tim,,Tim,male,99,52554
Karine,,Karine,female,96,23078
Tian,Kyoto,Tian,male,69,1173
Yasutaka,,Yasutaka,male,100,85
Lavinia,"Saudi Arabia",Lavinia,female,98,2339
Chuanyong,,Chuanyong,male,75,4
Yongxing,Kyoto,Yongxing,male,100,5
Lawrence,Germany,Lawrence,male,100,61
Xinchen,USA,Xinchen,male,56,9
Philipp,Beijing,Philipp,male,99,8496
Mao,,Mao,male,78,1538
Dmitry,Canada,Dmitry,male,100,74
Amanda,,Amanda,female,98,64384
Ziyang,USA,Ziyang,male,75,4
Matthew,Tianjin,Matthew,male,100,51412
Ruocan,Beijing,,,,
Jillian,Canada,Jillian,female,98,156
Jian,,Jian,male,89,1215
Maria,China,Maria,female,97,287
Megalamane,,,,,
Weiguo,USA,Weiguo,male,75,4
Adrian,,Adrian,male,98,56140
Jaap,Germany,Jaap,male,100,9
Tomohiro,Oxford,Tomohiro,male,100,436
Bala,Spain,Bala,male,91,44
Hongming,Hefei,Hongming,male,93,28
Muxin,Switzerland,Muxin,male,67,3
Michael,,Michael,male,99,211741
Weining,USA,Weining,female,100,3
Barry,Urbana,Barry,male,98,13520
Na,USA,Na,female,66,95
Yan,USA,Yan,male,63,365
Mita,,Mita,female,85,1003
Aurélie,,Aurélie,female,97,17444
Kevin,China,Kevin,male,99,2342
Chuan,China,Chuan,male,84,101
Zhenhong,USA,Zhenhong,male,83,6
Daniel,Reading,Daniel,male,99,257742
Ana,Tokyo,Ana,female,97,141747
Yuanyue,,Yuanyue,female,75,4
Alex,USA,Alex,male,89,28322
Fabian,,Fabian,male,99,25659
Stefan,Germany,Stefan,male,97,20127
Subhendu,Dalian,Subhendu,male,100,428
Michael,USA,Michael,male,100,65535
Juan,Beer-Sheva,Juan,male,98,106011
Feng,,Feng,male,81,1386
Prince,,Prince,male,98,33195
Arghya,,Arghya,male,98,293
Ashton,Seoul,Ashton,male,68,1694
Jingjing,,Jingjing,female,90,327
Misook,Beijing,Misook,female,100,17
Yong-An,Gansu,Yong-An,male,59,7851
Jingwen,,Jingwen,female,74,82
Andrew,,Andrew,male,99,82448
Daohong,USA,Daohong,male,100,6
Pan,Chongqing,Pan,male,68,2415
Mirna,,Mirna,female,98,2616
Bruno,Tianjin,Bruno,male,99,87062
Ryosuke,,Ryosuke,male,99,451
Hongyin,Amherst,Hongyin,male,67,9
Yumeng,P R,Yumeng,female,79,34
Suvendu,USA,Suvendu,male,100,3
Debin,Singapore,Debin,male,75,4
Rui,Ramat-Gan,Rui,male,98,25872
Mark,,Mark,male,100,48064
Revannath,Singapore,Revannath,male,100,7
Carlos,"Hong Kong",Carlos,male,98,56
Alicia,USA,Alicia,female,99,6852
Long-Hai,USA,Long,male,100,89
Sang,,Sang,male,88,2448
Antoine,Rehovot,Antoine,male,99,33499
Yun,,Yun,male,51,1517
Lizhi,Deajeon,Lizhi,male,74,31
Cristina,,Cristina,female,98,70974
Shaodong,,Shaodong,male,100,4
Nicole,Fujian,Nicole,female,98,65299
Liang,,Liang,male,82,1287
Alena,,Alena,female,99,27471
Hongguang,China,Hongguang,male,92,13
Lucy,,Lucy,female,98,20520
Liming,Japan,Liming,male,73,120
Sai,USA,Sai,male,82,315
Yi-Ming,Chengdu,Yi-Ming,male,100,6
Vee,,Vee,female,59,1283
Ido,,Ido,male,92,794
Jose,,Jose,male,97,148383
Junliang,Nagoya,Junliang,male,100,12
Yingying,Saitama,Yingying,female,98,260
Lauren,,Lauren,female,97,25933
Sefat,,Sefat,male,95,21
Alois,UK,Alois,male,95,1863
Chen,Osaka,Chen,male,63,5576
Bernd,Japan,Bernd,male,75,4
Youngchan,,Youngchan,male,100,29
Babatunde,Netherlands,Babatunde,male,75,4
Michael,USA,Michael,male,100,65535
Guan-E,Shanghai,Guan-E,male,75,261
Hanna,,Hanna,female,97,20483
Panagiotis,Kyoto,Panagiotis,male,99,3514
Changgui,Fukuoka,Changgui,unknown,50,4
Dominik,Belfast,Dominik,male,98,21763
Bin,Shanghai,Bin,male,89,2162
Chunlin,Tokyo,Chunlin,male,92,24
Hang,Sendai,,,,
Arnab,,Arnab,male,100,1800
Dovilė,Gainesville,Dovilė,female,98,184
Deng,,Deng,male,72,374
Zhiyong,,Zhiyong,male,99,75
Junichi,,Junichi,male,99,372
Dick,,Dick,male,98,4328
Christopher,USA,Christopher,male,100,26017
Xiuting,Xiangtan,Xiuting,female,75,4
Ryohei,,Ryohei,male,100,200
Shigehisa,Australia,Shigehisa,male,100,8
Mickaël,China,Mickaël,male,99,2668
Gerjan,Sendai,Gerjan,male,100,118
Elena,Japan,Elena,female,99,93
Lanting,Germany,Lanting,female,67,6
Elena,,Elena,female,98,74807
Hiroki,China,Hiroki,male,100,7
Takahiro,USA,Takahiro,male,100,29
Seiichi,Japan,Seiichi,male,99,104
Chong,Japan,Chong,male,100,4
Eiichi,China,Eiichi,male,75,4
Taichi,Israel,Taichi,male,98,239
